Year,Units,Төтенше жағдайлар құрбандары,Өңірлер,Жынысы,Value
2010,100 000 адамға жарақат алғандар,,,,0.00145
2011,100 000 адамға жарақат алғандар,,,,0.00011999999999999999
2012,100 000 адамға жарақат алғандар,,,,0.0002
2013,100 000 адамға жарақат алғандар,,,,0.00011999999999999999
2014,100 000 адамға жарақат алғандар,,,,0.00018999999999999998
2015,100 000 адамға жарақат алғандар,,,,8e-05
2016,100 000 адамға жарақат алғандар,,,,8e-05
2017,100 000 адамға жарақат алғандар,,,,0.00035
2018,100 000 адамға жарақат алғандар,,,,8e-05
2010,100 000 адамға қаза болғандар,,,,0.00053
2011,100 000 адамға қаза болғандар,,,,5e-05
2012,100 000 адамға қаза болғандар,,,,0.00015
2013,100 000 адамға қаза болғандар,,,,2.9999999999999997e-05
2014,100 000 адамға қаза болғандар,,,,9e-05
2015,100 000 адамға қаза болғандар,,,,0.0
2016,100 000 адамға қаза болғандар,,,,1e-05
2017,100 000 адамға қаза болғандар,,,,0.00011
2018,100 000 адамға қаза болғандар,,,,1e-05
2010,адам,зардап шеккен,,,145.0
2011,адам,зардап шеккен,,,12.0
2012,адам,зардап шеккен,,,20.0
2013,адам,зардап шеккен,,,12.0
2014,адам,зардап шеккен,,,19.0
2015,адам,зардап шеккен,,,8.0
2016,адам,зардап шеккен,,,8.0
2017,адам,зардап шеккен,,,35.0
2018,адам,зардап шеккен,,,8.0
2010,адам,соның ішінде қаза болды,,,53.0
2011,адам,соның ішінде қаза болды,,,5.0
2012,адам,соның ішінде қаза болды,,,15.0
2013,адам,соның ішінде қаза болды,,,3.0
2014,адам,соның ішінде қаза болды,,,9.0
2015,адам,соның ішінде қаза болды,,,0.0
2016,адам,соның ішінде қаза болды,,,1.0
2017,адам,соның ішінде қаза болды,,,11.0
2018,адам,соның ішінде қаза болды,,,1.0
2017,адам,зардап шеккен,Ақмола,,2.0
2017,адам,зардап шеккен,Ақмола,ерлер,1.0
2017,адам,зардап шеккен,Ақмола,әйелдер,1.0
2010,адам,зардап шеккен,Ақтөбе,,3.0
2011,адам,зардап шеккен,Ақтөбе,,1.0
2012,адам,зардап шеккен,Ақтөбе,,1.0
2014,адам,зардап шеккен,Ақтөбе,,3.0
2010,адам,зардап шеккен,Ақтөбе,ерлер,2.0
2011,адам,зардап шеккен,Ақтөбе,ерлер,1.0
2012,адам,зардап шеккен,Ақтөбе,ерлер,1.0
2014,адам,зардап шеккен,Ақтөбе,ерлер,3.0
2010,адам,зардап шеккен,Ақтөбе,әйелдер,1.0
2010,адам,соның ішінде қаза болды,Ақтөбе,,3.0
2011,адам,соның ішінде қаза болды,Ақтөбе,,1.0
2012,адам,соның ішінде қаза болды,Ақтөбе,,1.0
2014,адам,соның ішінде қаза болды,Ақтөбе,,2.0
2010,адам,соның ішінде қаза болды,Ақтөбе,ерлер,2.0
2011,адам,соның ішінде қаза болды,Ақтөбе,ерлер,1.0
2012,адам,соның ішінде қаза болды,Ақтөбе,ерлер,1.0
2014,адам,соның ішінде қаза болды,Ақтөбе,ерлер,2.0
2010,адам,соның ішінде қаза болды,Ақтөбе,әйелдер,1.0
2010,адам,зардап шеккен,Алматы,,138.0
2011,адам,зардап шеккен,Алматы,,1.0
2012,адам,зардап шеккен,Алматы,,1.0
2013,адам,зардап шеккен,Алматы,,1.0
2014,адам,зардап шеккен,Алматы,,2.0
2015,адам,зардап шеккен,Алматы,,1.0
2010,адам,зардап шеккен,Алматы,ерлер,1.0
2011,адам,зардап шеккен,Алматы,ерлер,1.0
2012,адам,зардап шеккен,Алматы,ерлер,1.0
2013,адам,зардап шеккен,Алматы,ерлер,1.0
2014,адам,зардап шеккен,Алматы,ерлер,2.0
2010,адам,зардап шеккен,Алматы,әйелдер,1.0
2010,адам,зардап шеккен (жынысын анықтау мүмкіндігі жоқ),Алматы,,136.0
2010,адам,соның ішінде қаза болды,Алматы,,46.0
2011,адам,соның ішінде қаза болды,Алматы,,1.0
2012,адам,соның ішінде қаза болды,Алматы,,1.0
2014,адам,соның ішінде қаза болды,Алматы,,1.0
2011,адам,соның ішінде қаза болды,Алматы,ерлер,1.0
2012,адам,соның ішінде қаза болды,Алматы,ерлер,1.0
2014,адам,соның ішінде қаза болды,Алматы,ерлер,1.0
2012,адам,зардап шеккен,Атырау,,3.0
2013,адам,зардап шеккен,Атырау,,1.0
2012,адам,зардап шеккен,Атырау,ерлер,2.0
2013,адам,зардап шеккен,Атырау,ерлер,1.0
2012,адам,зардап шеккен,Атырау,әйелдер,1.0
2012,адам,соның ішінде қаза болды,Атырау,,3.0
2013,адам,соның ішінде қаза болды,Атырау,,1.0
2010,адам,зардап шеккен,Жамбыл,,1.0
2012,адам,зардап шеккен,Жамбыл,,10.0
2013,адам,зардап шеккен,Жамбыл,,8.0
2016,адам,зардап шеккен,Жамбыл,,5.0
2017,адам,зардап шеккен,Жамбыл,,27.0
2012,адам,зардап шеккен,Жамбыл,ерлер,6.0
2013,адам,зардап шеккен,Жамбыл,ерлер,8.0
2016,адам,зардап шеккен,Жамбыл,ерлер,4.0
2017,адам,зардап шеккен,Жамбыл,ерлер,26.0
2010,адам,зардап шеккен,Жамбыл,әйелдер,1.0
2012,адам,зардап шеккен,Жамбыл,әйелдер,1.0
2016,адам,зардап шеккен,Жамбыл,әйелдер,1.0
2017,адам,зардап шеккен,Жамбыл,әйелдер,1.0
2012,адам,зардап шеккен (жынысын анықтау мүмкіндігі жоқ),Жамбыл,,3.0
2012,адам,соның ішінде қаза болды,Жамбыл,,7.0
2017,адам,соның ішінде қаза болды,Жамбыл,,9.0
2012,адам,соның ішінде қаза болды,Жамбыл,ерлер,3.0
2017,адам,соның ішінде қаза болды,Жамбыл,ерлер,9.0
2012,адам,соның ішінде қаза болды,Жамбыл,әйелдер,1.0
2012,адам,соның ішінде қаза болды (жынысын анықтау мүмкіндігі жоқ),Жамбыл,,3.0
2014,адам,зардап шеккен,Қарағанды,,12.0
2014,адам,зардап шеккен,Қарағанды,ерлер,1.0
2014,адам,зардап шеккен,Қарағанды,әйелдер,1.0
2014,адам,зардап шеккен (жынысын анықтау мүмкіндігі жоқ),Қарағанды,,10.0
2014,адам,соның ішінде қаза болды,Қарағанды,,5.0
2014,адам,соның ішінде қаза болды,Қарағанды,ерлер,1.0
2014,адам,соның ішінде қаза болды,Қарағанды,әйелдер,1.0
2014,адам,соның ішінде қаза болды (жынысын анықтау мүмкіндігі жоқ),Қарағанды,,3.0
2013,адам,зардап шеккен,Қостанай,,1.0
2013,адам,зардап шеккен,Қостанай,ерлер,1.0
2013,адам,соның ішінде қаза болды,Қостанай,,1.0
2013,адам,соның ішінде қаза болды,Қостанай,ерлер,1.0
2011,адам,зардап шеккен,Қызылорда,,3.0
2012,адам,зардап шеккен,Қызылорда,,1.0
2011,адам,зардап шеккен,Қызылорда,ерлер,3.0
2012,адам,зардап шеккен,Қызылорда,ерлер,1.0
2011,адам,соның ішінде қаза болды,Қызылорда,,1.0
2011,адам,соның ішінде қаза болды,Қызылорда,ерлер,1.0
2010,адам,зардап шеккен,Маңғыстау,,1.0
2012,адам,зардап шеккен,Маңғыстау,,1.0
2010,адам,зардап шеккен,Маңғыстау,ерлер,1.0
2012,адам,зардап шеккен,Маңғыстау,ерлер,1.0
2014,адам,зардап шеккен,Оңтүстік Қазақстан,,1.0
2014,адам,зардап шеккен,Оңтүстік Қазақстан,ерлер,1.0
2014,адам,соның ішінде қаза болды,Оңтүстік Қазақстан,,1.0
2014,адам,соның ішінде қаза болды,Оңтүстік Қазақстан,ерлер,1.0
2018,адам,зардап шеккен,Павлодар,,1.0
2018,адам,соның ішінде қаза болды,Павлодар,,1.0
2010,адам,зардап шеккен,Солтүстік Қазақстан,,5.0
2011,адам,зардап шеккен,Солтүстік Қазақстан,,1.0
2012,адам,зардап шеккен,Солтүстік Қазақстан,,2.0
2013,адам,зардап шеккен,Солтүстік Қазақстан,,1.0
2016,адам,зардап шеккен,Солтүстік Қазақстан,,1.0
2010,адам,зардап шеккен,Солтүстік Қазақстан,ерлер,5.0
2011,адам,зардап шеккен,Солтүстік Қазақстан,ерлер,1.0
2012,адам,зардап шеккен,Солтүстік Қазақстан,ерлер,2.0
2013,адам,зардап шеккен,Солтүстік Қазақстан,ерлер,1.0
2016,адам,зардап шеккен,Солтүстік Қазақстан,әйелдер,1.0
2010,адам,соның ішінде қаза болды,Солтүстік Қазақстан,,5.0
2011,адам,соның ішінде қаза болды,Солтүстік Қазақстан,,1.0
2012,адам,соның ішінде қаза болды,Солтүстік Қазақстан,,2.0
2013,адам,соның ішінде қаза болды,Солтүстік Қазақстан,,1.0
2016,адам,соның ішінде қаза болды,Солтүстік Қазақстан,,1.0
2010,адам,соның ішінде қаза болды,Солтүстік Қазақстан,ерлер,5.0
2011,адам,соның ішінде қаза болды,Солтүстік Қазақстан,ерлер,1.0
2012,адам,соның ішінде қаза болды,Солтүстік Қазақстан,ерлер,2.0
2013,адам,соның ішінде қаза болды,Солтүстік Қазақстан,ерлер,1.0
2016,адам,соның ішінде қаза болды,Солтүстік Қазақстан,әйелдер,1.0
2012,адам,зардап шеккен,Шығыс Қазақстан,,1.0
2015,адам,зардап шеккен,Шығыс Қазақстан,,2.0
2016,адам,зардап шеккен,Шығыс Қазақстан,,2.0
2017,адам,зардап шеккен,Шығыс Қазақстан,,5.0
2018,адам,зардап шеккен,Шығыс Қазақстан,,1.0
2017,адам,зардап шеккен,Шығыс Қазақстан,ерлер,2.0
2018,адам,зардап шеккен,Шығыс Қазақстан,ерлер,1.0
2015,адам,зардап шеккен,Шығыс Қазақстан,әйелдер,2.0
2017,адам,зардап шеккен,Шығыс Қазақстан,әйелдер,3.0
2016,адам,зардап шеккен (жынысын анықтау мүмкіндігі жоқ),Шығыс Қазақстан,,2.0
2012,адам,соның ішінде қаза болды,Шығыс Қазақстан,,1.0
2017,адам,соның ішінде қаза болды,Шығыс Қазақстан,,1.0
2018,адам,соның ішінде қаза болды,Шығыс Қазақстан,,1.0
2017,адам,соның ішінде қаза болды,Шығыс Қазақстан,ерлер,1.0
2018,адам,соның ішінде қаза болды,Шығыс Қазақстан,ерлер,1.0
2014,адам,зардап шеккен,г. Нур-Султан,,1.0
2018,адам,зардап шеккен,г. Нур-Султан,,6.0
2018,адам,зардап шеккен,г. Нур-Султан,ерлер,4.0
2014,адам,зардап шеккен,г. Нур-Султан,әйелдер,1.0
2018,адам,зардап шеккен,г. Нур-Султан,әйелдер,2.0
2011,адам,зардап шеккен,г. Алматы,,6.0
2015,адам,зардап шеккен,г. Алматы,,6.0
2017,адам,зардап шеккен,г. Алматы,,1.0
2011,адам,зардап шеккен,г. Алматы,ерлер,5.0
2017,адам,зардап шеккен,г. Алматы,ерлер,1.0
2011,адам,зардап шеккен,г. Алматы,әйелдер,1.0
2015,адам,зардап шеккен (жынысын анықтау мүмкіндігі жоқ),г. Алматы,,6.0
2011,адам,соның ішінде қаза болды,г. Алматы,,1.0
