Year,Units,Браконьерство,Регионы,GeoCode,Value
2012,количество,выявлено нарушений,,,7480.0
2013,количество,выявлено нарушений,,,6455.0
2014,количество,выявлено нарушений,,,5895.0
2015,количество,выявлено нарушений,,,6555.0
2016,количество,выявлено нарушений,,,5782.0
2017,количество,выявлено нарушений,,,4514.0
2018,количество,выявлено нарушений,,,4735.0
2012,млн_тенге,наложено штрафов на сумму,,,32.6
2013,млн_тенге,наложено штрафов на сумму,,,32.6
2014,млн_тенге,наложено штрафов на сумму,,,56.0
2015,млн_тенге,наложено штрафов на сумму,,,87.2
2016,млн_тенге,наложено штрафов на сумму,,,91.5
2017,млн_тенге,наложено штрафов на сумму,,,78.4
2018,млн_тенге,наложено штрафов на сумму,,,63.8
2012,млн_тенге,взыскано,,,29.2
2013,млн_тенге,взыскано,,,29.1
2014,млн_тенге,взыскано,,,38.5
2015,млн_тенге,взыскано,,,53.0
2016,млн_тенге,взыскано,,,66.4
2017,млн_тенге,взыскано,,,60.5
2018,млн_тенге,взыскано,,,70.4
2012,количество,выявлено нарушений,Акмолинская,,53.0
2013,количество,выявлено нарушений,Акмолинская,,78.0
2014,количество,выявлено нарушений,Акмолинская,,71.0
2015,количество,выявлено нарушений,Акмолинская,,195.0
2016,количество,выявлено нарушений,Акмолинская,,371.0
2017,количество,выявлено нарушений,Акмолинская,,305.0
2018,количество,выявлено нарушений,Акмолинская,,310.0
2015,млн_тенге,наложено штрафов на сумму,Акмолинская,,1.7
2016,млн_тенге,наложено штрафов на сумму,Акмолинская,,4.7
2017,млн_тенге,наложено штрафов на сумму,Акмолинская,,3.6
2018,млн_тенге,наложено штрафов на сумму,Акмолинская,,4.1
2015,млн_тенге,взыскано,Акмолинская,,1.6
2016,млн_тенге,взыскано,Акмолинская,,3.6
2017,млн_тенге,взыскано,Акмолинская,,3.1
2018,млн_тенге,взыскано,Акмолинская,,3.8
2012,количество,выявлено нарушений,Актюбинская,,212.0
2013,количество,выявлено нарушений,Актюбинская,,178.0
2014,количество,выявлено нарушений,Актюбинская,,114.0
2015,количество,выявлено нарушений,Актюбинская,,98.0
2016,количество,выявлено нарушений,Актюбинская,,113.0
2017,количество,выявлено нарушений,Актюбинская,,111.0
2018,количество,выявлено нарушений,Актюбинская,,103.0
2012,млн_тенге,наложено штрафов на сумму,Актюбинская,,1.1
2013,млн_тенге,наложено штрафов на сумму,Актюбинская,,1.0
2015,млн_тенге,наложено штрафов на сумму,Актюбинская,,1.2
2016,млн_тенге,наложено штрафов на сумму,Актюбинская,,1.5
2017,млн_тенге,наложено штрафов на сумму,Актюбинская,,1.5
2018,млн_тенге,наложено штрафов на сумму,Актюбинская,,1.4
2012,млн_тенге,взыскано,Актюбинская,,1.0
2016,млн_тенге,взыскано,Актюбинская,,1.3
2017,млн_тенге,взыскано,Актюбинская,,1.4
2018,млн_тенге,взыскано,Актюбинская,,1.4
2012,количество,выявлено нарушений,Алматинская,,889.0
2013,количество,выявлено нарушений,Алматинская,,987.0
2014,количество,выявлено нарушений,Алматинская,,470.0
2015,количество,выявлено нарушений,Алматинская,,555.0
2016,количество,выявлено нарушений,Алматинская,,550.0
2017,количество,выявлено нарушений,Алматинская,,548.0
2018,количество,выявлено нарушений,Алматинская,,385.0
2012,млн_тенге,наложено штрафов на сумму,Алматинская,,5.9
2013,млн_тенге,наложено штрафов на сумму,Алматинская,,8.1
2014,млн_тенге,наложено штрафов на сумму,Алматинская,,5.2
2015,млн_тенге,наложено штрафов на сумму,Алматинская,,8.4
2016,млн_тенге,наложено штрафов на сумму,Алматинская,,8.4
2017,млн_тенге,наложено штрафов на сумму,Алматинская,,9.0
2018,млн_тенге,наложено штрафов на сумму,Алматинская,,6.0
2012,млн_тенге,взыскано,Алматинская,,5.5
2013,млн_тенге,взыскано,Алматинская,,7.7
2014,млн_тенге,взыскано,Алматинская,,3.6
2015,млн_тенге,взыскано,Алматинская,,6.8
2016,млн_тенге,взыскано,Алматинская,,7.4
2017,млн_тенге,взыскано,Алматинская,,7.4
2018,млн_тенге,взыскано,Алматинская,,5.8
2012,количество,выявлено нарушений,Атырауская,,2747.0
2013,количество,выявлено нарушений,Атырауская,,1938.0
2014,количество,выявлено нарушений,Атырауская,,2062.0
2015,количество,выявлено нарушений,Атырауская,,1788.0
2016,количество,выявлено нарушений,Атырауская,,1644.0
2017,количество,выявлено нарушений,Атырауская,,406.0
2018,количество,выявлено нарушений,Атырауская,,244.0
2012,млн_тенге,наложено штрафов на сумму,Атырауская,,7.3
2013,млн_тенге,наложено штрафов на сумму,Атырауская,,6.5
2014,млн_тенге,наложено штрафов на сумму,Атырауская,,5.9
2015,млн_тенге,наложено штрафов на сумму,Атырауская,,29.3
2016,млн_тенге,наложено штрафов на сумму,Атырауская,,33.2
2017,млн_тенге,наложено штрафов на сумму,Атырауская,,15.4
2018,млн_тенге,наложено штрафов на сумму,Атырауская,,8.3
2012,млн_тенге,взыскано,Атырауская,,5.9
2013,млн_тенге,взыскано,Атырауская,,5.1
2014,млн_тенге,взыскано,Атырауская,,5.5
2015,млн_тенге,взыскано,Атырауская,,18.9
2016,млн_тенге,взыскано,Атырауская,,18.6
2017,млн_тенге,взыскано,Атырауская,,8.9
2018,млн_тенге,взыскано,Атырауская,,7.4
2012,количество,выявлено нарушений,Восточно-Казахстанская,,934.0
2013,количество,выявлено нарушений,Восточно-Казахстанская,,839.0
2014,количество,выявлено нарушений,Восточно-Казахстанская,,763.0
2015,количество,выявлено нарушений,Восточно-Казахстанская,,1159.0
2016,количество,выявлено нарушений,Восточно-Казахстанская,,904.0
2017,количество,выявлено нарушений,Восточно-Казахстанская,,975.0
2018,количество,выявлено нарушений,Восточно-Казахстанская,,968.0
2012,млн_тенге,наложено штрафов на сумму,Восточно-Казахстанская,,4.4
2013,млн_тенге,наложено штрафов на сумму,Восточно-Казахстанская,,3.5
2014,млн_тенге,наложено штрафов на сумму,Восточно-Казахстанская,,8.4
2015,млн_тенге,наложено штрафов на сумму,Восточно-Казахстанская,,16.3
2016,млн_тенге,наложено штрафов на сумму,Восточно-Казахстанская,,16.0
2017,млн_тенге,наложено штрафов на сумму,Восточно-Казахстанская,,17.6
2018,млн_тенге,наложено штрафов на сумму,Восточно-Казахстанская,,16.3
2012,млн_тенге,взыскано,Восточно-Казахстанская,,4.3
2013,млн_тенге,взыскано,Восточно-Казахстанская,,3.1
2014,млн_тенге,взыскано,Восточно-Казахстанская,,6.7
2015,млн_тенге,взыскано,Восточно-Казахстанская,,11.2
2016,млн_тенге,взыскано,Восточно-Казахстанская,,11.1
2017,млн_тенге,взыскано,Восточно-Казахстанская,,12.7
2018,млн_тенге,взыскано,Восточно-Казахстанская,,14.8
2012,количество,выявлено нарушений,Жамбылская,,170.0
2013,количество,выявлено нарушений,Жамбылская,,8.0
2014,количество,выявлено нарушений,Жамбылская,,21.0
2015,количество,выявлено нарушений,Жамбылская,,266.0
2016,количество,выявлено нарушений,Жамбылская,,146.0
2017,количество,выявлено нарушений,Жамбылская,,210.0
2018,количество,выявлено нарушений,Жамбылская,,247.0
2012,млн_тенге,наложено штрафов на сумму,Жамбылская,,8.4
2015,млн_тенге,наложено штрафов на сумму,Жамбылская,,3.3
2016,млн_тенге,наложено штрафов на сумму,Жамбылская,,1.8
2017,млн_тенге,наложено штрафов на сумму,Жамбылская,,2.5
2018,млн_тенге,наложено штрафов на сумму,Жамбылская,,4.6
2015,млн_тенге,взыскано,Жамбылская,,2.2
2016,млн_тенге,взыскано,Жамбылская,,1.5
2017,млн_тенге,взыскано,Жамбылская,,2.2
2018,млн_тенге,взыскано,Жамбылская,,3.6
2012,количество,выявлено нарушений,Западно-Казахстанская,,322.0
2013,количество,выявлено нарушений,Западно-Казахстанская,,483.0
2014,количество,выявлено нарушений,Западно-Казахстанская,,527.0
2015,количество,выявлено нарушений,Западно-Казахстанская,,240.0
2016,количество,выявлено нарушений,Западно-Казахстанская,,236.0
2017,количество,выявлено нарушений,Западно-Казахстанская,,242.0
2018,количество,выявлено нарушений,Западно-Казахстанская,,291.0
2012,млн_тенге,наложено штрафов на сумму,Западно-Казахстанская,,1.5
2013,млн_тенге,наложено штрафов на сумму,Западно-Казахстанская,,2.3
2014,млн_тенге,наложено штрафов на сумму,Западно-Казахстанская,,2.9
2015,млн_тенге,наложено штрафов на сумму,Западно-Казахстанская,,2.8
2016,млн_тенге,наложено штрафов на сумму,Западно-Казахстанская,,3.1
2017,млн_тенге,наложено штрафов на сумму,Западно-Казахстанская,,3.6
2018,млн_тенге,наложено штрафов на сумму,Западно-Казахстанская,,3.8
2012,млн_тенге,взыскано,Западно-Казахстанская,,1.4
2013,млн_тенге,взыскано,Западно-Казахстанская,,1.9
2014,млн_тенге,взыскано,Западно-Казахстанская,,2.3
2015,млн_тенге,взыскано,Западно-Казахстанская,,2.4
2016,млн_тенге,взыскано,Западно-Казахстанская,,2.7
2017,млн_тенге,взыскано,Западно-Казахстанская,,3.2
2018,млн_тенге,взыскано,Западно-Казахстанская,,3.5
2012,количество,выявлено нарушений,Карагандинская,,286.0
2013,количество,выявлено нарушений,Карагандинская,,294.0
2014,количество,выявлено нарушений,Карагандинская,,289.0
2015,количество,выявлено нарушений,Карагандинская,,212.0
2016,количество,выявлено нарушений,Карагандинская,,239.0
2017,количество,выявлено нарушений,Карагандинская,,327.0
2018,количество,выявлено нарушений,Карагандинская,,341.0
2012,млн_тенге,наложено штрафов на сумму,Карагандинская,,1.4
2013,млн_тенге,наложено штрафов на сумму,Карагандинская,,1.6
2014,млн_тенге,наложено штрафов на сумму,Карагандинская,,1.8
2015,млн_тенге,наложено штрафов на сумму,Карагандинская,,2.3
2016,млн_тенге,наложено штрафов на сумму,Карагандинская,,2.9
2017,млн_тенге,наложено штрафов на сумму,Карагандинская,,4.6
2018,млн_тенге,наложено штрафов на сумму,Карагандинская,,4.8
2012,млн_тенге,взыскано,Карагандинская,,1.1
2013,млн_тенге,взыскано,Карагандинская,,1.2
2014,млн_тенге,взыскано,Карагандинская,,1.4
2015,млн_тенге,взыскано,Карагандинская,,1.9
2016,млн_тенге,взыскано,Карагандинская,,2.3
2017,млн_тенге,взыскано,Карагандинская,,3.7
2018,млн_тенге,взыскано,Карагандинская,,4.4
2012,количество,выявлено нарушений,Костанайская,,166.0
2013,количество,выявлено нарушений,Костанайская,,181.0
2014,количество,выявлено нарушений,Костанайская,,120.0
2015,количество,выявлено нарушений,Костанайская,,540.0
2016,количество,выявлено нарушений,Костанайская,,183.0
2017,количество,выявлено нарушений,Костанайская,,226.0
2018,количество,выявлено нарушений,Костанайская,,219.0
2012,млн_тенге,наложено штрафов на сумму,Костанайская,,1.0
2015,млн_тенге,наложено штрафов на сумму,Костанайская,,6.7
2016,млн_тенге,наложено штрафов на сумму,Костанайская,,2.8
2017,млн_тенге,наложено штрафов на сумму,Костанайская,,3.0
2018,млн_тенге,наложено штрафов на сумму,Костанайская,,4.0
2015,млн_тенге,взыскано,Костанайская,,5.3
2016,млн_тенге,взыскано,Костанайская,,2.5
2017,млн_тенге,взыскано,Костанайская,,2.6
2018,млн_тенге,взыскано,Костанайская,,2.6
2012,количество,выявлено нарушений,Кызылординская,,629.0
2013,количество,выявлено нарушений,Кызылординская,,440.0
2014,количество,выявлено нарушений,Кызылординская,,451.0
2015,количество,выявлено нарушений,Кызылординская,,502.0
2016,количество,выявлено нарушений,Кызылординская,,479.0
2017,количество,выявлено нарушений,Кызылординская,,236.0
2018,количество,выявлено нарушений,Кызылординская,,733.0
2012,млн_тенге,наложено штрафов на сумму,Кызылординская,,3.0
2013,млн_тенге,наложено штрафов на сумму,Кызылординская,,2.2
2014,млн_тенге,наложено штрафов на сумму,Кызылординская,,3.6
2015,млн_тенге,наложено штрафов на сумму,Кызылординская,,7.0
2016,млн_тенге,наложено штрафов на сумму,Кызылординская,,5.9
2017,млн_тенге,наложено штрафов на сумму,Кызылординская,,5.1
2018,млн_тенге,наложено штрафов на сумму,Кызылординская,,13.2
2012,млн_тенге,взыскано,Кызылординская,,2.8
2013,млн_тенге,взыскано,Кызылординская,,2.1
2014,млн_тенге,взыскано,Кызылординская,,2.7
2015,млн_тенге,взыскано,Кызылординская,,5.5
2016,млн_тенге,взыскано,Кызылординская,,5.5
2017,млн_тенге,взыскано,Кызылординская,,4.4
2018,млн_тенге,взыскано,Кызылординская,,11.0
2012,количество,выявлено нарушений,Мангистауская,,224.0
2013,количество,выявлено нарушений,Мангистауская,,232.0
2014,количество,выявлено нарушений,Мангистауская,,230.0
2015,количество,выявлено нарушений,Мангистауская,,122.0
2016,количество,выявлено нарушений,Мангистауская,,153.0
2017,количество,выявлено нарушений,Мангистауская,,190.0
2018,количество,выявлено нарушений,Мангистауская,,151.0
2012,млн_тенге,наложено штрафов на сумму,Мангистауская,,1.1
2013,млн_тенге,наложено штрафов на сумму,Мангистауская,,1.2
2014,млн_тенге,наложено штрафов на сумму,Мангистауская,,1.4
2016,млн_тенге,наложено штрафов на сумму,Мангистауская,,1.9
2017,млн_тенге,наложено штрафов на сумму,Мангистауская,,2.6
2018,млн_тенге,наложено штрафов на сумму,Мангистауская,,2.0
2012,млн_тенге,взыскано,Мангистауская,,1.1
2013,млн_тенге,взыскано,Мангистауская,,1.1
2014,млн_тенге,взыскано,Мангистауская,,1.1
2016,млн_тенге,взыскано,Мангистауская,,1.2
2017,млн_тенге,взыскано,Мангистауская,,1.5
2018,млн_тенге,взыскано,Мангистауская,,1.7
2012,количество,выявлено нарушений,Павлодарская,,264.0
2013,количество,выявлено нарушений,Павлодарская,,297.0
2014,количество,выявлено нарушений,Павлодарская,,381.0
2015,количество,выявлено нарушений,Павлодарская,,324.0
2016,количество,выявлено нарушений,Павлодарская,,347.0
2017,количество,выявлено нарушений,Павлодарская,,340.0
2018,количество,выявлено нарушений,Павлодарская,,351.0
2012,млн_тенге,наложено штрафов на сумму,Павлодарская,,1.3
2013,млн_тенге,наложено штрафов на сумму,Павлодарская,,1.7
2014,млн_тенге,наложено штрафов на сумму,Павлодарская,,2.4
2015,млн_тенге,наложено штрафов на сумму,Павлодарская,,3.2
2016,млн_тенге,наложено штрафов на сумму,Павлодарская,,3.7
2017,млн_тенге,наложено штрафов на сумму,Павлодарская,,4.3
2018,млн_тенге,наложено штрафов на сумму,Павлодарская,,5.1
2012,млн_тенге,взыскано,Павлодарская,,1.3
2013,млн_тенге,взыскано,Павлодарская,,1.7
2014,млн_тенге,взыскано,Павлодарская,,2.4
2015,млн_тенге,взыскано,Павлодарская,,3.2
2016,млн_тенге,взыскано,Павлодарская,,3.6
2017,млн_тенге,взыскано,Павлодарская,,3.9
2018,млн_тенге,взыскано,Павлодарская,,4.8
2012,количество,выявлено нарушений,Северо-Казахстанская,,130.0
2013,количество,выявлено нарушений,Северо-Казахстанская,,61.0
2014,количество,выявлено нарушений,Северо-Казахстанская,,106.0
2015,количество,выявлено нарушений,Северо-Казахстанская,,107.0
2016,количество,выявлено нарушений,Северо-Казахстанская,,157.0
2017,количество,выявлено нарушений,Северо-Казахстанская,,152.0
2018,количество,выявлено нарушений,Северо-Казахстанская,,174.0
2015,млн_тенге,наложено штрафов на сумму,Северо-Казахстанская,,1.1
2016,млн_тенге,наложено штрафов на сумму,Северо-Казахстанская,,1.6
2017,млн_тенге,наложено штрафов на сумму,Северо-Казахстанская,,1.8
2018,млн_тенге,наложено штрафов на сумму,Северо-Казахстанская,,2.1
2015,млн_тенге,взыскано,Северо-Казахстанская,,1.1
2016,млн_тенге,взыскано,Северо-Казахстанская,,1.6
2017,млн_тенге,взыскано,Северо-Казахстанская,,1.8
2018,млн_тенге,взыскано,Северо-Казахстанская,,2.0
2012,количество,выявлено нарушений,Туркестанская,,454.0
2013,количество,выявлено нарушений,Туркестанская,,439.0
2014,количество,выявлено нарушений,Туркестанская,,290.0
2015,количество,выявлено нарушений,Туркестанская,,447.0
2016,количество,выявлено нарушений,Туркестанская,,260.0
2017,количество,выявлено нарушений,Туркестанская,,246.0
2018,количество,выявлено нарушений,Туркестанская,,218.0
2012,млн_тенге,наложено штрафов на сумму,Туркестанская,,2.3
2013,млн_тенге,наложено штрафов на сумму,Туркестанская,,2.3
2014,млн_тенге,наложено штрафов на сумму,Туркестанская,,1.8
2015,млн_тенге,наложено штрафов на сумму,Туркестанская,,3.5
2016,млн_тенге,наложено штрафов на сумму,Туркестанская,,3.4
2017,млн_тенге,наложено штрафов на сумму,Туркестанская,,3.1
2018,млн_тенге,наложено штрафов на сумму,Туркестанская,,3.1
2012,млн_тенге,взыскано,Туркестанская,,2.2
2013,млн_тенге,взыскано,Туркестанская,,2.3
2014,млн_тенге,взыскано,Туркестанская,,1.6
2015,млн_тенге,взыскано,Туркестанская,,3.0
2016,млн_тенге,взыскано,Туркестанская,,2.7
2017,млн_тенге,взыскано,Туркестанская,,3.0
2018,млн_тенге,взыскано,Туркестанская,,2.7
