Year,Units,Бюджеттің шығыстары,Value
2010,пайыз,,109.56411103244758
2010,пайыз,Жалпы сипаттағы мемлекеттiк қызметтер,109.14965550200873
2010,пайыз,Қорғаныс,107.66270845912074
2010,пайыз,"Общественный порядок, безопасность, провавая, судебная, уголовно-исполнительская деятельность",107.4100168620412
2010,пайыз,Білім беру,121.36459780263418
2010,пайыз,Денсаулық сақтау,103.48691447927095
2010,пайыз,Әлеуметтiк көмек және әлеуметтiк қамсыздандыру,90.667493063471
2010,пайыз,Тұрғын үй-коммуналдық шаруашылық,139.23337153447807
2010,пайыз,"Мәдениет, спорт, туризм және ақпараттық кеңістiк",180.0928776818431
2010,пайыз,Отын-энергетика кешенi және жер қойнауын пайдалану,111.96780454237404
2010,пайыз,"Ауыл, су, орман, балық шаруашылығы, ерекше қорғалатын табиғи аумақтар, қоршаған ортаны және жануарлар дүниесін қорғау, жер қатынастары",118.70395526157972
2010,пайыз,"Өнеркәсіп, сәулет, қала құрылысы және құрылыс қызметі",94.55089594139379
2010,пайыз,Көлiк және коммуникация,118.21332360945348
2010,пайыз,Басқалар,201.5462431242597
2010,пайыз,Борышқа  қызмет көрсету,78.16694076545456
2010,пайыз,Трансферттер,100.0
2011,пайыз,,110.41075688312824
2011,пайыз,Жалпы сипаттағы мемлекеттiк қызметтер,126.72191273348093
2011,пайыз,Қорғаныс,106.0378060490676
2011,пайыз,"Общественный порядок, безопасность, провавая, судебная, уголовно-исполнительская деятельность",101.74812578055894
2011,пайыз,Білім беру,115.33406068276095
2011,пайыз,Денсаулық сақтау,99.15573129029207
2011,пайыз,Әлеуметтiк көмек және әлеуметтiк қамсыздандыру,100.31793171062182
2011,пайыз,Тұрғын үй-коммуналдық шаруашылық,164.73440575859874
2011,пайыз,"Мәдениет, спорт, туризм және ақпараттық кеңістiк",157.5527487217081
2011,пайыз,Отын-энергетика кешенi және жер қойнауын пайдалану,129.27669897143582
2011,пайыз,"Ауыл, су, орман, балық шаруашылығы, ерекше қорғалатын табиғи аумақтар, қоршаған ортаны және жануарлар дүниесін қорғау, жер қатынастары",119.30751267681528
2011,пайыз,"Өнеркәсіп, сәулет, қала құрылысы және құрылыс қызметі",94.68650585534715
2011,пайыз,Көлiк және коммуникация,105.79830038464532
2011,пайыз,Басқалар,164.21777306981426
2011,пайыз,Борышқа  қызмет көрсету,91.76581949891779
2011,пайыз,Трансферттер,100.0
2012,пайыз,,105.19417128627536
2012,пайыз,Жалпы сипаттағы мемлекеттiк қызметтер,106.6964756010176
2012,пайыз,Қорғаныс,102.15904712501438
2012,пайыз,"Общественный порядок, безопасность, провавая, судебная, уголовно-исполнительская деятельность",104.05494122077872
2012,пайыз,Білім беру,97.74058476617924
2012,пайыз,Денсаулық сақтау,106.18830880280485
2012,пайыз,Әлеуметтiк көмек және әлеуметтiк қамсыздандыру,95.5959527548458
2012,пайыз,Тұрғын үй-коммуналдық шаруашылық,129.633311165934
2012,пайыз,"Мәдениет, спорт, туризм және ақпараттық кеңістiк",102.23244610591074
2012,пайыз,Отын-энергетика кешенi және жер қойнауын пайдалану,110.30472044892358
2012,пайыз,"Ауыл, су, орман, балық шаруашылығы, ерекше қорғалатын табиғи аумақтар, қоршаған ортаны және жануарлар дүниесін қорғау, жер қатынастары",95.35995804132122
2012,пайыз,"Өнеркәсіп, сәулет, қала құрылысы және құрылыс қызметі",101.764733260948
2012,пайыз,Көлiк және коммуникация,96.77354277080963
2012,пайыз,Басқалар,234.28456065333455
2012,пайыз,Борышқа  қызмет көрсету,73.5689202408592
2012,пайыз,Трансферттер,100.0
2013,пайыз,,96.30522151258785
2013,пайыз,Жалпы сипаттағы мемлекеттiк қызметтер,99.91423425219992
2013,пайыз,Қорғаныс,99.87561912952827
2013,пайыз,"Общественный порядок, безопасность, провавая, судебная, уголовно-исполнительская деятельность",96.24809842731251
2013,пайыз,Білім беру,96.52445852722816
2013,пайыз,Денсаулық сақтау,96.92663065840195
2013,пайыз,Әлеуметтiк көмек және әлеуметтiк қамсыздандыру,95.82849787508364
2013,пайыз,Тұрғын үй-коммуналдық шаруашылық,133.50544602852744
2013,пайыз,"Мәдениет, спорт, туризм және ақпараттық кеңістiк",106.68859926057884
2013,пайыз,Отын-энергетика кешенi және жер қойнауын пайдалану,101.94133903343777
2013,пайыз,"Ауыл, су, орман, балық шаруашылығы, ерекше қорғалатын табиғи аумақтар, қоршаған ортаны және жануарлар дүниесін қорғау, жер қатынастары",96.53643048921877
2013,пайыз,"Өнеркәсіп, сәулет, қала құрылысы және құрылыс қызметі",96.27237997216162
2013,пайыз,Көлiк және коммуникация,102.42075941094211
2013,пайыз,Басқалар,68.22846072436299
2013,пайыз,Борышқа  қызмет көрсету,82.7343493196303
2013,пайыз,Трансферттер,100.0
2014,пайыз,,105.26528073379808
2014,пайыз,Жалпы сипаттағы мемлекеттiк қызметтер,116.86399539403124
2014,пайыз,Қорғаныс,95.69061182789646
2014,пайыз,"Общественный порядок, безопасность, провавая, судебная, уголовно-исполнительская деятельность",97.20939346157442
2014,пайыз,Білім беру,100.6384060266587
2014,пайыз,Денсаулық сақтау,99.68881806176006
2014,пайыз,Әлеуметтiк көмек және әлеуметтiк қамсыздандыру,98.42002987495178
2014,пайыз,Тұрғын үй-коммуналдық шаруашылық,127.7100183158717
2014,пайыз,"Мәдениет, спорт, туризм және ақпараттық кеңістiк",92.8693374218328
2014,пайыз,Отын-энергетика кешенi және жер қойнауын пайдалану,98.25327027591558
2014,пайыз,"Ауыл, су, орман, балық шаруашылығы, ерекше қорғалатын табиғи аумақтар, қоршаған ортаны және жануарлар дүниесін қорғау, жер қатынастары",111.5856917417627
2014,пайыз,"Өнеркәсіп, сәулет, қала құрылысы және құрылыс қызметі",120.78114879842627
2014,пайыз,Көлiк және коммуникация,97.4296041766556
2014,пайыз,Басқалар,164.62325817743871
2014,пайыз,Борышқа  қызмет көрсету,97.43988150637732
2014,пайыз,Трансферттер,100.0
2015,пайыз,,91.19186018612184
2015,пайыз,Жалпы сипаттағы мемлекеттiк қызметтер,149.3641694610499
2015,пайыз,Қорғаныс,98.3706350259703
2015,пайыз,"Общественный порядок, безопасность, провавая, судебная, уголовно-исполнительская деятельность",89.3013902118722
2015,пайыз,Білім беру,82.86432000661733
2015,пайыз,Денсаулық сақтау,93.84356396661613
2015,пайыз,Әлеуметтiк көмек және әлеуметтiк қамсыздандыру,94.40480699798677
2015,пайыз,Тұрғын үй-коммуналдық шаруашылық,80.90945658924484
2015,пайыз,"Мәдениет, спорт, туризм және ақпараттық кеңістiк",88.09293120660637
2015,пайыз,Отын-энергетика кешенi және жер қойнауын пайдалану,104.62699947370464
2015,пайыз,"Ауыл, су, орман, балық шаруашылығы, ерекше қорғалатын табиғи аумақтар, қоршаған ортаны және жануарлар дүниесін қорғау, жер қатынастары",105.45905297434506
2015,пайыз,"Өнеркәсіп, сәулет, қала құрылысы және құрылыс қызметі",87.14829624052426
2015,пайыз,Көлiк және коммуникация,88.25998177248556
2015,пайыз,Басқалар,51.175226281410296
2015,пайыз,Борышқа  қызмет көрсету,97.94407500354392
2015,пайыз,Трансферттер,100.0
2016,пайыз,,110.87921169858481
2016,пайыз,Жалпы сипаттағы мемлекеттiк қызметтер,129.51174883647883
2016,пайыз,Қорғаныс,106.45809065746259
2016,пайыз,"Общественный порядок, безопасность, провавая, судебная, уголовно-исполнительская деятельность",108.58665291822042
2016,пайыз,Білім беру,118.9605322920682
2016,пайыз,Денсаулық сақтау,112.72156068202764
2016,пайыз,Әлеуметтiк көмек және әлеуметтiк қамсыздандыру,99.47118342344808
2016,пайыз,Тұрғын үй-коммуналдық шаруашылық,167.10793359606805
2016,пайыз,"Мәдениет, спорт, туризм және ақпараттық кеңістiк",125.9603926458934
2016,пайыз,Отын-энергетика кешенi және жер қойнауын пайдалану,136.44927531720586
2016,пайыз,"Ауыл, су, орман, балық шаруашылығы, ерекше қорғалатын табиғи аумақтар, қоршаған ортаны және жануарлар дүниесін қорғау, жер қатынастары",157.82245884830505
2016,пайыз,"Өнеркәсіп, сәулет, қала құрылысы және құрылыс қызметі",106.77483890240448
2016,пайыз,Көлiк және коммуникация,121.63578611086866
2016,пайыз,Басқалар,99.65626329985885
2016,пайыз,Борышқа  қызмет көрсету,115.89086100184456
2016,пайыз,Трансферттер,100.0502858705636
2017,пайыз,,130.31106794540523
2017,пайыз,Жалпы сипаттағы мемлекеттiк қызметтер,109.27343816073244
2017,пайыз,Қорғаныс,104.6407043323604
2017,пайыз,"Общественный порядок, безопасность, провавая, судебная, уголовно-исполнительская деятельность",113.86273104313118
2017,пайыз,Білім беру,106.76364836808578
2017,пайыз,Денсаулық сақтау,99.94477786663471
2017,пайыз,Әлеуметтiк көмек және әлеуметтiк қамсыздандыру,103.72256742235682
2017,пайыз,Тұрғын үй-коммуналдық шаруашылық,104.52064051692679
2017,пайыз,"Мәдениет, спорт, туризм және ақпараттық кеңістiк",139.95004979670492
2017,пайыз,Отын-энергетика кешенi және жер қойнауын пайдалану,179.43435814574283
2017,пайыз,"Ауыл, су, орман, балық шаруашылығы, ерекше қорғалатын табиғи аумақтар, қоршаған ортаны және жануарлар дүниесін қорғау, жер қатынастары",134.19851782833072
2017,пайыз,"Өнеркәсіп, сәулет, қала құрылысы және құрылыс қызметі",418.59776159510454
2017,пайыз,Көлiк және коммуникация,116.94862367744145
2017,пайыз,Басқалар,651.2480788074346
2017,пайыз,Борышқа  қызмет көрсету,87.73460401606549
2017,пайыз,Трансферттер,100.63400301713732
2018,пайыз,,104.5
2018,пайыз,Жалпы сипаттағы мемлекеттiк қызметтер,114.07686748153158
2018,пайыз,Қорғаныс,99.54040852997056
2018,пайыз,"Общественный порядок, безопасность, провавая, судебная, уголовно-исполнительская деятельность",120.08708197519734
2018,пайыз,Білім беру,123.61234591784016
2018,пайыз,Денсаулық сақтау,100.39925364567421
2018,пайыз,Әлеуметтiк көмек және әлеуметтiк қамсыздандыру,98.6522752224487
2018,пайыз,Тұрғын үй-коммуналдық шаруашылық,120.07866113401647
2018,пайыз,"Мәдениет, спорт, туризм және ақпараттық кеңістiк",124.71816700927151
2018,пайыз,Отын-энергетика кешенi және жер қойнауын пайдалану,111.65499091321766
2018,пайыз,"Ауыл, су, орман, балық шаруашылығы, ерекше қорғалатын табиғи аумақтар, қоршаған ортаны және жануарлар дүниесін қорғау, жер қатынастары",139.04173829785043
2018,пайыз,"Өнеркәсіп, сәулет, қала құрылысы және құрылыс қызметі",245.26065399643596
2018,пайыз,Көлiк және коммуникация,99.31347097709923
2018,пайыз,Басқалар,98.20907504437623
2018,пайыз,Борышқа  қызмет көрсету,97.60866206263896
2018,пайыз,Трансферттер,100.53680004668577
2019,пайыз,,112.1
2019,пайыз,Жалпы сипаттағы мемлекеттiк қызметтер,129.7
2019,пайыз,Қорғаныс,116.2
2019,пайыз,"Общественный порядок, безопасность, провавая, судебная, уголовно-исполнительская деятельность",106.0
2019,пайыз,Білім беру,98.6
2019,пайыз,Денсаулық сақтау,107.3
2019,пайыз,Әлеуметтiк көмек және әлеуметтiк қамсыздандыру,110.2
2019,пайыз,Тұрғын үй-коммуналдық шаруашылық,135.7
2019,пайыз,"Мәдениет, спорт, туризм және ақпараттық кеңістiк",110.9
2019,пайыз,Отын-энергетика кешенi және жер қойнауын пайдалану,139.8
2019,пайыз,"Ауыл, су, орман, балық шаруашылығы, ерекше қорғалатын табиғи аумақтар, қоршаған ортаны және жануарлар дүниесін қорғау, жер қатынастары",99.9
2019,пайыз,"Өнеркәсіп, сәулет, қала құрылысы және құрылыс қызметі",121.8
2019,пайыз,Көлiк және коммуникация,104.5
2019,пайыз,Басқалар,169.9
2019,пайыз,Борышқа  қызмет көрсету,101.1
2019,пайыз,Трансферттер,100.0
