Year,Units,Интернет жылдамдығы,Өңірлер,GeoCode,Value
2012,мың бірлік,,,,1607.2
2013,мың бірлік,,,,1976.0
2014,мың бірлік,,,,2100.9
2015,мың бірлік,,,,2305.6
2016,мың бірлік,,,,2352.7
2017,мың бірлік,,,,2576.0
2018,мың бірлік,,,,2462.9
2012,мың бірлік,256 кбит / с-тан 2 Мбит / с-ден кем,,,470.195
2013,мың бірлік,256 кбит / с-тан 2 Мбит / с-ден кем,,,294.003
2014,мың бірлік,256 кбит / с-тан 2 Мбит / с-ден кем,,,264.203
2015,мың бірлік,256 кбит / с-тан 2 Мбит / с-ден кем,,,271.616
2016,мың бірлік,256 кбит / с-тан 2 Мбит / с-ден кем,,,197.44400000000002
2017,мың бірлік,256 кбит / с-тан 2 Мбит / с-ден кем,,,71.335
2018,мың бірлік,256 кбит / с-тан 2 Мбит / с-ден кем,,,84.9
2012,мың бірлік,256 кбит / с-тан 2 Мбит / с-ден кем,Ақмола,,19.468
2013,мың бірлік,256 кбит / с-тан 2 Мбит / с-ден кем,Ақмола,,20.878
2014,мың бірлік,256 кбит / с-тан 2 Мбит / с-ден кем,Ақмола,,16.415
2015,мың бірлік,256 кбит / с-тан 2 Мбит / с-ден кем,Ақмола,,14.047
2016,мың бірлік,256 кбит / с-тан 2 Мбит / с-ден кем,Ақмола,,4.012
2017,мың бірлік,256 кбит / с-тан 2 Мбит / с-ден кем,Ақмола,,3.766
2018,мың бірлік,256 кбит / с-тан 2 Мбит / с-ден кем,Ақмола,,3.8
2012,мың бірлік,256 кбит / с-тан 2 Мбит / с-ден кем,Ақтөбе,,14.825999999999999
2013,мың бірлік,256 кбит / с-тан 2 Мбит / с-ден кем,Ақтөбе,,15.75
2014,мың бірлік,256 кбит / с-тан 2 Мбит / с-ден кем,Ақтөбе,,9.793
2015,мың бірлік,256 кбит / с-тан 2 Мбит / с-ден кем,Ақтөбе,,11.46
2016,мың бірлік,256 кбит / с-тан 2 Мбит / с-ден кем,Ақтөбе,,11.09
2017,мың бірлік,256 кбит / с-тан 2 Мбит / с-ден кем,Ақтөбе,,3.155
2018,мың бірлік,256 кбит / с-тан 2 Мбит / с-ден кем,Ақтөбе,,1.9
2012,мың бірлік,256 кбит / с-тан 2 Мбит / с-ден кем,Алматы,,70.115
2013,мың бірлік,256 кбит / с-тан 2 Мбит / с-ден кем,Алматы,,11.16
2014,мың бірлік,256 кбит / с-тан 2 Мбит / с-ден кем,Алматы,,12.443
2015,мың бірлік,256 кбит / с-тан 2 Мбит / с-ден кем,Алматы,,9.573
2016,мың бірлік,256 кбит / с-тан 2 Мбит / с-ден кем,Алматы,,8.89
2017,мың бірлік,256 кбит / с-тан 2 Мбит / с-ден кем,Алматы,,1.151
2018,мың бірлік,256 кбит / с-тан 2 Мбит / с-ден кем,Алматы,,1.2
2012,мың бірлік,256 кбит / с-тан 2 Мбит / с-ден кем,Атырау,,9.308
2013,мың бірлік,256 кбит / с-тан 2 Мбит / с-ден кем,Атырау,,10.237
2014,мың бірлік,256 кбит / с-тан 2 Мбит / с-ден кем,Атырау,,7.147
2015,мың бірлік,256 кбит / с-тан 2 Мбит / с-ден кем,Атырау,,7.029
2016,мың бірлік,256 кбит / с-тан 2 Мбит / с-ден кем,Атырау,,6.225
2017,мың бірлік,256 кбит / с-тан 2 Мбит / с-ден кем,Атырау,,4.189
2018,мың бірлік,256 кбит / с-тан 2 Мбит / с-ден кем,Атырау,,1.2
2012,мың бірлік,256 кбит / с-тан 2 Мбит / с-ден кем,Батыс Қазақстан,,11.562000000000001
2013,мың бірлік,256 кбит / с-тан 2 Мбит / с-ден кем,Батыс Қазақстан,,10.052999999999999
2014,мың бірлік,256 кбит / с-тан 2 Мбит / с-ден кем,Батыс Қазақстан,,10.209
2015,мың бірлік,256 кбит / с-тан 2 Мбит / с-ден кем,Батыс Қазақстан,,8.173
2016,мың бірлік,256 кбит / с-тан 2 Мбит / с-ден кем,Батыс Қазақстан,,4.268
2017,мың бірлік,256 кбит / с-тан 2 Мбит / с-ден кем,Батыс Қазақстан,,1.5530000000000002
2018,мың бірлік,256 кбит / с-тан 2 Мбит / с-ден кем,Батыс Қазақстан,,0.7
2012,мың бірлік,256 кбит / с-тан 2 Мбит / с-ден кем,Жамбыл,,14.034
2013,мың бірлік,256 кбит / с-тан 2 Мбит / с-ден кем,Жамбыл,,13.074000000000002
2014,мың бірлік,256 кбит / с-тан 2 Мбит / с-ден кем,Жамбыл,,12.887
2015,мың бірлік,256 кбит / с-тан 2 Мбит / с-ден кем,Жамбыл,,10.63
2016,мың бірлік,256 кбит / с-тан 2 Мбит / с-ден кем,Жамбыл,,3.6180000000000003
2017,мың бірлік,256 кбит / с-тан 2 Мбит / с-ден кем,Жамбыл,,0.777
2018,мың бірлік,256 кбит / с-тан 2 Мбит / с-ден кем,Жамбыл,,1.2
2012,мың бірлік,256 кбит / с-тан 2 Мбит / с-ден кем,Қарағанды,,96.1
2013,мың бірлік,256 кбит / с-тан 2 Мбит / с-ден кем,Қарағанды,,23.241
2014,мың бірлік,256 кбит / с-тан 2 Мбит / с-ден кем,Қарағанды,,15.550999999999998
2015,мың бірлік,256 кбит / с-тан 2 Мбит / с-ден кем,Қарағанды,,15.595999999999998
2016,мың бірлік,256 кбит / с-тан 2 Мбит / с-ден кем,Қарағанды,,8.232000000000001
2017,мың бірлік,256 кбит / с-тан 2 Мбит / с-ден кем,Қарағанды,,1.607
2018,мың бірлік,256 кбит / с-тан 2 Мбит / с-ден кем,Қарағанды,,5.7
2012,мың бірлік,256 кбит / с-тан 2 Мбит / с-ден кем,Қостанай,,17.007
2013,мың бірлік,256 кбит / с-тан 2 Мбит / с-ден кем,Қостанай,,15.762
2014,мың бірлік,256 кбит / с-тан 2 Мбит / с-ден кем,Қостанай,,15.607000000000001
2015,мың бірлік,256 кбит / с-тан 2 Мбит / с-ден кем,Қостанай,,19.965
2016,мың бірлік,256 кбит / с-тан 2 Мбит / с-ден кем,Қостанай,,19.779
2017,мың бірлік,256 кбит / с-тан 2 Мбит / с-ден кем,Қостанай,,5.9079999999999995
2018,мың бірлік,256 кбит / с-тан 2 Мбит / с-ден кем,Қостанай,,1.1
2012,мың бірлік,256 кбит / с-тан 2 Мбит / с-ден кем,Қызылорда,,13.462
2013,мың бірлік,256 кбит / с-тан 2 Мбит / с-ден кем,Қызылорда,,13.870999999999999
2014,мың бірлік,256 кбит / с-тан 2 Мбит / с-ден кем,Қызылорда,,11.722999999999999
2015,мың бірлік,256 кбит / с-тан 2 Мбит / с-ден кем,Қызылорда,,9.61
2016,мың бірлік,256 кбит / с-тан 2 Мбит / с-ден кем,Қызылорда,,7.845
2017,мың бірлік,256 кбит / с-тан 2 Мбит / с-ден кем,Қызылорда,,3.929
2018,мың бірлік,256 кбит / с-тан 2 Мбит / с-ден кем,Қызылорда,,3.0
2012,мың бірлік,256 кбит / с-тан 2 Мбит / с-ден кем,Маңғыстау,,17.883
2013,мың бірлік,256 кбит / с-тан 2 Мбит / с-ден кем,Маңғыстау,,8.111
2014,мың бірлік,256 кбит / с-тан 2 Мбит / с-ден кем,Маңғыстау,,5.314
2015,мың бірлік,256 кбит / с-тан 2 Мбит / с-ден кем,Маңғыстау,,3.253
2016,мың бірлік,256 кбит / с-тан 2 Мбит / с-ден кем,Маңғыстау,,11.965
2017,мың бірлік,256 кбит / с-тан 2 Мбит / с-ден кем,Маңғыстау,,5.782
2018,мың бірлік,256 кбит / с-тан 2 Мбит / с-ден кем,Маңғыстау,,7.1
2012,мың бірлік,256 кбит / с-тан 2 Мбит / с-ден кем,Оңтүстік Қазақстан,,31.838
2013,мың бірлік,256 кбит / с-тан 2 Мбит / с-ден кем,Оңтүстік Қазақстан,,0.871
2014,мың бірлік,256 кбит / с-тан 2 Мбит / с-ден кем,Оңтүстік Қазақстан,,13.182
2015,мың бірлік,256 кбит / с-тан 2 Мбит / с-ден кем,Оңтүстік Қазақстан,,13.720999999999998
2016,мың бірлік,256 кбит / с-тан 2 Мбит / с-ден кем,Оңтүстік Қазақстан,,7.13
2017,мың бірлік,256 кбит / с-тан 2 Мбит / с-ден кем,Оңтүстік Қазақстан,,4.078
2012,мың бірлік,256 кбит / с-тан 2 Мбит / с-ден кем,Павлодар,,26.77
2013,мың бірлік,256 кбит / с-тан 2 Мбит / с-ден кем,Павлодар,,23.651999999999997
2014,мың бірлік,256 кбит / с-тан 2 Мбит / с-ден кем,Павлодар,,15.633
2015,мың бірлік,256 кбит / с-тан 2 Мбит / с-ден кем,Павлодар,,11.552
2016,мың бірлік,256 кбит / с-тан 2 Мбит / с-ден кем,Павлодар,,5.0089999999999995
2017,мың бірлік,256 кбит / с-тан 2 Мбит / с-ден кем,Павлодар,,0.885
2018,мың бірлік,256 кбит / с-тан 2 Мбит / с-ден кем,Павлодар,,6.0
2012,мың бірлік,256 кбит / с-тан 2 Мбит / с-ден кем,Солтүстік Қазақстан,,26.618000000000002
2013,мың бірлік,256 кбит / с-тан 2 Мбит / с-ден кем,Солтүстік Қазақстан,,24.535999999999998
2014,мың бірлік,256 кбит / с-тан 2 Мбит / с-ден кем,Солтүстік Қазақстан,,22.419
2015,мың бірлік,256 кбит / с-тан 2 Мбит / с-ден кем,Солтүстік Қазақстан,,17.861
2016,мың бірлік,256 кбит / с-тан 2 Мбит / с-ден кем,Солтүстік Қазақстан,,17.778
2017,мың бірлік,256 кбит / с-тан 2 Мбит / с-ден кем,Солтүстік Қазақстан,,4.8580000000000005
2018,мың бірлік,256 кбит / с-тан 2 Мбит / с-ден кем,Солтүстік Қазақстан,,1.2
2018,мың бірлік,256 кбит / с-тан 2 Мбит / с-ден кем,Түркістан,,2.5
2012,мың бірлік,256 кбит / с-тан 2 Мбит / с-ден кем,Шығыс Қазақстан,,16.867
2013,мың бірлік,256 кбит / с-тан 2 Мбит / с-ден кем,Шығыс Қазақстан,,22.430999999999997
2014,мың бірлік,256 кбит / с-тан 2 Мбит / с-ден кем,Шығыс Қазақстан,,12.795
2015,мың бірлік,256 кбит / с-тан 2 Мбит / с-ден кем,Шығыс Қазақстан,,9.195
2016,мың бірлік,256 кбит / с-тан 2 Мбит / с-ден кем,Шығыс Қазақстан,,28.482
2017,мың бірлік,256 кбит / с-тан 2 Мбит / с-ден кем,Шығыс Қазақстан,,3.033
2018,мың бірлік,256 кбит / с-тан 2 Мбит / с-ден кем,Шығыс Қазақстан,,3.4
2012,мың бірлік,256 кбит / с-тан 2 Мбит / с-ден кем,Нұр-Сұлтан қаласы,,21.654
2013,мың бірлік,256 кбит / с-тан 2 Мбит / с-ден кем,Нұр-Сұлтан қаласы,,18.035999999999998
2014,мың бірлік,256 кбит / с-тан 2 Мбит / с-ден кем,Нұр-Сұлтан қаласы,,40.52
2015,мың бірлік,256 кбит / с-тан 2 Мбит / с-ден кем,Нұр-Сұлтан қаласы,,53.187
2016,мың бірлік,256 кбит / с-тан 2 Мбит / с-ден кем,Нұр-Сұлтан қаласы,,23.656
2017,мың бірлік,256 кбит / с-тан 2 Мбит / с-ден кем,Нұр-Сұлтан қаласы,,21.684
2018,мың бірлік,256 кбит / с-тан 2 Мбит / с-ден кем,Нұр-Сұлтан қаласы,,41.6
2012,мың бірлік,256 кбит / с-тан 2 Мбит / с-ден кем,Алматы қаласы,,62.683
2013,мың бірлік,256 кбит / с-тан 2 Мбит / с-ден кем,Алматы қаласы,,62.34
2014,мың бірлік,256 кбит / с-тан 2 Мбит / с-ден кем,Алматы қаласы,,42.565
2015,мың бірлік,256 кбит / с-тан 2 Мбит / с-ден кем,Алматы қаласы,,56.763999999999996
2016,мың бірлік,256 кбит / с-тан 2 Мбит / с-ден кем,Алматы қаласы,,29.465
2017,мың бірлік,256 кбит / с-тан 2 Мбит / с-ден кем,Алматы қаласы,,4.98
2018,мың бірлік,256 кбит / с-тан 2 Мбит / с-ден кем,Алматы қаласы,,3.2
2018,мың бірлік,256 кбит / с-тан 2 Мбит / с-ден кем,Шымкент қаласы,,0.2
2012,мың бірлік,2 Мбит / с-тан 10 Мбит / с-ке дейін,,,720.799
2013,мың бірлік,2 Мбит / с-тан 10 Мбит / с-ке дейін,,,906.56
2014,мың бірлік,2 Мбит / с-тан 10 Мбит / с-ке дейін,,,881.3539999999997
2015,мың бірлік,2 Мбит / с-тан 10 Мбит / с-ке дейін,,,767.081
2016,мың бірлік,2 Мбит / с-тан 10 Мбит / с-ке дейін,,,837.673
2017,мың бірлік,2 Мбит / с-тан 10 Мбит / с-ке дейін,,,987.345
2018,мың бірлік,2 Мбит / с-тан 10 Мбит / с-ке дейін,,,1602.6
2012,мың бірлік,2 Мбит / с-тан 10 Мбит / с-ке дейін,Ақмола,,34.889
2013,мың бірлік,2 Мбит / с-тан 10 Мбит / с-ке дейін,Ақмола,,41.44600000000001
2014,мың бірлік,2 Мбит / с-тан 10 Мбит / с-ке дейін,Ақмола,,52.33
2015,мың бірлік,2 Мбит / с-тан 10 Мбит / с-ке дейін,Ақмола,,54.566
2016,мың бірлік,2 Мбит / с-тан 10 Мбит / с-ке дейін,Ақмола,,68.49
2017,мың бірлік,2 Мбит / с-тан 10 Мбит / с-ке дейін,Ақмола,,73.509
2018,мың бірлік,2 Мбит / с-тан 10 Мбит / с-ке дейін,Ақмола,,75.2
2012,мың бірлік,2 Мбит / с-тан 10 Мбит / с-ке дейін,Ақтөбе,,38.459
2013,мың бірлік,2 Мбит / с-тан 10 Мбит / с-ке дейін,Ақтөбе,,40.461999999999996
2014,мың бірлік,2 Мбит / с-тан 10 Мбит / с-ке дейін,Ақтөбе,,45.756
2015,мың бірлік,2 Мбит / с-тан 10 Мбит / с-ке дейін,Ақтөбе,,40.354
2016,мың бірлік,2 Мбит / с-тан 10 Мбит / с-ке дейін,Ақтөбе,,42.023
2017,мың бірлік,2 Мбит / с-тан 10 Мбит / с-ке дейін,Ақтөбе,,49.53
2018,мың бірлік,2 Мбит / с-тан 10 Мбит / с-ке дейін,Ақтөбе,,50.1
2012,мың бірлік,2 Мбит / с-тан 10 Мбит / с-ке дейін,Алматы,,4.5089999999999995
2013,мың бірлік,2 Мбит / с-тан 10 Мбит / с-ке дейін,Алматы,,83.14399999999998
2014,мың бірлік,2 Мбит / с-тан 10 Мбит / с-ке дейін,Алматы,,76.887
2015,мың бірлік,2 Мбит / с-тан 10 Мбит / с-ке дейін,Алматы,,79.564
2016,мың бірлік,2 Мбит / с-тан 10 Мбит / с-ке дейін,Алматы,,104.59700000000001
2017,мың бірлік,2 Мбит / с-тан 10 Мбит / с-ке дейін,Алматы,,123.23
2018,мың бірлік,2 Мбит / с-тан 10 Мбит / с-ке дейін,Алматы,,129.1
2012,мың бірлік,2 Мбит / с-тан 10 Мбит / с-ке дейін,Атырау,,40.305
2013,мың бірлік,2 Мбит / с-тан 10 Мбит / с-ке дейін,Атырау,,45.943999999999996
2014,мың бірлік,2 Мбит / с-тан 10 Мбит / с-ке дейін,Атырау,,44.67
2015,мың бірлік,2 Мбит / с-тан 10 Мбит / с-ке дейін,Атырау,,42.468999999999994
2016,мың бірлік,2 Мбит / с-тан 10 Мбит / с-ке дейін,Атырау,,44.698
2017,мың бірлік,2 Мбит / с-тан 10 Мбит / с-ке дейін,Атырау,,49.006
2018,мың бірлік,2 Мбит / с-тан 10 Мбит / с-ке дейін,Атырау,,53.4
2012,мың бірлік,2 Мбит / с-тан 10 Мбит / с-ке дейін,Батыс Қазақстан,,26.38
2013,мың бірлік,2 Мбит / с-тан 10 Мбит / с-ке дейін,Батыс Қазақстан,,25.82
2014,мың бірлік,2 Мбит / с-тан 10 Мбит / с-ке дейін,Батыс Қазақстан,,21.539
2015,мың бірлік,2 Мбит / с-тан 10 Мбит / с-ке дейін,Батыс Қазақстан,,18.886
2016,мың бірлік,2 Мбит / с-тан 10 Мбит / с-ке дейін,Батыс Қазақстан,,22.555999999999997
2017,мың бірлік,2 Мбит / с-тан 10 Мбит / с-ке дейін,Батыс Қазақстан,,26.275
2018,мың бірлік,2 Мбит / с-тан 10 Мбит / с-ке дейін,Батыс Қазақстан,,26.9
2012,мың бірлік,2 Мбит / с-тан 10 Мбит / с-ке дейін,Жамбыл,,24.340999999999998
2013,мың бірлік,2 Мбит / с-тан 10 Мбит / с-ке дейін,Жамбыл,,31.026999999999997
2014,мың бірлік,2 Мбит / с-тан 10 Мбит / с-ке дейін,Жамбыл,,30.144000000000002
2015,мың бірлік,2 Мбит / с-тан 10 Мбит / с-ке дейін,Жамбыл,,26.91800000000001
2016,мың бірлік,2 Мбит / с-тан 10 Мбит / с-ке дейін,Жамбыл,,37.131
2017,мың бірлік,2 Мбит / с-тан 10 Мбит / с-ке дейін,Жамбыл,,41.705
2018,мың бірлік,2 Мбит / с-тан 10 Мбит / с-ке дейін,Жамбыл,,45.4
2012,мың бірлік,2 Мбит / с-тан 10 Мбит / с-ке дейін,Қарағанды,,26.67
2013,мың бірлік,2 Мбит / с-тан 10 Мбит / с-ке дейін,Қарағанды,,101.539
2014,мың бірлік,2 Мбит / с-тан 10 Мбит / с-ке дейін,Қарағанды,,86.92299999999999
2015,мың бірлік,2 Мбит / с-тан 10 Мбит / с-ке дейін,Қарағанды,,71.503
2016,мың бірлік,2 Мбит / с-тан 10 Мбит / с-ке дейін,Қарағанды,,74.639
2017,мың бірлік,2 Мбит / с-тан 10 Мбит / с-ке дейін,Қарағанды,,83.6
2018,мың бірлік,2 Мбит / с-тан 10 Мбит / с-ке дейін,Қарағанды,,81.1
2012,мың бірлік,2 Мбит / с-тан 10 Мбит / с-ке дейін,Қостанай,,51.258
2013,мың бірлік,2 Мбит / с-тан 10 Мбит / с-ке дейін,Қостанай,,79.25
2014,мың бірлік,2 Мбит / с-тан 10 Мбит / с-ке дейін,Қостанай,,64.502
2015,мың бірлік,2 Мбит / с-тан 10 Мбит / с-ке дейін,Қостанай,,45.71100000000001
2016,мың бірлік,2 Мбит / с-тан 10 Мбит / с-ке дейін,Қостанай,,45.978
2017,мың бірлік,2 Мбит / с-тан 10 Мбит / с-ке дейін,Қостанай,,66.35
2018,мың бірлік,2 Мбит / с-тан 10 Мбит / с-ке дейін,Қостанай,,70.0
2012,мың бірлік,2 Мбит / с-тан 10 Мбит / с-ке дейін,Қызылорда,,15.625
2013,мың бірлік,2 Мбит / с-тан 10 Мбит / с-ке дейін,Қызылорда,,21.660999999999998
2014,мың бірлік,2 Мбит / с-тан 10 Мбит / с-ке дейін,Қызылорда,,20.869
2015,мың бірлік,2 Мбит / с-тан 10 Мбит / с-ке дейін,Қызылорда,,19.32
2016,мың бірлік,2 Мбит / с-тан 10 Мбит / с-ке дейін,Қызылорда,,24.836
2017,мың бірлік,2 Мбит / с-тан 10 Мбит / с-ке дейін,Қызылорда,,33.868
2018,мың бірлік,2 Мбит / с-тан 10 Мбит / с-ке дейін,Қызылорда,,38.3
2012,мың бірлік,2 Мбит / с-тан 10 Мбит / с-ке дейін,Маңғыстау,,18.07
2013,мың бірлік,2 Мбит / с-тан 10 Мбит / с-ке дейін,Маңғыстау,,29.901
2014,мың бірлік,2 Мбит / с-тан 10 Мбит / с-ке дейін,Маңғыстау,,26.836
2015,мың бірлік,2 Мбит / с-тан 10 Мбит / с-ке дейін,Маңғыстау,,27.482
2016,мың бірлік,2 Мбит / с-тан 10 Мбит / с-ке дейін,Маңғыстау,,21.511
2017,мың бірлік,2 Мбит / с-тан 10 Мбит / с-ке дейін,Маңғыстау,,31.381999999999998
2018,мың бірлік,2 Мбит / с-тан 10 Мбит / с-ке дейін,Маңғыстау,,32.5
2012,мың бірлік,2 Мбит / с-тан 10 Мбит / с-ке дейін,Оңтүстік Қазақстан,,24.886999999999997
2013,мың бірлік,2 Мбит / с-тан 10 Мбит / с-ке дейін,Оңтүстік Қазақстан,,0.986
2014,мың бірлік,2 Мбит / с-тан 10 Мбит / с-ке дейін,Оңтүстік Қазақстан,,47.927
2015,мың бірлік,2 Мбит / с-тан 10 Мбит / с-ке дейін,Оңтүстік Қазақстан,,42.793
2016,мың бірлік,2 Мбит / с-тан 10 Мбит / с-ке дейін,Оңтүстік Қазақстан,,60.038999999999994
2017,мың бірлік,2 Мбит / с-тан 10 Мбит / с-ке дейін,Оңтүстік Қазақстан,,71.542
2012,мың бірлік,2 Мбит / с-тан 10 Мбит / с-ке дейін,Павлодар,,45.06399999999999
2013,мың бірлік,2 Мбит / с-тан 10 Мбит / с-ке дейін,Павлодар,,50.015
2014,мың бірлік,2 Мбит / с-тан 10 Мбит / с-ке дейін,Павлодар,,49.849
2015,мың бірлік,2 Мбит / с-тан 10 Мбит / с-ке дейін,Павлодар,,44.248999999999995
2016,мың бірлік,2 Мбит / с-тан 10 Мбит / с-ке дейін,Павлодар,,44.144
2017,мың бірлік,2 Мбит / с-тан 10 Мбит / с-ке дейін,Павлодар,,48.563
2018,мың бірлік,2 Мбит / с-тан 10 Мбит / с-ке дейін,Павлодар,,86.3
2012,мың бірлік,2 Мбит / с-тан 10 Мбит / с-ке дейін,Солтүстік Қазақстан,,27.405
2013,мың бірлік,2 Мбит / с-тан 10 Мбит / с-ке дейін,Солтүстік Қазақстан,,33.82
2014,мың бірлік,2 Мбит / с-тан 10 Мбит / с-ке дейін,Солтүстік Қазақстан,,37.548
2015,мың бірлік,2 Мбит / с-тан 10 Мбит / с-ке дейін,Солтүстік Қазақстан,,37.91
2016,мың бірлік,2 Мбит / с-тан 10 Мбит / с-ке дейін,Солтүстік Қазақстан,,39.694
2017,мың бірлік,2 Мбит / с-тан 10 Мбит / с-ке дейін,Солтүстік Қазақстан,,51.51600000000001
2018,мың бірлік,2 Мбит / с-тан 10 Мбит / с-ке дейін,Солтүстік Қазақстан,,55.8
2018,мың бірлік,2 Мбит / с-тан 10 Мбит / с-ке дейін,Түркістан,,50.1
2012,мың бірлік,2 Мбит / с-тан 10 Мбит / с-ке дейін,Шығыс Қазақстан,,71.755
2013,мың бірлік,2 Мбит / с-тан 10 Мбит / с-ке дейін,Шығыс Қазақстан,,66.389
2014,мың бірлік,2 Мбит / с-тан 10 Мбит / с-ке дейін,Шығыс Қазақстан,,65.182
2015,мың бірлік,2 Мбит / с-тан 10 Мбит / с-ке дейін,Шығыс Қазақстан,,58.898
2016,мың бірлік,2 Мбит / с-тан 10 Мбит / с-ке дейін,Шығыс Қазақстан,,53.027
2017,мың бірлік,2 Мбит / с-тан 10 Мбит / с-ке дейін,Шығыс Қазақстан,,77.738
2018,мың бірлік,2 Мбит / с-тан 10 Мбит / с-ке дейін,Шығыс Қазақстан,,84.8
2012,мың бірлік,2 Мбит / с-тан 10 Мбит / с-ке дейін,Нұр-Сұлтан қаласы,,75.249
2013,мың бірлік,2 Мбит / с-тан 10 Мбит / с-ке дейін,Нұр-Сұлтан қаласы,,78.957
2014,мың бірлік,2 Мбит / с-тан 10 Мбит / с-ке дейін,Нұр-Сұлтан қаласы,,44.63399999999999
2015,мың бірлік,2 Мбит / с-тан 10 Мбит / с-ке дейін,Нұр-Сұлтан қаласы,,44.251999999999995
2016,мың бірлік,2 Мбит / с-тан 10 Мбит / с-ке дейін,Нұр-Сұлтан қаласы,,58.45399999999999
2017,мың бірлік,2 Мбит / с-тан 10 Мбит / с-ке дейін,Нұр-Сұлтан қаласы,,50.018
2018,мың бірлік,2 Мбит / с-тан 10 Мбит / с-ке дейін,Нұр-Сұлтан қаласы,,565.4
2012,мың бірлік,2 Мбит / с-тан 10 Мбит / с-ке дейін,Алматы қаласы,,195.933
2013,мың бірлік,2 Мбит / с-тан 10 Мбит / с-ке дейін,Алматы қаласы,,176.199
2014,мың бірлік,2 Мбит / с-тан 10 Мбит / с-ке дейін,Алматы қаласы,,165.75799999999995
2015,мың бірлік,2 Мбит / с-тан 10 Мбит / с-ке дейін,Алматы қаласы,,112.206
2016,мың бірлік,2 Мбит / с-тан 10 Мбит / с-ке дейін,Алматы қаласы,,95.85600000000001
2017,мың бірлік,2 Мбит / с-тан 10 Мбит / с-ке дейін,Алматы қаласы,,109.51299999999999
2018,мың бірлік,2 Мбит / с-тан 10 Мбит / с-ке дейін,Алматы қаласы,,131.1
2018,мың бірлік,2 Мбит / с-тан 10 Мбит / с-ке дейін,Шымкент қаласы,,27.1
2012,мың бірлік,выше 10 Мбит/сек,,,335.6
2013,мың бірлік,выше 10 Мбит/сек,,,663.34
2014,мың бірлік,выше 10 Мбит/сек,,,857.038
2015,мың бірлік,выше 10 Мбит/сек,,,1010.56
2016,мың бірлік,выше 10 Мбит/сек,,,1226.9080000000001
2017,мың бірлік,выше 10 Мбит/сек,,,1424.394
2018,мың бірлік,выше 10 Мбит/сек,,,696.5
2012,мың бірлік,выше 10 Мбит/сек,Ақмола,,6.3
2013,мың бірлік,выше 10 Мбит/сек,Ақмола,,11.581
2014,мың бірлік,выше 10 Мбит/сек,Ақмола,,16.756
2015,мың бірлік,выше 10 Мбит/сек,Ақмола,,22.259
2016,мың бірлік,выше 10 Мбит/сек,Ақмола,,24.701999999999998
2017,мың бірлік,выше 10 Мбит/сек,Ақмола,,26.581
2018,мың бірлік,выше 10 Мбит/сек,Ақмола,,28.4
2012,мың бірлік,выше 10 Мбит/сек,Ақтөбе,,2.1
2013,мың бірлік,выше 10 Мбит/сек,Ақтөбе,,9.49
2014,мың бірлік,выше 10 Мбит/сек,Ақтөбе,,16.688
2015,мың бірлік,выше 10 Мбит/сек,Ақтөбе,,20.535999999999998
2016,мың бірлік,выше 10 Мбит/сек,Ақтөбе,,22.365
2017,мың бірлік,выше 10 Мбит/сек,Ақтөбе,,28.419
2018,мың бірлік,выше 10 Мбит/сек,Ақтөбе,,29.8
2012,мың бірлік,выше 10 Мбит/сек,Алматы,,5.6
2013,мың бірлік,выше 10 Мбит/сек,Алматы,,12.127
2014,мың бірлік,выше 10 Мбит/сек,Алматы,,22.461
2015,мың бірлік,выше 10 Мбит/сек,Алматы,,26.574
2016,мың бірлік,выше 10 Мбит/сек,Алматы,,26.20300000000001
2017,мың бірлік,выше 10 Мбит/сек,Алматы,,32.13
2018,мың бірлік,выше 10 Мбит/сек,Алматы,,33.5
2012,мың бірлік,выше 10 Мбит/сек,Атырау,,6.9
2013,мың бірлік,выше 10 Мбит/сек,Атырау,,11.388
2014,мың бірлік,выше 10 Мбит/сек,Атырау,,18.27
2015,мың бірлік,выше 10 Мбит/сек,Атырау,,18.767
2016,мың бірлік,выше 10 Мбит/сек,Атырау,,21.114
2017,мың бірлік,выше 10 Мбит/сек,Атырау,,22.685
2018,мың бірлік,выше 10 Мбит/сек,Атырау,,23.7
2012,мың бірлік,выше 10 Мбит/сек,Батыс Қазақстан,,2.0
2013,мың бірлік,выше 10 Мбит/сек,Батыс Қазақстан,,7.405
2014,мың бірлік,выше 10 Мбит/сек,Батыс Қазақстан,,12.217
2015,мың бірлік,выше 10 Мбит/сек,Батыс Қазақстан,,14.834000000000001
2016,мың бірлік,выше 10 Мбит/сек,Батыс Қазақстан,,15.024000000000001
2017,мың бірлік,выше 10 Мбит/сек,Батыс Қазақстан,,16.008
2018,мың бірлік,выше 10 Мбит/сек,Батыс Қазақстан,,16.0
2012,мың бірлік,выше 10 Мбит/сек,Жамбыл,,1.4
2013,мың бірлік,выше 10 Мбит/сек,Жамбыл,,9.902999999999999
2014,мың бірлік,выше 10 Мбит/сек,Жамбыл,,12.41
2015,мың бірлік,выше 10 Мбит/сек,Жамбыл,,11.981
2016,мың бірлік,выше 10 Мбит/сек,Жамбыл,,13.652000000000001
2017,мың бірлік,выше 10 Мбит/сек,Жамбыл,,15.542
2018,мың бірлік,выше 10 Мбит/сек,Жамбыл,,14.9
2012,мың бірлік,выше 10 Мбит/сек,Қарағанды,,16.4
2013,мың бірлік,выше 10 Мбит/сек,Қарағанды,,36.345
2014,мың бірлік,выше 10 Мбит/сек,Қарағанды,,55.43
2015,мың бірлік,выше 10 Мбит/сек,Қарағанды,,64.722
2016,мың бірлік,выше 10 Мбит/сек,Қарағанды,,72.999
2017,мың бірлік,выше 10 Мбит/сек,Қарағанды,,75.003
2018,мың бірлік,выше 10 Мбит/сек,Қарағанды,,68.7
2012,мың бірлік,выше 10 Мбит/сек,Қостанай,,10.9
2013,мың бірлік,выше 10 Мбит/сек,Қостанай,,5.642
2014,мың бірлік,выше 10 Мбит/сек,Қостанай,,24.066
2015,мың бірлік,выше 10 Мбит/сек,Қостанай,,37.24800000000001
2016,мың бірлік,выше 10 Мбит/сек,Қостанай,,39.016999999999996
2017,мың бірлік,выше 10 Мбит/сек,Қостанай,,36.609
2018,мың бірлік,выше 10 Мбит/сек,Қостанай,,37.9
2012,мың бірлік,выше 10 Мбит/сек,Қызылорда,,2.4
2013,мың бірлік,выше 10 Мбит/сек,Қызылорда,,5.06
2014,мың бірлік,выше 10 Мбит/сек,Қызылорда,,9.449
2015,мың бірлік,выше 10 Мбит/сек,Қызылорда,,11.171
2016,мың бірлік,выше 10 Мбит/сек,Қызылорда,,11.395999999999999
2017,мың бірлік,выше 10 Мбит/сек,Қызылорда,,11.833
2018,мың бірлік,выше 10 Мбит/сек,Қызылорда,,10.8
2012,мың бірлік,выше 10 Мбит/сек,Маңғыстау,,2.5
2013,мың бірлік,выше 10 Мбит/сек,Маңғыстау,,11.110999999999999
2014,мың бірлік,выше 10 Мбит/сек,Маңғыстау,,20.998
2015,мың бірлік,выше 10 Мбит/сек,Маңғыстау,,23.871
2016,мың бірлік,выше 10 Мбит/сек,Маңғыстау,,27.201999999999998
2017,мың бірлік,выше 10 Мбит/сек,Маңғыстау,,31.1
2018,мың бірлік,выше 10 Мбит/сек,Маңғыстау,,32.4
2012,мың бірлік,выше 10 Мбит/сек,Оңтүстік Қазақстан,,4.8
2013,мың бірлік,выше 10 Мбит/сек,Оңтүстік Қазақстан,,79.669
2014,мың бірлік,выше 10 Мбит/сек,Оңтүстік Қазақстан,,17.625999999999994
2015,мың бірлік,выше 10 Мбит/сек,Оңтүстік Қазақстан,,21.055999999999997
2016,мың бірлік,выше 10 Мбит/сек,Оңтүстік Қазақстан,,21.57800000000001
2017,мың бірлік,выше 10 Мбит/сек,Оңтүстік Қазақстан,,23.596
2012,мың бірлік,выше 10 Мбит/сек,Павлодар,,9.6
2013,мың бірлік,выше 10 Мбит/сек,Павлодар,,17.663
2014,мың бірлік,выше 10 Мбит/сек,Павлодар,,29.305
2015,мың бірлік,выше 10 Мбит/сек,Павлодар,,39.38800000000001
2016,мың бірлік,выше 10 Мбит/сек,Павлодар,,50.118
2017,мың бірлік,выше 10 Мбит/сек,Павлодар,,54.577
2018,мың бірлік,выше 10 Мбит/сек,Павлодар,,10.3
2012,мың бірлік,выше 10 Мбит/сек,Солтүстік Қазақстан,,1.3
2013,мың бірлік,выше 10 Мбит/сек,Солтүстік Қазақстан,,5.3610000000000015
2014,мың бірлік,выше 10 Мбит/сек,Солтүстік Қазақстан,,9.594
2015,мың бірлік,выше 10 Мбит/сек,Солтүстік Қазақстан,,18.792
2016,мың бірлік,выше 10 Мбит/сек,Солтүстік Қазақстан,,23.491
2017,мың бірлік,выше 10 Мбит/сек,Солтүстік Қазақстан,,29.502
2018,мың бірлік,выше 10 Мбит/сек,Солтүстік Қазақстан,,29.7
2018,мың бірлік,выше 10 Мбит/сек,Түркістан,,1.0
2012,мың бірлік,выше 10 Мбит/сек,Шығыс Қазақстан,,8.0
2013,мың бірлік,выше 10 Мбит/сек,Шығыс Қазақстан,,16.962
2014,мың бірлік,выше 10 Мбит/сек,Шығыс Қазақстан,,37.648
2015,мың бірлік,выше 10 Мбит/сек,Шығыс Қазақстан,,52.24
2016,мың бірлік,выше 10 Мбит/сек,Шығыс Қазақстан,,51.558
2017,мың бірлік,выше 10 Мбит/сек,Шығыс Қазақстан,,61.391999999999996
2018,мың бірлік,выше 10 Мбит/сек,Шығыс Қазақстан,,63.4
2012,мың бірлік,выше 10 Мбит/сек,Нұр-Сұлтан қаласы,,11.8
2013,мың бірлік,выше 10 Мбит/сек,Нұр-Сұлтан қаласы,,27.096999999999998
2014,мың бірлік,выше 10 Мбит/сек,Нұр-Сұлтан қаласы,,44.633
2015,мың бірлік,выше 10 Мбит/сек,Нұр-Сұлтан қаласы,,46.19600000000001
2016,мың бірлік,выше 10 Мбит/сек,Нұр-Сұлтан қаласы,,77.60300000000002
2017,мың бірлік,выше 10 Мбит/сек,Нұр-Сұлтан қаласы,,98.694
2018,мың бірлік,выше 10 Мбит/сек,Нұр-Сұлтан қаласы,,107.5
2012,мың бірлік,выше 10 Мбит/сек,Алматы қаласы,,243.6
2013,мың бірлік,выше 10 Мбит/сек,Алматы қаласы,,396.506
2014,мың бірлік,выше 10 Мбит/сек,Алматы қаласы,,509.48699999999997
2015,мың бірлік,выше 10 Мбит/сек,Алматы қаласы,,580.925
2016,мың бірлік,выше 10 Мбит/сек,Алматы қаласы,,728.8860000000003
2017,мың бірлік,выше 10 Мбит/сек,Алматы қаласы,,860.7230000000003
2018,мың бірлік,выше 10 Мбит/сек,Алматы қаласы,,165.4
2018,мың бірлік,выше 10 Мбит/сек,Шымкент қаласы,,23.1
