Year,Units,Скорость интернета,Регионы,GeoCode,Value
2012,тыс_единиц,,,,1607.2
2013,тыс_единиц,,,,1976.0
2014,тыс_единиц,,,,2100.9
2015,тыс_единиц,,,,2305.6
2016,тыс_единиц,,,,2352.7
2017,тыс_единиц,,,,2576.0
2018,тыс_единиц,,,,2462.9
2012,тыс_единиц,от 256 кБит/сек до менее 2 Мбит/сек,,,470.195
2013,тыс_единиц,от 256 кБит/сек до менее 2 Мбит/сек,,,294.003
2014,тыс_единиц,от 256 кБит/сек до менее 2 Мбит/сек,,,264.203
2015,тыс_единиц,от 256 кБит/сек до менее 2 Мбит/сек,,,271.616
2016,тыс_единиц,от 256 кБит/сек до менее 2 Мбит/сек,,,197.44400000000002
2017,тыс_единиц,от 256 кБит/сек до менее 2 Мбит/сек,,,71.335
2018,тыс_единиц,от 256 кБит/сек до менее 2 Мбит/сек,,,84.9
2012,тыс_единиц,от 256 кБит/сек до менее 2 Мбит/сек,Акмолинская,,19.468
2013,тыс_единиц,от 256 кБит/сек до менее 2 Мбит/сек,Акмолинская,,20.878
2014,тыс_единиц,от 256 кБит/сек до менее 2 Мбит/сек,Акмолинская,,16.415
2015,тыс_единиц,от 256 кБит/сек до менее 2 Мбит/сек,Акмолинская,,14.047
2016,тыс_единиц,от 256 кБит/сек до менее 2 Мбит/сек,Акмолинская,,4.012
2017,тыс_единиц,от 256 кБит/сек до менее 2 Мбит/сек,Акмолинская,,3.766
2018,тыс_единиц,от 256 кБит/сек до менее 2 Мбит/сек,Акмолинская,,3.8
2012,тыс_единиц,от 256 кБит/сек до менее 2 Мбит/сек,Актюбинская,,14.825999999999999
2013,тыс_единиц,от 256 кБит/сек до менее 2 Мбит/сек,Актюбинская,,15.75
2014,тыс_единиц,от 256 кБит/сек до менее 2 Мбит/сек,Актюбинская,,9.793
2015,тыс_единиц,от 256 кБит/сек до менее 2 Мбит/сек,Актюбинская,,11.46
2016,тыс_единиц,от 256 кБит/сек до менее 2 Мбит/сек,Актюбинская,,11.09
2017,тыс_единиц,от 256 кБит/сек до менее 2 Мбит/сек,Актюбинская,,3.155
2018,тыс_единиц,от 256 кБит/сек до менее 2 Мбит/сек,Актюбинская,,1.9
2012,тыс_единиц,от 256 кБит/сек до менее 2 Мбит/сек,Алматинская,,70.115
2013,тыс_единиц,от 256 кБит/сек до менее 2 Мбит/сек,Алматинская,,11.16
2014,тыс_единиц,от 256 кБит/сек до менее 2 Мбит/сек,Алматинская,,12.443
2015,тыс_единиц,от 256 кБит/сек до менее 2 Мбит/сек,Алматинская,,9.573
2016,тыс_единиц,от 256 кБит/сек до менее 2 Мбит/сек,Алматинская,,8.89
2017,тыс_единиц,от 256 кБит/сек до менее 2 Мбит/сек,Алматинская,,1.151
2018,тыс_единиц,от 256 кБит/сек до менее 2 Мбит/сек,Алматинская,,1.2
2012,тыс_единиц,от 256 кБит/сек до менее 2 Мбит/сек,Атырауская,,9.308
2013,тыс_единиц,от 256 кБит/сек до менее 2 Мбит/сек,Атырауская,,10.237
2014,тыс_единиц,от 256 кБит/сек до менее 2 Мбит/сек,Атырауская,,7.147
2015,тыс_единиц,от 256 кБит/сек до менее 2 Мбит/сек,Атырауская,,7.029
2016,тыс_единиц,от 256 кБит/сек до менее 2 Мбит/сек,Атырауская,,6.225
2017,тыс_единиц,от 256 кБит/сек до менее 2 Мбит/сек,Атырауская,,4.189
2018,тыс_единиц,от 256 кБит/сек до менее 2 Мбит/сек,Атырауская,,1.2
2012,тыс_единиц,от 256 кБит/сек до менее 2 Мбит/сек,Западно-Казахстанская,,11.562000000000001
2013,тыс_единиц,от 256 кБит/сек до менее 2 Мбит/сек,Западно-Казахстанская,,10.052999999999999
2014,тыс_единиц,от 256 кБит/сек до менее 2 Мбит/сек,Западно-Казахстанская,,10.209
2015,тыс_единиц,от 256 кБит/сек до менее 2 Мбит/сек,Западно-Казахстанская,,8.173
2016,тыс_единиц,от 256 кБит/сек до менее 2 Мбит/сек,Западно-Казахстанская,,4.268
2017,тыс_единиц,от 256 кБит/сек до менее 2 Мбит/сек,Западно-Казахстанская,,1.5530000000000002
2018,тыс_единиц,от 256 кБит/сек до менее 2 Мбит/сек,Западно-Казахстанская,,0.7
2012,тыс_единиц,от 256 кБит/сек до менее 2 Мбит/сек,Жамбылская,,14.034
2013,тыс_единиц,от 256 кБит/сек до менее 2 Мбит/сек,Жамбылская,,13.074000000000002
2014,тыс_единиц,от 256 кБит/сек до менее 2 Мбит/сек,Жамбылская,,12.887
2015,тыс_единиц,от 256 кБит/сек до менее 2 Мбит/сек,Жамбылская,,10.63
2016,тыс_единиц,от 256 кБит/сек до менее 2 Мбит/сек,Жамбылская,,3.6180000000000003
2017,тыс_единиц,от 256 кБит/сек до менее 2 Мбит/сек,Жамбылская,,0.777
2018,тыс_единиц,от 256 кБит/сек до менее 2 Мбит/сек,Жамбылская,,1.2
2012,тыс_единиц,от 256 кБит/сек до менее 2 Мбит/сек,Карагандинская,,96.1
2013,тыс_единиц,от 256 кБит/сек до менее 2 Мбит/сек,Карагандинская,,23.241
2014,тыс_единиц,от 256 кБит/сек до менее 2 Мбит/сек,Карагандинская,,15.550999999999998
2015,тыс_единиц,от 256 кБит/сек до менее 2 Мбит/сек,Карагандинская,,15.595999999999998
2016,тыс_единиц,от 256 кБит/сек до менее 2 Мбит/сек,Карагандинская,,8.232000000000001
2017,тыс_единиц,от 256 кБит/сек до менее 2 Мбит/сек,Карагандинская,,1.607
2018,тыс_единиц,от 256 кБит/сек до менее 2 Мбит/сек,Карагандинская,,5.7
2012,тыс_единиц,от 256 кБит/сек до менее 2 Мбит/сек,Костанайская,,17.007
2013,тыс_единиц,от 256 кБит/сек до менее 2 Мбит/сек,Костанайская,,15.762
2014,тыс_единиц,от 256 кБит/сек до менее 2 Мбит/сек,Костанайская,,15.607000000000001
2015,тыс_единиц,от 256 кБит/сек до менее 2 Мбит/сек,Костанайская,,19.965
2016,тыс_единиц,от 256 кБит/сек до менее 2 Мбит/сек,Костанайская,,19.779
2017,тыс_единиц,от 256 кБит/сек до менее 2 Мбит/сек,Костанайская,,5.9079999999999995
2018,тыс_единиц,от 256 кБит/сек до менее 2 Мбит/сек,Костанайская,,1.1
2012,тыс_единиц,от 256 кБит/сек до менее 2 Мбит/сек,Кызылординская,,13.462
2013,тыс_единиц,от 256 кБит/сек до менее 2 Мбит/сек,Кызылординская,,13.870999999999999
2014,тыс_единиц,от 256 кБит/сек до менее 2 Мбит/сек,Кызылординская,,11.722999999999999
2015,тыс_единиц,от 256 кБит/сек до менее 2 Мбит/сек,Кызылординская,,9.61
2016,тыс_единиц,от 256 кБит/сек до менее 2 Мбит/сек,Кызылординская,,7.845
2017,тыс_единиц,от 256 кБит/сек до менее 2 Мбит/сек,Кызылординская,,3.929
2018,тыс_единиц,от 256 кБит/сек до менее 2 Мбит/сек,Кызылординская,,3.0
2012,тыс_единиц,от 256 кБит/сек до менее 2 Мбит/сек,Мангистауская,,17.883
2013,тыс_единиц,от 256 кБит/сек до менее 2 Мбит/сек,Мангистауская,,8.111
2014,тыс_единиц,от 256 кБит/сек до менее 2 Мбит/сек,Мангистауская,,5.314
2015,тыс_единиц,от 256 кБит/сек до менее 2 Мбит/сек,Мангистауская,,3.253
2016,тыс_единиц,от 256 кБит/сек до менее 2 Мбит/сек,Мангистауская,,11.965
2017,тыс_единиц,от 256 кБит/сек до менее 2 Мбит/сек,Мангистауская,,5.782
2018,тыс_единиц,от 256 кБит/сек до менее 2 Мбит/сек,Мангистауская,,7.1
2012,тыс_единиц,от 256 кБит/сек до менее 2 Мбит/сек,Южно-Казахстанская,,31.838
2013,тыс_единиц,от 256 кБит/сек до менее 2 Мбит/сек,Южно-Казахстанская,,0.871
2014,тыс_единиц,от 256 кБит/сек до менее 2 Мбит/сек,Южно-Казахстанская,,13.182
2015,тыс_единиц,от 256 кБит/сек до менее 2 Мбит/сек,Южно-Казахстанская,,13.720999999999998
2016,тыс_единиц,от 256 кБит/сек до менее 2 Мбит/сек,Южно-Казахстанская,,7.13
2017,тыс_единиц,от 256 кБит/сек до менее 2 Мбит/сек,Южно-Казахстанская,,4.078
2012,тыс_единиц,от 256 кБит/сек до менее 2 Мбит/сек,Павлодарская,,26.77
2013,тыс_единиц,от 256 кБит/сек до менее 2 Мбит/сек,Павлодарская,,23.651999999999997
2014,тыс_единиц,от 256 кБит/сек до менее 2 Мбит/сек,Павлодарская,,15.633
2015,тыс_единиц,от 256 кБит/сек до менее 2 Мбит/сек,Павлодарская,,11.552
2016,тыс_единиц,от 256 кБит/сек до менее 2 Мбит/сек,Павлодарская,,5.0089999999999995
2017,тыс_единиц,от 256 кБит/сек до менее 2 Мбит/сек,Павлодарская,,0.885
2018,тыс_единиц,от 256 кБит/сек до менее 2 Мбит/сек,Павлодарская,,6.0
2012,тыс_единиц,от 256 кБит/сек до менее 2 Мбит/сек,Северо-Казахстанская,,26.618000000000002
2013,тыс_единиц,от 256 кБит/сек до менее 2 Мбит/сек,Северо-Казахстанская,,24.535999999999998
2014,тыс_единиц,от 256 кБит/сек до менее 2 Мбит/сек,Северо-Казахстанская,,22.419
2015,тыс_единиц,от 256 кБит/сек до менее 2 Мбит/сек,Северо-Казахстанская,,17.861
2016,тыс_единиц,от 256 кБит/сек до менее 2 Мбит/сек,Северо-Казахстанская,,17.778
2017,тыс_единиц,от 256 кБит/сек до менее 2 Мбит/сек,Северо-Казахстанская,,4.8580000000000005
2018,тыс_единиц,от 256 кБит/сек до менее 2 Мбит/сек,Северо-Казахстанская,,1.2
2018,тыс_единиц,от 256 кБит/сек до менее 2 Мбит/сек,Туркестанская,,2.5
2012,тыс_единиц,от 256 кБит/сек до менее 2 Мбит/сек,Восточно-Казахстанская,,16.867
2013,тыс_единиц,от 256 кБит/сек до менее 2 Мбит/сек,Восточно-Казахстанская,,22.430999999999997
2014,тыс_единиц,от 256 кБит/сек до менее 2 Мбит/сек,Восточно-Казахстанская,,12.795
2015,тыс_единиц,от 256 кБит/сек до менее 2 Мбит/сек,Восточно-Казахстанская,,9.195
2016,тыс_единиц,от 256 кБит/сек до менее 2 Мбит/сек,Восточно-Казахстанская,,28.482
2017,тыс_единиц,от 256 кБит/сек до менее 2 Мбит/сек,Восточно-Казахстанская,,3.033
2018,тыс_единиц,от 256 кБит/сек до менее 2 Мбит/сек,Восточно-Казахстанская,,3.4
2012,тыс_единиц,от 256 кБит/сек до менее 2 Мбит/сек,г_Нур-Султан,,21.654
2013,тыс_единиц,от 256 кБит/сек до менее 2 Мбит/сек,г_Нур-Султан,,18.035999999999998
2014,тыс_единиц,от 256 кБит/сек до менее 2 Мбит/сек,г_Нур-Султан,,40.52
2015,тыс_единиц,от 256 кБит/сек до менее 2 Мбит/сек,г_Нур-Султан,,53.187
2016,тыс_единиц,от 256 кБит/сек до менее 2 Мбит/сек,г_Нур-Султан,,23.656
2017,тыс_единиц,от 256 кБит/сек до менее 2 Мбит/сек,г_Нур-Султан,,21.684
2018,тыс_единиц,от 256 кБит/сек до менее 2 Мбит/сек,г_Нур-Султан,,41.6
2012,тыс_единиц,от 256 кБит/сек до менее 2 Мбит/сек,г_Алматы,,62.683
2013,тыс_единиц,от 256 кБит/сек до менее 2 Мбит/сек,г_Алматы,,62.34
2014,тыс_единиц,от 256 кБит/сек до менее 2 Мбит/сек,г_Алматы,,42.565
2015,тыс_единиц,от 256 кБит/сек до менее 2 Мбит/сек,г_Алматы,,56.763999999999996
2016,тыс_единиц,от 256 кБит/сек до менее 2 Мбит/сек,г_Алматы,,29.465
2017,тыс_единиц,от 256 кБит/сек до менее 2 Мбит/сек,г_Алматы,,4.98
2018,тыс_единиц,от 256 кБит/сек до менее 2 Мбит/сек,г_Алматы,,3.2
2018,тыс_единиц,от 256 кБит/сек до менее 2 Мбит/сек,г_Шымкент,,0.2
2012,тыс_единиц,от 2 Мбит/сек до менее 10 Мбит/сек,,,720.799
2013,тыс_единиц,от 2 Мбит/сек до менее 10 Мбит/сек,,,906.56
2014,тыс_единиц,от 2 Мбит/сек до менее 10 Мбит/сек,,,881.3539999999997
2015,тыс_единиц,от 2 Мбит/сек до менее 10 Мбит/сек,,,767.081
2016,тыс_единиц,от 2 Мбит/сек до менее 10 Мбит/сек,,,837.673
2017,тыс_единиц,от 2 Мбит/сек до менее 10 Мбит/сек,,,987.345
2018,тыс_единиц,от 2 Мбит/сек до менее 10 Мбит/сек,,,1602.6
2012,тыс_единиц,от 2 Мбит/сек до менее 10 Мбит/сек,Акмолинская,,34.889
2013,тыс_единиц,от 2 Мбит/сек до менее 10 Мбит/сек,Акмолинская,,41.44600000000001
2014,тыс_единиц,от 2 Мбит/сек до менее 10 Мбит/сек,Акмолинская,,52.33
2015,тыс_единиц,от 2 Мбит/сек до менее 10 Мбит/сек,Акмолинская,,54.566
2016,тыс_единиц,от 2 Мбит/сек до менее 10 Мбит/сек,Акмолинская,,68.49
2017,тыс_единиц,от 2 Мбит/сек до менее 10 Мбит/сек,Акмолинская,,73.509
2018,тыс_единиц,от 2 Мбит/сек до менее 10 Мбит/сек,Акмолинская,,75.2
2012,тыс_единиц,от 2 Мбит/сек до менее 10 Мбит/сек,Актюбинская,,38.459
2013,тыс_единиц,от 2 Мбит/сек до менее 10 Мбит/сек,Актюбинская,,40.461999999999996
2014,тыс_единиц,от 2 Мбит/сек до менее 10 Мбит/сек,Актюбинская,,45.756
2015,тыс_единиц,от 2 Мбит/сек до менее 10 Мбит/сек,Актюбинская,,40.354
2016,тыс_единиц,от 2 Мбит/сек до менее 10 Мбит/сек,Актюбинская,,42.023
2017,тыс_единиц,от 2 Мбит/сек до менее 10 Мбит/сек,Актюбинская,,49.53
2018,тыс_единиц,от 2 Мбит/сек до менее 10 Мбит/сек,Актюбинская,,50.1
2012,тыс_единиц,от 2 Мбит/сек до менее 10 Мбит/сек,Алматинская,,4.5089999999999995
2013,тыс_единиц,от 2 Мбит/сек до менее 10 Мбит/сек,Алматинская,,83.14399999999998
2014,тыс_единиц,от 2 Мбит/сек до менее 10 Мбит/сек,Алматинская,,76.887
2015,тыс_единиц,от 2 Мбит/сек до менее 10 Мбит/сек,Алматинская,,79.564
2016,тыс_единиц,от 2 Мбит/сек до менее 10 Мбит/сек,Алматинская,,104.59700000000001
2017,тыс_единиц,от 2 Мбит/сек до менее 10 Мбит/сек,Алматинская,,123.23
2018,тыс_единиц,от 2 Мбит/сек до менее 10 Мбит/сек,Алматинская,,129.1
2012,тыс_единиц,от 2 Мбит/сек до менее 10 Мбит/сек,Атырауская,,40.305
2013,тыс_единиц,от 2 Мбит/сек до менее 10 Мбит/сек,Атырауская,,45.943999999999996
2014,тыс_единиц,от 2 Мбит/сек до менее 10 Мбит/сек,Атырауская,,44.67
2015,тыс_единиц,от 2 Мбит/сек до менее 10 Мбит/сек,Атырауская,,42.468999999999994
2016,тыс_единиц,от 2 Мбит/сек до менее 10 Мбит/сек,Атырауская,,44.698
2017,тыс_единиц,от 2 Мбит/сек до менее 10 Мбит/сек,Атырауская,,49.006
2018,тыс_единиц,от 2 Мбит/сек до менее 10 Мбит/сек,Атырауская,,53.4
2012,тыс_единиц,от 2 Мбит/сек до менее 10 Мбит/сек,Западно-Казахстанская,,26.38
2013,тыс_единиц,от 2 Мбит/сек до менее 10 Мбит/сек,Западно-Казахстанская,,25.82
2014,тыс_единиц,от 2 Мбит/сек до менее 10 Мбит/сек,Западно-Казахстанская,,21.539
2015,тыс_единиц,от 2 Мбит/сек до менее 10 Мбит/сек,Западно-Казахстанская,,18.886
2016,тыс_единиц,от 2 Мбит/сек до менее 10 Мбит/сек,Западно-Казахстанская,,22.555999999999997
2017,тыс_единиц,от 2 Мбит/сек до менее 10 Мбит/сек,Западно-Казахстанская,,26.275
2018,тыс_единиц,от 2 Мбит/сек до менее 10 Мбит/сек,Западно-Казахстанская,,26.9
2012,тыс_единиц,от 2 Мбит/сек до менее 10 Мбит/сек,Жамбылская,,24.340999999999998
2013,тыс_единиц,от 2 Мбит/сек до менее 10 Мбит/сек,Жамбылская,,31.026999999999997
2014,тыс_единиц,от 2 Мбит/сек до менее 10 Мбит/сек,Жамбылская,,30.144000000000002
2015,тыс_единиц,от 2 Мбит/сек до менее 10 Мбит/сек,Жамбылская,,26.91800000000001
2016,тыс_единиц,от 2 Мбит/сек до менее 10 Мбит/сек,Жамбылская,,37.131
2017,тыс_единиц,от 2 Мбит/сек до менее 10 Мбит/сек,Жамбылская,,41.705
2018,тыс_единиц,от 2 Мбит/сек до менее 10 Мбит/сек,Жамбылская,,45.4
2012,тыс_единиц,от 2 Мбит/сек до менее 10 Мбит/сек,Карагандинская,,26.67
2013,тыс_единиц,от 2 Мбит/сек до менее 10 Мбит/сек,Карагандинская,,101.539
2014,тыс_единиц,от 2 Мбит/сек до менее 10 Мбит/сек,Карагандинская,,86.92299999999999
2015,тыс_единиц,от 2 Мбит/сек до менее 10 Мбит/сек,Карагандинская,,71.503
2016,тыс_единиц,от 2 Мбит/сек до менее 10 Мбит/сек,Карагандинская,,74.639
2017,тыс_единиц,от 2 Мбит/сек до менее 10 Мбит/сек,Карагандинская,,83.6
2018,тыс_единиц,от 2 Мбит/сек до менее 10 Мбит/сек,Карагандинская,,81.1
2012,тыс_единиц,от 2 Мбит/сек до менее 10 Мбит/сек,Костанайская,,51.258
2013,тыс_единиц,от 2 Мбит/сек до менее 10 Мбит/сек,Костанайская,,79.25
2014,тыс_единиц,от 2 Мбит/сек до менее 10 Мбит/сек,Костанайская,,64.502
2015,тыс_единиц,от 2 Мбит/сек до менее 10 Мбит/сек,Костанайская,,45.71100000000001
2016,тыс_единиц,от 2 Мбит/сек до менее 10 Мбит/сек,Костанайская,,45.978
2017,тыс_единиц,от 2 Мбит/сек до менее 10 Мбит/сек,Костанайская,,66.35
2018,тыс_единиц,от 2 Мбит/сек до менее 10 Мбит/сек,Костанайская,,70.0
2012,тыс_единиц,от 2 Мбит/сек до менее 10 Мбит/сек,Кызылординская,,15.625
2013,тыс_единиц,от 2 Мбит/сек до менее 10 Мбит/сек,Кызылординская,,21.660999999999998
2014,тыс_единиц,от 2 Мбит/сек до менее 10 Мбит/сек,Кызылординская,,20.869
2015,тыс_единиц,от 2 Мбит/сек до менее 10 Мбит/сек,Кызылординская,,19.32
2016,тыс_единиц,от 2 Мбит/сек до менее 10 Мбит/сек,Кызылординская,,24.836
2017,тыс_единиц,от 2 Мбит/сек до менее 10 Мбит/сек,Кызылординская,,33.868
2018,тыс_единиц,от 2 Мбит/сек до менее 10 Мбит/сек,Кызылординская,,38.3
2012,тыс_единиц,от 2 Мбит/сек до менее 10 Мбит/сек,Мангистауская,,18.07
2013,тыс_единиц,от 2 Мбит/сек до менее 10 Мбит/сек,Мангистауская,,29.901
2014,тыс_единиц,от 2 Мбит/сек до менее 10 Мбит/сек,Мангистауская,,26.836
2015,тыс_единиц,от 2 Мбит/сек до менее 10 Мбит/сек,Мангистауская,,27.482
2016,тыс_единиц,от 2 Мбит/сек до менее 10 Мбит/сек,Мангистауская,,21.511
2017,тыс_единиц,от 2 Мбит/сек до менее 10 Мбит/сек,Мангистауская,,31.381999999999998
2018,тыс_единиц,от 2 Мбит/сек до менее 10 Мбит/сек,Мангистауская,,32.5
2012,тыс_единиц,от 2 Мбит/сек до менее 10 Мбит/сек,Южно-Казахстанская,,24.886999999999997
2013,тыс_единиц,от 2 Мбит/сек до менее 10 Мбит/сек,Южно-Казахстанская,,0.986
2014,тыс_единиц,от 2 Мбит/сек до менее 10 Мбит/сек,Южно-Казахстанская,,47.927
2015,тыс_единиц,от 2 Мбит/сек до менее 10 Мбит/сек,Южно-Казахстанская,,42.793
2016,тыс_единиц,от 2 Мбит/сек до менее 10 Мбит/сек,Южно-Казахстанская,,60.038999999999994
2017,тыс_единиц,от 2 Мбит/сек до менее 10 Мбит/сек,Южно-Казахстанская,,71.542
2012,тыс_единиц,от 2 Мбит/сек до менее 10 Мбит/сек,Павлодарская,,45.06399999999999
2013,тыс_единиц,от 2 Мбит/сек до менее 10 Мбит/сек,Павлодарская,,50.015
2014,тыс_единиц,от 2 Мбит/сек до менее 10 Мбит/сек,Павлодарская,,49.849
2015,тыс_единиц,от 2 Мбит/сек до менее 10 Мбит/сек,Павлодарская,,44.248999999999995
2016,тыс_единиц,от 2 Мбит/сек до менее 10 Мбит/сек,Павлодарская,,44.144
2017,тыс_единиц,от 2 Мбит/сек до менее 10 Мбит/сек,Павлодарская,,48.563
2018,тыс_единиц,от 2 Мбит/сек до менее 10 Мбит/сек,Павлодарская,,86.3
2012,тыс_единиц,от 2 Мбит/сек до менее 10 Мбит/сек,Северо-Казахстанская,,27.405
2013,тыс_единиц,от 2 Мбит/сек до менее 10 Мбит/сек,Северо-Казахстанская,,33.82
2014,тыс_единиц,от 2 Мбит/сек до менее 10 Мбит/сек,Северо-Казахстанская,,37.548
2015,тыс_единиц,от 2 Мбит/сек до менее 10 Мбит/сек,Северо-Казахстанская,,37.91
2016,тыс_единиц,от 2 Мбит/сек до менее 10 Мбит/сек,Северо-Казахстанская,,39.694
2017,тыс_единиц,от 2 Мбит/сек до менее 10 Мбит/сек,Северо-Казахстанская,,51.51600000000001
2018,тыс_единиц,от 2 Мбит/сек до менее 10 Мбит/сек,Северо-Казахстанская,,55.8
2018,тыс_единиц,от 2 Мбит/сек до менее 10 Мбит/сек,Туркестанская,,50.1
2012,тыс_единиц,от 2 Мбит/сек до менее 10 Мбит/сек,Восточно-Казахстанская,,71.755
2013,тыс_единиц,от 2 Мбит/сек до менее 10 Мбит/сек,Восточно-Казахстанская,,66.389
2014,тыс_единиц,от 2 Мбит/сек до менее 10 Мбит/сек,Восточно-Казахстанская,,65.182
2015,тыс_единиц,от 2 Мбит/сек до менее 10 Мбит/сек,Восточно-Казахстанская,,58.898
2016,тыс_единиц,от 2 Мбит/сек до менее 10 Мбит/сек,Восточно-Казахстанская,,53.027
2017,тыс_единиц,от 2 Мбит/сек до менее 10 Мбит/сек,Восточно-Казахстанская,,77.738
2018,тыс_единиц,от 2 Мбит/сек до менее 10 Мбит/сек,Восточно-Казахстанская,,84.8
2012,тыс_единиц,от 2 Мбит/сек до менее 10 Мбит/сек,г_Нур-Султан,,75.249
2013,тыс_единиц,от 2 Мбит/сек до менее 10 Мбит/сек,г_Нур-Султан,,78.957
2014,тыс_единиц,от 2 Мбит/сек до менее 10 Мбит/сек,г_Нур-Султан,,44.63399999999999
2015,тыс_единиц,от 2 Мбит/сек до менее 10 Мбит/сек,г_Нур-Султан,,44.251999999999995
2016,тыс_единиц,от 2 Мбит/сек до менее 10 Мбит/сек,г_Нур-Султан,,58.45399999999999
2017,тыс_единиц,от 2 Мбит/сек до менее 10 Мбит/сек,г_Нур-Султан,,50.018
2018,тыс_единиц,от 2 Мбит/сек до менее 10 Мбит/сек,г_Нур-Султан,,565.4
2012,тыс_единиц,от 2 Мбит/сек до менее 10 Мбит/сек,г_Алматы,,195.933
2013,тыс_единиц,от 2 Мбит/сек до менее 10 Мбит/сек,г_Алматы,,176.199
2014,тыс_единиц,от 2 Мбит/сек до менее 10 Мбит/сек,г_Алматы,,165.75799999999995
2015,тыс_единиц,от 2 Мбит/сек до менее 10 Мбит/сек,г_Алматы,,112.206
2016,тыс_единиц,от 2 Мбит/сек до менее 10 Мбит/сек,г_Алматы,,95.85600000000001
2017,тыс_единиц,от 2 Мбит/сек до менее 10 Мбит/сек,г_Алматы,,109.51299999999999
2018,тыс_единиц,от 2 Мбит/сек до менее 10 Мбит/сек,г_Алматы,,131.1
2018,тыс_единиц,от 2 Мбит/сек до менее 10 Мбит/сек,г_Шымкент,,27.1
2012,тыс_единиц,выше 10 Мбит/сек,,,335.6
2013,тыс_единиц,выше 10 Мбит/сек,,,663.34
2014,тыс_единиц,выше 10 Мбит/сек,,,857.038
2015,тыс_единиц,выше 10 Мбит/сек,,,1010.56
2016,тыс_единиц,выше 10 Мбит/сек,,,1226.9080000000001
2017,тыс_единиц,выше 10 Мбит/сек,,,1424.394
2018,тыс_единиц,выше 10 Мбит/сек,,,696.5
2012,тыс_единиц,выше 10 Мбит/сек,Акмолинская,,6.3
2013,тыс_единиц,выше 10 Мбит/сек,Акмолинская,,11.581
2014,тыс_единиц,выше 10 Мбит/сек,Акмолинская,,16.756
2015,тыс_единиц,выше 10 Мбит/сек,Акмолинская,,22.259
2016,тыс_единиц,выше 10 Мбит/сек,Акмолинская,,24.701999999999998
2017,тыс_единиц,выше 10 Мбит/сек,Акмолинская,,26.581
2018,тыс_единиц,выше 10 Мбит/сек,Акмолинская,,28.4
2012,тыс_единиц,выше 10 Мбит/сек,Актюбинская,,2.1
2013,тыс_единиц,выше 10 Мбит/сек,Актюбинская,,9.49
2014,тыс_единиц,выше 10 Мбит/сек,Актюбинская,,16.688
2015,тыс_единиц,выше 10 Мбит/сек,Актюбинская,,20.535999999999998
2016,тыс_единиц,выше 10 Мбит/сек,Актюбинская,,22.365
2017,тыс_единиц,выше 10 Мбит/сек,Актюбинская,,28.419
2018,тыс_единиц,выше 10 Мбит/сек,Актюбинская,,29.8
2012,тыс_единиц,выше 10 Мбит/сек,Алматинская,,5.6
2013,тыс_единиц,выше 10 Мбит/сек,Алматинская,,12.127
2014,тыс_единиц,выше 10 Мбит/сек,Алматинская,,22.461
2015,тыс_единиц,выше 10 Мбит/сек,Алматинская,,26.574
2016,тыс_единиц,выше 10 Мбит/сек,Алматинская,,26.20300000000001
2017,тыс_единиц,выше 10 Мбит/сек,Алматинская,,32.13
2018,тыс_единиц,выше 10 Мбит/сек,Алматинская,,33.5
2012,тыс_единиц,выше 10 Мбит/сек,Атырауская,,6.9
2013,тыс_единиц,выше 10 Мбит/сек,Атырауская,,11.388
2014,тыс_единиц,выше 10 Мбит/сек,Атырауская,,18.27
2015,тыс_единиц,выше 10 Мбит/сек,Атырауская,,18.767
2016,тыс_единиц,выше 10 Мбит/сек,Атырауская,,21.114
2017,тыс_единиц,выше 10 Мбит/сек,Атырауская,,22.685
2018,тыс_единиц,выше 10 Мбит/сек,Атырауская,,23.7
2012,тыс_единиц,выше 10 Мбит/сек,Западно-Казахстанская,,2.0
2013,тыс_единиц,выше 10 Мбит/сек,Западно-Казахстанская,,7.405
2014,тыс_единиц,выше 10 Мбит/сек,Западно-Казахстанская,,12.217
2015,тыс_единиц,выше 10 Мбит/сек,Западно-Казахстанская,,14.834000000000001
2016,тыс_единиц,выше 10 Мбит/сек,Западно-Казахстанская,,15.024000000000001
2017,тыс_единиц,выше 10 Мбит/сек,Западно-Казахстанская,,16.008
2018,тыс_единиц,выше 10 Мбит/сек,Западно-Казахстанская,,16.0
2012,тыс_единиц,выше 10 Мбит/сек,Жамбылская,,1.4
2013,тыс_единиц,выше 10 Мбит/сек,Жамбылская,,9.902999999999999
2014,тыс_единиц,выше 10 Мбит/сек,Жамбылская,,12.41
2015,тыс_единиц,выше 10 Мбит/сек,Жамбылская,,11.981
2016,тыс_единиц,выше 10 Мбит/сек,Жамбылская,,13.652000000000001
2017,тыс_единиц,выше 10 Мбит/сек,Жамбылская,,15.542
2018,тыс_единиц,выше 10 Мбит/сек,Жамбылская,,14.9
2012,тыс_единиц,выше 10 Мбит/сек,Карагандинская,,16.4
2013,тыс_единиц,выше 10 Мбит/сек,Карагандинская,,36.345
2014,тыс_единиц,выше 10 Мбит/сек,Карагандинская,,55.43
2015,тыс_единиц,выше 10 Мбит/сек,Карагандинская,,64.722
2016,тыс_единиц,выше 10 Мбит/сек,Карагандинская,,72.999
2017,тыс_единиц,выше 10 Мбит/сек,Карагандинская,,75.003
2018,тыс_единиц,выше 10 Мбит/сек,Карагандинская,,68.7
2012,тыс_единиц,выше 10 Мбит/сек,Костанайская,,10.9
2013,тыс_единиц,выше 10 Мбит/сек,Костанайская,,5.642
2014,тыс_единиц,выше 10 Мбит/сек,Костанайская,,24.066
2015,тыс_единиц,выше 10 Мбит/сек,Костанайская,,37.24800000000001
2016,тыс_единиц,выше 10 Мбит/сек,Костанайская,,39.016999999999996
2017,тыс_единиц,выше 10 Мбит/сек,Костанайская,,36.609
2018,тыс_единиц,выше 10 Мбит/сек,Костанайская,,37.9
2012,тыс_единиц,выше 10 Мбит/сек,Кызылординская,,2.4
2013,тыс_единиц,выше 10 Мбит/сек,Кызылординская,,5.06
2014,тыс_единиц,выше 10 Мбит/сек,Кызылординская,,9.449
2015,тыс_единиц,выше 10 Мбит/сек,Кызылординская,,11.171
2016,тыс_единиц,выше 10 Мбит/сек,Кызылординская,,11.395999999999999
2017,тыс_единиц,выше 10 Мбит/сек,Кызылординская,,11.833
2018,тыс_единиц,выше 10 Мбит/сек,Кызылординская,,10.8
2012,тыс_единиц,выше 10 Мбит/сек,Мангистауская,,2.5
2013,тыс_единиц,выше 10 Мбит/сек,Мангистауская,,11.110999999999999
2014,тыс_единиц,выше 10 Мбит/сек,Мангистауская,,20.998
2015,тыс_единиц,выше 10 Мбит/сек,Мангистауская,,23.871
2016,тыс_единиц,выше 10 Мбит/сек,Мангистауская,,27.201999999999998
2017,тыс_единиц,выше 10 Мбит/сек,Мангистауская,,31.1
2018,тыс_единиц,выше 10 Мбит/сек,Мангистауская,,32.4
2012,тыс_единиц,выше 10 Мбит/сек,Южно-Казахстанская,,4.8
2013,тыс_единиц,выше 10 Мбит/сек,Южно-Казахстанская,,79.669
2014,тыс_единиц,выше 10 Мбит/сек,Южно-Казахстанская,,17.625999999999994
2015,тыс_единиц,выше 10 Мбит/сек,Южно-Казахстанская,,21.055999999999997
2016,тыс_единиц,выше 10 Мбит/сек,Южно-Казахстанская,,21.57800000000001
2017,тыс_единиц,выше 10 Мбит/сек,Южно-Казахстанская,,23.596
2012,тыс_единиц,выше 10 Мбит/сек,Павлодарская,,9.6
2013,тыс_единиц,выше 10 Мбит/сек,Павлодарская,,17.663
2014,тыс_единиц,выше 10 Мбит/сек,Павлодарская,,29.305
2015,тыс_единиц,выше 10 Мбит/сек,Павлодарская,,39.38800000000001
2016,тыс_единиц,выше 10 Мбит/сек,Павлодарская,,50.118
2017,тыс_единиц,выше 10 Мбит/сек,Павлодарская,,54.577
2018,тыс_единиц,выше 10 Мбит/сек,Павлодарская,,10.3
2012,тыс_единиц,выше 10 Мбит/сек,Северо-Казахстанская,,1.3
2013,тыс_единиц,выше 10 Мбит/сек,Северо-Казахстанская,,5.3610000000000015
2014,тыс_единиц,выше 10 Мбит/сек,Северо-Казахстанская,,9.594
2015,тыс_единиц,выше 10 Мбит/сек,Северо-Казахстанская,,18.792
2016,тыс_единиц,выше 10 Мбит/сек,Северо-Казахстанская,,23.491
2017,тыс_единиц,выше 10 Мбит/сек,Северо-Казахстанская,,29.502
2018,тыс_единиц,выше 10 Мбит/сек,Северо-Казахстанская,,29.7
2018,тыс_единиц,выше 10 Мбит/сек,Туркестанская,,1.0
2012,тыс_единиц,выше 10 Мбит/сек,Восточно-Казахстанская,,8.0
2013,тыс_единиц,выше 10 Мбит/сек,Восточно-Казахстанская,,16.962
2014,тыс_единиц,выше 10 Мбит/сек,Восточно-Казахстанская,,37.648
2015,тыс_единиц,выше 10 Мбит/сек,Восточно-Казахстанская,,52.24
2016,тыс_единиц,выше 10 Мбит/сек,Восточно-Казахстанская,,51.558
2017,тыс_единиц,выше 10 Мбит/сек,Восточно-Казахстанская,,61.391999999999996
2018,тыс_единиц,выше 10 Мбит/сек,Восточно-Казахстанская,,63.4
2012,тыс_единиц,выше 10 Мбит/сек,г_Нур-Султан,,11.8
2013,тыс_единиц,выше 10 Мбит/сек,г_Нур-Султан,,27.096999999999998
2014,тыс_единиц,выше 10 Мбит/сек,г_Нур-Султан,,44.633
2015,тыс_единиц,выше 10 Мбит/сек,г_Нур-Султан,,46.19600000000001
2016,тыс_единиц,выше 10 Мбит/сек,г_Нур-Султан,,77.60300000000002
2017,тыс_единиц,выше 10 Мбит/сек,г_Нур-Султан,,98.694
2018,тыс_единиц,выше 10 Мбит/сек,г_Нур-Султан,,107.5
2012,тыс_единиц,выше 10 Мбит/сек,г_Алматы,,243.6
2013,тыс_единиц,выше 10 Мбит/сек,г_Алматы,,396.506
2014,тыс_единиц,выше 10 Мбит/сек,г_Алматы,,509.48699999999997
2015,тыс_единиц,выше 10 Мбит/сек,г_Алматы,,580.925
2016,тыс_единиц,выше 10 Мбит/сек,г_Алматы,,728.8860000000003
2017,тыс_единиц,выше 10 Мбит/сек,г_Алматы,,860.7230000000003
2018,тыс_единиц,выше 10 Мбит/сек,г_Алматы,,165.4
2018,тыс_единиц,выше 10 Мбит/сек,г_Шымкент,,23.1
