Year,Units,Аймақ,Жынысы,Өңірлер,GeoCode,Value
2011,пайыз,,,,,50.6
2012,пайыз,,,,,61.90662401932264
2013,пайыз,,,,,63.3
2014,пайыз,,,,,63.9
2015,пайыз,,,,,72.8660129673921
2016,пайыз,,,,,76.8
2017,пайыз,,,,,78.8
2018,пайыз,,,,,81.3
2011,пайыз,городское население,,,,60.4
2012,пайыз,городское население,,,,73.9
2013,пайыз,городское население,,,,73.2
2014,пайыз,городское население,,,,72.6
2015,пайыз,городское население,,,,76.4
2016,пайыз,городское население,,,,81.3
2017,пайыз,городское население,,,,82.5
2018,пайыз,городское население,,,,84.1
2011,пайыз,сельское население,,,,38.6
2012,пайыз,сельское население,,,,47.2
2013,пайыз,сельское население,,,,51.2
2014,пайыз,сельское население,,,,52.7
2015,пайыз,сельское население,,,,68.3
2016,пайыз,сельское население,,,,70.9
2017,пайыз,сельское население,,,,73.9
2018,пайыз,сельское население,,,,77.5
2015,пайыз,,ерлер,,,73.0
2016,пайыз,,ерлер,,,77.5
2017,пайыз,,ерлер,,,79.0
2018,пайыз,,ерлер,,,81.6
2015,пайыз,,әйелдер,,,72.7
2016,пайыз,,әйелдер,,,76.2
2017,пайыз,,әйелдер,,,78.7
2018,пайыз,,әйелдер,,,81.1
2011,пайыз,,,Ақмола,KZ03,53.036663061968966
2012,пайыз,,,Ақмола,KZ03,70.25494713852554
2013,пайыз,,,Ақмола,KZ03,71.3
2014,пайыз,,,Ақмола,KZ03,72.0
2015,пайыз,,,Ақмола,KZ03,60.87720508246625
2016,пайыз,,,Ақмола,KZ03,70.0
2017,пайыз,,,Ақмола,KZ03,70.8
2018,пайыз,,,Ақмола,KZ03,73.8
2011,пайыз,,,Ақтөбе,KZ04,58.92850532674924
2012,пайыз,,,Ақтөбе,KZ04,72.90223910400472
2013,пайыз,,,Ақтөбе,KZ04,73.3
2014,пайыз,,,Ақтөбе,KZ04,73.0
2015,пайыз,,,Ақтөбе,KZ04,66.44451330706717
2016,пайыз,,,Ақтөбе,KZ04,77.7
2017,пайыз,,,Ақтөбе,KZ04,80.8
2018,пайыз,,,Ақтөбе,KZ04,81.1
2011,пайыз,,,Алматы,KZ01,47.62188460809092
2012,пайыз,,,Алматы,KZ01,51.84361247256735
2013,пайыз,,,Алматы,KZ01,52.4
2014,пайыз,,,Алматы,KZ01,54.5
2015,пайыз,,,Алматы,KZ01,81.16569074759364
2016,пайыз,,,Алматы,KZ01,81.4
2017,пайыз,,,Алматы,KZ01,84.5
2018,пайыз,,,Алматы,KZ01,85.3
2011,пайыз,,,Атырау,KZ06,62.420373125888396
2012,пайыз,,,Атырау,KZ06,73.68455305533746
2013,пайыз,,,Атырау,KZ06,74.0
2014,пайыз,,,Атырау,KZ06,74.3
2015,пайыз,,,Атырау,KZ06,67.18603978001076
2016,пайыз,,,Атырау,KZ06,72.9
2017,пайыз,,,Атырау,KZ06,75.1
2018,пайыз,,,Атырау,KZ06,78.1
2011,пайыз,,,Батыс Қазақстан,KZ07,59.9
2012,пайыз,,,Батыс Қазақстан,KZ07,66.55557347937993
2013,пайыз,,,Батыс Қазақстан,KZ07,67.2
2014,пайыз,,,Батыс Қазақстан,KZ07,66.3
2015,пайыз,,,Батыс Қазақстан,KZ07,88.96409263894445
2016,пайыз,,,Батыс Қазақстан,KZ07,67.4
2017,пайыз,,,Батыс Қазақстан,KZ07,72.7
2018,пайыз,,,Батыс Қазақстан,KZ07,76.9
2011,пайыз,,,Жамбыл,KZ17,33.94220855041687
2012,пайыз,,,Жамбыл,KZ17,52.8268353917201
2013,пайыз,,,Жамбыл,KZ17,53.9
2014,пайыз,,,Жамбыл,KZ17,54.4
2015,пайыз,,,Жамбыл,KZ17,61.635410331848576
2016,пайыз,,,Жамбыл,KZ17,68.7
2017,пайыз,,,Жамбыл,KZ17,70.1
2018,пайыз,,,Жамбыл,KZ17,80.9
2011,пайыз,,,Қарағанды,KZ12,56.25476449021433
2012,пайыз,,,Қарағанды,KZ12,64.93976060118634
2013,пайыз,,,Қарағанды,KZ12,65.1
2014,пайыз,,,Қарағанды,KZ12,66.0
2015,пайыз,,,Қарағанды,KZ12,68.57217287058481
2016,пайыз,,,Қарағанды,KZ12,72.5
2017,пайыз,,,Қарағанды,KZ12,72.8
2018,пайыз,,,Қарағанды,KZ12,73.9
2011,пайыз,,,Қостанай,KZ13,48.972944266347376
2012,пайыз,,,Қостанай,KZ13,75.62765366457826
2013,пайыз,,,Қостанай,KZ13,76.5
2014,пайыз,,,Қостанай,KZ13,77.0
2015,пайыз,,,Қостанай,KZ13,76.95433833512575
2016,пайыз,,,Қостанай,KZ13,83.7
2017,пайыз,,,Қостанай,KZ13,85.5
2018,пайыз,,,Қостанай,KZ13,85.7
2011,пайыз,,,Қызылорда,KZ14,36.28273873157986
2012,пайыз,,,Қызылорда,KZ14,62.55566923996232
2013,пайыз,,,Қызылорда,KZ14,67.0
2014,пайыз,,,Қызылорда,KZ14,67.2
2015,пайыз,,,Қызылорда,KZ14,70.15136835083149
2016,пайыз,,,Қызылорда,KZ14,76.7
2017,пайыз,,,Қызылорда,KZ14,76.2
2018,пайыз,,,Қызылорда,KZ14,77.7
2011,пайыз,,,Маңғыстау,KZ09,50.73488145241394
2012,пайыз,,,Маңғыстау,KZ09,55.18785900474189
2013,пайыз,,,Маңғыстау,KZ09,70.0
2014,пайыз,,,Маңғыстау,KZ09,70.3
2015,пайыз,,,Маңғыстау,KZ09,66.28088901165027
2016,пайыз,,,Маңғыстау,KZ09,72.5
2017,пайыз,,,Маңғыстау,KZ09,72.6
2018,пайыз,,,Маңғыстау,KZ09,78.9
2011,пайыз,,,Оңтүстік Қазақстан,KZ10,44.016889139928246
2012,пайыз,,,Оңтүстік Қазақстан,KZ10,48.49678736871316
2013,пайыз,,,Оңтүстік Қазақстан,KZ10,48.7
2014,пайыз,,,Оңтүстік Қазақстан,KZ10,48.6
2015,пайыз,,,Оңтүстік Қазақстан,KZ10,68.3891287407668
2016,пайыз,,,Оңтүстік Қазақстан,KZ10,75.4
2017,пайыз,,,Оңтүстік Қазақстан,KZ10,79.0
2011,пайыз,,,Павлодар,KZ11,60.81099609136435
2012,пайыз,,,Павлодар,KZ11,65.24373555488418
2013,пайыз,,,Павлодар,KZ11,68.6
2014,пайыз,,,Павлодар,KZ11,69.3
2015,пайыз,,,Павлодар,KZ11,81.15185175517124
2016,пайыз,,,Павлодар,KZ11,80.3
2017,пайыз,,,Павлодар,KZ11,82.1
2018,пайыз,,,Павлодар,KZ11,83.3
2011,пайыз,,,Солтүстік Қазақстан,KZ16,50.7838705654966
2012,пайыз,,,Солтүстік Қазақстан,KZ16,70.4463904313552
2013,пайыз,,,Солтүстік Қазақстан,KZ16,70.6
2014,пайыз,,,Солтүстік Қазақстан,KZ16,70.3
2015,пайыз,,,Солтүстік Қазақстан,KZ16,67.76427730694405
2016,пайыз,,,Солтүстік Қазақстан,KZ16,74.8
2017,пайыз,,,Солтүстік Қазақстан,KZ16,75.7
2018,пайыз,,,Солтүстік Қазақстан,KZ16,77.0
2018,пайыз,,,Түркістан,KZ10,84.8
2011,пайыз,,,Шығыс Қазақстан,KZ15,44.875610801261054
2012,пайыз,,,Шығыс Қазақстан,KZ15,66.38400412010571
2013,пайыз,,,Шығыс Қазақстан,KZ15,67.0
2014,пайыз,,,Шығыс Қазақстан,KZ15,67.1
2015,пайыз,,,Шығыс Қазақстан,KZ15,68.09526354822975
2016,пайыз,,,Шығыс Қазақстан,KZ15,74.5
2017,пайыз,,,Шығыс Қазақстан,KZ15,77.4
2018,пайыз,,,Шығыс Қазақстан,KZ15,79.2
2011,пайыз,,,Нұр-Сұлтан қаласы,KZ05,54.31346978541938
2012,пайыз,,,Нұр-Сұлтан қаласы,KZ05,64.3023319712125
2013,пайыз,,,Нұр-Сұлтан қаласы,KZ05,64.5
2014,пайыз,,,Нұр-Сұлтан қаласы,KZ05,66.2
2015,пайыз,,,Нұр-Сұлтан қаласы,KZ05,86.85082232392773
2016,пайыз,,,Нұр-Сұлтан қаласы,KZ05,85.3
2017,пайыз,,,Нұр-Сұлтан қаласы,KZ05,88.0
2018,пайыз,,,Нұр-Сұлтан қаласы,KZ05,88.1
2011,пайыз,,,Алматы қаласы,KZ02,63.68335723514677
2012,пайыз,,,Алматы қаласы,KZ02,68.24678063201104
2013,пайыз,,,Алматы қаласы,KZ02,71.0
2014,пайыз,,,Алматы қаласы,KZ02,71.0
2015,пайыз,,,Алматы қаласы,KZ02,81.91506991196272
2016,пайыз,,,Алматы қаласы,KZ02,84.3
2017,пайыз,,,Алматы қаласы,KZ02,84.1
2018,пайыз,,,Алматы қаласы,KZ02,84.3
2018,пайыз,,,Шымкент қаласы,KZ18,80.0
