Year,Units,Ауытқу дәрежесі,Отношение роста к возрасту-средний Z-показатель (SD-стандартное отклонение),Жынысы,Аймақ,Өңірлер,Жасы,ана білімі,Квинтильді әл-ауқат индексі,үй шаруашылық басшысының ұлты,Value
2010,пайыз,қалыпты және қатал ауытқушылық,,,,,,,,,13.1
2015,пайыз,қалыпты және қатал ауытқушылық,,,,,,,,,8.0
2010,пайыз,нормадан күшті ауытқу,,,,,,,,,5.5
2015,пайыз,нормадан күшті ауытқу,,,,,,,,,2.4
2010,пайыз,,Отношение роста к возрасту-средний Z-показатель (SD-стандартное отклонение),всего,,,,,,,13.1
2015,пайыз,,Отношение роста к возрасту-средний Z-показатель (SD-стандартное отклонение),всего,,,,,,,8.0
2010,пайыз,,Отношение роста к возрасту-средний Z-показатель (SD-стандартное отклонение),ерлер,,,,,,,13.2
2015,пайыз,,Отношение роста к возрасту-средний Z-показатель (SD-стандартное отклонение),ерлер,,,,,,,7.7
2010,пайыз,,Отношение роста к возрасту-средний Z-показатель (SD-стандартное отклонение),әйелдер,,,,,,,13.0
2015,пайыз,,Отношение роста к возрасту-средний Z-показатель (SD-стандартное отклонение),әйелдер,,,,,,,8.3
2010,пайыз,,Отношение роста к возрасту-средний Z-показатель (SD-стандартное отклонение),,городское население,,,,,,12.8
2015,пайыз,,Отношение роста к возрасту-средний Z-показатель (SD-стандартное отклонение),,городское население,,,,,,7.2
2010,пайыз,,Отношение роста к возрасту-средний Z-показатель (SD-стандартное отклонение),,сельское население,,,,,,13.4
2015,пайыз,,Отношение роста к возрасту-средний Z-показатель (SD-стандартное отклонение),,сельское население,,,,,,8.9
2010,пайыз,,Отношение роста к возрасту-средний Z-показатель (SD-стандартное отклонение),,,,0-5 месяцев,,,,10.7
2015,пайыз,,Отношение роста к возрасту-средний Z-показатель (SD-стандартное отклонение),,,,0-5 месяцев,,,,5.0
2010,пайыз,,Отношение роста к возрасту-средний Z-показатель (SD-стандартное отклонение),,,,6-11 месяцев,,,,13.8
2015,пайыз,,Отношение роста к возрасту-средний Z-показатель (SD-стандартное отклонение),,,,6-11 месяцев,,,,5.8
2015,пайыз,,Отношение роста к возрасту-средний Z-показатель (SD-стандартное отклонение),,,,12-17 месяцев,,,,6.8
2015,пайыз,,Отношение роста к возрасту-средний Z-показатель (SD-стандартное отклонение),,,,18-23 месяцев,,,,11.0
2010,пайыз,,Отношение роста к возрасту-средний Z-показатель (SD-стандартное отклонение),,,,12-23 месяцев,,,,18.6
2010,пайыз,,Отношение роста к возрасту-средний Z-показатель (SD-стандартное отклонение),,,,24-35 месяцев,,,,14.4
2015,пайыз,,Отношение роста к возрасту-средний Z-показатель (SD-стандартное отклонение),,,,24-35 месяцев,,,,11.5
2010,пайыз,,Отношение роста к возрасту-средний Z-показатель (SD-стандартное отклонение),,,,36-47 ай,,,,11.6
2015,пайыз,,Отношение роста к возрасту-средний Z-показатель (SD-стандартное отклонение),,,,36-47 ай,,,,8.4
2010,пайыз,,Отношение роста к возрасту-средний Z-показатель (SD-стандартное отклонение),,,,48-59 ай,,,,8.1
2015,пайыз,,Отношение роста к возрасту-средний Z-показатель (SD-стандартное отклонение),,,,48-59 ай,,,,6.0
2010,пайыз,,Отношение роста к возрасту-средний Z-показатель (SD-стандартное отклонение),,,Ақмола,,,,,8.1
2015,пайыз,,Отношение роста к возрасту-средний Z-показатель (SD-стандартное отклонение),,,Ақмола,,,,,2.9
2010,пайыз,,Отношение роста к возрасту-средний Z-показатель (SD-стандартное отклонение),,,Ақтөбе,,,,,36.2
2015,пайыз,,Отношение роста к возрасту-средний Z-показатель (SD-стандартное отклонение),,,Ақтөбе,,,,,6.6
2010,пайыз,,Отношение роста к возрасту-средний Z-показатель (SD-стандартное отклонение),,,Алматы,,,,,10.8
2015,пайыз,,Отношение роста к возрасту-средний Z-показатель (SD-стандартное отклонение),,,Алматы,,,,,8.1
2010,пайыз,,Отношение роста к возрасту-средний Z-показатель (SD-стандартное отклонение),,,Атырау,,,,,18.4
2015,пайыз,,Отношение роста к возрасту-средний Z-показатель (SD-стандартное отклонение),,,Атырау,,,,,11.8
2010,пайыз,,Отношение роста к возрасту-средний Z-показатель (SD-стандартное отклонение),,,Батыс Қазақстан,,,,,9.8
2015,пайыз,,Отношение роста к возрасту-средний Z-показатель (SD-стандартное отклонение),,,Батыс Қазақстан,,,,,7.4
2010,пайыз,,Отношение роста к возрасту-средний Z-показатель (SD-стандартное отклонение),,,Жамбыл,,,,,16.2
2015,пайыз,,Отношение роста к возрасту-средний Z-показатель (SD-стандартное отклонение),,,Жамбыл,,,,,6.9
2010,пайыз,,Отношение роста к возрасту-средний Z-показатель (SD-стандартное отклонение),,,Қарағанды,,,,,4.8
2015,пайыз,,Отношение роста к возрасту-средний Z-показатель (SD-стандартное отклонение),,,Қарағанды,,,,,5.4
2010,пайыз,,Отношение роста к возрасту-средний Z-показатель (SD-стандартное отклонение),,,Қостанай,,,,,12.7
2015,пайыз,,Отношение роста к возрасту-средний Z-показатель (SD-стандартное отклонение),,,Қостанай,,,,,11.4
2010,пайыз,,Отношение роста к возрасту-средний Z-показатель (SD-стандартное отклонение),,,Қызылорда,,,,,7.1
2015,пайыз,,Отношение роста к возрасту-средний Z-показатель (SD-стандартное отклонение),,,Қызылорда,,,,,10.0
2010,пайыз,,Отношение роста к возрасту-средний Z-показатель (SD-стандартное отклонение),,,Маңғыстау,,,,,10.2
2015,пайыз,,Отношение роста к возрасту-средний Z-показатель (SD-стандартное отклонение),,,Маңғыстау,,,,,4.5
2010,пайыз,,Отношение роста к возрасту-средний Z-показатель (SD-стандартное отклонение),,,Оңтүстік Қазақстан,,,,,12.1
2015,пайыз,,Отношение роста к возрасту-средний Z-показатель (SD-стандартное отклонение),,,Оңтүстік Қазақстан,,,,,11.4
2010,пайыз,,Отношение роста к возрасту-средний Z-показатель (SD-стандартное отклонение),,,Павлодар,,,,,8.9
2015,пайыз,,Отношение роста к возрасту-средний Z-показатель (SD-стандартное отклонение),,,Павлодар,,,,,5.5
2010,пайыз,,Отношение роста к возрасту-средний Z-показатель (SD-стандартное отклонение),,,Солтүстік Қазақстан,,,,,10.6
2015,пайыз,,Отношение роста к возрасту-средний Z-показатель (SD-стандартное отклонение),,,Солтүстік Қазақстан,,,,,2.3
2010,пайыз,,Отношение роста к возрасту-средний Z-показатель (SD-стандартное отклонение),,,Шығыс Қазақстан,,,,,16.6
2015,пайыз,,Отношение роста к возрасту-средний Z-показатель (SD-стандартное отклонение),,,Шығыс Қазақстан,,,,,7.2
2010,пайыз,,Отношение роста к возрасту-средний Z-показатель (SD-стандартное отклонение),,,Нұр-Сұлтан қаласы,,,,,19.7
2015,пайыз,,Отношение роста к возрасту-средний Z-показатель (SD-стандартное отклонение),,,Нұр-Сұлтан қаласы,,,,,7.1
2010,пайыз,,Отношение роста к возрасту-средний Z-показатель (SD-стандартное отклонение),,,Алматы қаласы,,,,,17.1
2015,пайыз,,Отношение роста к возрасту-средний Z-показатель (SD-стандартное отклонение),,,Алматы қаласы,,,,,6.3
2010,пайыз,,Отношение роста к возрасту-средний Z-показатель (SD-стандартное отклонение),,,,,білім жоқ/бастауыш,,,12.9
2015,пайыз,,Отношение роста к возрасту-средний Z-показатель (SD-стандартное отклонение),,,,,негізгі орта,,,6.9
2010,пайыз,,Отношение роста к возрасту-средний Z-показатель (SD-стандартное отклонение),,,,,жалпы орта,,,15.5
2015,пайыз,,Отношение роста к возрасту-средний Z-показатель (SD-стандартное отклонение),,,,,жалпы орта,,,9.3
2010,пайыз,,Отношение роста к возрасту-средний Z-показатель (SD-стандартное отклонение),,,,,техникалық және кәсіби,,,11.7
2015,пайыз,,Отношение роста к возрасту-средний Z-показатель (SD-стандартное отклонение),,,,,техникалық және кәсіби,,,9.2
2010,пайыз,,Отношение роста к возрасту-средний Z-показатель (SD-стандартное отклонение),,,,,жоғары,,,11.5
2015,пайыз,,Отношение роста к возрасту-средний Z-показатель (SD-стандартное отклонение),,,,,жоғары,,,6.6
2010,пайыз,,Отношение роста к возрасту-средний Z-показатель (SD-стандартное отклонение),,,,,,ең кедей,,14.4
2015,пайыз,,Отношение роста к возрасту-средний Z-показатель (SD-стандартное отклонение),,,,,,ең кедей,,10.3
2010,пайыз,,Отношение роста к возрасту-средний Z-показатель (SD-стандартное отклонение),,,,,,екінші,,14.5
2015,пайыз,,Отношение роста к возрасту-средний Z-показатель (SD-стандартное отклонение),,,,,,екінші,,8.1
2010,пайыз,,Отношение роста к возрасту-средний Z-показатель (SD-стандартное отклонение),,,,,,орташа,,9.9
2015,пайыз,,Отношение роста к возрасту-средний Z-показатель (SD-стандартное отклонение),,,,,,орташа,,8.3
2010,пайыз,,Отношение роста к возрасту-средний Z-показатель (SD-стандартное отклонение),,,,,,төртінші,,13.9
2015,пайыз,,Отношение роста к возрасту-средний Z-показатель (SD-стандартное отклонение),,,,,,төртінші,,6.9
2010,пайыз,,Отношение роста к возрасту-средний Z-показатель (SD-стандартное отклонение),,,,,,ең бай,,12.1
2015,пайыз,,Отношение роста к возрасту-средний Z-показатель (SD-стандартное отклонение),,,,,,ең бай,,6.2
2010,пайыз,,Отношение роста к возрасту-средний Z-показатель (SD-стандартное отклонение),,,,,,,Қазақтар,13.6
2015,пайыз,,Отношение роста к возрасту-средний Z-показатель (SD-стандартное отклонение),,,,,,,Қазақтар,7.7
2010,пайыз,,Отношение роста к возрасту-средний Z-показатель (SD-стандартное отклонение),,,,,,,Орыстар,11.9
2015,пайыз,,Отношение роста к возрасту-средний Z-показатель (SD-стандартное отклонение),,,,,,,Орыстар,6.9
2010,пайыз,,Отношение роста к возрасту-средний Z-показатель (SD-стандартное отклонение),,,,,,,басқа,11.5
2015,пайыз,,Отношение роста к возрасту-средний Z-показатель (SD-стандартное отклонение),,,,,,,басқа,9.9
