Year,Units,Өңірлер,GeoCode,Value
2010,мың теңге,,,428.8
2011,мың теңге,,,641.6
2012,мың теңге,,,612.2
2013,мың теңге,,,781.9
2014,мың теңге,,,1070.2
2015,мың теңге,,,1242.3
2016,мың теңге,,,1401.9
2017,мың теңге,,,1636.2
2018,мың теңге,,,1913.9
2010,мың теңге,Ақмола,KZ03,499.9
2011,мың теңге,Ақмола,KZ03,1146.2
2012,мың теңге,Ақмола,KZ03,682.4
2013,мың теңге,Ақмола,KZ03,1018.0
2014,мың теңге,Ақмола,KZ03,1075.3
2015,мың теңге,Ақмола,KZ03,1216.0
2016,мың теңге,Ақмола,KZ03,1365.9
2017,мың теңге,Ақмола,KZ03,1558.5
2018,мың теңге,Ақмола,KZ03,1797.5
2010,мың теңге,Ақтөбе,KZ04,478.3
2011,мың теңге,Ақтөбе,KZ04,847.3
2012,мың теңге,Ақтөбе,KZ04,1035.1
2013,мың теңге,Ақтөбе,KZ04,1465.2
2014,мың теңге,Ақтөбе,KZ04,1910.7
2015,мың теңге,Ақтөбе,KZ04,1732.3
2016,мың теңге,Ақтөбе,KZ04,1964.8
2017,мың теңге,Ақтөбе,KZ04,2528.3
2018,мың теңге,Ақтөбе,KZ04,3830.8
2010,мың теңге,Алматы,KZ01,387.2
2011,мың теңге,Алматы,KZ01,431.0
2012,мың теңге,Алматы,KZ01,444.3
2013,мың теңге,Алматы,KZ01,612.3
2014,мың теңге,Алматы,KZ01,893.4
2015,мың теңге,Алматы,KZ01,1088.2
2016,мың теңге,Алматы,KZ01,1135.9
2017,мың теңге,Алматы,KZ01,1365.9
2018,мың теңге,Алматы,KZ01,1728.5
2010,мың теңге,Атырау,KZ06,866.7
2011,мың теңге,Атырау,KZ06,1172.5
2012,мың теңге,Атырау,KZ06,2271.6
2013,мың теңге,Атырау,KZ06,4017.8
2014,мың теңге,Атырау,KZ06,4021.6
2015,мың теңге,Атырау,KZ06,5158.1
2016,мың теңге,Атырау,KZ06,5338.7
2017,мың теңге,Атырау,KZ06,6124.9
2018,мың теңге,Атырау,KZ06,6686.4
2010,мың теңге,Батыс Қазақстан,KZ07,345.9
2011,мың теңге,Батыс Қазақстан,KZ07,487.3
2012,мың теңге,Батыс Қазақстан,KZ07,528.9
2013,мың теңге,Батыс Қазақстан,KZ07,633.0
2014,мың теңге,Батыс Қазақстан,KZ07,768.5
2015,мың теңге,Батыс Қазақстан,KZ07,831.9
2016,мың теңге,Батыс Қазақстан,KZ07,993.5
2017,мың теңге,Батыс Қазақстан,KZ07,1042.3
2018,мың теңге,Батыс Қазақстан,KZ07,1104.1
2010,мың теңге,Жамбыл,KZ17,233.6
2011,мың теңге,Жамбыл,KZ17,314.5
2012,мың теңге,Жамбыл,KZ17,348.1
2013,мың теңге,Жамбыл,KZ17,421.3
2014,мың теңге,Жамбыл,KZ17,799.6
2015,мың теңге,Жамбыл,KZ17,824.5
2016,мың теңге,Жамбыл,KZ17,925.6
2017,мың теңге,Жамбыл,KZ17,902.7
2018,мың теңге,Жамбыл,KZ17,959.1
2010,мың теңге,Қарағанды,KZ12,463.5
2011,мың теңге,Қарағанды,KZ12,594.5
2012,мың теңге,Қарағанды,KZ12,827.7
2013,мың теңге,Қарағанды,KZ12,1147.9
2014,мың теңге,Қарағанды,KZ12,1569.7
2015,мың теңге,Қарағанды,KZ12,1949.0
2016,мың теңге,Қарағанды,KZ12,2176.8
2017,мың теңге,Қарағанды,KZ12,2938.1
2018,мың теңге,Қарағанды,KZ12,3181.1
2010,мың теңге,Қостанай,KZ13,712.3
2011,мың теңге,Қостанай,KZ13,1214.0
2012,мың теңге,Қостанай,KZ13,615.7
2013,мың теңге,Қостанай,KZ13,784.5
2014,мың теңге,Қостанай,KZ13,886.7
2015,мың теңге,Қостанай,KZ13,979.5
2016,мың теңге,Қостанай,KZ13,1080.3
2017,мың теңге,Қостанай,KZ13,1356.7
2018,мың теңге,Қостанай,KZ13,1673.9
2010,мың теңге,Қызылорда,KZ14,656.3
2011,мың теңге,Қызылорда,KZ14,646.7
2012,мың теңге,Қызылорда,KZ14,1007.7
2013,мың теңге,Қызылорда,KZ14,1047.8
2014,мың теңге,Қызылорда,KZ14,1106.9
2015,мың теңге,Қызылорда,KZ14,1394.6
2016,мың теңге,Қызылорда,KZ14,1174.7
2017,мың теңге,Қызылорда,KZ14,1579.7
2018,мың теңге,Қызылорда,KZ14,2274.9
2010,мың теңге,Маңғыстау,KZ09,691.7
2011,мың теңге,Маңғыстау,KZ09,1184.2
2012,мың теңге,Маңғыстау,KZ09,3586.9
2013,мың теңге,Маңғыстау,KZ09,2633.0
2014,мың теңге,Маңғыстау,KZ09,2917.5
2015,мың теңге,Маңғыстау,KZ09,3033.3
2016,мың теңге,Маңғыстау,KZ09,3547.7
2017,мың теңге,Маңғыстау,KZ09,6297.6
2018,мың теңге,Маңғыстау,KZ09,9826.9
2010,мың теңге,Оңтүстік Қазақстан,KZ10,241.1
2011,мың теңге,Оңтүстік Қазақстан,KZ10,306.5
2012,мың теңге,Оңтүстік Қазақстан,KZ10,379.2
2013,мың теңге,Оңтүстік Қазақстан,KZ10,481.6
2014,мың теңге,Оңтүстік Қазақстан,KZ10,932.7
2015,мың теңге,Оңтүстік Қазақстан,KZ10,2608.5
2016,мың теңге,Оңтүстік Қазақстан,KZ10,1429.5
2017,мың теңге,Оңтүстік Қазақстан,KZ10,1460.4
2010,мың теңге,Павлодар,KZ11,473.6
2011,мың теңге,Павлодар,KZ11,605.0
2012,мың теңге,Павлодар,KZ11,594.6
2013,мың теңге,Павлодар,KZ11,840.7
2014,мың теңге,Павлодар,KZ11,753.0
2015,мың теңге,Павлодар,KZ11,884.5
2016,мың теңге,Павлодар,KZ11,1153.4
2017,мың теңге,Павлодар,KZ11,1403.5
2018,мың теңге,Павлодар,KZ11,1595.2
2010,мың теңге,Солтүстік Қазақстан,KZ16,630.8
2011,мың теңге,Солтүстік Қазақстан,KZ16,1337.1
2012,мың теңге,Солтүстік Қазақстан,KZ16,1200.6
2013,мың теңге,Солтүстік Қазақстан,KZ16,1254.4
2014,мың теңге,Солтүстік Қазақстан,KZ16,1567.0
2015,мың теңге,Солтүстік Қазақстан,KZ16,1709.7
2016,мың теңге,Солтүстік Қазақстан,KZ16,1939.5
2017,мың теңге,Солтүстік Қазақстан,KZ16,2459.0
2018,мың теңге,Солтүстік Қазақстан,KZ16,2669.4
2018,мың теңге,Түркістан,KZ10,1690.5
2010,мың теңге,Шығыс Қазақстан,KZ15,462.6
2011,мың теңге,Шығыс Қазақстан,KZ15,562.7
2012,мың теңге,Шығыс Қазақстан,KZ15,903.5
2013,мың теңге,Шығыс Қазақстан,KZ15,1078.9
2014,мың теңге,Шығыс Қазақстан,KZ15,1317.7
2015,мың теңге,Шығыс Қазақстан,KZ15,1733.9
2016,мың теңге,Шығыс Қазақстан,KZ15,2032.7
2017,мың теңге,Шығыс Қазақстан,KZ15,2408.0
2018,мың теңге,Шығыс Қазақстан,KZ15,2747.2
2010,мың теңге,Нұр-Сұлтан қаласы,KZ05,453.7
2011,мың теңге,Нұр-Сұлтан қаласы,KZ05,1145.3
2012,мың теңге,Нұр-Сұлтан қаласы,KZ05,1044.9
2013,мың теңге,Нұр-Сұлтан қаласы,KZ05,762.8
2014,мың теңге,Нұр-Сұлтан қаласы,KZ05,648.8
2015,мың теңге,Нұр-Сұлтан қаласы,KZ05,1533.5
2016,мың теңге,Нұр-Сұлтан қаласы,KZ05,1002.9
2017,мың теңге,Нұр-Сұлтан қаласы,KZ05,3116.5
2018,мың теңге,Нұр-Сұлтан қаласы,KZ05,2721.3
2010,мың теңге,Алматы қаласы,KZ02,250.6
2011,мың теңге,Алматы қаласы,KZ02,363.7
2012,мың теңге,Алматы қаласы,KZ02,147.7
2013,мың теңге,Алматы қаласы,KZ02,194.3
2014,мың теңге,Алматы қаласы,KZ02,2416.8
2015,мың теңге,Алматы қаласы,KZ02,2051.0
2016,мың теңге,Алматы қаласы,KZ02,2231.0
2017,мың теңге,Алматы қаласы,KZ02,2136.9
2018,мың теңге,Алматы қаласы,KZ02,2355.5
2018,мың теңге,Шымкент қаласы,KZ18,1554.4
