Year,Жасы,Аймақ,Өңірлер,Value
2010,10 жастан 14 жасқа дейін,,,0.04436450945718248
2010,10 жастан 14 жасқа дейін,,Ақмола,0.1219586560156107
2010,10 жастан 14 жасқа дейін,,Ақтөбе,0.0
2010,10 жастан 14 жасқа дейін,,Алматы,0.04647056089967006
2010,10 жастан 14 жасқа дейін,,Атырау,0.0
2010,10 жастан 14 жасқа дейін,,Батыс Қазақстан,0.0
2010,10 жастан 14 жасқа дейін,,Жамбыл,0.02418379685610641
2010,10 жастан 14 жасқа дейін,,Қарағанды,0.07157513002815287
2010,10 жастан 14 жасқа дейін,,Қостанай,0.11716232840600653
2010,10 жастан 14 жасқа дейін,,Қызылорда,0.03258390355164549
2010,10 жастан 14 жасқа дейін,,Маңғыстау,0.0
2010,10 жастан 14 жасқа дейін,,Оңтүстік Қазақстан,0.008484066922319882
2010,10 жастан 14 жасқа дейін,,Павлодар,0.09388349058818007
2010,10 жастан 14 жасқа дейін,,Солтүстік Қазақстан,0.05752085130859936
2010,10 жастан 14 жасқа дейін,,Шығыс Қазақстан,0.07491852610286315
2010,10 жастан 14 жасқа дейін,,Нұр-Сұлтан қаласы,0.11965300628178285
2010,10 жастан 14 жасқа дейін,,Алматы қаласы,0.05917947655752985
2010,10 жастан 14 жасқа дейін,қала,,0.06078265263093913
2010,10 жастан 14 жасқа дейін,қала,Ақмола,0.29804778699518153
2010,10 жастан 14 жасқа дейін,қала,Ақтөбе,0.0
2010,10 жастан 14 жасқа дейін,қала,Алматы,0.20984890878567436
2010,10 жастан 14 жасқа дейін,қала,Атырау,0.0
2010,10 жастан 14 жасқа дейін,қала,Батыс Қазақстан,0.0
2010,10 жастан 14 жасқа дейін,қала,Жамбыл,0.06430454633142563
2010,10 жастан 14 жасқа дейін,қала,Қарағанды,0.09907693323865982
2010,10 жастан 14 жасқа дейін,қала,Қостанай,0.27879745364992337
2010,10 жастан 14 жасқа дейін,қала,Қызылорда,0.08592172530824417
2010,10 жастан 14 жасқа дейін,қала,Маңғыстау,0.0
2010,10 жастан 14 жасқа дейін,қала,Оңтүстік Қазақстан,0.0
2010,10 жастан 14 жасқа дейін,қала,Павлодар,0.0
2010,10 жастан 14 жасқа дейін,қала,Солтүстік Қазақстан,0.0
2010,10 жастан 14 жасқа дейін,қала,Шығыс Қазақстан,0.1009107192411514
2010,10 жастан 14 жасқа дейін,қала,Нұр-Сұлтан қаласы,0.0
2010,10 жастан 14 жасқа дейін,қала,Алматы қаласы,0.0
2010,10 жастан 14 жасқа дейін,ауыл,,0.029971976202250894
2010,10 жастан 14 жасқа дейін,ауыл,Ақмола,0.0
2010,10 жастан 14 жасқа дейін,ауыл,Ақтөбе,0.0
2010,10 жастан 14 жасқа дейін,ауыл,Алматы,0.0
2010,10 жастан 14 жасқа дейін,ауыл,Атырау,0.0
2010,10 жастан 14 жасқа дейін,ауыл,Батыс Қазақстан,0.0
2010,10 жастан 14 жасқа дейін,ауыл,Жамбыл,0.0
2010,10 жастан 14 жасқа дейін,ауыл,Қарағанды,0.0
2010,10 жастан 14 жасқа дейін,ауыл,Қостанай,0.0
2010,10 жастан 14 жасқа дейін,ауыл,Қызылорда,0.0
2010,10 жастан 14 жасқа дейін,ауыл,Маңғыстау,0.0
2010,10 жастан 14 жасқа дейін,ауыл,Оңтүстік Қазақстан,0.013003224799750338
2010,10 жастан 14 жасқа дейін,ауыл,Павлодар,0.2499843759765015
2010,10 жастан 14 жасқа дейін,ауыл,Солтүстік Қазақстан,0.08231468905626209
2010,10 жастан 14 жасқа дейін,ауыл,Шығыс Қазақстан,0.04944620253164557
2010,15-19,,,28.263559874848422
2010,,,Ақмола,33.42636895268473
2010,,,Ақтөбе,21.83937167468964
2010,,,Алматы,30.74913704636627
2010,,,Атырау,42.38024950967507
2010,,,Батыс Қазақстан,26.085191949379233
2010,,,Жамбыл,36.693411909928926
2010,,,Қарағанды,29.272619751626262
2010,,,Қостанай,25.81521739130435
2010,,,Қызылорда,23.190213616454283
2010,,,Маңғыстау,39.68056934789804
2010,,,Оңтүстік Қазақстан,30.066937342258313
2010,,,Павлодар,27.558505064617528
2010,,,Солтүстік Қазақстан,31.21505777115169
2010,,,Шығыс Қазақстан,24.938870893522573
2010,,,Нұр-Сұлтан қаласы,22.602739726027398
2010,,,Алматы қаласы,13.971177977283899
2010,,қала,,25.75986729765332
2010,,қала,Ақмола,31.138429828112926
2010,,қала,Ақтөбе,20.66295368434129
2010,,қала,Алматы,32.142952966113064
2010,,қала,Атырау,49.518066785436936
2010,,қала,Батыс Қазақстан,30.549045865416804
2010,,қала,Жамбыл,27.976146653905612
2010,,қала,Қарағанды,29.81473502800517
2010,,қала,Қостанай,21.052010850336124
2010,,қала,Қызылорда,29.322548028311427
2010,,қала,Маңғыстау,35.975267003934796
2010,,қала,Оңтүстік Қазақстан,29.42766664092068
2010,,қала,Павлодар,25.58139534883721
2010,,қала,Солтүстік Қазақстан,25.0826729893305
2010,,қала,Шығыс Қазақстан,22.30483271375465
2010,,қала,Нұр-Сұлтан қаласы,22.602739726027398
2010,,қала,Алматы қаласы,13.971177977283899
2010,,ауыл,,31.026544706337727
2010,,ауыл,Ақмола,35.308724222511586
2010,,ауыл,Ақтөбе,23.693743676772947
2010,,ауыл,Алматы,30.32854575189857
2010,,ауыл,Атырау,36.71189146049481
2010,,ауыл,Батыс Қазақстан,22.56606512487216
2010,,ауыл,Жамбыл,42.64299472405996
2010,,ауыл,Қарағанды,27.6408907332617
2010,,ауыл,Қостанай,30.21230266739249
2010,,ауыл,Қызылорда,18.739144262054452
2010,,ауыл,Маңғыстау,43.619291506615454
2010,,ауыл,Оңтүстік Қазақстан,30.478964038804985
2010,,ауыл,Павлодар,31.16370808678501
2010,,ауыл,Солтүстік Қазақстан,34.86859224564143
2010,,ауыл,Шығыс Қазақстан,28.57756768371293
2011,10 жастан 14 жасқа дейін,,,0.021110054631062213
2011,10 жастан 14 жасқа дейін,,Ақмола,0.0
2011,10 жастан 14 жасқа дейін,,Ақтөбе,0.0781188969611749
2011,10 жастан 14 жасқа дейін,,Алматы,0.0
2011,10 жастан 14 жасқа дейін,,Атырау,0.04826487764853516
2011,10 жастан 14 жасқа дейін,,Батыс Қазақстан,0.0517170045510964
2011,10 жастан 14 жасқа дейін,,Жамбыл,0.047963931123794906
2011,10 жастан 14 жасқа дейін,,Қарағанды,0.024278916189181314
2011,10 жастан 14 жасқа дейін,,Қостанай,0.0
2011,10 жастан 14 жасқа дейін,,Қызылорда,0.0
2011,10 жастан 14 жасқа дейін,,Маңғыстау,0.0
2011,10 жастан 14 жасқа дейін,,Оңтүстік Қазақстан,0.0
2011,10 жастан 14 жасқа дейін,,Павлодар,0.0
2011,10 жастан 14 жасқа дейін,,Солтүстік Қазақстан,0.11716804827323588
2011,10 жастан 14 жасқа дейін,,Шығыс Қазақстан,0.025402309069894453
2011,10 жастан 14 жасқа дейін,,Нұр-Сұлтан қаласы,0.05382276164590005
2011,10 жастан 14 жасқа дейін,,Алматы қаласы,0.02831778215130191
2011,10 жастан 14 жасқа дейін,қала,,0.02243409983174425
2011,10 жастан 14 жасқа дейін,қала,Ақмола,0.0
2011,10 жастан 14 жасқа дейін,қала,Ақтөбе,0.07179008578915251
2011,10 жастан 14 жасқа дейін,қала,Алматы,0.0
2011,10 жастан 14 жасқа дейін,қала,Атырау,0.10779346771585642
2011,10 жастан 14 жасқа дейін,қала,Батыс Қазақстан,0.0
2011,10 жастан 14 жасқа дейін,қала,Жамбыл,0.13025921583952066
2011,10 жастан 14 жасқа дейін,қала,Қарағанды,0.0
2011,10 жастан 14 жасқа дейін,қала,Қостанай,0.0
2011,10 жастан 14 жасқа дейін,қала,Қызылорда,0.0
2011,10 жастан 14 жасқа дейін,қала,Маңғыстау,0.0
2011,10 жастан 14 жасқа дейін,қала,Оңтүстік Қазақстан,0.0
2011,10 жастан 14 жасқа дейін,қала,Павлодар,0.0
2011,10 жастан 14 жасқа дейін,қала,Солтүстік Қазақстан,0.0
2011,10 жастан 14 жасқа дейін,қала,Шығыс Қазақстан,0.0
2011,10 жастан 14 жасқа дейін,қала,Нұр-Сұлтан қаласы,0.05382276164590005
2011,10 жастан 14 жасқа дейін,қала,Алматы қаласы,0.02831778215130191
2011,10 жастан 14 жасқа дейін,ауыл,,0.019933587929548056
2011,10 жастан 14 жасқа дейін,ауыл,Ақмола,0.0
2011,10 жастан 14 жасқа дейін,ауыл,Ақтөбе,0.08567144998929106
2011,10 жастан 14 жасқа дейін,ауыл,Алматы,0.0
2011,10 жастан 14 жасқа дейін,ауыл,Атырау,0.0
2011,10 жастан 14 жасқа дейін,ауыл,Батыс Қазақстан,0.08596234849136078
2011,10 жастан 14 жасқа дейін,ауыл,Жамбыл,0.0
2011,10 жастан 14 жасқа дейін,ауыл,Қарағанды,0.08908289163066233
2011,10 жастан 14 жасқа дейін,ауыл,Қостанай,0.0
2011,10 жастан 14 жасқа дейін,ауыл,Қызылорда,0.0
2011,10 жастан 14 жасқа дейін,ауыл,Маңғыстау,0.0
2011,10 жастан 14 жасқа дейін,ауыл,Оңтүстік Қазақстан,0.0
2011,10 жастан 14 жасқа дейін,ауыл,Павлодар,0.0
2011,10 жастан 14 жасқа дейін,ауыл,Солтүстік Қазақстан,0.1714310204431492
2011,10 жастан 14 жасқа дейін,ауыл,Шығыс Қазақстан,0.0506701122342986
2011,15-19,,,31.680974017933693
2011,,,Ақмола,32.29680542468082
2011,,,Ақтөбе,26.613500083072786
2011,,,Алматы,35.26154742823838
2011,,,Атырау,49.18951640024213
2011,,,Батыс Қазақстан,29.708314441781635
2011,,,Жамбыл,41.57690415003554
2011,,,Қарағанды,31.144693053142728
2011,,,Қостанай,29.525140135000925
2011,,,Қызылорда,26.377580581221604
2011,,,Маңғыстау,49.601769911504434
2011,,,Оңтүстік Қазақстан,32.65544544156067
2011,,,Павлодар,30.65927595378773
2011,,,Солтүстік Қазақстан,31.558592239267753
2011,,,Шығыс Қазақстан,25.40156892043332
2011,,,Нұр-Сұлтан қаласы,23.458121973053004
2011,,,Алматы қаласы,16.570703178129392
2011,,қала,,29.92838451785309
2011,,қала,Ақмола,31.75839390792661
2011,,қала,Ақтөбе,26.22163023322625
2011,,қала,Алматы,38.32709879192985
2011,,қала,Атырау,55.72597137014315
2011,,қала,Батыс Қазақстан,34.83370055608015
2011,,қала,Жамбыл,31.532419268560485
2011,,қала,Қарағанды,32.23099352819856
2011,,қала,Қостанай,28.19760884277013
2011,,қала,Қызылорда,33.40228300007661
2011,,қала,Маңғыстау,44.577720091303775
2011,,қала,Оңтүстік Қазақстан,33.541230502789624
2011,,қала,Павлодар,29.41741972697558
2011,,қала,Солтүстік Қазақстан,29.085763697822493
2011,,қала,Шығыс Қазақстан,25.789579561456453
2011,,қала,Нұр-Сұлтан қаласы,23.458121973053004
2011,,қала,Алматы қаласы,16.570703178129392
2011,,ауыл,,33.390982298103474
2011,,ауыл,Ақмола,32.69807487665667
2011,,ауыл,Ақтөбе,27.15094204455907
2011,,ауыл,Алматы,34.364939152893484
2011,,ауыл,Атырау,44.08417521862397
2011,,ауыл,Батыс Қазақстан,26.123647037240872
2011,,ауыл,Жамбыл,47.956227872545874
2011,,ауыл,Қарағанды,28.11992554160561
2011,,ауыл,Қостанай,30.601359383096103
2011,,ауыл,Қызылорда,21.732522796352587
2011,,ауыл,Маңғыстау,54.512840705254405
2011,,ауыл,Оңтүстік Қазақстан,32.1462775341499
2011,,ауыл,Павлодар,32.80687170961485
2011,,ауыл,Солтүстік Қазақстан,32.76550030693677
2011,,ауыл,Шығыс Қазақстан,24.963055587131976
2012,10 жастан 14 жасқа дейін,,,0.03010623960670625
2012,10 жастан 14 жасқа дейін,,Ақмола,0.0
2012,10 жастан 14 жасқа дейін,,Ақтөбе,0.04039506372321302
2012,10 жастан 14 жасқа дейін,,Алматы,0.029852751304192068
2012,10 жастан 14 жасқа дейін,,Атырау,0.14594279042615296
2012,10 жастан 14 жасқа дейін,,Батыс Қазақстан,0.05276487969607429
2012,10 жастан 14 жасқа дейін,,Жамбыл,0.0
2012,10 жастан 14 жасқа дейін,,Қарағанды,0.024758297124323786
2012,10 жастан 14 жасқа дейін,,Қостанай,0.039874793149510535
2012,10 жастан 14 жасқа дейін,,Қызылорда,0.03386157388595422
2012,10 жастан 14 жасқа дейін,,Маңғыстау,0.045102947477617665
2012,10 жастан 14 жасқа дейін,,Оңтүстік Қазақстан,0.008294212298657995
2012,10 жастан 14 жасқа дейін,,Павлодар,0.09644364074743822
2012,10 жастан 14 жасқа дейін,,Солтүстік Қазақстан,0.0
2012,10 жастан 14 жасқа дейін,,Шығыс Қазақстан,0.0780365991650084
2012,10 жастан 14 жасқа дейін,,Нұр-Сұлтан қаласы,0.0
2012,10 жастан 14 жасқа дейін,,Алматы қаласы,0.0
2012,10 жастан 14 жасқа дейін,қала,,0.03758091641064667
2012,10 жастан 14 жасқа дейін,қала,Ақмола,0.0
2012,10 жастан 14 жасқа дейін,қала,Ақтөбе,0.07370554634236226
2012,10 жастан 14 жасқа дейін,қала,Алматы,0.0
2012,10 жастан 14 жасқа дейін,қала,Атырау,0.2160060481693488
2012,10 жастан 14 жасқа дейін,қала,Батыс Қазақстан,0.13100150651732495
2012,10 жастан 14 жасқа дейін,қала,Жамбыл,0.0
2012,10 жастан 14 жасқа дейін,қала,Қарағанды,0.033937995282618656
2012,10 жастан 14 жасқа дейін,қала,Қостанай,0.0
2012,10 жастан 14 жасқа дейін,қала,Қызылорда,0.08964188068665681
2012,10 жастан 14 жасқа дейін,қала,Маңғыстау,0.0
2012,10 жастан 14 жасқа дейін,қала,Оңтүстік Қазақстан,0.02390914524805738
2012,10 жастан 14 жасқа дейін,қала,Павлодар,0.07596475235490732
2012,10 жастан 14 жасқа дейін,қала,Солтүстік Қазақстан,0.0
2012,10 жастан 14 жасқа дейін,қала,Шығыс Қазақстан,0.10393929944912172
2012,10 жастан 14 жасқа дейін,қала,Нұр-Сұлтан қаласы,0.0
2012,10 жастан 14 жасқа дейін,қала,Алматы қаласы,0.0
2012,10 жастан 14 жасқа дейін,ауыл,,0.02344473489866013
2012,10 жастан 14 жасқа дейін,ауыл,Ақмола,0.0
2012,10 жастан 14 жасқа дейін,ауыл,Ақтөбе,0.0
2012,10 жастан 14 жасқа дейін,ауыл,Алматы,0.03812283176394343
2012,10 жастан 14 жасқа дейін,ауыл,Атырау,0.08851907586084799
2012,10 жастан 14 жасқа дейін,ауыл,Батыс Қазақстан,0.0
2012,10 жастан 14 жасқа дейін,ауыл,Жамбыл,0.0
2012,10 жастан 14 жасқа дейін,ауыл,Қарағанды,0.0
2012,10 жастан 14 жасқа дейін,ауыл,Қостанай,0.06948063227375369
2012,10 жастан 14 жасқа дейін,ауыл,Қызылорда,0.0
2012,10 жастан 14 жасқа дейін,ауыл,Маңғыстау,0.08562743503018366
2012,10 жастан 14 жасқа дейін,ауыл,Оңтүстік Қазақстан,0.0
2012,10 жастан 14 жасқа дейін,ауыл,Павлодар,0.13203934772562226
2012,10 жастан 14 жасқа дейін,ауыл,Солтүстік Қазақстан,0.0
2012,10 жастан 14 жасқа дейін,ауыл,Шығыс Қазақстан,0.05207926464078328
2012,15-19,,,33.82004004720621
2012,,,Ақмола,34.511604381067265
2012,,,Ақтөбе,29.61824237765821
2012,,,Алматы,36.44040368376144
2012,,,Атырау,54.24666526009799
2012,,,Батыс Қазақстан,34.750547298075816
2012,,,Жамбыл,45.43415498222892
2012,,,Қарағанды,32.02022329892564
2012,,,Қостанай,30.18575851393189
2012,,,Қызылорда,29.28988510077227
2012,,,Маңғыстау,54.89684343150269
2012,,,Оңтүстік Қазақстан,34.49343188599587
2012,,,Павлодар,31.489864199960643
2012,,,Солтүстік Қазақстан,28.247507171151486
2012,,,Шығыс Қазақстан,25.68730423037064
2012,,,Нұр-Сұлтан қаласы,26.033616692426587
2012,,,Алматы қаласы,19.094380796508453
2012,,қала,,32.79511883381278
2012,,қала,Ақмола,33.93194706994329
2012,,қала,Ақтөбе,33.32384836700496
2012,,қала,Алматы,40.69087629038185
2012,,қала,Атырау,59.6115564641954
2012,,қала,Батыс Қазақстан,42.947889144977225
2012,,қала,Жамбыл,35.640307054953084
2012,,қала,Қарағанды,33.62265874828689
2012,,қала,Қостанай,31.24866595517609
2012,,қала,Қызылорда,35.407637582795
2012,,қала,Маңғыстау,50.36814707123763
2012,,қала,Оңтүстік Қазақстан,34.40895815350416
2012,,қала,Павлодар,32.16171158655182
2012,,қала,Солтүстік Қазақстан,28.88278550544875
2012,,қала,Шығыс Қазақстан,28.342940466154793
2012,,қала,Нұр-Сұлтан қаласы,26.033616692426587
2012,,қала,Алматы қаласы,19.094380796508453
2012,,ауыл,,34.76437584972138
2012,,ауыл,Ақмола,34.91717091558377
2012,,ауыл,Ақтөбе,25.2637836231238
2012,,ауыл,Алматы,35.2402961845022
2012,,ауыл,Атырау,50.10386373078521
2012,,ауыл,Батыс Қазақстан,29.055690072639226
2012,,ауыл,Жамбыл,51.3758755151448
2012,,ауыл,Қарағанды,27.72907066835216
2012,,ауыл,Қостанай,29.37838451311651
2012,,ауыл,Қызылорда,25.477707006369428
2012,,ауыл,Маңғыстау,59.07282477080089
2012,,ауыл,Оңтүстік Қазақстан,34.538722929451744
2012,,ауыл,Павлодар,30.347759343449248
2012,,ауыл,Солтүстік Қазақстан,27.964294178055138
2012,,ауыл,Шығыс Қазақстан,22.911307992759838
2013,10 жастан 14 жасқа дейін,,,0.0379838532448611
2013,10 жастан 14 жасқа дейін,,Ақмола,0.0876577840112202
2013,10 жастан 14 жасқа дейін,,Ақтөбе,0.08223515141547254
2013,10 жастан 14 жасқа дейін,,Алматы,0.03063279700411245
2013,10 жастан 14 жасқа дейін,,Атырау,0.049633949621541135
2013,10 жастан 14 жасқа дейін,,Батыс Қазақстан,0.05410230746341332
2013,10 жастан 14 жасқа дейін,,Жамбыл,0.0
2013,10 жастан 14 жасқа дейін,,Қарағанды,0.025284769718959783
2013,10 жастан 14 жасқа дейін,,Қостанай,0.12152883271556175
2013,10 жастан 14 жасқа дейін,,Қызылорда,0.0343554066821266
2013,10 жастан 14 жасқа дейін,,Маңғыстау,0.04595799439312469
2013,10 жастан 14 жасқа дейін,,Оңтүстік Қазақстан,0.008469157445871497
2013,10 жастан 14 жасқа дейін,,Павлодар,0.09851974089308144
2013,10 жастан 14 жасқа дейін,,Солтүстік Қазақстан,0.060560181680545035
2013,10 жастан 14 жасқа дейін,,Шығыс Қазақстан,0.05335609860207022
2013,10 жастан 14 жасқа дейін,,Нұр-Сұлтан қаласы,0.0
2013,10 жастан 14 жасқа дейін,,Алматы қаласы,0.028897140627934862
2013,10 жастан 14 жасқа дейін,қала,,0.0307675740537048
2013,10 жастан 14 жасқа дейін,қала,Ақмола,0.1066098081023454
2013,10 жастан 14 жасқа дейін,қала,Ақтөбе,0.07558293337364423
2013,10 жастан 14 жасқа дейін,қала,Алматы,0.0
2013,10 жастан 14 жасқа дейін,қала,Атырау,0.11289867344058707
2013,10 жастан 14 жасқа дейін,қала,Батыс Қазақстан,0.0
2013,10 жастан 14 жасқа дейін,қала,Жамбыл,0.0
2013,10 жастан 14 жасқа дейін,қала,Қарағанды,0.03467646854844302
2013,10 жастан 14 жасқа дейін,қала,Қостанай,0.0950344499881207
2013,10 жастан 14 жасқа дейін,қала,Қызылорда,0.0
2013,10 жастан 14 жасқа дейін,қала,Маңғыстау,0.0
2013,10 жастан 14 жасқа дейін,қала,Оңтүстік Қазақстан,0.0
2013,10 жастан 14 жасқа дейін,қала,Павлодар,0.07756748371082843
2013,10 жастан 14 жасқа дейін,қала,Солтүстік Қазақстан,0.0
2013,10 жастан 14 жасқа дейін,қала,Шығыс Қазақстан,0.05319856363878176
2013,10 жастан 14 жасқа дейін,қала,Нұр-Сұлтан қаласы,0.0
2013,10 жастан 14 жасқа дейін,қала,Алматы қаласы,0.028897140627934862
2013,10 жастан 14 жасқа дейін,ауыл,,0.044390947661365365
2013,10 жастан 14 жасқа дейін,ауыл,Ақмола,0.07442691277165824
2013,10 жастан 14 жасқа дейін,ауыл,Ақтөбе,0.09017132551848513
2013,10 жастан 14 жасқа дейін,ауыл,Алматы,0.03911712645589055
2013,10 жастан 14 жасқа дейін,ауыл,Атырау,0.0
2013,10 жастан 14 жасқа дейін,ауыл,Батыс Қазақстан,0.08987148377819719
2013,10 жастан 14 жасқа дейін,ауыл,Жамбыл,0.0
2013,10 жастан 14 жасқа дейін,ауыл,Қарағанды,0.0
2013,10 жастан 14 жасқа дейін,ауыл,Қостанай,0.1412130198404293
2013,10 жастан 14 жасқа дейін,ауыл,Қызылорда,0.05502668794365268
2013,10 жастан 14 жасқа дейін,ауыл,Маңғыстау,0.0862849993528625
2013,10 жастан 14 жасқа дейін,ауыл,Оңтүстік Қазақстан,0.012949593706497458
2013,10 жастан 14 жасқа дейін,ауыл,Павлодар,0.1349800904366606
2013,10 жастан 14 жасқа дейін,ауыл,Солтүстік Қазақстан,0.08893236693494598
2013,10 жастан 14 жасқа дейін,ауыл,Шығыс Қазақстан,0.053514569341503226
2013,15-19,,,33.61561193920943
2013,,,Ақмола,31.21202916160389
2013,,,Ақтөбе,30.866878236178387
2013,,,Алматы,37.16566489998043
2013,,,Атырау,51.923882194202754
2013,,,Батыс Қазақстан,31.559062118013117
2013,,,Жамбыл,46.20394407250535
2013,,,Қарағанды,30.561409196520234
2013,,,Қостанай,29.647305529945587
2013,,,Қызылорда,28.17602239154097
2013,,,Маңғыстау,53.41390261115032
2013,,,Оңтүстік Қазақстан,37.755856966707775
2013,,,Павлодар,30.001714383679065
2013,,,Солтүстік Қазақстан,27.34794756071352
2013,,,Шығыс Қазақстан,26.450015404452454
2013,,,Нұр-Сұлтан қаласы,26.40558442427351
2013,,,Алматы қаласы,14.738082270953974
2013,,қала,,30.784273157448627
2013,,қала,Ақмола,31.363531846401468
2013,,қала,Ақтөбе,32.718822618125486
2013,,қала,Алматы,37.698214819986035
2013,,қала,Атырау,55.261289794135315
2013,,қала,Батыс Қазақстан,34.77985094349596
2013,,қала,Жамбыл,35.296937735962125
2013,,қала,Қарағанды,31.342688919385537
2013,,қала,Қостанай,28.22847682119205
2013,,қала,Қызылорда,30.1990391214825
2013,,қала,Маңғыстау,45.243834600407936
2013,,қала,Оңтүстік Қазақстан,38.465173424062
2013,,қала,Павлодар,27.793744716821642
2013,,қала,Солтүстік Қазақстан,25.823001282599396
2013,,қала,Шығыс Қазақстан,28.709811742532164
2013,,қала,Нұр-Сұлтан қаласы,26.40558442427351
2013,,қала,Алматы қаласы,14.738082270953974
2013,,ауыл,,36.291778836524564
2013,,ауыл,Ақмола,31.105506515342583
2013,,ауыл,Ақтөбе,28.700851603551367
2013,,ауыл,Алматы,37.017117635058696
2013,,ауыл,Атырау,49.446763668787746
2013,,ауыл,Батыс Қазақстан,29.222273354809015
2013,,ауыл,Жамбыл,52.888676681235545
2013,,ауыл,Қарағанды,28.42377260981912
2013,,ауыл,Қостанай,30.747504573611067
2013,,ауыл,Қызылорда,26.90877823019145
2013,,ауыл,Маңғыстау,60.82786471479051
2013,,ауыл,Оңтүстік Қазақстан,37.377404634041795
2013,,ауыл,Павлодар,33.82292702908304
2013,,ауыл,Солтүстік Қазақстан,28.04653531278154
2013,,ауыл,Шығыс Қазақстан,23.995429442011048
2014,10 жастан 14 жасқа дейін,,,0.03691051923433522
2014,10 жастан 14 жасқа дейін,,Ақмола,0.08646965995806223
2014,10 жастан 14 жасқа дейін,,Ақтөбе,0.08087179798224864
2014,10 жастан 14 жасқа дейін,,Алматы,0.04518140333438756
2014,10 жастан 14 жасқа дейін,,Атырау,0.0
2014,10 жастан 14 жасқа дейін,,Батыс Қазақстан,0.0
2014,10 жастан 14 жасқа дейін,,Жамбыл,0.0719165767709457
2014,10 жастан 14 жасқа дейін,,Қарағанды,0.07431536965703457
2014,10 жастан 14 жасқа дейін,,Қостанай,0.1195266743694968
2014,10 жастан 14 жасқа дейін,,Қызылорда,0.033963930306015015
2014,10 жастан 14 жасқа дейін,,Маңғыстау,0.0
2014,10 жастан 14 жасқа дейін,,Оңтүстік Қазақстан,0.0
2014,10 жастан 14 жасқа дейін,,Павлодар,0.0
2014,10 жастан 14 жасқа дейін,,Солтүстік Қазақстан,0.0
2014,10 жастан 14 жасқа дейін,,Шығыс Қазақстан,0.05210300764611637
2014,10 жастан 14 жасқа дейін,,Нұр-Сұлтан қаласы,0.09537434430138292
2014,10 жастан 14 жасқа дейін,,Алматы қаласы,0.0
2014,10 жастан 14 жасқа дейін,қала,,0.03652907988727126
2014,10 жастан 14 жасқа дейін,қала,Ақмола,0.20838760093774425
2014,10 жастан 14 жасқа дейін,қала,Ақтөбе,0.07313149041977475
2014,10 жастан 14 жасқа дейін,қала,Алматы,0.06840179212695373
2014,10 жастан 14 жасқа дейін,қала,Атырау,0.0
2014,10 жастан 14 жасқа дейін,қала,Батыс Қазақстан,0.0
2014,10 жастан 14 жасқа дейін,қала,Жамбыл,0.0
2014,10 жастан 14 жасқа дейін,қала,Қарағанды,0.10137532524583516
2014,10 жастан 14 жасқа дейін,қала,Қостанай,0.09228923446080016
2014,10 жастан 14 жасқа дейін,қала,Қызылорда,0.0
2014,10 жастан 14 жасқа дейін,қала,Маңғыстау,0.0
2014,10 жастан 14 жасқа дейін,қала,Оңтүстік Қазақстан,0.0
2014,10 жастан 14 жасқа дейін,қала,Павлодар,0.0
2014,10 жастан 14 жасқа дейін,қала,Солтүстік Қазақстан,0.0
2014,10 жастан 14 жасқа дейін,қала,Шығыс Қазақстан,0.0
2014,10 жастан 14 жасқа дейін,қала,Нұр-Сұлтан қаласы,0.09537434430138292
2014,10 жастан 14 жасқа дейін,қала,Алматы қаласы,0.0
2014,10 жастан 14 жасқа дейін,ауыл,,0.03726426120214506
2014,10 жастан 14 жасқа дейін,ауыл,Ақмола,0.0
2014,10 жастан 14 жасқа дейін,ауыл,Ақтөбе,0.09044453488897933
2014,10 жастан 14 жасқа дейін,ауыл,Алматы,0.03862532469413571
2014,10 жастан 14 жасқа дейін,ауыл,Атырау,0.0
2014,10 жастан 14 жасқа дейін,ауыл,Батыс Қазақстан,0.0
2014,10 жастан 14 жасқа дейін,ауыл,Жамбыл,0.1136988118474162
2014,10 жастан 14 жасқа дейін,ауыл,Қарағанды,0.0
2014,10 жастан 14 жасқа дейін,ауыл,Қостанай,0.14021803905072386
2014,10 жастан 14 жасқа дейін,ауыл,Қызылорда,0.054869684499314134
2014,10 жастан 14 жасқа дейін,ауыл,Маңғыстау,0.0
2014,10 жастан 14 жасқа дейін,ауыл,Оңтүстік Қазақстан,0.0
2014,10 жастан 14 жасқа дейін,ауыл,Павлодар,0.0
2014,10 жастан 14 жасқа дейін,ауыл,Солтүстік Қазақстан,0.0
2014,10 жастан 14 жасқа дейін,ауыл,Шығыс Қазақстан,0.10547410610695074
2014,15-19,,,34.4240799755831
2014,,,Ақмола,33.03104918623506
2014,,,Ақтөбе,31.705998919113675
2014,,,Алматы,39.74978719416481
2014,,,Атырау,45.463357890655296
2014,,,Батыс Қазақстан,32.38808461923728
2014,,,Жамбыл,50.15628582807352
2014,,,Қарағанды,32.00235544583607
2014,,,Қостанай,28.951187838973347
2014,,,Қызылорда,28.207179118852125
2014,,,Маңғыстау,53.81555484431439
2014,,,Оңтүстік Қазақстан,37.42960681899382
2014,,,Павлодар,30.044383748719696
2014,,,Солтүстік Қазақстан,29.489927132447487
2014,,,Шығыс Қазақстан,28.74603618161274
2014,,,Нұр-Сұлтан қаласы,26.615519405176286
2014,,,Алматы қаласы,15.95225541557757
2014,,қала,,31.917575529974666
2014,,қала,Ақмола,32.71187265735287
2014,,қала,Ақтөбе,33.80794925433565
2014,,қала,Алматы,41.212545996145096
2014,,қала,Атырау,52.583025830258315
2014,,қала,Батыс Қазақстан,34.0
2014,,қала,Жамбыл,37.45222929936306
2014,,қала,Қарағанды,33.071301357243755
2014,,қала,Қостанай,28.646288209606986
2014,,қала,Қызылорда,30.126668948990073
2014,,қала,Маңғыстау,52.08333333333334
2014,,қала,Оңтүстік Қазақстан,40.73333714089897
2014,,қала,Павлодар,26.812136770421077
2014,,қала,Солтүстік Қазақстан,24.84472049689441
2014,,қала,Шығыс Қазақстан,28.569424637037386
2014,,қала,Нұр-Сұлтан қаласы,26.615519405176286
2014,,қала,Алматы қаласы,15.95225541557757
2014,,ауыл,,36.83573970079744
2014,,ауыл,Ақмола,33.25399523971439
2014,,ауыл,Ақтөбе,29.298082869511447
2014,,ауыл,Алматы,39.33035893725632
2014,,ауыл,Атырау,40.301003344481614
2014,,ауыл,Батыс Қазақстан,31.288860363432146
2014,,ауыл,Жамбыл,57.90793027729736
2014,,ауыл,Қарағанды,28.99801501682921
2014,,ауыл,Қостанай,29.188161824599515
2014,,ауыл,Қызылорда,27.02346079750877
2014,,ауыл,Маңғыстау,55.099928338243494
2014,,ауыл,Оңтүстік Қазақстан,35.46959603694693
2014,,ауыл,Павлодар,35.75025176233635
2014,,ауыл,Солтүстік Қазақстан,31.604773984280786
2014,,ауыл,Шығыс Қазақстан,28.937117417918753
2015,10 жастан 14 жасқа дейін,,,0.0321787648943224
2015,10 жастан 14 жасқа дейін,,Ақмола,0.04215851602023609
2015,10 жастан 14 жасқа дейін,,Ақтөбе,0.0
2015,10 жастан 14 жасқа дейін,,Алматы,0.059039283263101185
2015,10 жастан 14 жасқа дейін,,Атырау,0.09280527133941208
2015,10 жастан 14 жасқа дейін,,Батыс Қазақстан,0.0
2015,10 жастан 14 жасқа дейін,,Жамбыл,0.023064858381769537
2015,10 жастан 14 жасқа дейін,,Қарағанды,0.0
2015,10 жастан 14 жасқа дейін,,Қостанай,0.07862716961846165
2015,10 жастан 14 жасқа дейін,,Қызылорда,0.0
2015,10 жастан 14 жасқа дейін,,Маңғыстау,0.04186991018904265
2015,10 жастан 14 жасқа дейін,,Оңтүстік Қазақстан,0.023944448878601643
2015,10 жастан 14 жасқа дейін,,Павлодар,0.0
2015,10 жастан 14 жасқа дейін,,Солтүстік Қазақстан,0.1784651992861392
2015,10 жастан 14 жасқа дейін,,Шығыс Қазақстан,0.025135101168782203
2015,10 жастан 14 жасқа дейін,,Нұр-Сұлтан қаласы,0.04416668506945212
2015,10 жастан 14 жасқа дейін,,Алматы қаласы,0.0
2015,10 жастан 14 жасқа дейін,қала,,0.03775858192496683
2015,10 жастан 14 жасқа дейін,қала,Ақмола,0.10084203095850353
2015,10 жастан 14 жасқа дейін,қала,Ақтөбе,0.0
2015,10 жастан 14 жасқа дейін,қала,Алматы,0.0660022440762986
2015,10 жастан 14 жасқа дейін,қала,Атырау,0.0
2015,10 жастан 14 жасқа дейін,қала,Батыс Қазақстан,0.0
2015,10 жастан 14 жасқа дейін,қала,Жамбыл,0.0
2015,10 жастан 14 жасқа дейін,қала,Қарағанды,0.0
2015,10 жастан 14 жасқа дейін,қала,Қостанай,0.08875477056891808
2015,10 жастан 14 жасқа дейін,қала,Қызылорда,0.0
2015,10 жастан 14 жасқа дейін,қала,Маңғыстау,0.1065019436604718
2015,10 жастан 14 жасқа дейін,қала,Оңтүстік Қазақстан,0.05875555729646095
2015,10 жастан 14 жасқа дейін,қала,Павлодар,0.0
2015,10 жастан 14 жасқа дейін,қала,Солтүстік Қазақстан,0.3501400560224089
2015,10 жастан 14 жасқа дейін,қала,Шығыс Қазақстан,0.04906771344455348
2015,10 жастан 14 жасқа дейін,қала,Нұр-Сұлтан қаласы,0.04416668506945212
2015,10 жастан 14 жасқа дейін,қала,Алматы қаласы,0.0
2015,10 жастан 14 жасқа дейін,ауыл,,0.02674449314170904
2015,10 жастан 14 жасқа дейін,ауыл,Ақмола,0.0
2015,10 жастан 14 жасқа дейін,ауыл,Ақтөбе,0.0
2015,10 жастан 14 жасқа дейін,ауыл,Алматы,0.057033678387087575
2015,10 жастан 14 жасқа дейін,ауыл,Атырау,0.16600954554886904
2015,10 жастан 14 жасқа дейін,ауыл,Батыс Қазақстан,0.0
2015,10 жастан 14 жасқа дейін,ауыл,Жамбыл,0.03644049267546097
2015,10 жастан 14 жасқа дейін,ауыл,Қарағанды,0.0
2015,10 жастан 14 жасқа дейін,ауыл,Қостанай,0.07057412047002364
2015,10 жастан 14 жасқа дейін,ауыл,Қызылорда,0.0
2015,10 жастан 14 жасқа дейін,ауыл,Маңғыстау,0.0
2015,10 жастан 14 жасқа дейін,ауыл,Оңтүстік Қазақстан,0.0
2015,10 жастан 14 жасқа дейін,ауыл,Павлодар,0.0
2015,10 жастан 14 жасқа дейін,ауыл,Солтүстік Қазақстан,0.09010632546404758
2015,10 жастан 14 жасқа дейін,ауыл,Шығыс Қазақстан,0.0
2015,15-19,,,30.947651865577136
2015,,,Ақмола,30.374421539755996
2015,,,Ақтөбе,30.162059103908486
2015,,,Алматы,36.08312184335503
2015,,,Атырау,39.80300542997853
2015,,,Батыс Қазақстан,25.955840064014406
2015,,,Жамбыл,46.00266277816522
2015,,,Қарағанды,28.304355065052448
2015,,,Қостанай,26.603476771739782
2015,,,Қызылорда,24.46757185195396
2015,,,Маңғыстау,48.40312278211497
2015,,,Оңтүстік Қазақстан,35.01186581720037
2015,,,Павлодар,29.561355333221908
2015,,,Солтүстік Қазақстан,26.515948651654988
2015,,,Шығыс Қазақстан,24.06940225505843
2015,,,Нұр-Сұлтан қаласы,23.00221079563802
2015,,,Алматы қаласы,12.937644441564613
2015,,қала,,27.559829643033737
2015,,қала,Ақмола,29.029949913114585
2015,,қала,Ақтөбе,34.56196769975615
2015,,қала,Алматы,36.72985781990521
2015,,қала,Атырау,38.98264796767293
2015,,қала,Батыс Қазақстан,25.035260930888576
2015,,қала,Жамбыл,35.83486545211433
2015,,қала,Қарағанды,29.108356657337065
2015,,қала,Қостанай,25.71133186497056
2015,,қала,Қызылорда,26.1820144855819
2015,,қала,Маңғыстау,41.90067520666372
2015,,қала,Оңтүстік Қазақстан,34.447062969407305
2015,,қала,Павлодар,25.684804394625488
2015,,қала,Солтүстік Қазақстан,23.75212072506474
2015,,қала,Шығыс Қазақстан,24.66603169951401
2015,,қала,Нұр-Сұлтан қаласы,23.00221079563802
2015,,қала,Алматы қаласы,12.937644441564613
2015,,ауыл,,34.3547915612055
2015,,ауыл,Ақмола,31.31479230714235
2015,,ауыл,Ақтөбе,25.00724547675237
2015,,ауыл,Алматы,35.89404977106177
2015,,ауыл,Атырау,40.409364430974655
2015,,ауыл,Батыс Қазақстан,26.637649619151247
2015,,ауыл,Жамбыл,52.21654749744636
2015,,ауыл,Қарағанды,25.972821297713466
2015,,ауыл,Қостанай,27.31302731302731
2015,,ауыл,Қызылорда,23.403245175524336
2015,,ауыл,Маңғыстау,52.30291791242478
2015,,ауыл,Оңтүстік Қазақстан,35.38810273113405
2015,,ауыл,Павлодар,36.55352480417755
2015,,ауыл,Солтүстік Қазақстан,27.91878172588833
2015,,ауыл,Шығыс Қазақстан,23.40454483603212
2016,10 жастан 14 жасқа дейін,,,0.016224850467721878
2016,10 жастан 14 жасқа дейін,,Ақмола,0.041443905673670685
2016,10 жастан 14 жасқа дейін,,Ақтөбе,0.0
2016,10 жастан 14 жасқа дейін,,Алматы,0.0141013889868152
2016,10 жастан 14 жасқа дейін,,Атырау,0.0
2016,10 жастан 14 жасқа дейін,,Батыс Қазақстан,0.0
2016,10 жастан 14 жасқа дейін,,Жамбыл,0.044069365180794566
2016,10 жастан 14 жасқа дейін,,Қарағанды,0.02293919965132416
2016,10 жастан 14 жасқа дейін,,Қостанай,0.03892413685726519
2016,10 жастан 14 жасқа дейін,,Қызылорда,0.09556879360326208
2016,10 жастан 14 жасқа дейін,,Маңғыстау,0.0
2016,10 жастан 14 жасқа дейін,,Оңтүстік Қазақстан,0.007710219124427517
2016,10 жастан 14 жасқа дейін,,Павлодар,0.0
2016,10 жастан 14 жасқа дейін,,Солтүстік Қазақстан,0.0
2016,10 жастан 14 жасқа дейін,,Шығыс Қазақстан,0.0
2016,10 жастан 14 жасқа дейін,,Нұр-Сұлтан қаласы,0.0
2016,10 жастан 14 жасқа дейін,,Алматы қаласы,0.0
2016,10 жастан 14 жасқа дейін,қала,,0.012974838544352864
2016,10 жастан 14 жасқа дейін,қала,Ақмола,0.09801999607920016
2016,10 жастан 14 жасқа дейін,қала,Ақтөбе,0.0
2016,10 жастан 14 жасқа дейін,қала,Алматы,0.0
2016,10 жастан 14 жасқа дейін,қала,Атырау,0.0
2016,10 жастан 14 жасқа дейін,қала,Батыс Қазақстан,0.0
2016,10 жастан 14 жасқа дейін,қала,Жамбыл,0.0599970001499925
2016,10 жастан 14 жасқа дейін,қала,Қарағанды,0.03084753605305776
2016,10 жастан 14 жасқа дейін,қала,Қостанай,0.0
2016,10 жастан 14 жасқа дейін,қала,Қызылорда,0.0
2016,10 жастан 14 жасқа дейін,қала,Маңғыстау,0.0
2016,10 жастан 14 жасқа дейін,қала,Оңтүстік Қазақстан,0.01865984960161221
2016,10 жастан 14 жасқа дейін,қала,Павлодар,0.0
2016,10 жастан 14 жасқа дейін,қала,Солтүстік Қазақстан,0.0
2016,10 жастан 14 жасқа дейін,қала,Шығыс Қазақстан,0.0
2016,10 жастан 14 жасқа дейін,қала,Нұр-Сұлтан қаласы,0.0
2016,10 жастан 14 жасқа дейін,қала,Алматы қаласы,0.0
2016,10 жастан 14 жасқа дейін,ауыл,,0.019477389185828902
2016,10 жастан 14 жасқа дейін,ауыл,Ақмола,0.0
2016,10 жастан 14 жасқа дейін,ауыл,Ақтөбе,0.0
2016,10 жастан 14 жасқа дейін,ауыл,Алматы,0.018143551781696785
2016,10 жастан 14 жасқа дейін,ауыл,Атырау,0.0
2016,10 жастан 14 жасқа дейін,ауыл,Батыс Қазақстан,0.0
2016,10 жастан 14 жасқа дейін,ауыл,Жамбыл,0.03482439797322004
2016,10 жастан 14 жасқа дейін,ауыл,Қарағанды,0.0
2016,10 жастан 14 жасқа дейін,ауыл,Қостанай,0.07180039490217198
2016,10 жастан 14 жасқа дейін,ауыл,Қызылорда,0.15927371187385522
2016,10 жастан 14 жасқа дейін,ауыл,Маңғыстау,0.0
2016,10 жастан 14 жасқа дейін,ауыл,Оңтүстік Қазақстан,0.0
2016,10 жастан 14 жасқа дейін,ауыл,Павлодар,0.0
2016,10 жастан 14 жасқа дейін,ауыл,Солтүстік Қазақстан,0.0
2016,10 жастан 14 жасқа дейін,ауыл,Шығыс Қазақстан,0.0
2016,15-19,,,28.104587089004852
2016,,,Ақмола,26.02881120136427
2016,,,Ақтөбе,25.86516584840139
2016,,,Алматы,35.017560050244825
2016,,,Атырау,35.11327281712487
2016,,,Батыс Қазақстан,26.18286774559324
2016,,,Жамбыл,41.08942065491184
2016,,,Қарағанды,24.049562792575674
2016,,,Қостанай,24.556225146558443
2016,,,Қызылорда,21.58428663932657
2016,,,Маңғыстау,42.24941724941725
2016,,,Оңтүстік Қазақстан,31.771182664043828
2016,,,Павлодар,25.180846537007838
2016,,,Солтүстік Қазақстан,26.133217185701394
2016,,,Шығыс Қазақстан,22.96335318987992
2016,,,Нұр-Сұлтан қаласы,18.71146076972145
2016,,,Алматы қаласы,13.499080609110226
2016,,қала,,25.18400379322608
2016,,қала,Ақмола,25.88373709824055
2016,,қала,Ақтөбе,30.060483140777226
2016,,қала,Алматы,37.002987818892215
2016,,қала,Атырау,40.145542753183754
2016,,қала,Батыс Қазақстан,25.696418419556565
2016,,қала,Жамбыл,31.936825186065196
2016,,қала,Қарағанды,23.858675420488
2016,,қала,Қостанай,22.08927749654855
2016,,қала,Қызылорда,22.544580984939486
2016,,қала,Маңғыстау,40.101252331468146
2016,,қала,Оңтүстік Қазақстан,31.73533672472459
2016,,қала,Павлодар,23.254912600286808
2016,,қала,Солтүстік Қазақстан,21.914550242079333
2016,,қала,Шығыс Қазақстан,23.7741456166419
2016,,қала,Нұр-Сұлтан қаласы,18.71146076972145
2016,,қала,Алматы қаласы,13.499080609110226
2016,,ауыл,,31.119631844965497
2016,,ауыл,Ақмола,26.13368384428036
2016,,ауыл,Ақтөбе,20.715714603245164
2016,,ауыл,Алматы,34.44748737915333
2016,,ауыл,Атырау,31.333970943207174
2016,,ауыл,Батыс Қазақстан,26.586216649382486
2016,,ауыл,Жамбыл,46.59174456464657
2016,,ауыл,Қарағанды,24.609278094765568
2016,,ауыл,Қостанай,26.537551744529864
2016,,ауыл,Қызылорда,20.9720176730486
2016,,ауыл,Маңғыстау,43.48158337154211
2016,,ауыл,Оңтүстік Қазақстан,31.795164610599393
2016,,ауыл,Павлодар,28.69257950530035
2016,,ауыл,Солтүстік Қазақстан,28.57142857142857
2016,,ауыл,Шығыс Қазақстан,22.025404964456357
2017,10 жастан 14 жасқа дейін,,,0.020045070570212868
2017,10 жастан 14 жасқа дейін,,Ақмола,0.0
2017,10 жастан 14 жасқа дейін,,Ақтөбе,0.0
2017,10 жастан 14 жасқа дейін,,Алматы,0.040006934535319456
2017,10 жастан 14 жасқа дейін,,Атырау,0.0
2017,10 жастан 14 жасқа дейін,,Батыс Қазақстан,0.09436187780136823
2017,10 жастан 14 жасқа дейін,,Жамбыл,0.0
2017,10 жастан 14 жасқа дейін,,Қарағанды,0.02205801257306717
2017,10 жастан 14 жасқа дейін,,Қостанай,0.03843419105636374
2017,10 жастан 14 жасқа дейін,,Қызылорда,0.0
2017,10 жастан 14 жасқа дейін,,Маңғыстау,0.0
2017,10 жастан 14 жасқа дейін,,Оңтүстік Қазақстан,0.014745184775596719
2017,10 жастан 14 жасқа дейін,,Павлодар,0.0
2017,10 жастан 14 жасқа дейін,,Солтүстік Қазақстан,0.0
2017,10 жастан 14 жасқа дейін,,Шығыс Қазақстан,0.06900676266274096
2017,10 жастан 14 жасқа дейін,,Нұр-Сұлтан қаласы,0.0
2017,10 жастан 14 жасқа дейін,,Алматы қаласы,0.02093057328840237
2017,10 жастан 14 жасқа дейін,қала,,0.018259003971333364
2017,10 жастан 14 жасқа дейін,қала,Ақмола,0.0
2017,10 жастан 14 жасқа дейін,қала,Ақтөбе,0.0
2017,10 жастан 14 жасқа дейін,қала,Алматы,0.1217952621643018
2017,10 жастан 14 жасқа дейін,қала,Атырау,0.0
2017,10 жастан 14 жасқа дейін,қала,Батыс Қазақстан,0.10813148788927336
2017,10 жастан 14 жасқа дейін,қала,Жамбыл,0.0
2017,10 жастан 14 жасқа дейін,қала,Қарағанды,0.0
2017,10 жастан 14 жасқа дейін,қала,Қостанай,0.08145975887911372
2017,10 жастан 14 жасқа дейін,қала,Қызылорда,0.0
2017,10 жастан 14 жасқа дейін,қала,Маңғыстау,0.0
2017,10 жастан 14 жасқа дейін,қала,Оңтүстік Қазақстан,0.0
2017,10 жастан 14 жасқа дейін,қала,Павлодар,0.0
2017,10 жастан 14 жасқа дейін,қала,Солтүстік Қазақстан,0.0
2017,10 жастан 14 жасқа дейін,қала,Шығыс Қазақстан,0.04350947418800444
2017,10 жастан 14 жасқа дейін,қала,Нұр-Сұлтан қаласы,0.0
2017,10 жастан 14 жасқа дейін,қала,Алматы қаласы,0.02093057328840237
2017,10 жастан 14 жасқа дейін,ауыл,,0.021879546843328383
2017,10 жастан 14 жасқа дейін,ауыл,Ақмола,0.0
2017,10 жастан 14 жасқа дейін,ауыл,Ақтөбе,0.0
2017,10 жастан 14 жасқа дейін,ауыл,Алматы,0.01707475326981525
2017,10 жастан 14 жасқа дейін,ауыл,Атырау,0.0
2017,10 жастан 14 жасқа дейін,ауыл,Батыс Қазақстан,0.08370302167908261
2017,10 жастан 14 жасқа дейін,ауыл,Жамбыл,0.0
2017,10 жастан 14 жасқа дейін,ауыл,Қарағанды,0.08867606632969761
2017,10 жастан 14 жасқа дейін,ауыл,Қостанай,0.0
2017,10 жастан 14 жасқа дейін,ауыл,Қызылорда,0.0
2017,10 жастан 14 жасқа дейін,ауыл,Маңғыстау,0.0
2017,10 жастан 14 жасқа дейін,ауыл,Оңтүстік Қазақстан,0.02542249000578362
2017,10 жастан 14 жасқа дейін,ауыл,Павлодар,0.0
2017,10 жастан 14 жасқа дейін,ауыл,Солтүстік Қазақстан,0.0
2017,10 жастан 14 жасқа дейін,ауыл,Шығыс Қазақстан,0.09991257649556637
2017,15-19,,,24.904794458158783
2017,,,Ақмола,24.911032028469748
2017,,,Ақтөбе,21.329961867085377
2017,,,Алматы,29.718658867555586
2017,,,Атырау,30.98702320094377
2017,,,Батыс Қазақстан,20.482343264970414
2017,,,Жамбыл,35.465970943860995
2017,,,Қарағанды,20.458821070234112
2017,,,Қостанай,20.098612736085574
2017,,,Қызылорда,19.796525507768024
2017,,,Маңғыстау,39.810426540284354
2017,,,Оңтүстік Қазақстан,30.00188521720396
2017,,,Павлодар,22.077554486272287
2017,,,Солтүстік Қазақстан,20.537024044900825
2017,,,Шығыс Қазақстан,20.390304882283488
2017,,,Нұр-Сұлтан қаласы,14.987845223081283
2017,,,Алматы қаласы,12.750264661059342
2017,,қала,,22.376501618855627
2017,,қала,Ақмола,23.27127659574468
2017,,қала,Ақтөбе,25.458576179068192
2017,,қала,Алматы,33.22412796299865
2017,,қала,Атырау,33.21614741180749
2017,,қала,Батыс Қазақстан,19.05504791620236
2017,,қала,Жамбыл,26.831193055455913
2017,,қала,Қарағанды,20.31712841958529
2017,,қала,Қостанай,16.93425253319761
2017,,қала,Қызылорда,21.29845866417562
2017,,қала,Маңғыстау,41.15170446828738
2017,,қала,Оңтүстік Қазақстан,31.088540516670342
2017,,қала,Павлодар,19.342819770898572
2017,,қала,Солтүстік Қазақстан,17.260918838810912
2017,,қала,Шығыс Қазақстан,20.179874934602253
2017,,қала,Нұр-Сұлтан қаласы,14.987845223081283
2017,,қала,Алматы қаласы,12.750264661059342
2017,,ауыл,,27.558349817930843
2017,,ауыл,Ақмола,26.138909634055267
2017,,ауыл,Ақтөбе,15.850417615793472
2017,,ауыл,Алматы,28.737554071692863
2017,,ауыл,Атырау,29.28812306555181
2017,,ауыл,Батыс Қазақстан,21.779871346806463
2017,,ауыл,Жамбыл,40.519829522789784
2017,,ауыл,Қарағанды,20.883366398663465
2017,,ауыл,Қостанай,22.70389699440021
2017,,ауыл,Қызылорда,18.823386999152643
2017,,ауыл,Маңғыстау,39.06279571520497
2017,,ауыл,Оңтүстік Қазақстан,29.25737107241729
2017,,ауыл,Павлодар,27.138037259791695
2017,,ауыл,Солтүстік Қазақстан,22.42671091667924
2017,,ауыл,Шығыс Қазақстан,20.059752454118648
2018,10 жастан 14 жасқа дейін,,,0.0217718829195224
2018,10 жастан 14 жасқа дейін,,Ақмола,0.07781041492403758
2018,10 жастан 14 жасқа дейін,,Ақтөбе,0.06464437513130887
2018,10 жастан 14 жасқа дейін,,Алматы,0.025023929132232697
2018,10 жастан 14 жасқа дейін,,Атырау,0.03865854837150865
2018,10 жастан 14 жасқа дейін,,Батыс Қазақстан,0.045242727231597515
2018,10 жастан 14 жасқа дейін,,Жамбыл,0.01956468574223526
2018,10 жастан 14 жасқа дейін,,Қарағанды,0.0
2018,10 жастан 14 жасқа дейін,,Қостанай,0.0
2018,10 жастан 14 жасқа дейін,,Қызылорда,0.028483130865744763
2018,10 жастан 14 жасқа дейін,,Маңғыстау,0.0
2018,10 жастан 14 жасқа дейін,,Павлодар,0.0
2018,10 жастан 14 жасқа дейін,,Солтүстік Қазақстан,0.05700116852395474
2018,10 жастан 14 жасқа дейін,,Түркістан,0.0
2018,10 жастан 14 жасқа дейін,,Шығыс Қазақстан,0.0
2018,10 жастан 14 жасқа дейін,,Нұр-Сұлтан қаласы,0.06269592476489029
2018,10 жастан 14 жасқа дейін,,Алматы қаласы,0.01900002850004275
2018,10 жастан 14 жасқа дейін,,Шымкент қаласы,0.02
2018,10 жастан 14 жасқа дейін,қала,,0.028134420634909472
2018,10 жастан 14 жасқа дейін,қала,Ақмола,0.1840434342504831
2018,10 жастан 14 жасқа дейін,қала,Ақтөбе,0.04959702417854928
2018,10 жастан 14 жасқа дейін,қала,Алматы,0.0
2018,10 жастан 14 жасқа дейін,қала,Атырау,0.0
2018,10 жастан 14 жасқа дейін,қала,Батыс Қазақстан,0.10083186286866652
2018,10 жастан 14 жасқа дейін,қала,Жамбыл,0.05373310765428118
2018,10 жастан 14 жасқа дейін,қала,Қарағанды,0.0
2018,10 жастан 14 жасқа дейін,қала,Қостанай,0.0
2018,10 жастан 14 жасқа дейін,қала,Қызылорда,0.0
2018,10 жастан 14 жасқа дейін,қала,Маңғыстау,0.0
2018,10 жастан 14 жасқа дейін,қала,Павлодар,0.0
2018,10 жастан 14 жасқа дейін,қала,Солтүстік Қазақстан,0.15579964166082416
2018,10 жастан 14 жасқа дейін,қала,Түркістан,0.0
2018,10 жастан 14 жасқа дейін,қала,Шығыс Қазақстан,0.0
2018,10 жастан 14 жасқа дейін,қала,Нұр-Сұлтан қаласы,0.06269592476489029
2018,10 жастан 14 жасқа дейін,қала,Алматы қаласы,0.01900002850004275
2018,10 жастан 14 жасқа дейін,қала,Шымкент қаласы,0.02
2018,10 жастан 14 жасқа дейін,ауыл,,0.01499135748241139
2018,10 жастан 14 жасқа дейін,ауыл,Ақмола,0.0
2018,10 жастан 14 жасқа дейін,ауыл,Ақтөбе,0.09279881217520417
2018,10 жастан 14 жасқа дейін,ауыл,Алматы,0.03177276121181311
2018,10 жастан 14 жасқа дейін,ауыл,Атырау,0.0759762953958365
2018,10 жастан 14 жасқа дейін,ауыл,Батыс Қазақстан,0.0
2018,10 жастан 14 жасқа дейін,ауыл,Жамбыл,0.0
2018,10 жастан 14 жасқа дейін,ауыл,Қарағанды,0.0
2018,10 жастан 14 жасқа дейін,ауыл,Қостанай,0.0
2018,10 жастан 14 жасқа дейін,ауыл,Қызылорда,0.048344210780759005
2018,10 жастан 14 жасқа дейін,ауыл,Маңғыстау,0.0
2018,10 жастан 14 жасқа дейін,ауыл,Павлодар,0.0
2018,10 жастан 14 жасқа дейін,ауыл,Солтүстік Қазақстан,0.0
2018,10 жастан 14 жасқа дейін,ауыл,Түркістан,0.0
2018,10 жастан 14 жасқа дейін,ауыл,Шығыс Қазақстан,0.0
2018,15-19,,,23.93
2018,,,Ақмола,21.61
2018,,,Ақтөбе,17.74
2018,,,Алматы,28.76
2018,,,Атырау,28.21
2018,,,Батыс Қазақстан,20.94
2018,,,Жамбыл,36.64
2018,,,Қарағанды,20.41
2018,,,Қостанай,18.63
2018,,,Қызылорда,20.65
2018,,,Маңғыстау,35.04
2018,,,Павлодар,18.47
2018,,,Солтүстік Қазақстан,19.55
2018,,,Түркістан,30.92
2018,,,Шығыс Қазақстан,19.52
2018,,,Нұр-Сұлтан қаласы,15.07
2018,,,Алматы қаласы,12.31
2018,,,Шымкент қаласы,24.34
2018,,қала,,21.09
2018,,қала,Ақмола,20.1
2018,,қала,Ақтөбе,18.9
2018,,қала,Алматы,31.06
2018,,қала,Атырау,28.76
2018,,қала,Батыс Қазақстан,20.77
2018,,қала,Жамбыл,29.45
2018,,қала,Қарағанды,20.1
2018,,қала,Қостанай,14.14
2018,,қала,Қызылорда,20.81
2018,,қала,Маңғыстау,36.41
2018,,қала,Павлодар,16.43
2018,,қала,Солтүстік Қазақстан,16.84
2018,,қала,Түркістан,38.55
2018,,қала,Шығыс Қазақстан,19.48
2018,,қала,Нұр-Сұлтан қаласы,15.07
2018,,қала,Алматы қаласы,12.31
2018,,қала,Шымкент қаласы,24.34
2018,,ауыл,,27.01
2018,,ауыл,Ақмола,22.74
2018,,ауыл,Ақтөбе,15.65
2018,,ауыл,Алматы,28.14
2018,,ауыл,Атырау,27.68
2018,,ауыл,Батыс Қазақстан,21.1
2018,,ауыл,Жамбыл,40.8
2018,,ауыл,Қарағанды,21.36
2018,,ауыл,Қостанай,22.51
2018,,ауыл,Қызылорда,20.54
2018,,ауыл,Маңғыстау,34.27
2018,,ауыл,Павлодар,22.26
2018,,ауыл,Солтүстік Қазақстан,21.07
2018,,ауыл,Түркістан,29.23
2018,,ауыл,Шығыс Қазақстан,19.57
2019,10 жастан 14 жасқа дейін,,,0.024606669227583
2019,10 жастан 14 жасқа дейін,,Ақмола,0.03750093752343808
2019,10 жастан 14 жасқа дейін,,Ақтөбе,0.030241173357526276
2019,10 жастан 14 жасқа дейін,,Алматы,0.046981994150741724
2019,10 жастан 14 жасқа дейін,,Атырау,0.03604058169498856
2019,10 жастан 14 жасқа дейін,,Батыс Қазақстан,0.0
2019,10 жастан 14 жасқа дейін,,Жамбыл,0.05513439007580979
2019,10 жастан 14 жасқа дейін,,Қарағанды,0.041271151465125874
2019,10 жастан 14 жасқа дейін,,Қостанай,0.0
2019,10 жастан 14 жасқа дейін,,Қызылорда,0.0
2019,10 жастан 14 жасқа дейін,,Маңғыстау,0.0
2019,10 жастан 14 жасқа дейін,,Павлодар,0.0
2019,10 жастан 14 жасқа дейін,,Солтүстік Қазақстан,0.0
2019,10 жастан 14 жасқа дейін,,Түркістан,0.0
2019,10 жастан 14 жасқа дейін,,Шығыс Қазақстан,0.04194982800570518
2019,10 жастан 14 жасқа дейін,,Нұр-Сұлтан қаласы,0.02776119817331316
2019,10 жастан 14 жасқа дейін,,Алматы қаласы,0.0
2019,10 жастан 14 жасқа дейін,,Шымкент қаласы,0.06613465014770073
2019,10 жастан 14 жасқа дейін,қала,,0.01821818356902024
2019,10 жастан 14 жасқа дейін,қала,Ақмола,0.0
2019,10 жастан 14 жасқа дейін,қала,Ақтөбе,0.0456266824839166
2019,10 жастан 14 жасқа дейін,қала,Алматы,0.0
2019,10 жастан 14 жасқа дейін,қала,Атырау,0.06922810661128419
2019,10 жастан 14 жасқа дейін,қала,Батыс Қазақстан,0.0
2019,10 жастан 14 жасқа дейін,қала,Жамбыл,0.0
2019,10 жастан 14 жасқа дейін,қала,Қарағанды,0.02702447065818098
2019,10 жастан 14 жасқа дейін,қала,Қостанай,0.0
2019,10 жастан 14 жасқа дейін,қала,Қызылорда,0.0
2019,10 жастан 14 жасқа дейін,қала,Маңғыстау,0.0
2019,10 жастан 14 жасқа дейін,қала,Павлодар,0.0
2019,10 жастан 14 жасқа дейін,қала,Солтүстік Қазақстан,0.0
2019,10 жастан 14 жасқа дейін,қала,Түркістан,0.0
2019,10 жастан 14 жасқа дейін,қала,Шығыс Қазақстан,0.0
2019,10 жастан 14 жасқа дейін,қала,Нұр-Сұлтан қаласы,0.02776119817331316
2019,10 жастан 14 жасқа дейін,қала,Алматы қаласы,0.0
2019,10 жастан 14 жасқа дейін,қала,Шымкент қаласы,0.06613465014770073
2019,10 жастан 14 жасқа дейін,ауыл,,0.031674957346790385
2019,10 жастан 14 жасқа дейін,ауыл,Ақмола,0.06602185323342026
2019,10 жастан 14 жасқа дейін,ауыл,Ақтөбе,0.0
2019,10 жастан 14 жасқа дейін,ауыл,Алматы,0.059401823635985625
2019,10 жастан 14 жасқа дейін,ауыл,Атырау,0.0
2019,10 жастан 14 жасқа дейін,ауыл,Батыс Қазақстан,0.0
2019,10 жастан 14 жасқа дейін,ауыл,Жамбыл,0.08695904229108091
2019,10 жастан 14 жасқа дейін,ауыл,Қарағанды,0.08728669314363025
2019,10 жастан 14 жасқа дейін,ауыл,Қостанай,0.0
2019,10 жастан 14 жасқа дейін,ауыл,Қызылорда,0.0
2019,10 жастан 14 жасқа дейін,ауыл,Маңғыстау,0.0
2019,10 жастан 14 жасқа дейін,ауыл,Павлодар,0.0
2019,10 жастан 14 жасқа дейін,ауыл,Солтүстік Қазақстан,0.0
2019,10 жастан 14 жасқа дейін,ауыл,Түркістан,0.0
2019,10 жастан 14 жасқа дейін,ауыл,Шығыс Қазақстан,0.0920683146894996
2019,15-19,,,23.2
2019,,,Ақмола,21.6
2019,,,Ақтөбе,18.06
2019,,,Алматы,27.35
2019,,,Атырау,25.96
2019,,,Батыс Қазақстан,18.71
2019,,,Жамбыл,33.73
2019,,,Қарағанды,19.91
2019,,,Қостанай,18.48
2019,,,Қызылорда,18.95
2019,,,Маңғыстау,33.98
2019,,,Павлодар,18.24
2019,,,Солтүстік Қазақстан,19.15
2019,,,Түркістан,31.97
2019,,,Шығыс Қазақстан,17.23
2019,,,Нұр-Сұлтан қаласы,11.69
2019,,,Алматы қаласы,12.39
2019,,,Шымкент қаласы,25.44
2019,,қала,,20.61
2019,,қала,Ақмола,19.76
2019,,қала,Ақтөбе,20.01
2019,,қала,Алматы,30.27
2019,,қала,Атырау,24.43
2019,,қала,Батыс Қазақстан,19.1
2019,,қала,Жамбыл,27.77
2019,,қала,Қарағанды,19.23
2019,,қала,Қостанай,15.33
2019,,қала,Қызылорда,19.44
2019,,қала,Маңғыстау,29.86
2019,,қала,Павлодар,16.52
2019,,қала,Солтүстік Қазақстан,16.43
2019,,қала,Түркістан,45.85
2019,,қала,Шығыс Қазақстан,16.49
2019,,қала,Нұр-Сұлтан қаласы,11.69
2019,,қала,Алматы қаласы,12.39
2019,,қала,Шымкент қаласы,20.61
2019,,ауыл,,26.04
2019,,ауыл,Ақмола,22.95
2019,,ауыл,Ақтөбе,14.49
2019,,ауыл,Алматы,26.57
2019,,ауыл,Атырау,27.53
2019,,ауыл,Батыс Қазақстан,18.36
2019,,ауыл,Жамбыл,37.14
2019,,ауыл,Қарағанды,21.96
2019,,ауыл,Қостанай,21.61
2019,,ауыл,Қызылорда,18.64
2019,,ауыл,Маңғыстау,36.34
2019,,ауыл,Павлодар,21.43
2019,,ауыл,Солтүстік Қазақстан,20.7
2019,,ауыл,Түркістан,28.85
2019,,ауыл,Шығыс Қазақстан,18.16
