Year,Units,Аймақ,Жынысы,Өңірлер,Жасы,Білім беру,Квинтиль индекса благосостояния,Value
2010,пайыз,,,,,,,81.6
2010,пайыз,қала,,,,,,856.0
2010,пайыз,ауыл,,,,,,780.0
2010,пайыз,,ұлдар,,,,,804.0
2010,пайыз,,қыздар,,,,,827.0
2010,пайыз,,,Ақмола,,,,90.5
2010,пайыз,,,Ақтөбе,,,,96.1
2010,пайыз,,,Алматы,,,,81.4
2010,пайыз,,,Атырау,,,,83.2
2010,пайыз,,,Батыс Қазақстан,,,,98.6
2010,пайыз,,,Жамбыл,,,,83.9
2010,пайыз,,,Қарағанды,,,,75.9
2010,пайыз,,,Қостанай,,,,83.3
2010,пайыз,,,Қызылорда,,,,67.2
2010,пайыз,,,Маңғыстау,,,,66.9
2010,пайыз,,,Оңтүстік Қазақстан,,,,70.1
2010,пайыз,,,Павлодар,,,,95.7
2010,пайыз,,,Солтүстік Қазақстан,,,,84.3
2010,пайыз,,,Шығыс Қазақстан,,,,80.6
2010,пайыз,,,Нұр-Сұлтан қаласы,,,,93.3
2010,пайыз,,,Алматы қаласы,,,,97.4
2010,пайыз,,,,,негізгі орта,,77.1
2010,пайыз,,,,,техникалық және кәсіби,,833.0
2010,пайыз,,,,,жоғары,,853.0
2010,пайыз,,,,,,ең кедей,711.0
2010,пайыз,,,,,,екінші,788.0
2010,пайыз,,,,,,орташа,832.0
2010,пайыз,,,,,,төртінші,865.0
2010,пайыз,,,,,,ең бай,916.0
2015,пайыз,,,,,,,90.8
2015,пайыз,қала,,,,,,90.6
2015,пайыз,ауыл,,,,,,90.9
2015,пайыз,,ұлдар,,,,,91.1
2015,пайыз,,қыздар,,,,,90.4
2015,пайыз,,,Ақмола,,,,98.8
2015,пайыз,,,Ақтөбе,,,,100.0
2015,пайыз,,,Алматы,,,,82.4
2015,пайыз,,,Атырау,,,,98.5
2015,пайыз,,,Батыс Қазақстан,,,,100.0
2015,пайыз,,,Жамбыл,,,,92.0
2015,пайыз,,,Қарағанды,,,,94.0
2015,пайыз,,,Қостанай,,,,100.0
2015,пайыз,,,Қызылорда,,,,69.6
2015,пайыз,,,Маңғыстау,,,,100.0
2015,пайыз,,,Оңтүстік Қазақстан,,,,87.4
2015,пайыз,,,Павлодар,,,,95.4
2015,пайыз,,,Солтүстік Қазақстан,,,,94.9
2015,пайыз,,,Шығыс Қазақстан,,,,96.6
2015,пайыз,,,Нұр-Сұлтан қаласы,,,,100.0
2015,пайыз,,,Алматы қаласы,,,,58.4
2015,,,,,6 жас,,,89.8
2015,пайыз,,,,7 жастан асқан,,,92.1
2015,пайыз,,,,,негізгі орта,,95.5
2015,пайыз,,,,,жалпы орта,,83.2
2015,пайыз,,,,,техникалық және кәсіби,,92.0
2015,пайыз,,,,,жоғары,,94.6
2015,пайыз,,,,,,ең кедей,88.3
2015,пайыз,,,,,,екінші,87.2
2015,пайыз,,,,,,орташа,89.4
2015,пайыз,,,,,,төртінші,93.5
2015,пайыз,,,,,,ең бай,96.7
