Year,UNIT_MEASURE,Аймақ,Жынысы,Өңірлер,Value
2010,пайыз,,,,23.4
2011,пайыз,,,,25.0
2012,пайыз,,,,27.8
2013,пайыз,,,,27.4
2014,пайыз,,,,32.4
2015,пайыз,,,,32.5
2016,пайыз,,,,34.6
2017,пайыз,,,,36.6
2018,пайыз,,,,40.0
2010,пайыз,,,Ақмола,27.3
2011,пайыз,,,Ақмола,30.0
2012,пайыз,,,Ақмола,34.3
2013,пайыз,,,Ақмола,33.0
2014,пайыз,,,Ақмола,36.2
2015,пайыз,,,Ақмола,41.9
2016,пайыз,,,Ақмола,42.6
2017,пайыз,,,Ақмола,41.9
2018,пайыз,,,Ақмола,42.5
2010,пайыз,,,Ақтөбе,30.8
2011,пайыз,,,Ақтөбе,34.1
2012,пайыз,,,Ақтөбе,40.3
2013,пайыз,,,Ақтөбе,36.8
2014,пайыз,,,Ақтөбе,53.2
2015,пайыз,,,Ақтөбе,46.6
2016,пайыз,,,Ақтөбе,50.3
2017,пайыз,,,Ақтөбе,48.6
2018,пайыз,,,Ақтөбе,52.2
2010,пайыз,,,Алматы,16.4
2011,пайыз,,,Алматы,19.7
2012,пайыз,,,Алматы,26.7
2013,пайыз,,,Алматы,19.9
2014,пайыз,,,Алматы,29.2
2015,пайыз,,,Алматы,25.8
2016,пайыз,,,Алматы,26.3
2017,пайыз,,,Алматы,27.9
2018,пайыз,,,Алматы,38.0
2010,пайыз,,,Атырау,32.9
2011,пайыз,,,Атырау,35.4
2012,пайыз,,,Атырау,26.7
2013,пайыз,,,Атырау,28.1
2014,пайыз,,,Атырау,30.3
2015,пайыз,,,Атырау,40.2
2016,пайыз,,,Атырау,32.0
2017,пайыз,,,Атырау,40.3
2018,пайыз,,,Атырау,33.9
2010,пайыз,,,Батыс Қазақстан,25.3
2011,пайыз,,,Батыс Қазақстан,28.9
2012,пайыз,,,Батыс Қазақстан,41.4
2013,пайыз,,,Батыс Қазақстан,47.3
2014,пайыз,,,Батыс Қазақстан,34.9
2015,пайыз,,,Батыс Қазақстан,37.7
2016,пайыз,,,Батыс Қазақстан,39.8
2017,пайыз,,,Батыс Қазақстан,45.6
2018,пайыз,,,Батыс Қазақстан,50.6
2010,пайыз,,,Жамбыл,18.8
2011,пайыз,,,Жамбыл,22.3
2012,пайыз,,,Жамбыл,24.1
2013,пайыз,,,Жамбыл,37.6
2014,пайыз,,,Жамбыл,23.6
2015,пайыз,,,Жамбыл,25.6
2016,пайыз,,,Жамбыл,31.3
2017,пайыз,,,Жамбыл,25.0
2018,пайыз,,,Жамбыл,31.0
2010,пайыз,,,Қарағанды,28.0
2011,пайыз,,,Қарағанды,28.6
2012,пайыз,,,Қарағанды,29.6
2013,пайыз,,,Қарағанды,26.4
2014,пайыз,,,Қарағанды,36.9
2015,пайыз,,,Қарағанды,33.8
2016,пайыз,,,Қарағанды,39.0
2017,пайыз,,,Қарағанды,42.2
2018,пайыз,,,Қарағанды,45.1
2010,пайыз,,,Қостанай,27.3
2011,пайыз,,,Қостанай,33.5
2012,пайыз,,,Қостанай,37.9
2013,пайыз,,,Қостанай,38.0
2014,пайыз,,,Қостанай,39.0
2015,пайыз,,,Қостанай,46.1
2016,пайыз,,,Қостанай,43.6
2017,пайыз,,,Қостанай,44.8
2018,пайыз,,,Қостанай,51.1
2010,пайыз,,,Қызылорда,20.3
2011,пайыз,,,Қызылорда,23.4
2012,пайыз,,,Қызылорда,28.7
2013,пайыз,,,Қызылорда,27.0
2014,пайыз,,,Қызылорда,39.9
2015,пайыз,,,Қызылорда,39.6
2016,пайыз,,,Қызылорда,38.6
2017,пайыз,,,Қызылорда,43.2
2018,пайыз,,,Қызылорда,43.8
2010,пайыз,,,Маңғыстау,42.6
2011,пайыз,,,Маңғыстау,36.3
2012,пайыз,,,Маңғыстау,35.8
2013,пайыз,,,Маңғыстау,42.9
2014,пайыз,,,Маңғыстау,44.6
2015,пайыз,,,Маңғыстау,61.0
2016,пайыз,,,Маңғыстау,60.1
2017,пайыз,,,Маңғыстау,70.3
2018,пайыз,,,Маңғыстау,67.2
2010,пайыз,,,Оңтүстік Қазақстан,12.0
2011,пайыз,,,Оңтүстік Қазақстан,12.8
2012,пайыз,,,Оңтүстік Қазақстан,16.9
2013,пайыз,,,Оңтүстік Қазақстан,14.7
2014,пайыз,,,Оңтүстік Қазақстан,27.4
2015,пайыз,,,Оңтүстік Қазақстан,26.6
2016,пайыз,,,Оңтүстік Қазақстан,25.6
2017,пайыз,,,Оңтүстік Қазақстан,29.2
2010,пайыз,,,Павлодар,39.1
2011,пайыз,,,Павлодар,36.5
2012,пайыз,,,Павлодар,38.1
2013,пайыз,,,Павлодар,45.9
2014,пайыз,,,Павлодар,42.2
2015,пайыз,,,Павлодар,48.6
2016,пайыз,,,Павлодар,44.6
2017,пайыз,,,Павлодар,50.0
2018,пайыз,,,Павлодар,58.5
2010,пайыз,,,Солтүстік Қазақстан,27.2
2011,пайыз,,,Солтүстік Қазақстан,30.0
2012,пайыз,,,Солтүстік Қазақстан,31.3
2013,пайыз,,,Солтүстік Қазақстан,30.2
2014,пайыз,,,Солтүстік Қазақстан,40.7
2015,пайыз,,,Солтүстік Қазақстан,37.7
2016,пайыз,,,Солтүстік Қазақстан,35.3
2017,пайыз,,,Солтүстік Қазақстан,42.1
2018,пайыз,,,Солтүстік Қазақстан,50.0
2018,пайыз,,,Түркістан,37.3
2010,пайыз,,,Шығыс Қазақстан,25.7
2011,пайыз,,,Шығыс Қазақстан,28.2
2012,пайыз,,,Шығыс Қазақстан,32.4
2013,пайыз,,,Шығыс Қазақстан,33.5
2014,пайыз,,,Шығыс Қазақстан,37.2
2015,пайыз,,,Шығыс Қазақстан,38.8
2016,пайыз,,,Шығыс Қазақстан,39.9
2017,пайыз,,,Шығыс Қазақстан,46.5
2018,пайыз,,,Шығыс Қазақстан,50.7
2010,пайыз,,,Нұр-Сұлтан қаласы,31.6
2011,пайыз,,,Нұр-Сұлтан қаласы,23.3
2012,пайыз,,,Нұр-Сұлтан қаласы,24.2
2013,пайыз,,,Нұр-Сұлтан қаласы,23.4
2014,пайыз,,,Нұр-Сұлтан қаласы,32.0
2015,пайыз,,,Нұр-Сұлтан қаласы,32.4
2016,пайыз,,,Нұр-Сұлтан қаласы,33.7
2017,пайыз,,,Нұр-Сұлтан қаласы,34.6
2018,пайыз,,,Нұр-Сұлтан қаласы,36.3
2010,пайыз,,,Алматы қаласы,18.7
2011,пайыз,,,Алматы қаласы,20.2
2012,пайыз,,,Алматы қаласы,18.7
2013,пайыз,,,Алматы қаласы,18.0
2014,пайыз,,,Алматы қаласы,16.9
2015,пайыз,,,Алматы қаласы,14.4
2016,пайыз,,,Алматы қаласы,26.3
2017,пайыз,,,Алматы қаласы,25.3
2018,пайыз,,,Алматы қаласы,25.9
2018,пайыз,,,Шымкент қаласы,28.6
2010,пайыз,,ерлер,,23.6
2011,пайыз,,ерлер,,26.0
2012,пайыз,,ерлер,,28.1
2013,пайыз,,ерлер,,28.4
2014,пайыз,,ерлер,,33.6
2015,пайыз,,ерлер,,34.5
2016,пайыз,,ерлер,,35.8
2017,пайыз,,ерлер,,38.4
2018,пайыз,,ерлер,,42.0
2010,пайыз,,ерлер,Ақмола,26.7
2011,пайыз,,ерлер,Ақмола,29.5
2012,пайыз,,ерлер,Ақмола,33.9
2013,пайыз,,ерлер,Ақмола,34.0
2014,пайыз,,ерлер,Ақмола,37.2
2015,пайыз,,ерлер,Ақмола,45.4
2016,пайыз,,ерлер,Ақмола,43.0
2017,пайыз,,ерлер,Ақмола,42.0
2018,пайыз,,ерлер,Ақмола,44.5
2010,пайыз,,ерлер,Ақтөбе,28.3
2011,пайыз,,ерлер,Ақтөбе,38.1
2012,пайыз,,ерлер,Ақтөбе,38.9
2013,пайыз,,ерлер,Ақтөбе,41.8
2014,пайыз,,ерлер,Ақтөбе,61.1
2015,пайыз,,ерлер,Ақтөбе,49.6
2016,пайыз,,ерлер,Ақтөбе,55.5
2017,пайыз,,ерлер,Ақтөбе,54.6
2018,пайыз,,ерлер,Ақтөбе,57.2
2010,пайыз,,ерлер,Алматы,17.0
2011,пайыз,,ерлер,Алматы,21.0
2012,пайыз,,ерлер,Алматы,25.1
2013,пайыз,,ерлер,Алматы,20.2
2014,пайыз,,ерлер,Алматы,29.0
2015,пайыз,,ерлер,Алматы,26.0
2016,пайыз,,ерлер,Алматы,25.5
2017,пайыз,,ерлер,Алматы,26.9
2018,пайыз,,ерлер,Алматы,38.4
2010,пайыз,,ерлер,Атырау,31.3
2011,пайыз,,ерлер,Атырау,36.9
2012,пайыз,,ерлер,Атырау,29.7
2013,пайыз,,ерлер,Атырау,29.6
2014,пайыз,,ерлер,Атырау,32.1
2015,пайыз,,ерлер,Атырау,42.6
2016,пайыз,,ерлер,Атырау,34.1
2017,пайыз,,ерлер,Атырау,43.7
2018,пайыз,,ерлер,Атырау,34.9
2010,пайыз,,ерлер,Батыс Қазақстан,23.9
2011,пайыз,,ерлер,Батыс Қазақстан,27.1
2012,пайыз,,ерлер,Батыс Қазақстан,44.3
2013,пайыз,,ерлер,Батыс Қазақстан,49.0
2014,пайыз,,ерлер,Батыс Қазақстан,36.5
2015,пайыз,,ерлер,Батыс Қазақстан,39.0
2016,пайыз,,ерлер,Батыс Қазақстан,42.8
2017,пайыз,,ерлер,Батыс Қазақстан,47.2
2018,пайыз,,ерлер,Батыс Қазақстан,52.9
2010,пайыз,,ерлер,Жамбыл,21.1
2011,пайыз,,ерлер,Жамбыл,25.0
2012,пайыз,,ерлер,Жамбыл,23.5
2013,пайыз,,ерлер,Жамбыл,38.5
2014,пайыз,,ерлер,Жамбыл,23.1
2015,пайыз,,ерлер,Жамбыл,27.0
2016,пайыз,,ерлер,Жамбыл,31.3
2017,пайыз,,ерлер,Жамбыл,26.0
2018,пайыз,,ерлер,Жамбыл,33.6
2010,пайыз,,ерлер,Қарағанды,29.2
2011,пайыз,,ерлер,Қарағанды,29.3
2012,пайыз,,ерлер,Қарағанды,29.1
2013,пайыз,,ерлер,Қарағанды,28.0
2014,пайыз,,ерлер,Қарағанды,37.6
2015,пайыз,,ерлер,Қарағанды,37.2
2016,пайыз,,ерлер,Қарағанды,41.3
2017,пайыз,,ерлер,Қарағанды,44.6
2018,пайыз,,ерлер,Қарағанды,48.3
2010,пайыз,,ерлер,Қостанай,29.0
2011,пайыз,,ерлер,Қостанай,36.0
2012,пайыз,,ерлер,Қостанай,38.3
2013,пайыз,,ерлер,Қостанай,39.1
2014,пайыз,,ерлер,Қостанай,39.6
2015,пайыз,,ерлер,Қостанай,48.2
2016,пайыз,,ерлер,Қостанай,47.4
2017,пайыз,,ерлер,Қостанай,48.4
2018,пайыз,,ерлер,Қостанай,54.2
2010,пайыз,,ерлер,Қызылорда,18.0
2011,пайыз,,ерлер,Қызылорда,19.6
2012,пайыз,,ерлер,Қызылорда,26.8
2013,пайыз,,ерлер,Қызылорда,25.6
2014,пайыз,,ерлер,Қызылорда,40.0
2015,пайыз,,ерлер,Қызылорда,40.6
2016,пайыз,,ерлер,Қызылорда,39.8
2017,пайыз,,ерлер,Қызылорда,44.8
2018,пайыз,,ерлер,Қызылорда,44.0
2010,пайыз,,ерлер,Маңғыстау,43.7
2011,пайыз,,ерлер,Маңғыстау,40.8
2012,пайыз,,ерлер,Маңғыстау,43.7
2013,пайыз,,ерлер,Маңғыстау,34.6
2014,пайыз,,ерлер,Маңғыстау,48.6
2015,пайыз,,ерлер,Маңғыстау,65.8
2016,пайыз,,ерлер,Маңғыстау,64.8
2017,пайыз,,ерлер,Маңғыстау,74.0
2018,пайыз,,ерлер,Маңғыстау,69.2
2010,пайыз,,ерлер,Оңтүстік Қазақстан,13.0
2011,пайыз,,ерлер,Оңтүстік Қазақстан,13.1
2012,пайыз,,ерлер,Оңтүстік Қазақстан,15.9
2013,пайыз,,ерлер,Оңтүстік Қазақстан,14.9
2014,пайыз,,ерлер,Оңтүстік Қазақстан,27.1
2015,пайыз,,ерлер,Оңтүстік Қазақстан,25.7
2016,пайыз,,ерлер,Оңтүстік Қазақстан,23.1
2017,пайыз,,ерлер,Оңтүстік Қазақстан,29.1
2010,пайыз,,ерлер,Павлодар,37.4
2011,пайыз,,ерлер,Павлодар,38.3
2012,пайыз,,ерлер,Павлодар,39.1
2013,пайыз,,ерлер,Павлодар,47.1
2014,пайыз,,ерлер,Павлодар,43.9
2015,пайыз,,ерлер,Павлодар,53.7
2016,пайыз,,ерлер,Павлодар,45.5
2017,пайыз,,ерлер,Павлодар,53.7
2018,пайыз,,ерлер,Павлодар,61.6
2010,пайыз,,ерлер,Солтүстік Қазақстан,25.3
2011,пайыз,,ерлер,Солтүстік Қазақстан,31.0
2012,пайыз,,ерлер,Солтүстік Қазақстан,38.2
2013,пайыз,,ерлер,Солтүстік Қазақстан,30.8
2014,пайыз,,ерлер,Солтүстік Қазақстан,42.9
2015,пайыз,,ерлер,Солтүстік Қазақстан,40.6
2016,пайыз,,ерлер,Солтүстік Қазақстан,37.0
2017,пайыз,,ерлер,Солтүстік Қазақстан,42.4
2018,пайыз,,ерлер,Солтүстік Қазақстан,50.2
2018,пайыз,,ерлер,Түркістан,39.4
2010,пайыз,,ерлер,Шығыс Қазақстан,24.5
2011,пайыз,,ерлер,Шығыс Қазақстан,27.4
2012,пайыз,,ерлер,Шығыс Қазақстан,33.4
2013,пайыз,,ерлер,Шығыс Қазақстан,38.4
2014,пайыз,,ерлер,Шығыс Қазақстан,39.6
2015,пайыз,,ерлер,Шығыс Қазақстан,43.9
2016,пайыз,,ерлер,Шығыс Қазақстан,40.9
2017,пайыз,,ерлер,Шығыс Қазақстан,50.8
2018,пайыз,,ерлер,Шығыс Қазақстан,53.0
2010,пайыз,,ерлер,Нұр-Сұлтан қаласы,36.2
2011,пайыз,,ерлер,Нұр-Сұлтан қаласы,23.6
2012,пайыз,,ерлер,Нұр-Сұлтан қаласы,26.9
2013,пайыз,,ерлер,Нұр-Сұлтан қаласы,24.3
2014,пайыз,,ерлер,Нұр-Сұлтан қаласы,31.7
2015,пайыз,,ерлер,Нұр-Сұлтан қаласы,32.5
2016,пайыз,,ерлер,Нұр-Сұлтан қаласы,34.0
2017,пайыз,,ерлер,Нұр-Сұлтан қаласы,35.5
2018,пайыз,,ерлер,Нұр-Сұлтан қаласы,38.6
2010,пайыз,,ерлер,Алматы қаласы,21.1
2011,пайыз,,ерлер,Алматы қаласы,25.0
2012,пайыз,,ерлер,Алматы қаласы,17.5
2013,пайыз,,ерлер,Алматы қаласы,20.1
2014,пайыз,,ерлер,Алматы қаласы,18.6
2015,пайыз,,ерлер,Алматы қаласы,16.5
2016,пайыз,,ерлер,Алматы қаласы,29.8
2017,пайыз,,ерлер,Алматы қаласы,26.7
2018,пайыз,,ерлер,Алматы қаласы,27.8
2018,пайыз,,ерлер,Шымкент қаласы,25.3
2010,пайыз,,әйелдер,,23.1
2011,пайыз,,әйелдер,,23.9
2012,пайыз,,әйелдер,,27.4
2013,пайыз,,әйелдер,,26.3
2014,пайыз,,әйелдер,,31.0
2015,пайыз,,әйелдер,,30.2
2016,пайыз,,әйелдер,,33.0
2017,пайыз,,әйелдер,,34.4
2018,пайыз,,әйелдер,,37.7
2010,пайыз,,әйелдер,Ақмола,28.1
2011,пайыз,,әйелдер,Ақмола,30.6
2012,пайыз,,әйелдер,Ақмола,34.7
2013,пайыз,,әйелдер,Ақмола,31.5
2014,пайыз,,әйелдер,Ақмола,35.1
2015,пайыз,,әйелдер,Ақмола,38.1
2016,пайыз,,әйелдер,Ақмола,42.2
2017,пайыз,,әйелдер,Ақмола,41.7
2018,пайыз,,әйелдер,Ақмола,40.2
2010,пайыз,,әйелдер,Ақтөбе,33.2
2011,пайыз,,әйелдер,Ақтөбе,30.5
2012,пайыз,,әйелдер,Ақтөбе,41.7
2013,пайыз,,әйелдер,Ақтөбе,32.0
2014,пайыз,,әйелдер,Ақтөбе,44.1
2015,пайыз,,әйелдер,Ақтөбе,42.9
2016,пайыз,,әйелдер,Ақтөбе,43.9
2017,пайыз,,әйелдер,Ақтөбе,41.5
2018,пайыз,,әйелдер,Ақтөбе,46.3
2010,пайыз,,әйелдер,Алматы,15.5
2011,пайыз,,әйелдер,Алматы,18.2
2012,пайыз,,әйелдер,Алматы,28.7
2013,пайыз,,әйелдер,Алматы,19.6
2014,пайыз,,әйелдер,Алматы,29.4
2015,пайыз,,әйелдер,Алматы,25.6
2016,пайыз,,әйелдер,Алматы,27.2
2017,пайыз,,әйелдер,Алматы,28.9
2018,пайыз,,әйелдер,Алматы,37.5
2010,пайыз,,әйелдер,Атырау,34.8
2011,пайыз,,әйелдер,Атырау,33.8
2012,пайыз,,әйелдер,Атырау,23.4
2013,пайыз,,әйелдер,Атырау,26.4
2014,пайыз,,әйелдер,Атырау,28.2
2015,пайыз,,әйелдер,Атырау,37.2
2016,пайыз,,әйелдер,Атырау,29.4
2017,пайыз,,әйелдер,Атырау,35.8
2018,пайыз,,әйелдер,Атырау,32.7
2010,пайыз,,әйелдер,Батыс Қазақстан,27.1
2011,пайыз,,әйелдер,Батыс Қазақстан,30.9
2012,пайыз,,әйелдер,Батыс Қазақстан,38.0
2013,пайыз,,әйелдер,Батыс Қазақстан,45.2
2014,пайыз,,әйелдер,Батыс Қазақстан,33.0
2015,пайыз,,әйелдер,Батыс Қазақстан,36.1
2016,пайыз,,әйелдер,Батыс Қазақстан,36.4
2017,пайыз,,әйелдер,Батыс Қазақстан,43.8
2018,пайыз,,әйелдер,Батыс Қазақстан,47.8
2010,пайыз,,әйелдер,Жамбыл,16.4
2011,пайыз,,әйелдер,Жамбыл,19.4
2012,пайыз,,әйелдер,Жамбыл,24.8
2013,пайыз,,әйелдер,Жамбыл,36.7
2014,пайыз,,әйелдер,Жамбыл,24.1
2015,пайыз,,әйелдер,Жамбыл,24.0
2016,пайыз,,әйелдер,Жамбыл,31.4
2017,пайыз,,әйелдер,Жамбыл,23.7
2018,пайыз,,әйелдер,Жамбыл,27.8
2010,пайыз,,әйелдер,Қарағанды,26.7
2011,пайыз,,әйелдер,Қарағанды,27.7
2012,пайыз,,әйелдер,Қарағанды,30.1
2013,пайыз,,әйелдер,Қарағанды,24.5
2014,пайыз,,әйелдер,Қарағанды,35.9
2015,пайыз,,әйелдер,Қарағанды,29.3
2016,пайыз,,әйелдер,Қарағанды,35.9
2017,пайыз,,әйелдер,Қарағанды,38.8
2018,пайыз,,әйелдер,Қарағанды,40.6
2010,пайыз,,әйелдер,Қостанай,25.2
2011,пайыз,,әйелдер,Қостанай,30.7
2012,пайыз,,әйелдер,Қостанай,37.4
2013,пайыз,,әйелдер,Қостанай,36.9
2014,пайыз,,әйелдер,Қостанай,38.3
2015,пайыз,,әйелдер,Қостанай,43.6
2016,пайыз,,әйелдер,Қостанай,39.5
2017,пайыз,,әйелдер,Қостанай,40.9
2018,пайыз,,әйелдер,Қостанай,47.9
2010,пайыз,,әйелдер,Қызылорда,23.2
2011,пайыз,,әйелдер,Қызылорда,28.0
2012,пайыз,,әйелдер,Қызылорда,31.1
2013,пайыз,,әйелдер,Қызылорда,28.8
2014,пайыз,,әйелдер,Қызылорда,39.7
2015,пайыз,,әйелдер,Қызылорда,38.2
2016,пайыз,,әйелдер,Қызылорда,37.3
2017,пайыз,,әйелдер,Қызылорда,41.2
2018,пайыз,,әйелдер,Қызылорда,43.6
2010,пайыз,,әйелдер,Маңғыстау,41.1
2011,пайыз,,әйелдер,Маңғыстау,30.5
2012,пайыз,,әйелдер,Маңғыстау,25.8
2013,пайыз,,әйелдер,Маңғыстау,52.9
2014,пайыз,,әйелдер,Маңғыстау,38.9
2015,пайыз,,әйелдер,Маңғыстау,54.9
2016,пайыз,,әйелдер,Маңғыстау,52.8
2017,пайыз,,әйелдер,Маңғыстау,65.2
2018,пайыз,,әйелдер,Маңғыстау,64.8
2010,пайыз,,әйелдер,Оңтүстік Қазақстан,10.7
2011,пайыз,,әйелдер,Оңтүстік Қазақстан,12.5
2012,пайыз,,әйелдер,Оңтүстік Қазақстан,18.0
2013,пайыз,,әйелдер,Оңтүстік Қазақстан,14.5
2014,пайыз,,әйелдер,Оңтүстік Қазақстан,27.8
2015,пайыз,,әйелдер,Оңтүстік Қазақстан,27.7
2016,пайыз,,әйелдер,Оңтүстік Қазақстан,29.1
2017,пайыз,,әйелдер,Оңтүстік Қазақстан,29.4
2010,пайыз,,әйелдер,Павлодар,40.9
2011,пайыз,,әйелдер,Павлодар,34.5
2012,пайыз,,әйелдер,Павлодар,36.9
2013,пайыз,,әйелдер,Павлодар,44.1
2014,пайыз,,әйелдер,Павлодар,40.4
2015,пайыз,,әйелдер,Павлодар,42.8
2016,пайыз,,әйелдер,Павлодар,43.6
2017,пайыз,,әйелдер,Павлодар,45.6
2018,пайыз,,әйелдер,Павлодар,55.5
2010,пайыз,,әйелдер,Солтүстік Қазақстан,29.5
2011,пайыз,,әйелдер,Солтүстік Қазақстан,28.9
2012,пайыз,,әйелдер,Солтүстік Қазақстан,24.3
2013,пайыз,,әйелдер,Солтүстік Қазақстан,29.6
2014,пайыз,,әйелдер,Солтүстік Қазақстан,37.7
2015,пайыз,,әйелдер,Солтүстік Қазақстан,34.1
2016,пайыз,,әйелдер,Солтүстік Қазақстан,33.1
2017,пайыз,,әйелдер,Солтүстік Қазақстан,41.8
2018,пайыз,,әйелдер,Солтүстік Қазақстан,49.7
2018,пайыз,,әйелдер,Түркістан,34.5
2010,пайыз,,әйелдер,Шығыс Қазақстан,27.1
2011,пайыз,,әйелдер,Шығыс Қазақстан,29.2
2012,пайыз,,әйелдер,Шығыс Қазақстан,31.1
2013,пайыз,,әйелдер,Шығыс Қазақстан,27.7
2014,пайыз,,әйелдер,Шығыс Қазақстан,34.1
2015,пайыз,,әйелдер,Шығыс Қазақстан,32.8
2016,пайыз,,әйелдер,Шығыс Қазақстан,38.7
2017,пайыз,,әйелдер,Шығыс Қазақстан,41.4
2018,пайыз,,әйелдер,Шығыс Қазақстан,47.9
2010,пайыз,,әйелдер,Нұр-Сұлтан қаласы,26.9
2011,пайыз,,әйелдер,Нұр-Сұлтан қаласы,23.1
2012,пайыз,,әйелдер,Нұр-Сұлтан қаласы,21.2
2013,пайыз,,әйелдер,Нұр-Сұлтан қаласы,16.7
2014,пайыз,,әйелдер,Нұр-Сұлтан қаласы,34.3
2015,пайыз,,әйелдер,Нұр-Сұлтан қаласы,31.9
2016,пайыз,,әйелдер,Нұр-Сұлтан қаласы,31.0
2017,пайыз,,әйелдер,Нұр-Сұлтан қаласы,28.0
2018,пайыз,,әйелдер,Нұр-Сұлтан қаласы,18.5
2010,пайыз,,әйелдер,Алматы қаласы,16.2
2011,пайыз,,әйелдер,Алматы қаласы,15.4
2012,пайыз,,әйелдер,Алматы қаласы,19.8
2013,пайыз,,әйелдер,Алматы қаласы,15.7
2014,пайыз,,әйелдер,Алматы қаласы,14.9
2015,пайыз,,әйелдер,Алматы қаласы,12.2
2016,пайыз,,әйелдер,Алматы қаласы,22.2
2017,пайыз,,әйелдер,Алматы қаласы,23.6
2018,пайыз,,әйелдер,Алматы қаласы,23.9
2018,пайыз,,әйелдер,Шымкент қаласы,32.2
2010,пайыз,қала,,,28.3
2011,пайыз,қала,,,29.1
2012,пайыз,қала,,,30.6
2013,пайыз,қала,,,29.3
2014,пайыз,қала,,,32.7
2015,пайыз,қала,,,32.7
2016,пайыз,қала,,,35.6
2017,пайыз,қала,,,37.5
2018,пайыз,қала,,,38.4
2010,пайыз,қала,,Ақмола,32.4
2011,пайыз,қала,,Ақмола,36.9
2012,пайыз,қала,,Ақмола,45.0
2013,пайыз,қала,,Ақмола,43.3
2014,пайыз,қала,,Ақмола,40.4
2015,пайыз,қала,,Ақмола,44.0
2016,пайыз,қала,,Ақмола,46.7
2017,пайыз,қала,,Ақмола,44.6
2018,пайыз,қала,,Ақмола,41.1
2010,пайыз,қала,,Ақтөбе,35.8
2011,пайыз,қала,,Ақтөбе,35.7
2012,пайыз,қала,,Ақтөбе,38.7
2013,пайыз,қала,,Ақтөбе,33.0
2014,пайыз,қала,,Ақтөбе,56.1
2015,пайыз,қала,,Ақтөбе,47.3
2016,пайыз,қала,,Ақтөбе,51.7
2017,пайыз,қала,,Ақтөбе,47.5
2018,пайыз,қала,,Ақтөбе,53.7
2010,пайыз,қала,,Алматы,15.0
2011,пайыз,қала,,Алматы,23.2
2012,пайыз,қала,,Алматы,27.2
2013,пайыз,қала,,Алматы,22.9
2014,пайыз,қала,,Алматы,29.9
2015,пайыз,қала,,Алматы,28.2
2016,пайыз,қала,,Алматы,27.8
2017,пайыз,қала,,Алматы,35.2
2018,пайыз,қала,,Алматы,38.8
2010,пайыз,қала,,Атырау,38.0
2011,пайыз,қала,,Атырау,37.8
2012,пайыз,қала,,Атырау,27.3
2013,пайыз,қала,,Атырау,29.5
2014,пайыз,қала,,Атырау,30.5
2015,пайыз,қала,,Атырау,49.4
2016,пайыз,қала,,Атырау,34.9
2017,пайыз,қала,,Атырау,42.3
2018,пайыз,қала,,Атырау,35.7
2010,пайыз,қала,,Батыс Қазақстан,33.8
2011,пайыз,қала,,Батыс Қазақстан,35.1
2012,пайыз,қала,,Батыс Қазақстан,44.7
2013,пайыз,қала,,Батыс Қазақстан,42.8
2014,пайыз,қала,,Батыс Қазақстан,35.7
2015,пайыз,қала,,Батыс Қазақстан,40.1
2016,пайыз,қала,,Батыс Қазақстан,41.5
2017,пайыз,қала,,Батыс Қазақстан,38.8
2018,пайыз,қала,,Батыс Қазақстан,44.3
2010,пайыз,қала,,Жамбыл,33.9
2011,пайыз,қала,,Жамбыл,35.4
2012,пайыз,қала,,Жамбыл,25.4
2013,пайыз,қала,,Жамбыл,42.2
2014,пайыз,қала,,Жамбыл,23.8
2015,пайыз,қала,,Жамбыл,29.1
2016,пайыз,қала,,Жамбыл,41.1
2017,пайыз,қала,,Жамбыл,31.0
2018,пайыз,қала,,Жамбыл,33.5
2010,пайыз,қала,,Қарағанды,30.7
2011,пайыз,қала,,Қарағанды,30.0
2012,пайыз,қала,,Қарағанды,30.4
2013,пайыз,қала,,Қарағанды,26.7
2014,пайыз,қала,,Қарағанды,35.6
2015,пайыз,қала,,Қарағанды,31.8
2016,пайыз,қала,,Қарағанды,38.4
2017,пайыз,қала,,Қарағанды,42.4
2018,пайыз,қала,,Қарағанды,44.3
2010,пайыз,қала,,Қостанай,27.7
2011,пайыз,қала,,Қостанай,35.5
2012,пайыз,қала,,Қостанай,41.8
2013,пайыз,қала,,Қостанай,40.5
2014,пайыз,қала,,Қостанай,41.4
2015,пайыз,қала,,Қостанай,48.9
2016,пайыз,қала,,Қостанай,45.4
2017,пайыз,қала,,Қостанай,47.0
2018,пайыз,қала,,Қостанай,54.8
2010,пайыз,қала,,Қызылорда,20.1
2011,пайыз,қала,,Қызылорда,23.9
2012,пайыз,қала,,Қызылорда,29.4
2013,пайыз,қала,,Қызылорда,31.8
2014,пайыз,қала,,Қызылорда,44.0
2015,пайыз,қала,,Қызылорда,33.7
2016,пайыз,қала,,Қызылорда,38.3
2017,пайыз,қала,,Қызылорда,43.8
2018,пайыз,қала,,Қызылорда,45.3
2010,пайыз,қала,,Маңғыстау,46.3
2011,пайыз,қала,,Маңғыстау,37.9
2012,пайыз,қала,,Маңғыстау,38.7
2013,пайыз,қала,,Маңғыстау,45.8
2014,пайыз,қала,,Маңғыстау,39.3
2015,пайыз,қала,,Маңғыстау,59.5
2016,пайыз,қала,,Маңғыстау,55.5
2017,пайыз,қала,,Маңғыстау,67.1
2018,пайыз,қала,,Маңғыстау,60.9
2010,пайыз,қала,,Оңтүстік Қазақстан,18.8
2011,пайыз,қала,,Оңтүстік Қазақстан,19.1
2012,пайыз,қала,,Оңтүстік Қазақстан,26.6
2013,пайыз,қала,,Оңтүстік Қазақстан,24.0
2014,пайыз,қала,,Оңтүстік Қазақстан,28.9
2015,пайыз,қала,,Оңтүстік Қазақстан,32.5
2016,пайыз,қала,,Оңтүстік Қазақстан,25.4
2017,пайыз,қала,,Оңтүстік Қазақстан,28.6
2010,пайыз,қала,,Павлодар,41.2
2011,пайыз,қала,,Павлодар,43.5
2012,пайыз,қала,,Павлодар,42.9
2013,пайыз,қала,,Павлодар,48.6
2014,пайыз,қала,,Павлодар,45.8
2015,пайыз,қала,,Павлодар,52.8
2016,пайыз,қала,,Павлодар,46.9
2017,пайыз,қала,,Павлодар,50.4
2018,пайыз,қала,,Павлодар,59.7
2010,пайыз,қала,,Солтүстік Қазақстан,29.8
2011,пайыз,қала,,Солтүстік Қазақстан,39.7
2012,пайыз,қала,,Солтүстік Қазақстан,41.0
2013,пайыз,қала,,Солтүстік Қазақстан,40.0
2014,пайыз,қала,,Солтүстік Қазақстан,42.1
2015,пайыз,қала,,Солтүстік Қазақстан,38.9
2016,пайыз,қала,,Солтүстік Қазақстан,31.2
2017,пайыз,қала,,Солтүстік Қазақстан,45.6
2018,пайыз,қала,,Солтүстік Қазақстан,54.3
2018,пайыз,қала,,Түркістан,42.9
2010,пайыз,қала,,Шығыс Қазақстан,32.9
2011,пайыз,қала,,Шығыс Қазақстан,32.3
2012,пайыз,қала,,Шығыс Қазақстан,36.9
2013,пайыз,қала,,Шығыс Қазақстан,35.3
2014,пайыз,қала,,Шығыс Қазақстан,37.1
2015,пайыз,қала,,Шығыс Қазақстан,37.1
2016,пайыз,қала,,Шығыс Қазақстан,38.2
2017,пайыз,қала,,Шығыс Қазақстан,49.2
2018,пайыз,қала,,Шығыс Қазақстан,53.2
2010,пайыз,қала,,Нұр-Сұлтан қаласы,31.6
2011,пайыз,қала,,Нұр-Сұлтан қаласы,23.3
2012,пайыз,қала,,Нұр-Сұлтан қаласы,24.2
2013,пайыз,қала,,Нұр-Сұлтан қаласы,18.0
2014,пайыз,қала,,Нұр-Сұлтан қаласы,33.4
2015,пайыз,қала,,Нұр-Сұлтан қаласы,34.1
2016,пайыз,қала,,Нұр-Сұлтан қаласы,34.6
2017,пайыз,қала,,Нұр-Сұлтан қаласы,32.7
2018,пайыз,қала,,Нұр-Сұлтан қаласы,21.2
2010,пайыз,қала,,Алматы қаласы,18.7
2011,пайыз,қала,,Алматы қаласы,20.2
2012,пайыз,қала,,Алматы қаласы,18.7
2013,пайыз,қала,,Алматы қаласы,17.5
2014,пайыз,қала,,Алматы қаласы,15.6
2015,пайыз,қала,,Алматы қаласы,12.7
2016,пайыз,қала,,Алматы қаласы,25.3
2017,пайыз,қала,,Алматы қаласы,24.2
2018,пайыз,қала,,Алматы қаласы,24.7
2018,пайыз,қала,,Шымкент қаласы,26.9
2010,пайыз,қала,ерлер,,30.7
2011,пайыз,қала,ерлер,,32.0
2012,пайыз,қала,ерлер,,32.4
2013,пайыз,қала,ерлер,,31.2
2014,пайыз,қала,ерлер,,34.8
2015,пайыз,қала,ерлер,,36.2
2016,пайыз,қала,ерлер,,38.2
2017,пайыз,қала,ерлер,,40.8
2018,пайыз,қала,ерлер,,41.1
2010,пайыз,қала,ерлер,Ақмола,33.2
2011,пайыз,қала,ерлер,Ақмола,38.5
2012,пайыз,қала,ерлер,Ақмола,46.7
2013,пайыз,қала,ерлер,Ақмола,47.0
2014,пайыз,қала,ерлер,Ақмола,41.8
2015,пайыз,қала,ерлер,Ақмола,50.7
2016,пайыз,қала,ерлер,Ақмола,46.9
2017,пайыз,қала,ерлер,Ақмола,43.9
2018,пайыз,қала,ерлер,Ақмола,42.6
2010,пайыз,қала,ерлер,Ақтөбе,33.3
2011,пайыз,қала,ерлер,Ақтөбе,45.7
2012,пайыз,қала,ерлер,Ақтөбе,38.9
2013,пайыз,қала,ерлер,Ақтөбе,41.6
2014,пайыз,қала,ерлер,Ақтөбе,66.2
2015,пайыз,қала,ерлер,Ақтөбе,51.1
2016,пайыз,қала,ерлер,Ақтөбе,58.7
2017,пайыз,қала,ерлер,Ақтөбе,55.1
2018,пайыз,қала,ерлер,Ақтөбе,58.7
2010,пайыз,қала,ерлер,Алматы,15.1
2011,пайыз,қала,ерлер,Алматы,25.7
2012,пайыз,қала,ерлер,Алматы,23.2
2013,пайыз,қала,ерлер,Алматы,21.5
2014,пайыз,қала,ерлер,Алматы,31.6
2015,пайыз,қала,ерлер,Алматы,30.3
2016,пайыз,қала,ерлер,Алматы,29.3
2017,пайыз,қала,ерлер,Алматы,34.6
2018,пайыз,қала,ерлер,Алматы,42.8
2010,пайыз,қала,ерлер,Атырау,40.3
2011,пайыз,қала,ерлер,Атырау,41.2
2012,пайыз,қала,ерлер,Атырау,32.8
2013,пайыз,қала,ерлер,Атырау,31.4
2014,пайыз,қала,ерлер,Атырау,32.8
2015,пайыз,қала,ерлер,Атырау,53.4
2016,пайыз,қала,ерлер,Атырау,34.9
2017,пайыз,қала,ерлер,Атырау,45.5
2018,пайыз,қала,ерлер,Атырау,37.6
2010,пайыз,қала,ерлер,Батыс Қазақстан,37.5
2011,пайыз,қала,ерлер,Батыс Қазақстан,38.3
2012,пайыз,қала,ерлер,Батыс Қазақстан,56.9
2013,пайыз,қала,ерлер,Батыс Қазақстан,43.0
2014,пайыз,қала,ерлер,Батыс Қазақстан,40.5
2015,пайыз,қала,ерлер,Батыс Қазақстан,42.3
2016,пайыз,қала,ерлер,Батыс Қазақстан,47.5
2017,пайыз,қала,ерлер,Батыс Қазақстан,44.8
2018,пайыз,қала,ерлер,Батыс Қазақстан,50.2
2010,пайыз,қала,ерлер,Жамбыл,44.9
2011,пайыз,қала,ерлер,Жамбыл,44.2
2012,пайыз,қала,ерлер,Жамбыл,29.2
2013,пайыз,қала,ерлер,Жамбыл,51.7
2014,пайыз,қала,ерлер,Жамбыл,25.2
2015,пайыз,қала,ерлер,Жамбыл,33.7
2016,пайыз,қала,ерлер,Жамбыл,45.1
2017,пайыз,қала,ерлер,Жамбыл,33.7
2018,пайыз,қала,ерлер,Жамбыл,37.7
2010,пайыз,қала,ерлер,Қарағанды,32.5
2011,пайыз,қала,ерлер,Қарағанды,31.2
2012,пайыз,қала,ерлер,Қарағанды,30.2
2013,пайыз,қала,ерлер,Қарағанды,28.1
2014,пайыз,қала,ерлер,Қарағанды,36.4
2015,пайыз,қала,ерлер,Қарағанды,36.1
2016,пайыз,қала,ерлер,Қарағанды,41.2
2017,пайыз,қала,ерлер,Қарағанды,45.6
2018,пайыз,қала,ерлер,Қарағанды,48.3
2010,пайыз,қала,ерлер,Қостанай,32.4
2011,пайыз,қала,ерлер,Қостанай,40.7
2012,пайыз,қала,ерлер,Қостанай,42.5
2013,пайыз,қала,ерлер,Қостанай,38.2
2014,пайыз,қала,ерлер,Қостанай,41.9
2015,пайыз,қала,ерлер,Қостанай,51.0
2016,пайыз,қала,ерлер,Қостанай,51.6
2017,пайыз,қала,ерлер,Қостанай,52.1
2018,пайыз,қала,ерлер,Қостанай,59.1
2010,пайыз,қала,ерлер,Қызылорда,21.9
2011,пайыз,қала,ерлер,Қызылорда,22.0
2012,пайыз,қала,ерлер,Қызылорда,25.6
2013,пайыз,қала,ерлер,Қызылорда,30.7
2014,пайыз,қала,ерлер,Қызылорда,44.3
2015,пайыз,қала,ерлер,Қызылорда,34.4
2016,пайыз,қала,ерлер,Қызылорда,41.1
2017,пайыз,қала,ерлер,Қызылорда,47.6
2018,пайыз,қала,ерлер,Қызылорда,47.2
2010,пайыз,қала,ерлер,Маңғыстау,50.1
2011,пайыз,қала,ерлер,Маңғыстау,43.9
2012,пайыз,қала,ерлер,Маңғыстау,45.8
2013,пайыз,қала,ерлер,Маңғыстау,32.6
2014,пайыз,қала,ерлер,Маңғыстау,41.8
2015,пайыз,қала,ерлер,Маңғыстау,65.5
2016,пайыз,қала,ерлер,Маңғыстау,63.3
2017,пайыз,қала,ерлер,Маңғыстау,72.2
2018,пайыз,қала,ерлер,Маңғыстау,64.0
2010,пайыз,қала,ерлер,Оңтүстік Қазақстан,20.3
2011,пайыз,қала,ерлер,Оңтүстік Қазақстан,19.6
2012,пайыз,қала,ерлер,Оңтүстік Қазақстан,28.7
2013,пайыз,қала,ерлер,Оңтүстік Қазақстан,24.8
2014,пайыз,қала,ерлер,Оңтүстік Қазақстан,27.1
2015,пайыз,қала,ерлер,Оңтүстік Қазақстан,34.8
2016,пайыз,қала,ерлер,Оңтүстік Қазақстан,20.9
2017,пайыз,қала,ерлер,Оңтүстік Қазақстан,31.1
2010,пайыз,қала,ерлер,Павлодар,40.6
2011,пайыз,қала,ерлер,Павлодар,45.6
2012,пайыз,қала,ерлер,Павлодар,44.3
2013,пайыз,қала,ерлер,Павлодар,50.0
2014,пайыз,қала,ерлер,Павлодар,49.7
2015,пайыз,қала,ерлер,Павлодар,60.3
2016,пайыз,қала,ерлер,Павлодар,48.9
2017,пайыз,қала,ерлер,Павлодар,56.4
2018,пайыз,қала,ерлер,Павлодар,62.9
2010,пайыз,қала,ерлер,Солтүстік Қазақстан,28.0
2011,пайыз,қала,ерлер,Солтүстік Қазақстан,43.2
2012,пайыз,қала,ерлер,Солтүстік Қазақстан,50.8
2013,пайыз,қала,ерлер,Солтүстік Қазақстан,44.0
2014,пайыз,қала,ерлер,Солтүстік Қазақстан,45.4
2015,пайыз,қала,ерлер,Солтүстік Қазақстан,44.1
2016,пайыз,қала,ерлер,Солтүстік Қазақстан,32.6
2017,пайыз,қала,ерлер,Солтүстік Қазақстан,47.3
2018,пайыз,қала,ерлер,Солтүстік Қазақстан,54.3
2018,пайыз,қала,ерлер,Түркістан,41.9
2010,пайыз,қала,ерлер,Шығыс Қазақстан,35.7
2011,пайыз,қала,ерлер,Шығыс Қазақстан,33.4
2012,пайыз,қала,ерлер,Шығыс Қазақстан,41.3
2013,пайыз,қала,ерлер,Шығыс Қазақстан,42.0
2014,пайыз,қала,ерлер,Шығыс Қазақстан,42.5
2015,пайыз,қала,ерлер,Шығыс Қазақстан,43.6
2016,пайыз,қала,ерлер,Шығыс Қазақстан,39.0
2017,пайыз,қала,ерлер,Шығыс Қазақстан,55.6
2018,пайыз,қала,ерлер,Шығыс Қазақстан,58.4
2010,пайыз,қала,ерлер,Нұр-Сұлтан қаласы,36.2
2011,пайыз,қала,ерлер,Нұр-Сұлтан қаласы,23.6
2012,пайыз,қала,ерлер,Нұр-Сұлтан қаласы,26.9
2013,пайыз,қала,ерлер,Нұр-Сұлтан қаласы,19.4
2014,пайыз,қала,ерлер,Нұр-Сұлтан қаласы,32.5
2015,пайыз,қала,ерлер,Нұр-Сұлтан қаласы,36.2
2016,пайыз,қала,ерлер,Нұр-Сұлтан қаласы,38.1
2017,пайыз,қала,ерлер,Нұр-Сұлтан қаласы,37.0
2018,пайыз,қала,ерлер,Нұр-Сұлтан қаласы,23.9
2010,пайыз,қала,ерлер,Алматы қаласы,21.1
2011,пайыз,қала,ерлер,Алматы қаласы,25.0
2012,пайыз,қала,ерлер,Алматы қаласы,17.5
2013,пайыз,қала,ерлер,Алматы қаласы,19.4
2014,пайыз,қала,ерлер,Алматы қаласы,16.2
2015,пайыз,қала,ерлер,Алматы қаласы,13.3
2016,пайыз,қала,ерлер,Алматы қаласы,28.5
2017,пайыз,қала,ерлер,Алматы қаласы,24.9
2018,пайыз,қала,ерлер,Алматы қаласы,25.6
2018,пайыз,қала,ерлер,Шымкент қаласы,20.7
2010,пайыз,қала,әйелдер,,25.7
2011,пайыз,қала,әйелдер,,26.1
2012,пайыз,қала,әйелдер,,28.7
2013,пайыз,қала,әйелдер,,27.2
2014,пайыз,қала,әйелдер,,30.5
2015,пайыз,қала,әйелдер,,29.1
2016,пайыз,қала,әйелдер,,32.8
2017,пайыз,қала,әйелдер,,33.8
2018,пайыз,қала,әйелдер,,35.6
2010,пайыз,қала,әйелдер,Ақмола,31.6
2011,пайыз,қала,әйелдер,Ақмола,35.2
2012,пайыз,қала,әйелдер,Ақмола,43.0
2013,пайыз,қала,әйелдер,Ақмола,38.9
2014,пайыз,қала,әйелдер,Ақмола,39.1
2015,пайыз,қала,әйелдер,Ақмола,37.5
2016,пайыз,қала,әйелдер,Ақмола,46.5
2017,пайыз,қала,әйелдер,Ақмола,45.4
2018,пайыз,қала,әйелдер,Ақмола,39.7
2010,пайыз,қала,әйелдер,Ақтөбе,37.7
2011,пайыз,қала,әйелдер,Ақтөбе,27.1
2012,пайыз,қала,әйелдер,Ақтөбе,38.6
2013,пайыз,қала,әйелдер,Ақтөбе,24.4
2014,пайыз,қала,әйелдер,Ақтөбе,44.5
2015,пайыз,қала,әйелдер,Ақтөбе,43.1
2016,пайыз,қала,әйелдер,Ақтөбе,43.4
2017,пайыз,қала,әйелдер,Ақтөбе,39.0
2018,пайыз,қала,әйелдер,Ақтөбе,48.5
2010,пайыз,қала,әйелдер,Алматы,14.9
2011,пайыз,қала,әйелдер,Алматы,20.7
2012,пайыз,қала,әйелдер,Алматы,32.5
2013,пайыз,қала,әйелдер,Алматы,24.6
2014,пайыз,қала,әйелдер,Алматы,28.1
2015,пайыз,қала,әйелдер,Алматы,25.8
2016,пайыз,қала,әйелдер,Алматы,26.0
2017,пайыз,қала,әйелдер,Алматы,35.7
2018,пайыз,қала,әйелдер,Алматы,34.4
2010,пайыз,қала,әйелдер,Атырау,35.1
2011,пайыз,қала,әйелдер,Атырау,34.4
2012,пайыз,қала,әйелдер,Атырау,21.7
2013,пайыз,қала,әйелдер,Атырау,27.6
2014,пайыз,қала,әйелдер,Атырау,28.0
2015,пайыз,қала,әйелдер,Атырау,44.8
2016,пайыз,қала,әйелдер,Атырау,34.9
2017,пайыз,қала,әйелдер,Атырау,38.6
2018,пайыз,қала,әйелдер,Атырау,33.9
2010,пайыз,қала,әйелдер,Батыс Қазақстан,28.5
2011,пайыз,қала,әйелдер,Батыс Қазақстан,31.8
2012,пайыз,қала,әйелдер,Батыс Қазақстан,30.5
2013,пайыз,қала,әйелдер,Батыс Қазақстан,42.5
2014,пайыз,қала,әйелдер,Батыс Қазақстан,30.5
2015,пайыз,қала,әйелдер,Батыс Қазақстан,37.7
2016,пайыз,қала,әйелдер,Батыс Қазақстан,34.9
2017,пайыз,қала,әйелдер,Батыс Қазақстан,33.0
2018,пайыз,қала,әйелдер,Батыс Қазақстан,37.2
2010,пайыз,қала,әйелдер,Жамбыл,22.8
2011,пайыз,қала,әйелдер,Жамбыл,26.3
2012,пайыз,қала,әйелдер,Жамбыл,21.2
2013,пайыз,қала,әйелдер,Жамбыл,32.9
2014,пайыз,қала,әйелдер,Жамбыл,22.3
2015,пайыз,қала,әйелдер,Жамбыл,23.4
2016,пайыз,қала,әйелдер,Жамбыл,35.7
2017,пайыз,қала,әйелдер,Жамбыл,27.3
2018,пайыз,қала,әйелдер,Жамбыл,28.4
2010,пайыз,қала,әйелдер,Қарағанды,28.8
2011,пайыз,қала,әйелдер,Қарағанды,28.8
2012,пайыз,қала,әйелдер,Қарағанды,30.7
2013,пайыз,қала,әйелдер,Қарағанды,25.2
2014,пайыз,қала,әйелдер,Қарағанды,34.6
2015,пайыз,қала,әйелдер,Қарағанды,26.7
2016,пайыз,қала,әйелдер,Қарағанды,34.8
2017,пайыз,қала,әйелдер,Қарағанды,37.9
2018,пайыз,қала,әйелдер,Қарағанды,39.0
2010,пайыз,қала,әйелдер,Қостанай,22.8
2011,пайыз,қала,әйелдер,Қостанай,30.2
2012,пайыз,қала,әйелдер,Қостанай,41.1
2013,пайыз,қала,әйелдер,Қостанай,42.6
2014,пайыз,қала,әйелдер,Қостанай,41.0
2015,пайыз,қала,әйелдер,Қостанай,46.5
2016,пайыз,қала,әйелдер,Қостанай,39.2
2017,пайыз,қала,әйелдер,Қостанай,42.0
2018,пайыз,қала,әйелдер,Қостанай,50.8
2010,пайыз,қала,әйелдер,Қызылорда,18.3
2011,пайыз,қала,әйелдер,Қызылорда,26.1
2012,пайыз,қала,әйелдер,Қызылорда,34.0
2013,пайыз,қала,әйелдер,Қызылорда,33.2
2014,пайыз,қала,әйелдер,Қызылорда,43.6
2015,пайыз,қала,әйелдер,Қызылорда,32.7
2016,пайыз,қала,әйелдер,Қызылорда,35.5
2017,пайыз,қала,әйелдер,Қызылорда,39.7
2018,пайыз,қала,әйелдер,Қызылорда,42.9
2010,пайыз,қала,әйелдер,Маңғыстау,41.0
2011,пайыз,қала,әйелдер,Маңғыстау,30.6
2012,пайыз,қала,әйелдер,Маңғыстау,29.9
2013,пайыз,қала,әйелдер,Маңғыстау,59.0
2014,пайыз,қала,әйелдер,Маңғыстау,36.4
2015,пайыз,қала,әйелдер,Маңғыстау,52.9
2016,пайыз,қала,әйелдер,Маңғыстау,44.6
2017,пайыз,қала,әйелдер,Маңғыстау,59.9
2018,пайыз,қала,әйелдер,Маңғыстау,57.1
2010,пайыз,қала,әйелдер,Оңтүстік Қазақстан,16.9
2011,пайыз,қала,әйелдер,Оңтүстік Қазақстан,18.6
2012,пайыз,қала,әйелдер,Оңтүстік Қазақстан,24.2
2013,пайыз,қала,әйелдер,Оңтүстік Қазақстан,23.0
2014,пайыз,қала,әйелдер,Оңтүстік Қазақстан,30.8
2015,пайыз,қала,әйелдер,Оңтүстік Қазақстан,30.2
2016,пайыз,қала,әйелдер,Оңтүстік Қазақстан,31.1
2017,пайыз,қала,әйелдер,Оңтүстік Қазақстан,25.0
2010,пайыз,қала,әйелдер,Павлодар,41.8
2011,пайыз,қала,әйелдер,Павлодар,41.0
2012,пайыз,қала,әйелдер,Павлодар,41.2
2013,пайыз,қала,әйелдер,Павлодар,46.9
2014,пайыз,қала,әйелдер,Павлодар,41.6
2015,пайыз,қала,әйелдер,Павлодар,44.4
2016,пайыз,қала,әйелдер,Павлодар,44.7
2017,пайыз,қала,әйелдер,Павлодар,43.9
2018,пайыз,қала,әйелдер,Павлодар,56.7
2010,пайыз,қала,әйелдер,Солтүстік Қазақстан,32.0
2011,пайыз,қала,әйелдер,Солтүстік Қазақстан,36.1
2012,пайыз,қала,әйелдер,Солтүстік Қазақстан,32.4
2013,пайыз,қала,әйелдер,Солтүстік Қазақстан,36.3
2014,пайыз,қала,әйелдер,Солтүстік Қазақстан,37.8
2015,пайыз,қала,әйелдер,Солтүстік Қазақстан,33.0
2016,пайыз,қала,әйелдер,Солтүстік Қазақстан,29.6
2017,пайыз,қала,әйелдер,Солтүстік Қазақстан,43.5
2018,пайыз,қала,әйелдер,Солтүстік Қазақстан,54.2
2018,пайыз,қала,әйелдер,Түркістан,44.2
2010,пайыз,қала,әйелдер,Шығыс Қазақстан,30.3
2011,пайыз,қала,әйелдер,Шығыс Қазақстан,31.2
2012,пайыз,қала,әйелдер,Шығыс Қазақстан,32.0
2013,пайыз,қала,әйелдер,Шығыс Қазақстан,27.9
2014,пайыз,қала,әйелдер,Шығыс Қазақстан,30.9
2015,пайыз,қала,әйелдер,Шығыс Қазақстан,30.7
2016,пайыз,қала,әйелдер,Шығыс Қазақстан,37.5
2017,пайыз,қала,әйелдер,Шығыс Қазақстан,42.4
2018,пайыз,қала,әйелдер,Шығыс Қазақстан,47.7
2010,пайыз,қала,әйелдер,Нұр-Сұлтан қаласы,26.9
2011,пайыз,қала,әйелдер,Нұр-Сұлтан қаласы,23.1
2012,пайыз,қала,әйелдер,Нұр-Сұлтан қаласы,21.2
2013,пайыз,қала,әйелдер,Нұр-Сұлтан қаласы,16.7
2014,пайыз,қала,әйелдер,Нұр-Сұлтан қаласы,34.3
2015,пайыз,қала,әйелдер,Нұр-Сұлтан қаласы,31.9
2016,пайыз,қала,әйелдер,Нұр-Сұлтан қаласы,31.0
2017,пайыз,қала,әйелдер,Нұр-Сұлтан қаласы,28.0
2018,пайыз,қала,әйелдер,Нұр-Сұлтан қаласы,18.5
2010,пайыз,қала,әйелдер,Алматы қаласы,16.2
2011,пайыз,қала,әйелдер,Алматы қаласы,15.4
2012,пайыз,қала,әйелдер,Алматы қаласы,19.8
2013,пайыз,қала,әйелдер,Алматы қаласы,15.7
2014,пайыз,қала,әйелдер,Алматы қаласы,14.9
2015,пайыз,қала,әйелдер,Алматы қаласы,12.2
2016,пайыз,қала,әйелдер,Алматы қаласы,22.2
2017,пайыз,қала,әйелдер,Алматы қаласы,23.6
2018,пайыз,қала,әйелдер,Алматы қаласы,23.9
2018,пайыз,қала,әйелдер,Шымкент қаласы,32.2
2010,пайыз,ауыл,,,18.9
2011,пайыз,ауыл,,,20.8
2012,пайыз,ауыл,,,24.5
2013,пайыз,ауыл,,,25.3
2014,пайыз,ауыл,,,32.0
2015,пайыз,ауыл,,,32.3
2016,пайыз,ауыл,,,33.3
2017,пайыз,ауыл,,,35.4
2018,пайыз,ауыл,,,42.1
2010,пайыз,ауыл,,Ақмола,24.2
2011,пайыз,ауыл,,Ақмола,25.2
2012,пайыз,ауыл,,Ақмола,24.3
2013,пайыз,ауыл,,Ақмола,24.4
2014,пайыз,ауыл,,Ақмола,32.1
2015,пайыз,ауыл,,Ақмола,39.9
2016,пайыз,ауыл,,Ақмола,38.8
2017,пайыз,ауыл,,Ақмола,39.2
2018,пайыз,ауыл,,Ақмола,43.7
2010,пайыз,ауыл,,Ақтөбе,26.4
2011,пайыз,ауыл,,Ақтөбе,32.3
2012,пайыз,ауыл,,Ақтөбе,42.6
2013,пайыз,ауыл,,Ақтөбе,44.3
2014,пайыз,ауыл,,Ақтөбе,48.8
2015,пайыз,ауыл,,Ақтөбе,45.2
2016,пайыз,ауыл,,Ақтөбе,48.0
2017,пайыз,ауыл,,Ақтөбе,50.8
2018,пайыз,ауыл,,Ақтөбе,49.4
2010,пайыз,ауыл,,Алматы,16.7
2011,пайыз,ауыл,,Алматы,18.9
2012,пайыз,ауыл,,Алматы,26.5
2013,пайыз,ауыл,,Алматы,18.9
2014,пайыз,ауыл,,Алматы,29.0
2015,пайыз,ауыл,,Алматы,25.2
2016,пайыз,ауыл,,Алматы,25.9
2017,пайыз,ауыл,,Алматы,25.6
2018,пайыз,ауыл,,Алматы,37.7
2010,пайыз,ауыл,,Атырау,30.0
2011,пайыз,ауыл,,Атырау,33.9
2012,пайыз,ауыл,,Атырау,26.2
2013,пайыз,ауыл,,Атырау,26.7
2014,пайыз,ауыл,,Атырау,30.1
2015,пайыз,ауыл,,Атырау,31.1
2016,пайыз,ауыл,,Атырау,29.7
2017,пайыз,ауыл,,Атырау,38.2
2018,пайыз,ауыл,,Атырау,32.3
2010,пайыз,ауыл,,Батыс Қазақстан,19.8
2011,пайыз,ауыл,,Батыс Қазақстан,24.5
2012,пайыз,ауыл,,Батыс Қазақстан,39.5
2013,пайыз,ауыл,,Батыс Қазақстан,50.0
2014,пайыз,ауыл,,Батыс Қазақстан,34.2
2015,пайыз,ауыл,,Батыс Қазақстан,35.9
2016,пайыз,ауыл,,Батыс Қазақстан,38.4
2017,пайыз,ауыл,,Батыс Қазақстан,50.3
2018,пайыз,ауыл,,Батыс Қазақстан,55.1
2010,пайыз,ауыл,,Жамбыл,10.3
2011,пайыз,ауыл,,Жамбыл,15.2
2012,пайыз,ауыл,,Жамбыл,23.5
2013,пайыз,ауыл,,Жамбыл,35.4
2014,пайыз,ауыл,,Жамбыл,23.4
2015,пайыз,ауыл,,Жамбыл,23.6
2016,пайыз,ауыл,,Жамбыл,26.8
2017,пайыз,ауыл,,Жамбыл,21.7
2018,пайыз,ауыл,,Жамбыл,29.7
2010,пайыз,ауыл,,Қарағанды,20.8
2011,пайыз,ауыл,,Қарағанды,24.3
2012,пайыз,ауыл,,Қарағанды,26.5
2013,пайыз,ауыл,,Қарағанды,25.0
2014,пайыз,ауыл,,Қарағанды,41.5
2015,пайыз,ауыл,,Қарағанды,42.3
2016,пайыз,ауыл,,Қарағанды,41.5
2017,пайыз,ауыл,,Қарағанды,41.6
2018,пайыз,ауыл,,Қарағанды,48.2
2010,пайыз,ауыл,,Қостанай,26.9
2011,пайыз,ауыл,,Қостанай,31.8
2012,пайыз,ауыл,,Қостанай,34.0
2013,пайыз,ауыл,,Қостанай,35.8
2014,пайыз,ауыл,,Қостанай,35.9
2015,пайыз,ауыл,,Қостанай,42.4
2016,пайыз,ауыл,,Қостанай,41.2
2017,пайыз,ауыл,,Қостанай,42.1
2018,пайыз,ауыл,,Қостанай,45.9
2010,пайыз,ауыл,,Қызылорда,20.5
2011,пайыз,ауыл,,Қызылорда,23.0
2012,пайыз,ауыл,,Қызылорда,28.1
2013,пайыз,ауыл,,Қызылорда,23.5
2014,пайыз,ауыл,,Қызылорда,37.5
2015,пайыз,ауыл,,Қызылорда,42.9
2016,пайыз,ауыл,,Қызылорда,38.9
2017,пайыз,ауыл,,Қызылорда,42.8
2018,пайыз,ауыл,,Қызылорда,42.9
2010,пайыз,ауыл,,Маңғыстау,37.6
2011,пайыз,ауыл,,Маңғыстау,34.3
2012,пайыз,ауыл,,Маңғыстау,32.0
2013,пайыз,ауыл,,Маңғыстау,39.7
2014,пайыз,ауыл,,Маңғыстау,51.6
2015,пайыз,ауыл,,Маңғыстау,62.6
2016,пайыз,ауыл,,Маңғыстау,64.3
2017,пайыз,ауыл,,Маңғыстау,73.1
2018,пайыз,ауыл,,Маңғыстау,71.0
2010,пайыз,ауыл,,Оңтүстік Қазақстан,8.8
2011,пайыз,ауыл,,Оңтүстік Қазақстан,9.4
2012,пайыз,ауыл,,Оңтүстік Қазақстан,11.7
2013,пайыз,ауыл,,Оңтүстік Қазақстан,9.9
2014,пайыз,ауыл,,Оңтүстік Қазақстан,26.8
2015,пайыз,ауыл,,Оңтүстік Қазақстан,23.5
2016,пайыз,ауыл,,Оңтүстік Қазақстан,25.7
2017,пайыз,ауыл,,Оңтүстік Қазақстан,29.6
2010,пайыз,ауыл,,Павлодар,36.1
2011,пайыз,ауыл,,Павлодар,24.8
2012,пайыз,ауыл,,Павлодар,30.5
2013,пайыз,ауыл,,Павлодар,40.9
2014,пайыз,ауыл,,Павлодар,35.3
2015,пайыз,ауыл,,Павлодар,40.0
2016,пайыз,ауыл,,Павлодар,39.8
2017,пайыз,ауыл,,Павлодар,49.0
2018,пайыз,ауыл,,Павлодар,55.9
2010,пайыз,ауыл,,Солтүстік Қазақстан,26.1
2011,пайыз,ауыл,,Солтүстік Қазақстан,24.7
2012,пайыз,ауыл,,Солтүстік Қазақстан,23.3
2013,пайыз,ауыл,,Солтүстік Қазақстан,21.1
2014,пайыз,ауыл,,Солтүстік Қазақстан,39.7
2015,пайыз,ауыл,,Солтүстік Қазақстан,36.6
2016,пайыз,ауыл,,Солтүстік Қазақстан,39.7
2017,пайыз,ауыл,,Солтүстік Қазақстан,38.8
2018,пайыз,ауыл,,Солтүстік Қазақстан,46.2
2018,пайыз,ауыл,,Түркістан,36.4
2010,пайыз,ауыл,,Шығыс Қазақстан,18.9
2011,пайыз,ауыл,,Шығыс Қазақстан,22.7
2012,пайыз,ауыл,,Шығыс Қазақстан,24.8
2013,пайыз,ауыл,,Шығыс Қазақстан,30.8
2014,пайыз,ауыл,,Шығыс Қазақстан,37.3
2015,пайыз,ауыл,,Шығыс Қазақстан,41.8
2016,пайыз,ауыл,,Шығыс Қазақстан,42.9
2017,пайыз,ауыл,,Шығыс Қазақстан,41.3
2018,пайыз,ауыл,,Шығыс Қазақстан,46.7
2010,пайыз,ауыл,ерлер,,17.6
2011,пайыз,ауыл,ерлер,,20.3
2012,пайыз,ауыл,ерлер,,23.5
2013,пайыз,ауыл,ерлер,,25.4
2014,пайыз,ауыл,ерлер,,32.3
2015,пайыз,ауыл,ерлер,,32.6
2016,пайыз,ауыл,ерлер,,33.2
2017,пайыз,ауыл,ерлер,,35.5
2018,пайыз,ауыл,ерлер,,43.1
2010,пайыз,ауыл,ерлер,Ақмола,22.9
2011,пайыз,ауыл,ерлер,Ақмола,23.8
2012,пайыз,ауыл,ерлер,Ақмола,22.4
2013,пайыз,ауыл,ерлер,Ақмола,25.1
2014,пайыз,ауыл,ерлер,Ақмола,33.3
2015,пайыз,ауыл,ерлер,Ақмола,40.7
2016,пайыз,ауыл,ерлер,Ақмола,39.7
2017,пайыз,ауыл,ерлер,Ақмола,40.2
2018,пайыз,ауыл,ерлер,Ақмола,46.1
2010,пайыз,ауыл,ерлер,Ақтөбе,24.4
2011,пайыз,ауыл,ерлер,Ақтөбе,29.8
2012,пайыз,ауыл,ерлер,Ақтөбе,39.1
2013,пайыз,ауыл,ерлер,Ақтөбе,42.1
2014,пайыз,ауыл,ерлер,Ақтөбе,53.3
2015,пайыз,ауыл,ерлер,Ақтөбе,47.3
2016,пайыз,ауыл,ерлер,Ақтөбе,50.4
2017,пайыз,ауыл,ерлер,Ақтөбе,53.5
2018,пайыз,ауыл,ерлер,Ақтөбе,54.8
2010,пайыз,ауыл,ерлер,Алматы,17.4
2011,пайыз,ауыл,ерлер,Алматы,20.0
2012,пайыз,ауыл,ерлер,Алматы,25.6
2013,пайыз,ауыл,ерлер,Алматы,19.7
2014,пайыз,ауыл,ерлер,Алматы,28.4
2015,пайыз,ауыл,ерлер,Алматы,24.8
2016,пайыз,ауыл,ерлер,Алматы,24.5
2017,пайыз,ауыл,ерлер,Алматы,24.5
2018,пайыз,ауыл,ерлер,Алматы,37.2
2010,пайыз,ауыл,ерлер,Атырау,25.9
2011,пайыз,ауыл,ерлер,Атырау,34.3
2012,пайыз,ауыл,ерлер,Атырау,27.0
2013,пайыз,ауыл,ерлер,Атырау,28.0
2014,пайыз,ауыл,ерлер,Атырау,31.6
2015,пайыз,ауыл,ерлер,Атырау,32.7
2016,пайыз,ауыл,ерлер,Атырау,33.6
2017,пайыз,ауыл,ерлер,Атырау,42.1
2018,пайыз,ауыл,ерлер,Атырау,32.8
2010,пайыз,ауыл,ерлер,Батыс Қазақстан,14.1
2011,пайыз,ауыл,ерлер,Батыс Қазақстан,20.0
2012,пайыз,ауыл,ерлер,Батыс Қазақстан,37.0
2013,пайыз,ауыл,ерлер,Батыс Қазақстан,52.7
2014,пайыз,ауыл,ерлер,Батыс Қазақстан,33.4
2015,пайыз,ауыл,ерлер,Батыс Қазақстан,36.7
2016,пайыз,ауыл,ерлер,Батыс Қазақстан,39.2
2017,пайыз,ауыл,ерлер,Батыс Қазақстан,48.7
2018,пайыз,ауыл,ерлер,Батыс Қазақстан,54.8
2010,пайыз,ауыл,ерлер,Жамбыл,8.4
2011,пайыз,ауыл,ерлер,Жамбыл,14.9
2012,пайыз,ауыл,ерлер,Жамбыл,20.8
2013,пайыз,ауыл,ерлер,Жамбыл,32.6
2014,пайыз,ауыл,ерлер,Жамбыл,21.7
2015,пайыз,ауыл,ерлер,Жамбыл,23.0
2016,пайыз,ауыл,ерлер,Жамбыл,24.9
2017,пайыз,ауыл,ерлер,Жамбыл,21.6
2018,пайыз,ауыл,ерлер,Жамбыл,31.5
2010,пайыз,ауыл,ерлер,Қарағанды,21.0
2011,пайыз,ауыл,ерлер,Қарағанды,24.3
2012,пайыз,ауыл,ерлер,Қарағанды,25.6
2013,пайыз,ауыл,ерлер,Қарағанды,27.6
2014,пайыз,ауыл,ерлер,Қарағанды,41.7
2015,пайыз,ауыл,ерлер,Қарағанды,41.4
2016,пайыз,ауыл,ерлер,Қарағанды,41.6
2017,пайыз,ауыл,ерлер,Қарағанды,41.0
2018,пайыз,ауыл,ерлер,Қарағанды,48.4
2010,пайыз,ауыл,ерлер,Қостанай,26.4
2011,пайыз,ауыл,ерлер,Қостанай,32.4
2012,пайыз,ауыл,ерлер,Қостанай,34.5
2013,пайыз,ауыл,ерлер,Қостанай,39.8
2014,пайыз,ауыл,ерлер,Қостанай,37.1
2015,пайыз,ауыл,ерлер,Қостанай,44.6
2016,пайыз,ауыл,ерлер,Қостанай,42.3
2017,пайыз,ауыл,ерлер,Қостанай,44.3
2018,пайыз,ауыл,ерлер,Қостанай,48.0
2010,пайыз,ауыл,ерлер,Қызылорда,15.6
2011,пайыз,ауыл,ерлер,Қызылорда,17.9
2012,пайыз,ауыл,ерлер,Қызылорда,27.7
2013,пайыз,ауыл,ерлер,Қызылорда,22.0
2014,пайыз,ауыл,ерлер,Қызылорда,37.6
2015,пайыз,ауыл,ерлер,Қызылорда,44.1
2016,пайыз,ауыл,ерлер,Қызылорда,39.0
2017,пайыз,ауыл,ерлер,Қызылорда,43.2
2018,пайыз,ауыл,ерлер,Қызылорда,42.1
2010,пайыз,ауыл,ерлер,Маңғыстау,34.7
2011,пайыз,ауыл,ерлер,Маңғыстау,37.0
2012,пайыз,ауыл,ерлер,Маңғыстау,41.0
2013,пайыз,ауыл,ерлер,Маңғыстау,36.3
2014,пайыз,ауыл,ерлер,Маңғыстау,56.5
2015,пайыз,ауыл,ерлер,Маңғыстау,66.1
2016,пайыз,ауыл,ерлер,Маңғыстау,66.2
2017,пайыз,ауыл,ерлер,Маңғыстау,75.6
2018,пайыз,ауыл,ерлер,Маңғыстау,72.4
2010,пайыз,ауыл,ерлер,Оңтүстік Қазақстан,9.6
2011,пайыз,ауыл,ерлер,Оңтүстік Қазақстан,9.6
2012,пайыз,ауыл,ерлер,Оңтүстік Қазақстан,9.2
2013,пайыз,ауыл,ерлер,Оңтүстік Қазақстан,9.9
2014,пайыз,ауыл,ерлер,Оңтүстік Қазақстан,27.1
2015,пайыз,ауыл,ерлер,Оңтүстік Қазақстан,21.6
2016,пайыз,ауыл,ерлер,Оңтүстік Қазақстан,24.2
2017,пайыз,ауыл,ерлер,Оңтүстік Қазақстан,27.9
2010,пайыз,ауыл,ерлер,Павлодар,33.1
2011,пайыз,ауыл,ерлер,Павлодар,25.5
2012,пайыз,ауыл,ерлер,Павлодар,31.9
2013,пайыз,ауыл,ерлер,Павлодар,42.5
2014,пайыз,ауыл,ерлер,Павлодар,33.0
2015,пайыз,ауыл,ерлер,Павлодар,40.3
2016,пайыз,ауыл,ерлер,Павлодар,38.9
2017,пайыз,ауыл,ерлер,Павлодар,48.5
2018,пайыз,ауыл,ерлер,Павлодар,58.8
2010,пайыз,ауыл,ерлер,Солтүстік Қазақстан,24.3
2011,пайыз,ауыл,ерлер,Солтүстік Қазақстан,24.9
2012,пайыз,ауыл,ерлер,Солтүстік Қазақстан,29.1
2013,пайыз,ауыл,ерлер,Солтүстік Қазақстан,21.0
2014,пайыз,ауыл,ерлер,Солтүстік Қазақстан,41.1
2015,пайыз,ауыл,ерлер,Солтүстік Қазақстан,37.5
2016,пайыз,ауыл,ерлер,Солтүстік Қазақстан,41.4
2017,пайыз,ауыл,ерлер,Солтүстік Қазақстан,37.8
2018,пайыз,ауыл,ерлер,Солтүстік Қазақстан,46.8
2018,пайыз,ауыл,ерлер,Түркістан,39.0
2010,пайыз,ауыл,ерлер,Шығыс Қазақстан,15.6
2011,пайыз,ауыл,ерлер,Шығыс Қазақстан,20.5
2012,пайыз,ауыл,ерлер,Шығыс Қазақстан,21.5
2013,пайыз,ауыл,ерлер,Шығыс Қазақстан,33.5
2014,пайыз,ауыл,ерлер,Шығыс Қазақстан,35.8
2015,пайыз,ауыл,ерлер,Шығыс Қазақстан,44.4
2016,пайыз,ауыл,ерлер,Шығыс Қазақстан,43.7
2017,пайыз,ауыл,ерлер,Шығыс Қазақстан,42.6
2018,пайыз,ауыл,ерлер,Шығыс Қазақстан,45.5
2010,пайыз,ауыл,әйелдер,,20.5
2011,пайыз,ауыл,әйелдер,,21.4
2012,пайыз,ауыл,әйелдер,,25.8
2013,пайыз,ауыл,әйелдер,,25.1
2014,пайыз,ауыл,әйелдер,,31.6
2015,пайыз,ауыл,әйелдер,,31.9
2016,пайыз,ауыл,әйелдер,,33.4
2017,пайыз,ауыл,әйелдер,,35.2
2018,пайыз,ауыл,әйелдер,,40.8
2010,пайыз,ауыл,әйелдер,Ақмола,25.9
2011,пайыз,ауыл,әйелдер,Ақмола,27.0
2012,пайыз,ауыл,әйелдер,Ақмола,26.7
2013,пайыз,ауыл,әйелдер,Ақмола,23.3
2014,пайыз,ауыл,әйелдер,Ақмола,30.5
2015,пайыз,ауыл,әйелдер,Ақмола,38.8
2016,пайыз,ауыл,әйелдер,Ақмола,37.6
2017,пайыз,ауыл,әйелдер,Ақмола,38.1
2018,пайыз,ауыл,әйелдер,Ақмола,40.8
2010,пайыз,ауыл,әйелдер,Ақтөбе,28.5
2011,пайыз,ауыл,әйелдер,Ақтөбе,34.8
2012,пайыз,ауыл,әйелдер,Ақтөбе,46.5
2013,пайыз,ауыл,әйелдер,Ақтөбе,46.3
2014,пайыз,ауыл,әйелдер,Ақтөбе,43.3
2015,пайыз,ауыл,әйелдер,Ақтөбе,42.6
2016,пайыз,ауыл,әйелдер,Ақтөбе,44.8
2017,пайыз,ауыл,әйелдер,Ақтөбе,47.2
2018,пайыз,ауыл,әйелдер,Ақтөбе,41.1
2010,пайыз,ауыл,әйелдер,Алматы,15.7
2011,пайыз,ауыл,әйелдер,Алматы,17.6
2012,пайыз,ауыл,әйелдер,Алматы,27.6
2013,пайыз,ауыл,әйелдер,Алматы,18.0
2014,пайыз,ауыл,әйелдер,Алматы,29.8
2015,пайыз,ауыл,әйелдер,Алматы,25.6
2016,пайыз,ауыл,әйелдер,Алматы,27.6
2017,пайыз,ауыл,әйелдер,Алматы,26.8
2018,пайыз,ауыл,әйелдер,Алматы,38.3
2010,пайыз,ауыл,әйелдер,Атырау,34.7
2011,пайыз,ауыл,әйелдер,Атырау,33.3
2012,пайыз,ауыл,әйелдер,Атырау,25.2
2013,пайыз,ауыл,әйелдер,Атырау,25.3
2014,пайыз,ауыл,әйелдер,Атырау,28.4
2015,пайыз,ауыл,әйелдер,Атырау,29.0
2016,пайыз,ауыл,әйелдер,Атырау,24.9
2017,пайыз,ауыл,әйелдер,Атырау,32.5
2018,пайыз,ауыл,әйелдер,Атырау,31.4
2010,пайыз,ауыл,әйелдер,Батыс Қазақстан,26.3
2011,пайыз,ауыл,әйелдер,Батыс Қазақстан,30.2
2012,пайыз,ауыл,әйелдер,Батыс Қазақстан,42.6
2013,пайыз,ауыл,әйелдер,Батыс Қазақстан,46.9
2014,пайыз,ауыл,әйелдер,Батыс Қазақстан,35.3
2015,пайыз,ауыл,әйелдер,Батыс Қазақстан,34.7
2016,пайыз,ауыл,әйелдер,Батыс Қазақстан,37.6
2017,пайыз,ауыл,әйелдер,Батыс Қазақстан,52.3
2018,пайыз,ауыл,әйелдер,Батыс Қазақстан,55.5
2010,пайыз,ауыл,әйелдер,Жамбыл,12.5
2011,пайыз,ауыл,әйелдер,Жамбыл,15.6
2012,пайыз,ауыл,әйелдер,Жамбыл,26.5
2013,пайыз,ауыл,әйелдер,Жамбыл,38.5
2014,пайыз,ауыл,әйелдер,Жамбыл,25.6
2015,пайыз,ауыл,әйелдер,Жамбыл,24.5
2016,пайыз,ауыл,әйелдер,Жамбыл,29.5
2017,пайыз,ауыл,әйелдер,Жамбыл,21.8
2018,пайыз,ауыл,әйелдер,Жамбыл,27.5
2010,пайыз,ауыл,әйелдер,Қарағанды,20.4
2011,пайыз,ауыл,әйелдер,Қарағанды,24.2
2012,пайыз,ауыл,әйелдер,Қарағанды,27.8
2013,пайыз,ауыл,әйелдер,Қарағанды,21.6
2014,пайыз,ауыл,әйелдер,Қарағанды,41.1
2015,пайыз,ауыл,әйелдер,Қарағанды,44.0
2016,пайыз,ауыл,әйелдер,Қарағанды,41.3
2017,пайыз,ауыл,әйелдер,Қарағанды,42.4
2018,пайыз,ауыл,әйелдер,Қарағанды,48.0
2010,пайыз,ауыл,әйелдер,Қостанай,27.4
2011,пайыз,ауыл,әйелдер,Қостанай,31.2
2012,пайыз,ауыл,әйелдер,Қостанай,33.4
2013,пайыз,ауыл,әйелдер,Қостанай,31.5
2014,пайыз,ауыл,әйелдер,Қостанай,34.5
2015,пайыз,ауыл,әйелдер,Қостанай,39.6
2016,пайыз,ауыл,әйелдер,Қостанай,39.9
2017,пайыз,ауыл,әйелдер,Қостанай,39.6
2018,пайыз,ауыл,әйелдер,Қостанай,43.5
2010,пайыз,ауыл,әйелдер,Қызылорда,26.8
2011,пайыз,ауыл,әйелдер,Қызылорда,29.4
2012,пайыз,ауыл,әйелдер,Қызылорда,28.7
2013,пайыз,ауыл,әйелдер,Қызылорда,25.5
2014,пайыз,ауыл,әйелдер,Қызылорда,37.5
2015,пайыз,ауыл,әйелдер,Қызылорда,41.3
2016,пайыз,ауыл,әйелдер,Қызылорда,38.7
2017,пайыз,ауыл,әйелдер,Қызылорда,42.3
2018,пайыз,ауыл,әйелдер,Қызылорда,44.0
2010,пайыз,ауыл,әйелдер,Маңғыстау,41.3
2011,пайыз,ауыл,әйелдер,Маңғыстау,30.3
2012,пайыз,ауыл,әйелдер,Маңғыстау,19.7
2013,пайыз,ауыл,әйелдер,Маңғыстау,44.8
2014,пайыз,ауыл,әйелдер,Маңғыстау,43.2
2015,пайыз,ауыл,әйелдер,Маңғыстау,57.5
2016,пайыз,ауыл,әйелдер,Маңғыстау,61.2
2017,пайыз,ауыл,әйелдер,Маңғыстау,69.6
2018,пайыз,ауыл,әйелдер,Маңғыстау,69.3
2010,пайыз,ауыл,әйелдер,Оңтүстік Қазақстан,7.9
2011,пайыз,ауыл,әйелдер,Оңтүстік Қазақстан,9.1
2012,пайыз,ауыл,әйелдер,Оңтүстік Қазақстан,14.7
2013,пайыз,ауыл,әйелдер,Оңтүстік Қазақстан,10.0
2014,пайыз,ауыл,әйелдер,Оңтүстік Қазақстан,26.5
2015,пайыз,ауыл,әйелдер,Оңтүстік Қазақстан,26.2
2016,пайыз,ауыл,әйелдер,Оңтүстік Қазақстан,28.0
2017,пайыз,ауыл,әйелдер,Оңтүстік Қазақстан,32.0
2010,пайыз,ауыл,әйелдер,Павлодар,39.7
2011,пайыз,ауыл,әйелдер,Павлодар,24.0
2012,пайыз,ауыл,әйелдер,Павлодар,28.4
2013,пайыз,ауыл,әйелдер,Павлодар,37.9
2014,пайыз,ауыл,әйелдер,Павлодар,37.9
2015,пайыз,ауыл,әйелдер,Павлодар,39.7
2016,пайыз,ауыл,әйелдер,Павлодар,41.1
2017,пайыз,ауыл,әйелдер,Павлодар,49.8
2018,пайыз,ауыл,әйелдер,Павлодар,52.8
2010,пайыз,ауыл,әйелдер,Солтүстік Қазақстан,28.4
2011,пайыз,ауыл,әйелдер,Солтүстік Қазақстан,24.5
2012,пайыз,ауыл,әйелдер,Солтүстік Қазақстан,16.7
2013,пайыз,ауыл,әйелдер,Солтүстік Қазақстан,21.3
2014,пайыз,ауыл,әйелдер,Солтүстік Қазақстан,37.7
2015,пайыз,ауыл,әйелдер,Солтүстік Қазақстан,35.3
2016,пайыз,ауыл,әйелдер,Солтүстік Қазақстан,37.4
2017,пайыз,ауыл,әйелдер,Солтүстік Қазақстан,40.0
2018,пайыз,ауыл,әйелдер,Солтүстік Қазақстан,45.3
2018,пайыз,ауыл,әйелдер,Түркістан,33.0
2010,пайыз,ауыл,әйелдер,Шығыс Қазақстан,23.4
2011,пайыз,ауыл,әйелдер,Шығыс Қазақстан,26.0
2012,пайыз,ауыл,әйелдер,Шығыс Қазақстан,29.3
2013,пайыз,ауыл,әйелдер,Шығыс Қазақстан,27.5
2014,пайыз,ауыл,әйелдер,Шығыс Қазақстан,39.3
2015,пайыз,ауыл,әйелдер,Шығыс Қазақстан,37.7
2016,пайыз,ауыл,әйелдер,Шығыс Қазақстан,41.8
2017,пайыз,ауыл,әйелдер,Шығыс Қазақстан,39.4
2018,пайыз,ауыл,әйелдер,Шығыс Қазақстан,48.3
