Year,Units,Қамтамасыз етілген мектептер,Аймақ,Өңірлер,Value
2015,пайыз,базалық ауыз су көздерімен,,,100.0
2016,пайыз,базалық ауыз су көздерімен,,,100.0
2017,пайыз,базалық ауыз су көздерімен,,,100.0
2018,пайыз,базалық ауыз су көздерімен,,,100.0
2019,пайыз,Оқу мақсаттары үшін Интернетке қол жетімділікпен,,,94.06596377399296
2019,пайыз,Оқу мақсаттары үшін Интернетке қол жетімділікпен,,Ақмола,100.0
2019,пайыз,Оқу мақсаттары үшін Интернетке қол жетімділікпен,,Ақтөбе,97.12918660287079
2019,пайыз,Оқу мақсаттары үшін Интернетке қол жетімділікпен,,Алматы,91.78255372945637
2019,пайыз,Оқу мақсаттары үшін Интернетке қол жетімділікпен,,Атырау,93.71980676328505
2019,пайыз,Оқу мақсаттары үшін Интернетке қол жетімділікпен,,Батыс Қазақстан,86.92307692307692
2019,пайыз,Оқу мақсаттары үшін Интернетке қол жетімділікпен,,Жамбыл,99.78308026030369
2019,пайыз,Оқу мақсаттары үшін Интернетке қол жетімділікпен,,Қарағанды,97.39292364990688
2019,пайыз,Оқу мақсаттары үшін Интернетке қол жетімділікпен,,Қостанай,91.47286821705427
2019,пайыз,Оқу мақсаттары үшін Интернетке қол жетімділікпен,,Қызылорда,98.08917197452229
2019,пайыз,Оқу мақсаттары үшін Интернетке қол жетімділікпен,,Маңғыстау,100.0
2019,пайыз,Оқу мақсаттары үшін Интернетке қол жетімділікпен,,Павлодар,99.45652173913044
2019,пайыз,Оқу мақсаттары үшін Интернетке қол жетімділікпен,,Солтүстік Қазақстан,90.74074074074076
2019,пайыз,Оқу мақсаттары үшін Интернетке қол жетімділікпен,,Түркістан,83.04347826086956
2019,пайыз,Оқу мақсаттары үшін Интернетке қол жетімділікпен,,Шығыс Қазақстан,99.1163475699558
2019,пайыз,Оқу мақсаттары үшін Интернетке қол жетімділікпен,,Нұр-Сұлтан қаласы,94.91525423728814
2019,пайыз,Оқу мақсаттары үшін Интернетке қол жетімділікпен,,Алматы қаласы,98.6206896551724
2019,пайыз,Оқу мақсаттары үшін Интернетке қол жетімділікпен,,Шымкент қаласы,91.90751445086704
2019,пайыз,Оқу мақсаттары үшін Интернетке қол жетімділікпен,қала,,96.68717463322292
2019,пайыз,Оқу мақсаттары үшін Интернетке қол жетімділікпен,қала,Ақмола,100.0
2019,пайыз,Оқу мақсаттары үшін Интернетке қол жетімділікпен,қала,Ақтөбе,97.77777777777777
2019,пайыз,Оқу мақсаттары үшін Интернетке қол жетімділікпен,қала,Алматы,96.39639639639641
2019,пайыз,Оқу мақсаттары үшін Интернетке қол жетімділікпен,қала,Атырау,96.05263157894736
2019,пайыз,Оқу мақсаттары үшін Интернетке қол жетімділікпен,қала,Батыс Қазақстан,93.24324324324324
2019,пайыз,Оқу мақсаттары үшін Интернетке қол жетімділікпен,қала,Жамбыл,99.05660377358492
2019,пайыз,Оқу мақсаттары үшін Интернетке қол жетімділікпен,қала,Қарағанды,97.8813559322034
2019,пайыз,Оқу мақсаттары үшін Интернетке қол жетімділікпен,қала,Қостанай,97.979797979798
2019,пайыз,Оқу мақсаттары үшін Интернетке қол жетімділікпен,қала,Қызылорда,93.67088607594937
2019,пайыз,Оқу мақсаттары үшін Интернетке қол жетімділікпен,қала,Маңғыстау,100.0
2019,пайыз,Оқу мақсаттары үшін Интернетке қол жетімділікпен,қала,Павлодар,97.87234042553192
2019,пайыз,Оқу мақсаттары үшін Интернетке қол жетімділікпен,қала,Солтүстік Қазақстан,98.4375
2019,пайыз,Оқу мақсаттары үшін Интернетке қол жетімділікпен,қала,Түркістан,90.24390243902441
2019,пайыз,Оқу мақсаттары үшін Интернетке қол жетімділікпен,қала,Шығыс Қазақстан,98.34254143646407
2019,пайыз,Оқу мақсаттары үшін Интернетке қол жетімділікпен,қала,Нұр-Сұлтан қаласы,94.91525423728814
2019,пайыз,Оқу мақсаттары үшін Интернетке қол жетімділікпен,қала,Алматы қаласы,98.6206896551724
2019,пайыз,Оқу мақсаттары үшін Интернетке қол жетімділікпен,қала,Шымкент қаласы,91.90751445086704
2019,пайыз,Оқу мақсаттары үшін Интернетке қол жетімділікпен,ауыл,,93.01797540208136
2019,пайыз,Оқу мақсаттары үшін Интернетке қол жетімділікпен,ауыл,Ақмола,100.0
2019,пайыз,Оқу мақсаттары үшін Интернетке қол жетімділікпен,ауыл,Ақтөбе,96.81978798586573
2019,пайыз,Оқу мақсаттары үшін Интернетке қол жетімділікпен,ауыл,Алматы,91.02941176470587
2019,пайыз,Оқу мақсаттары үшін Интернетке қол жетімділікпен,ауыл,Атырау,92.36641221374045
2019,пайыз,Оқу мақсаттары үшін Интернетке қол жетімділікпен,ауыл,Батыс Қазақстан,85.44303797468355
2019,пайыз,Оқу мақсаттары үшін Интернетке қол жетімділікпен,ауыл,Жамбыл,100.0
2019,пайыз,Оқу мақсаттары үшін Интернетке қол жетімділікпен,ауыл,Қарағанды,97.00996677740864
2019,пайыз,Оқу мақсаттары үшін Интернетке қол жетімділікпен,ауыл,Қостанай,89.92805755395683
2019,пайыз,Оқу мақсаттары үшін Интернетке қол жетімділікпен,ауыл,Қызылорда,99.57446808510642
2019,пайыз,Оқу мақсаттары үшін Интернетке қол жетімділікпен,ауыл,Маңғыстау,100.0
2019,пайыз,Оқу мақсаттары үшін Интернетке қол жетімділікпен,ауыл,Павлодар,100.0
2019,пайыз,Оқу мақсаттары үшін Интернетке қол жетімділікпен,ауыл,Солтүстік Қазақстан,89.57345971563981
2019,пайыз,Оқу мақсаттары үшін Интернетке қол жетімділікпен,ауыл,Түркістан,81.93224592220828
2019,пайыз,Оқу мақсаттары үшін Интернетке қол жетімділікпен,ауыл,Шығыс Қазақстан,99.3975903614458
2019,пайыз,базалық ауыз су көздерімен,,,100.0
2019,пайыз,ең қарапайым деңгейде бөлек дәретханалармен,,Ақмола,100.0
2019,пайыз,ең қарапайым деңгейде бөлек дәретханалармен,,Ақтөбе,100.0
2019,пайыз,ең қарапайым деңгейде бөлек дәретханалармен,,Алматы,100.0
2019,пайыз,ең қарапайым деңгейде бөлек дәретханалармен,,Атырау,100.0
2019,пайыз,ең қарапайым деңгейде бөлек дәретханалармен,,Батыс Қазақстан,100.0
2019,пайыз,ең қарапайым деңгейде бөлек дәретханалармен,,Жамбыл,100.0
2019,пайыз,ең қарапайым деңгейде бөлек дәретханалармен,,Қарағанды,100.0
2019,пайыз,ең қарапайым деңгейде бөлек дәретханалармен,,Қостанай,100.0
2019,пайыз,ең қарапайым деңгейде бөлек дәретханалармен,,Қызылорда,100.0
2019,пайыз,ең қарапайым деңгейде бөлек дәретханалармен,,Маңғыстау,100.0
2019,пайыз,ең қарапайым деңгейде бөлек дәретханалармен,,Павлодар,100.0
2019,пайыз,ең қарапайым деңгейде бөлек дәретханалармен,,Солтүстік Қазақстан,100.0
2019,пайыз,ең қарапайым деңгейде бөлек дәретханалармен,,Түркістан,100.0
2019,пайыз,ең қарапайым деңгейде бөлек дәретханалармен,,Шығыс Қазақстан,100.0
2019,пайыз,ең қарапайым деңгейде бөлек дәретханалармен,,Нұр-Сұлтан қаласы,100.0
2019,пайыз,ең қарапайым деңгейде бөлек дәретханалармен,,Алматы қаласы,100.0
2019,пайыз,ең қарапайым деңгейде бөлек дәретханалармен,,Шымкент қаласы,100.0
2019,пайыз,наличие теплых и надворных туалетов,,,41.57880508245472
2019,пайыз,наличие теплых и надворных туалетов,,Ақмола,75.13043478260869
2019,пайыз,наличие теплых и надворных туалетов,,Ақтөбе,39.71291866028708
2019,пайыз,наличие теплых и надворных туалетов,,Алматы,37.67383059418458
2019,пайыз,наличие теплых и надворных туалетов,,Атырау,46.859903381642525
2019,пайыз,наличие теплых и надворных туалетов,,Батыс Қазақстан,30.76923076923077
2019,пайыз,наличие теплых и надворных туалетов,,Жамбыл,28.416485900216923
2019,пайыз,наличие теплых и надворных туалетов,,Қарағанды,19.36685288640596
2019,пайыз,наличие теплых и надворных туалетов,,Қостанай,66.08527131782945
2019,пайыз,наличие теплых и надворных туалетов,,Қызылорда,44.90445859872612
2019,пайыз,наличие теплых и надворных туалетов,,Маңғыстау,28.387096774193548
2019,пайыз,наличие теплых и надворных туалетов,,Павлодар,72.01086956521739
2019,пайыз,наличие теплых и надворных туалетов,,Солтүстік Қазақстан,62.96296296296296
2019,пайыз,наличие теплых и надворных туалетов,,Түркістан,34.89130434782609
2019,пайыз,наличие теплых и надворных туалетов,,Шығыс Қазақстан,32.40058910162003
2019,пайыз,наличие теплых и надворных туалетов,,Нұр-Сұлтан қаласы,0.8474576271186439
2019,пайыз,наличие теплых и надворных туалетов,,Алматы қаласы,3.103448275862069
2019,пайыз,наличие теплых и надворных туалетов,,Шымкент қаласы,46.24277456647399
2019,пайыз,наличие только надворных туалетов,,,31.34630981346309
2019,пайыз,наличие только надворных туалетов,,Ақмола,0.0
2019,пайыз,наличие только надворных туалетов,,Ақтөбе,33.01435406698565
2019,пайыз,наличие только надворных туалетов,,Алматы,52.59165613147914
2019,пайыз,наличие только надворных туалетов,,Атырау,18.357487922705317
2019,пайыз,наличие только надворных туалетов,,Батыс Қазақстан,51.02564102564102
2019,пайыз,наличие только надворных туалетов,,Жамбыл,58.134490238611704
2019,пайыз,наличие только надворных туалетов,,Қарағанды,22.90502793296089
2019,пайыз,наличие только надворных туалетов,,Қостанай,9.30232558139535
2019,пайыз,наличие только надворных туалетов,,Қызылорда,40.764331210191095
2019,пайыз,наличие только надворных туалетов,,Маңғыстау,25.161290322580644
2019,пайыз,наличие только надворных туалетов,,Павлодар,0.5434782608695652
2019,пайыз,наличие только надворных туалетов,,Солтүстік Қазақстан,13.580246913580249
2019,пайыз,наличие только надворных туалетов,,Түркістан,59.1304347826087
2019,пайыз,наличие только надворных туалетов,,Шығыс Қазақстан,40.500736377025035
2019,пайыз,наличие только надворных туалетов,,Нұр-Сұлтан қаласы,0.0
2019,пайыз,наличие только надворных туалетов,,Алматы қаласы,1.0344827586206895
2019,пайыз,наличие только надворных туалетов,,Шымкент қаласы,18.497109826589593
2019,пайыз,наличие только теплых туалетов,,,27.074885104082185
2019,пайыз,наличие только теплых туалетов,,Ақмола,24.869565217391305
2019,пайыз,наличие только теплых туалетов,,Ақтөбе,27.27272727272727
2019,пайыз,наличие только теплых туалетов,,Алматы,9.734513274336283
2019,пайыз,наличие только теплых туалетов,,Атырау,34.78260869565217
2019,пайыз,наличие только теплых туалетов,,Батыс Қазақстан,18.2051282051282
2019,пайыз,наличие только теплых туалетов,,Жамбыл,13.449023861171364
2019,пайыз,наличие только теплых туалетов,,Қарағанды,57.72811918063314
2019,пайыз,наличие только теплых туалетов,,Қостанай,24.612403100775193
2019,пайыз,наличие только теплых туалетов,,Қызылорда,14.331210191082802
2019,пайыз,наличие только теплых туалетов,,Маңғыстау,46.451612903225815
2019,пайыз,наличие только теплых туалетов,,Павлодар,27.445652173913047
2019,пайыз,наличие только теплых туалетов,,Солтүстік Қазақстан,23.456790123456788
2019,пайыз,наличие только теплых туалетов,,Түркістан,5.978260869565218
2019,пайыз,наличие только теплых туалетов,,Шығыс Қазақстан,27.098674521354926
2019,пайыз,наличие только теплых туалетов,,Нұр-Сұлтан қаласы,99.15254237288136
2019,пайыз,наличие только теплых туалетов,,Алматы қаласы,95.86206896551724
2019,пайыз,наличие только теплых туалетов,,Шымкент қаласы,35.260115606936424
