Year,Units,брачное состояние,Value
2010,пайыз,"Доля женщин в возрасте 20-24 года, вступивших в брак до наступления полных 15 лет",0.3
2010,пайыз,"Доля женщин в возрасте 20-24 года, вступивших в брак до наступления полных 18 лет",6.1
2015,пайыз,"Доля женщин в возрасте 20-24 года, вступивших в брак до наступления полных 15 лет",0.2
2015,пайыз,"Доля женщин в возрасте 20-24 года, вступивших в брак до наступления полных 18 лет",7.0
