Year,Units,Өңірлер,Аймақ,Жасы,Value
2010,пайыз,,,,37.2
2010,пайыз,Ақмола,,,39.9
2010,пайыз,Ақтөбе,,,41.7
2010,пайыз,Алматы,,,31.5
2010,пайыз,Атырау,,,18.9
2010,пайыз,Батыс Қазақстан,,,21.2
2010,пайыз,Жамбыл,,,22.3
2010,пайыз,Қарағанды,,,41.0
2010,пайыз,Қостанай,,,39.6
2010,пайыз,Қызылорда,,,38.1
2010,пайыз,Маңғыстау,,,30.4
2010,пайыз,Оңтүстік Қазақстан,,,18.4
2010,пайыз,Павлодар,,,41.7
2010,пайыз,Солтүстік Қазақстан,,,32.7
2010,пайыз,Шығыс Қазақстан,,,35.7
2010,пайыз,Нұр-Сұлтан қаласы,,,40.4
2010,пайыз,Алматы қаласы,,,39.2
2010,пайыз,,қала,,38.0
2010,пайыз,Ақмола,қала,,40.5
2010,пайыз,Ақтөбе,қала,,36.1
2010,пайыз,Алматы,қала,,29.7
2010,пайыз,Атырау,қала,,16.1
2010,пайыз,Батыс Қазақстан,қала,,23.4
2010,пайыз,Жамбыл,қала,,28.0
2010,пайыз,Қарағанды,қала,,41.7
2010,пайыз,Қостанай,қала,,35.3
2010,пайыз,Қызылорда,қала,,38.5
2010,пайыз,Маңғыстау,қала,,30.5
2010,пайыз,Оңтүстік Қазақстан,қала,,24.8
2010,пайыз,Павлодар,қала,,41.4
2010,пайыз,Солтүстік Қазақстан,қала,,36.6
2010,пайыз,Шығыс Қазақстан,қала,,39.5
2010,пайыз,Нұр-Сұлтан қаласы,қала,,40.4
2010,пайыз,Алматы қаласы,қала,,39.2
2010,пайыз,,ауыл,,33.4
2010,пайыз,Ақмола,ауыл,,37.5
2010,пайыз,Ақтөбе,ауыл,,55.8
2010,пайыз,Алматы,ауыл,,32.7
2010,пайыз,Атырау,ауыл,,26.8
2010,пайыз,Батыс Қазақстан,ауыл,,8.6
2010,пайыз,Жамбыл,ауыл,,19.1
2010,пайыз,Қарағанды,ауыл,,31.5
2010,пайыз,Қостанай,ауыл,,46.9
2010,пайыз,Қызылорда,ауыл,,37.3
2010,пайыз,Маңғыстау,ауыл,,29.6
2010,пайыз,Оңтүстік Қазақстан,ауыл,,4.2
2010,пайыз,Павлодар,ауыл,,43.3
2010,пайыз,Солтүстік Қазақстан,ауыл,,27.3
2010,пайыз,Шығыс Қазақстан,ауыл,,28.8
2010,пайыз,,,16-24,41.5
2010,пайыз,,,25-28,43.5
2010,пайыз,,,29-34,32.8
2010,пайыз,,,35-44,40.6
2010,пайыз,,,45-54,35.8
2010,пайыз,,,55-64,30.9
2010,пайыз,,,65 және одан үлкен,51.0
2010,пайыз,Ақмола,,16-24,44.0
2010,пайыз,Ақмола,,25-28,22.2
2010,пайыз,Ақмола,,29-34,45.3
2010,пайыз,Ақмола,,35-44,46.2
2010,пайыз,Ақмола,,45-54,44.3
2010,пайыз,Ақмола,,55-64,24.6
2010,пайыз,Ақтөбе,,16-24,100.0
2010,пайыз,Ақтөбе,,25-28,56.3
2010,пайыз,Ақтөбе,,29-34,25.8
2010,пайыз,Ақтөбе,,35-44,47.6
2010,пайыз,Ақтөбе,,45-54,24.1
2010,пайыз,Ақтөбе,,55-64,51.9
2010,пайыз,Алматы,,16-24,29.8
2010,пайыз,Алматы,,25-28,25.2
2010,пайыз,Алматы,,29-34,0.0
2010,пайыз,Алматы,,35-44,40.4
2010,пайыз,Алматы,,45-54,36.6
2010,пайыз,Алматы,,55-64,46.9
2010,пайыз,Атырау,,29-34,33.4
2010,пайыз,Атырау,,35-44,0.0
2010,пайыз,Атырау,,45-54,32.6
2010,пайыз,Атырау,,55-64,15.6
2010,пайыз,Батыс Қазақстан,,16-24,7.0
2010,пайыз,Батыс Қазақстан,,25-28,13.2
2010,пайыз,Батыс Қазақстан,,29-34,31.4
2010,пайыз,Батыс Қазақстан,,35-44,14.9
2010,пайыз,Батыс Қазақстан,,45-54,19.3
2010,пайыз,Батыс Қазақстан,,55-64,32.5
2010,пайыз,Жамбыл,,25-28,100.0
2010,пайыз,Жамбыл,,29-34,0.0
2010,пайыз,Жамбыл,,35-44,30.2
2010,пайыз,Жамбыл,,45-54,39.8
2010,пайыз,Жамбыл,,55-64,6.5
2010,пайыз,Қарағанды,,16-24,32.9
2010,пайыз,Қарағанды,,25-28,33.8
2010,пайыз,Қарағанды,,29-34,36.0
2010,пайыз,Қарағанды,,35-44,41.8
2010,пайыз,Қарағанды,,45-54,46.6
2010,пайыз,Қарағанды,,55-64,44.6
2010,пайыз,Қарағанды,,65 және одан үлкен,0.0
2010,пайыз,Қостанай,,16-24,13.4
2010,пайыз,Қостанай,,25-28,40.4
2010,пайыз,Қостанай,,29-34,49.1
2010,пайыз,Қостанай,,35-44,33.0
2010,пайыз,Қостанай,,45-54,40.5
2010,пайыз,Қостанай,,55-64,36.1
2010,пайыз,Қостанай,,65 және одан үлкен,83.9
2010,пайыз,Қызылорда,,16-24,100.0
2010,пайыз,Қызылорда,,25-28,89.4
2010,пайыз,Қызылорда,,29-34,58.7
2010,пайыз,Қызылорда,,35-44,34.6
2010,пайыз,Қызылорда,,45-54,33.4
2010,пайыз,Қызылорда,,55-64,23.6
2010,пайыз,Қызылорда,,65 және одан үлкен,0.0
2010,пайыз,Маңғыстау,,16-24,25.8
2010,пайыз,Маңғыстау,,25-28,22.7
2010,пайыз,Маңғыстау,,29-34,30.0
2010,пайыз,Маңғыстау,,35-44,35.3
2010,пайыз,Маңғыстау,,45-54,34.2
2010,пайыз,Маңғыстау,,55-64,15.4
2010,пайыз,Маңғыстау,,65 және одан үлкен,0.0
2010,пайыз,Оңтүстік Қазақстан,,16-24,0.0
2010,пайыз,Оңтүстік Қазақстан,,25-28,100.0
2010,пайыз,Оңтүстік Қазақстан,,29-34,34.8
2010,пайыз,Оңтүстік Қазақстан,,35-44,14.3
2010,пайыз,Оңтүстік Қазақстан,,45-54,14.7
2010,пайыз,Оңтүстік Қазақстан,,55-64,23.3
2010,пайыз,Павлодар,,16-24,77.4
2010,пайыз,Павлодар,,25-28,35.0
2010,пайыз,Павлодар,,29-34,47.4
2010,пайыз,Павлодар,,35-44,35.2
2010,пайыз,Павлодар,,45-54,44.7
2010,пайыз,Павлодар,,55-64,34.2
2010,пайыз,Солтүстік Қазақстан,,16-24,43.8
2010,пайыз,Солтүстік Қазақстан,,25-28,35.2
2010,пайыз,Солтүстік Қазақстан,,29-34,50.8
2010,пайыз,Солтүстік Қазақстан,,35-44,40.3
2010,пайыз,Солтүстік Қазақстан,,45-54,19.6
2010,пайыз,Солтүстік Қазақстан,,55-64,25.3
2010,пайыз,Шығыс Қазақстан,,16-24,53.9
2010,пайыз,Шығыс Қазақстан,,25-28,47.9
2010,пайыз,Шығыс Қазақстан,,29-34,23.1
2010,пайыз,Шығыс Қазақстан,,35-44,35.7
2010,пайыз,Шығыс Қазақстан,,45-54,39.1
2010,пайыз,Шығыс Қазақстан,,55-64,25.4
2010,пайыз,Нұр-Сұлтан қаласы,,16-24,44.0
2010,пайыз,Нұр-Сұлтан қаласы,,25-28,54.0
2010,пайыз,Нұр-Сұлтан қаласы,,29-34,28.9
2010,пайыз,Нұр-Сұлтан қаласы,,35-44,48.5
2010,пайыз,Нұр-Сұлтан қаласы,,45-54,34.6
2010,пайыз,Нұр-Сұлтан қаласы,,55-64,35.8
2010,пайыз,Нұр-Сұлтан қаласы,,65 және одан үлкен,25.6
2010,пайыз,Алматы қаласы,,16-24,23.7
2010,пайыз,Алматы қаласы,,25-28,42.7
2010,пайыз,Алматы қаласы,,29-34,43.5
2010,пайыз,Алматы қаласы,,35-44,46.4
2010,пайыз,Алматы қаласы,,45-54,31.7
2010,пайыз,Алматы қаласы,,55-64,26.8
2011,пайыз,,,,38.5
2011,пайыз,Ақмола,,,43.1
2011,пайыз,Ақтөбе,,,41.6
2011,пайыз,Алматы,,,24.4
2011,пайыз,Атырау,,,26.7
2011,пайыз,Батыс Қазақстан,,,24.7
2011,пайыз,Жамбыл,,,30.1
2011,пайыз,Қарағанды,,,40.0
2011,пайыз,Қостанай,,,43.9
2011,пайыз,Қызылорда,,,40.8
2011,пайыз,Маңғыстау,,,32.9
2011,пайыз,Оңтүстік Қазақстан,,,28.1
2011,пайыз,Павлодар,,,41.9
2011,пайыз,Солтүстік Қазақстан,,,35.0
2011,пайыз,Шығыс Қазақстан,,,37.6
2011,пайыз,Нұр-Сұлтан қаласы,,,41.4
2011,пайыз,Алматы қаласы,,,40.3
2011,пайыз,,қала,,39.5
2011,пайыз,Ақмола,қала,,46.1
2011,пайыз,Ақтөбе,қала,,40.4
2011,пайыз,Алматы,қала,,26.2
2011,пайыз,Атырау,қала,,27.8
2011,пайыз,Батыс Қазақстан,қала,,27.5
2011,пайыз,Жамбыл,қала,,35.3
2011,пайыз,Қарағанды,қала,,40.0
2011,пайыз,Қостанай,қала,,42.6
2011,пайыз,Қызылорда,қала,,40.2
2011,пайыз,Маңғыстау,қала,,34.7
2011,пайыз,Оңтүстік Қазақстан,қала,,31.5
2011,пайыз,Павлодар,қала,,39.0
2011,пайыз,Солтүстік Қазақстан,қала,,35.1
2011,пайыз,Шығыс Қазақстан,қала,,40.1
2011,пайыз,Нұр-Сұлтан қаласы,қала,,41.4
2011,пайыз,Алматы қаласы,қала,,40.3
2011,пайыз,,ауыл,,34.3
2011,пайыз,Ақмола,ауыл,,30.0
2011,пайыз,Ақтөбе,ауыл,,48.8
2011,пайыз,Алматы,ауыл,,23.3
2011,пайыз,Атырау,ауыл,,23.6
2011,пайыз,Батыс Қазақстан,ауыл,,11.0
2011,пайыз,Жамбыл,ауыл,,25.0
2011,пайыз,Қарағанды,ауыл,,39.8
2011,пайыз,Қостанай,ауыл,,46.7
2011,пайыз,Қызылорда,ауыл,,41.9
2011,пайыз,Маңғыстау,ауыл,,20.5
2011,пайыз,Оңтүстік Қазақстан,ауыл,,21.4
2011,пайыз,Павлодар,ауыл,,51.8
2011,пайыз,Солтүстік Қазақстан,ауыл,,34.7
2011,пайыз,Шығыс Қазақстан,ауыл,,32.9
2011,пайыз,,,16-24,49.8
2011,пайыз,,,25-28,44.1
2011,пайыз,,,29-34,36.3
2011,пайыз,,,35-44,39.3
2011,пайыз,,,45-54,38.2
2011,пайыз,,,55-64,29.4
2011,пайыз,,,65 және одан үлкен,13.6
2011,пайыз,Ақмола,,16-24,53.2
2011,пайыз,Ақмола,,25-28,40.9
2011,пайыз,Ақмола,,29-34,51.6
2011,пайыз,Ақмола,,35-44,44.1
2011,пайыз,Ақмола,,45-54,42.5
2011,пайыз,Ақмола,,55-64,26.9
2011,пайыз,Ақтөбе,,16-24,76.5
2011,пайыз,Ақтөбе,,25-28,61.7
2011,пайыз,Ақтөбе,,29-34,22.6
2011,пайыз,Ақтөбе,,35-44,37.3
2011,пайыз,Ақтөбе,,45-54,38.1
2011,пайыз,Ақтөбе,,55-64,24.7
2011,пайыз,Алматы,,16-24,48.0
2011,пайыз,Алматы,,25-28,20.7
2011,пайыз,Алматы,,29-34,0.0
2011,пайыз,Алматы,,35-44,27.5
2011,пайыз,Алматы,,45-54,32.9
2011,пайыз,Алматы,,55-64,24.1
2011,пайыз,Алматы,,65 және одан үлкен,47.1
2011,пайыз,Атырау,,16-24,0.0
2011,пайыз,Атырау,,25-28,71.3
2011,пайыз,Атырау,,29-34,25.2
2011,пайыз,Атырау,,35-44,24.4
2011,пайыз,Атырау,,45-54,34.7
2011,пайыз,Атырау,,55-64,6.1
2011,пайыз,Батыс Қазақстан,,16-24,31.0
2011,пайыз,Батыс Қазақстан,,25-28,0.0
2011,пайыз,Батыс Қазақстан,,29-34,32.4
2011,пайыз,Батыс Қазақстан,,35-44,22.7
2011,пайыз,Батыс Қазақстан,,45-54,17.2
2011,пайыз,Батыс Қазақстан,,55-64,38.1
2011,пайыз,Жамбыл,,16-24,19.0
2011,пайыз,Жамбыл,,25-28,61.4
2011,пайыз,Жамбыл,,29-34,0.0
2011,пайыз,Жамбыл,,35-44,39.6
2011,пайыз,Жамбыл,,45-54,44.8
2011,пайыз,Жамбыл,,55-64,15.9
2011,пайыз,Қарағанды,,16-24,53.0
2011,пайыз,Қарағанды,,25-28,40.0
2011,пайыз,Қарағанды,,29-34,36.5
2011,пайыз,Қарағанды,,35-44,37.5
2011,пайыз,Қарағанды,,45-54,45.3
2011,пайыз,Қарағанды,,55-64,33.1
2011,пайыз,Қарағанды,,65 және одан үлкен,0.0
2011,пайыз,Қостанай,,16-24,57.7
2011,пайыз,Қостанай,,25-28,41.2
2011,пайыз,Қостанай,,29-34,53.6
2011,пайыз,Қостанай,,35-44,42.2
2011,пайыз,Қостанай,,45-54,45.9
2011,пайыз,Қостанай,,55-64,28.9
2011,пайыз,Қостанай,,65 және одан үлкен,0.0
2011,пайыз,Қызылорда,,16-24,100.0
2011,пайыз,Қызылорда,,25-28,33.2
2011,пайыз,Қызылорда,,29-34,53.6
2011,пайыз,Қызылорда,,35-44,39.8
2011,пайыз,Қызылорда,,45-54,41.9
2011,пайыз,Қызылорда,,55-64,18.9
2011,пайыз,Қызылорда,,65 және одан үлкен,0.0
2011,пайыз,Маңғыстау,,16-24,33.4
2011,пайыз,Маңғыстау,,25-28,34.2
2011,пайыз,Маңғыстау,,29-34,19.0
2011,пайыз,Маңғыстау,,35-44,40.4
2011,пайыз,Маңғыстау,,45-54,38.1
2011,пайыз,Маңғыстау,,55-64,24.8
2011,пайыз,Маңғыстау,,65 және одан үлкен,0.0
2011,пайыз,Оңтүстік Қазақстан,,16-24,31.6
2011,пайыз,Оңтүстік Қазақстан,,25-28,46.6
2011,пайыз,Оңтүстік Қазақстан,,29-34,48.4
2011,пайыз,Оңтүстік Қазақстан,,35-44,7.5
2011,пайыз,Оңтүстік Қазақстан,,45-54,24.4
2011,пайыз,Оңтүстік Қазақстан,,55-64,27.4
2011,пайыз,Павлодар,,16-24,21.9
2011,пайыз,Павлодар,,25-28,52.7
2011,пайыз,Павлодар,,29-34,38.4
2011,пайыз,Павлодар,,35-44,35.4
2011,пайыз,Павлодар,,45-54,51.1
2011,пайыз,Павлодар,,55-64,32.5
2011,пайыз,Солтүстік Қазақстан,,16-24,76.0
2011,пайыз,Солтүстік Қазақстан,,25-28,15.2
2011,пайыз,Солтүстік Қазақстан,,29-34,48.0
2011,пайыз,Солтүстік Қазақстан,,35-44,39.9
2011,пайыз,Солтүстік Қазақстан,,45-54,27.0
2011,пайыз,Солтүстік Қазақстан,,55-64,28.1
2011,пайыз,Шығыс Қазақстан,,16-24,37.6
2011,пайыз,Шығыс Қазақстан,,25-28,40.4
2011,пайыз,Шығыс Қазақстан,,29-34,40.1
2011,пайыз,Шығыс Қазақстан,,35-44,38.6
2011,пайыз,Шығыс Қазақстан,,45-54,36.2
2011,пайыз,Шығыс Қазақстан,,55-64,33.9
2011,пайыз,Шығыс Қазақстан,,65 және одан үлкен,0.0
2011,пайыз,Нұр-Сұлтан қаласы,,16-24,48.1
2011,пайыз,Нұр-Сұлтан қаласы,,25-28,46.7
2011,пайыз,Нұр-Сұлтан қаласы,,29-34,34.4
2011,пайыз,Нұр-Сұлтан қаласы,,35-44,45.9
2011,пайыз,Нұр-Сұлтан қаласы,,45-54,38.6
2011,пайыз,Нұр-Сұлтан қаласы,,55-64,36.1
2011,пайыз,Нұр-Сұлтан қаласы,,65 және одан үлкен,42.2
2011,пайыз,Алматы қаласы,,16-24,72.3
2011,пайыз,Алматы қаласы,,25-28,62.5
2011,пайыз,Алматы қаласы,,29-34,40.6
2011,пайыз,Алматы қаласы,,35-44,42.5
2011,пайыз,Алматы қаласы,,45-54,31.3
2011,пайыз,Алматы қаласы,,55-64,27.1
2012,пайыз,,,,39.7
2012,пайыз,Ақмола,,,36.3
2012,пайыз,Ақтөбе,,,36.1
2012,пайыз,Алматы,,,33.4
2012,пайыз,Атырау,,,31.8
2012,пайыз,Батыс Қазақстан,,,20.404275584718
2012,пайыз,Жамбыл,,,39.4
2012,пайыз,Қарағанды,,,43.1
2012,пайыз,Қостанай,,,43.1
2012,пайыз,Қызылорда,,,31.0
2012,пайыз,Маңғыстау,,,40.7
2012,пайыз,Оңтүстік Қазақстан,,,28.7
2012,пайыз,Павлодар,,,30.9
2012,пайыз,Солтүстік Қазақстан,,,40.4
2012,пайыз,Шығыс Қазақстан,,,38.1
2012,пайыз,Нұр-Сұлтан қаласы,,,46.2
2012,пайыз,Алматы қаласы,,,46.2
2012,пайыз,,қала,,41.9
2012,пайыз,Ақмола,қала,,44.6
2012,пайыз,Ақтөбе,қала,,35.3
2012,пайыз,Алматы,қала,,36.9
2012,пайыз,Атырау,қала,,39.5
2012,пайыз,Батыс Қазақстан,қала,,19.1
2012,пайыз,Жамбыл,қала,,38.8
2012,пайыз,Қарағанды,қала,,44.7
2012,пайыз,Қостанай,қала,,45.6
2012,пайыз,Қызылорда,қала,,32.4
2012,пайыз,Маңғыстау,қала,,43.9
2012,пайыз,Оңтүстік Қазақстан,қала,,35.4
2012,пайыз,Павлодар,қала,,29.0
2012,пайыз,Солтүстік Қазақстан,қала,,33.8
2012,пайыз,Шығыс Қазақстан,қала,,34.4
2012,пайыз,Нұр-Сұлтан қаласы,қала,,46.2
2012,пайыз,Алматы қаласы,қала,,46.2
2012,пайыз,,ауыл,,32.2
2012,пайыз,Ақмола,ауыл,,12.8
2012,пайыз,Ақтөбе,ауыл,,42.5
2012,пайыз,Алматы,ауыл,,32.1
2012,пайыз,Атырау,ауыл,,10.1
2012,пайыз,Батыс Қазақстан,ауыл,,25.5
2012,пайыз,Жамбыл,ауыл,,42.6
2012,пайыз,Қарағанды,ауыл,,27.0
2012,пайыз,Қостанай,ауыл,,36.1
2012,пайыз,Қызылорда,ауыл,,28.7
2012,пайыз,Маңғыстау,ауыл,,16.7
2012,пайыз,Оңтүстік Қазақстан,ауыл,,15.8
2012,пайыз,Павлодар,ауыл,,39.1
2012,пайыз,Солтүстік Қазақстан,ауыл,,45.8
2012,пайыз,Шығыс Қазақстан,ауыл,,41.6
2012,пайыз,,,16-24,58.5
2012,пайыз,,,25-28,40.2
2012,пайыз,,,29-34,39.0
2012,пайыз,,,35-44,38.6
2012,пайыз,,,45-54,39.2
2012,пайыз,,,55-64,33.1
2012,пайыз,,,65 және одан үлкен,25.0
2012,пайыз,Ақмола,,16-24,28.2
2012,пайыз,Ақмола,,25-28,31.2
2012,пайыз,Ақмола,,29-34,53.5
2012,пайыз,Ақмола,,35-44,39.6
2012,пайыз,Ақмола,,45-54,37.3
2012,пайыз,Ақмола,,55-64,20.1
2012,пайыз,Ақтөбе,,16-24,100.0
2012,пайыз,Ақтөбе,,25-28,48.7
2012,пайыз,Ақтөбе,,29-34,31.7
2012,пайыз,Ақтөбе,,35-44,34.3
2012,пайыз,Ақтөбе,,45-54,37.3
2012,пайыз,Ақтөбе,,55-64,16.7
2012,пайыз,Алматы,,16-24,40.0
2012,пайыз,Алматы,,25-28,41.0
2012,пайыз,Алматы,,29-34,45.1
2012,пайыз,Алматы,,35-44,19.2
2012,пайыз,Алматы,,45-54,28.7
2012,пайыз,Алматы,,55-64,46.7
2012,пайыз,Атырау,,16-24,78.9
2012,пайыз,Атырау,,25-28,35.3
2012,пайыз,Атырау,,29-34,24.8
2012,пайыз,Атырау,,35-44,42.2
2012,пайыз,Атырау,,45-54,25.9
2012,пайыз,Атырау,,55-64,13.7
2012,пайыз,Атырау,,65 және одан үлкен,0.0
2012,пайыз,Батыс Қазақстан,,29-34,11.7
2012,пайыз,Батыс Қазақстан,,35-44,15.5
2012,пайыз,Батыс Қазақстан,,45-54,26.8
2012,пайыз,Батыс Қазақстан,,55-64,31.6
2012,пайыз,Жамбыл,,16-24,36.6
2012,пайыз,Жамбыл,,25-28,54.2
2012,пайыз,Жамбыл,,29-34,24.9
2012,пайыз,Жамбыл,,35-44,28.7
2012,пайыз,Жамбыл,,45-54,53.3
2012,пайыз,Жамбыл,,55-64,21.5
2012,пайыз,Жамбыл,,65 және одан үлкен,100.0
2012,пайыз,Қарағанды,,16-24,82.0
2012,пайыз,Қарағанды,,25-28,33.0
2012,пайыз,Қарағанды,,29-34,45.5
2012,пайыз,Қарағанды,,35-44,47.5
2012,пайыз,Қарағанды,,45-54,42.1
2012,пайыз,Қарағанды,,55-64,35.3
2012,пайыз,Қарағанды,,65 және одан үлкен,54.4
2012,пайыз,Қостанай,,16-24,47.3
2012,пайыз,Қостанай,,25-28,54.0
2012,пайыз,Қостанай,,29-34,55.9
2012,пайыз,Қостанай,,35-44,43.3
2012,пайыз,Қостанай,,45-54,39.6
2012,пайыз,Қостанай,,55-64,15.1
2012,пайыз,Қызылорда,,16-24,0.0
2012,пайыз,Қызылорда,,25-28,21.3
2012,пайыз,Қызылорда,,29-34,46.9
2012,пайыз,Қызылорда,,35-44,33.3
2012,пайыз,Қызылорда,,45-54,28.2
2012,пайыз,Қызылорда,,55-64,37.0
2012,пайыз,Қызылорда,,65 және одан үлкен,0.0
2012,пайыз,Маңғыстау,,16-24,100.0
2012,пайыз,Маңғыстау,,25-28,52.6
2012,пайыз,Маңғыстау,,29-34,36.4
2012,пайыз,Маңғыстау,,35-44,38.0
2012,пайыз,Маңғыстау,,45-54,56.6
2012,пайыз,Маңғыстау,,55-64,33.0
2012,пайыз,Маңғыстау,,65 және одан үлкен,0.0
2012,пайыз,Оңтүстік Қазақстан,,16-24,68.7
2012,пайыз,Оңтүстік Қазақстан,,25-28,43.3
2012,пайыз,Оңтүстік Қазақстан,,29-34,56.3
2012,пайыз,Оңтүстік Қазақстан,,35-44,17.9
2012,пайыз,Оңтүстік Қазақстан,,45-54,23.4
2012,пайыз,Оңтүстік Қазақстан,,55-64,31.1
2012,пайыз,Павлодар,,16-24,27.6
2012,пайыз,Павлодар,,25-28,29.1
2012,пайыз,Павлодар,,29-34,29.6
2012,пайыз,Павлодар,,35-44,23.5
2012,пайыз,Павлодар,,45-54,38.6
2012,пайыз,Павлодар,,55-64,35.9
2012,пайыз,Солтүстік Қазақстан,,16-24,76.4
2012,пайыз,Солтүстік Қазақстан,,25-28,18.3
2012,пайыз,Солтүстік Қазақстан,,29-34,37.3
2012,пайыз,Солтүстік Қазақстан,,35-44,33.2
2012,пайыз,Солтүстік Қазақстан,,45-54,46.5
2012,пайыз,Солтүстік Қазақстан,,55-64,62.8
2012,пайыз,Шығыс Қазақстан,,16-24,35.9
2012,пайыз,Шығыс Қазақстан,,25-28,38.0
2012,пайыз,Шығыс Қазақстан,,29-34,17.6
2012,пайыз,Шығыс Қазақстан,,35-44,31.9
2012,пайыз,Шығыс Қазақстан,,45-54,50.4
2012,пайыз,Шығыс Қазақстан,,55-64,43.0
2012,пайыз,Нұр-Сұлтан қаласы,,16-24,68.5
2012,пайыз,Нұр-Сұлтан қаласы,,25-28,38.7
2012,пайыз,Нұр-Сұлтан қаласы,,29-34,40.0
2012,пайыз,Нұр-Сұлтан қаласы,,35-44,48.8
2012,пайыз,Нұр-Сұлтан қаласы,,45-54,46.0
2012,пайыз,Нұр-Сұлтан қаласы,,55-64,43.8
2012,пайыз,Нұр-Сұлтан қаласы,,65 және одан үлкен,0.0
2012,пайыз,Алматы қаласы,,16-24,75.3
2012,пайыз,Алматы қаласы,,25-28,52.9
2012,пайыз,Алматы қаласы,,29-34,36.9
2012,пайыз,Алматы қаласы,,35-44,51.0
2012,пайыз,Алматы қаласы,,45-54,39.9
2012,пайыз,Алматы қаласы,,55-64,18.4
2013,пайыз,,,,38.3
2013,пайыз,Ақмола,,,44.8
2013,пайыз,Ақтөбе,,,27.2
2013,пайыз,Алматы,,,45.6
2013,пайыз,Атырау,,,28.9
2013,пайыз,Батыс Қазақстан,,,23.5
2013,пайыз,Жамбыл,,,27.0
2013,пайыз,Қарағанды,,,38.6
2013,пайыз,Қостанай,,,34.6
2013,пайыз,Қызылорда,,,30.9
2013,пайыз,Маңғыстау,,,30.0
2013,пайыз,Оңтүстік Қазақстан,,,32.5
2013,пайыз,Павлодар,,,36.3
2013,пайыз,Солтүстік Қазақстан,,,27.5
2013,пайыз,Шығыс Қазақстан,,,35.5
2013,пайыз,Нұр-Сұлтан қаласы,,,48.0
2013,пайыз,Алматы қаласы,,,39.5
2013,пайыз,,қала,,38.9
2013,пайыз,Ақмола,қала,,50.5
2013,пайыз,Ақтөбе,қала,,23.8
2013,пайыз,Алматы,қала,,46.3
2013,пайыз,Атырау,қала,,31.9
2013,пайыз,Батыс Қазақстан,қала,,26.0
2013,пайыз,Жамбыл,қала,,29.9
2013,пайыз,Қарағанды,қала,,39.4
2013,пайыз,Қостанай,қала,,39.1
2013,пайыз,Қызылорда,қала,,31.7
2013,пайыз,Маңғыстау,қала,,28.0
2013,пайыз,Оңтүстік Қазақстан,қала,,29.4
2013,пайыз,Павлодар,қала,,33.9
2013,пайыз,Солтүстік Қазақстан,қала,,29.4
2013,пайыз,Шығыс Қазақстан,қала,,40.1
2013,пайыз,Нұр-Сұлтан қаласы,қала,,48.0
2013,пайыз,Алматы қаласы,қала,,39.5
2013,пайыз,,ауыл,,37.0
2013,пайыз,Ақмола,ауыл,,31.2
2013,пайыз,Ақтөбе,ауыл,,54.4
2013,пайыз,Алматы,ауыл,,45.3
2013,пайыз,Атырау,ауыл,,18.0
2013,пайыз,Батыс Қазақстан,ауыл,,16.9
2013,пайыз,Жамбыл,ауыл,,10.1
2013,пайыз,Қарағанды,ауыл,,30.7
2013,пайыз,Қостанай,ауыл,,20.5
2013,пайыз,Қызылорда,ауыл,,29.4
2013,пайыз,Маңғыстау,ауыл,,35.8
2013,пайыз,Оңтүстік Қазақстан,ауыл,,34.8
2013,пайыз,Павлодар,ауыл,,44.0
2013,пайыз,Солтүстік Қазақстан,ауыл,,23.9
2013,пайыз,Шығыс Қазақстан,ауыл,,29.1
2013,пайыз,,,16-24,42.0
2013,пайыз,,,25-28,41.6
2013,пайыз,,,29-34,38.4
2013,пайыз,,,35-44,39.3
2013,пайыз,,,45-54,38.4
2013,пайыз,,,55-64,30.0
2013,пайыз,,,65 және одан үлкен,17.5
2013,пайыз,Ақмола,,16-24,69.1
2013,пайыз,Ақмола,,25-28,61.2
2013,пайыз,Ақмола,,29-34,64.4
2013,пайыз,Ақмола,,35-44,32.9
2013,пайыз,Ақмола,,45-54,41.0
2013,пайыз,Ақмола,,55-64,40.7
2013,пайыз,Ақтөбе,,16-24,6.7
2013,пайыз,Ақтөбе,,25-28,33.6
2013,пайыз,Ақтөбе,,29-34,15.6
2013,пайыз,Ақтөбе,,35-44,41.9
2013,пайыз,Ақтөбе,,45-54,24.5
2013,пайыз,Ақтөбе,,55-64,29.1
2013,пайыз,Алматы,,16-24,34.1
2013,пайыз,Алматы,,25-28,70.6
2013,пайыз,Алматы,,29-34,58.9
2013,пайыз,Алматы,,35-44,43.7
2013,пайыз,Алматы,,45-54,44.4
2013,пайыз,Алматы,,55-64,39.5
2013,пайыз,Алматы,,65 және одан үлкен,33.4
2013,пайыз,Атырау,,16-24,47.4
2013,пайыз,Атырау,,25-28,20.7
2013,пайыз,Атырау,,29-34,61.7
2013,пайыз,Атырау,,35-44,24.4
2013,пайыз,Атырау,,45-54,28.7
2013,пайыз,Атырау,,55-64,17.7
2013,пайыз,Атырау,,65 және одан үлкен,0.0
2013,пайыз,Батыс Қазақстан,,16-24,0.0
2013,пайыз,Батыс Қазақстан,,25-28,80.4
2013,пайыз,Батыс Қазақстан,,29-34,0.0
2013,пайыз,Батыс Қазақстан,,35-44,30.4
2013,пайыз,Батыс Қазақстан,,45-54,26.8
2013,пайыз,Батыс Қазақстан,,55-64,17.7
2013,пайыз,Жамбыл,,16-24,0.0
2013,пайыз,Жамбыл,,25-28,28.1
2013,пайыз,Жамбыл,,29-34,21.0
2013,пайыз,Жамбыл,,35-44,31.7
2013,пайыз,Жамбыл,,45-54,29.6
2013,пайыз,Жамбыл,,55-64,24.6
2013,пайыз,Қарағанды,,16-24,53.1
2013,пайыз,Қарағанды,,25-28,31.1
2013,пайыз,Қарағанды,,29-34,30.1
2013,пайыз,Қарағанды,,35-44,44.5
2013,пайыз,Қарағанды,,45-54,45.0
2013,пайыз,Қарағанды,,55-64,22.8
2013,пайыз,Қарағанды,,65 және одан үлкен,26.8
2013,пайыз,Қостанай,,16-24,56.2
2013,пайыз,Қостанай,,25-28,44.3
2013,пайыз,Қостанай,,29-34,35.4
2013,пайыз,Қостанай,,35-44,27.3
2013,пайыз,Қостанай,,45-54,37.0
2013,пайыз,Қостанай,,55-64,17.6
2013,пайыз,Қызылорда,,16-24,0.0
2013,пайыз,Қызылорда,,25-28,0.0
2013,пайыз,Қызылорда,,29-34,35.1
2013,пайыз,Қызылорда,,35-44,34.6
2013,пайыз,Қызылорда,,45-54,26.8
2013,пайыз,Қызылорда,,55-64,44.9
2013,пайыз,Маңғыстау,,16-24,0.0
2013,пайыз,Маңғыстау,,25-28,10.3
2013,пайыз,Маңғыстау,,29-34,24.7
2013,пайыз,Маңғыстау,,35-44,43.5
2013,пайыз,Маңғыстау,,45-54,28.1
2013,пайыз,Маңғыстау,,55-64,12.1
2013,пайыз,Оңтүстік Қазақстан,,16-24,32.6
2013,пайыз,Оңтүстік Қазақстан,,25-28,3.0
2013,пайыз,Оңтүстік Қазақстан,,29-34,47.2
2013,пайыз,Оңтүстік Қазақстан,,35-44,34.9
2013,пайыз,Оңтүстік Қазақстан,,45-54,32.3
2013,пайыз,Оңтүстік Қазақстан,,55-64,26.7
2013,пайыз,Павлодар,,16-24,45.9
2013,пайыз,Павлодар,,25-28,17.2
2013,пайыз,Павлодар,,29-34,41.9
2013,пайыз,Павлодар,,35-44,34.4
2013,пайыз,Павлодар,,45-54,47.6
2013,пайыз,Павлодар,,55-64,31.2
2013,пайыз,Солтүстік Қазақстан,,16-24,0.0
2013,пайыз,Солтүстік Қазақстан,,25-28,51.7
2013,пайыз,Солтүстік Қазақстан,,29-34,13.2
2013,пайыз,Солтүстік Қазақстан,,35-44,22.5
2013,пайыз,Солтүстік Қазақстан,,45-54,34.3
2013,пайыз,Солтүстік Қазақстан,,55-64,33.4
2013,пайыз,Шығыс Қазақстан,,16-24,46.1
2013,пайыз,Шығыс Қазақстан,,25-28,23.5
2013,пайыз,Шығыс Қазақстан,,29-34,25.9
2013,пайыз,Шығыс Қазақстан,,35-44,43.0
2013,пайыз,Шығыс Қазақстан,,45-54,38.3
2013,пайыз,Шығыс Қазақстан,,55-64,37.8
2013,пайыз,Нұр-Сұлтан қаласы,,16-24,74.3
2013,пайыз,Нұр-Сұлтан қаласы,,25-28,42.8
2013,пайыз,Нұр-Сұлтан қаласы,,29-34,47.1
2013,пайыз,Нұр-Сұлтан қаласы,,35-44,46.3
2013,пайыз,Нұр-Сұлтан қаласы,,45-54,46.9
2013,пайыз,Нұр-Сұлтан қаласы,,55-64,27.7
2013,пайыз,Нұр-Сұлтан қаласы,,65 және одан үлкен,0.0
2013,пайыз,Алматы қаласы,,16-24,62.3
2013,пайыз,Алматы қаласы,,25-28,53.6
2013,пайыз,Алматы қаласы,,29-34,32.5
2013,пайыз,Алматы қаласы,,35-44,46.4
2013,пайыз,Алматы қаласы,,45-54,32.7
2013,пайыз,Алматы қаласы,,55-64,22.1
2014,пайыз,,,,34.8
2014,пайыз,Ақмола,,,34.8
2014,пайыз,Ақтөбе,,,37.6
2014,пайыз,Алматы,,,26.5
2014,пайыз,Атырау,,,25.4
2014,пайыз,Батыс Қазақстан,,,30.6
2014,пайыз,Жамбыл,,,22.8
2014,пайыз,Қарағанды,,,35.7
2014,пайыз,Қостанай,,,38.6
2014,пайыз,Қызылорда,,,34.0
2014,пайыз,Маңғыстау,,,44.6
2014,пайыз,Оңтүстік Қазақстан,,,32.9
2014,пайыз,Павлодар,,,32.0
2014,пайыз,Солтүстік Қазақстан,,,31.3
2014,пайыз,Шығыс Қазақстан,,,35.0
2014,пайыз,Нұр-Сұлтан қаласы,,,35.9
2014,пайыз,Алматы қаласы,,,38.4
2014,пайыз,,қала,,37.1
2014,пайыз,Ақмола,қала,,37.7
2014,пайыз,Ақтөбе,қала,,39.6
2014,пайыз,Алматы,қала,,30.5
2014,пайыз,Атырау,қала,,23.7
2014,пайыз,Батыс Қазақстан,қала,,32.0
2014,пайыз,Жамбыл,қала,,27.5
2014,пайыз,Қарағанды,қала,,37.0
2014,пайыз,Қостанай,қала,,41.4
2014,пайыз,Қызылорда,қала,,38.1
2014,пайыз,Маңғыстау,қала,,46.4
2014,пайыз,Оңтүстік Қазақстан,қала,,35.5
2014,пайыз,Павлодар,қала,,31.5
2014,пайыз,Солтүстік Қазақстан,қала,,34.0
2014,пайыз,Шығыс Қазақстан,қала,,37.8
2014,пайыз,Нұр-Сұлтан қаласы,қала,,37.6
2014,пайыз,Алматы қаласы,қала,,39.3
2014,пайыз,,ауыл,,30.2
2014,пайыз,Ақмола,ауыл,,29.6
2014,пайыз,Ақтөбе,ауыл,,30.6
2014,пайыз,Алматы,ауыл,,25.3
2014,пайыз,Атырау,ауыл,,32.7
2014,пайыз,Батыс Қазақстан,ауыл,,28.8
2014,пайыз,Жамбыл,ауыл,,16.7
2014,пайыз,Қарағанды,ауыл,,32.0
2014,пайыз,Қостанай,ауыл,,34.4
2014,пайыз,Қызылорда,ауыл,,28.8
2014,пайыз,Маңғыстау,ауыл,,45.5
2014,пайыз,Оңтүстік Қазақстан,ауыл,,30.4
2014,пайыз,Павлодар,ауыл,,38.6
2014,пайыз,Солтүстік Қазақстан,ауыл,,28.0
2014,пайыз,Шығыс Қазақстан,ауыл,,29.2
2014,пайыз,,,16-24,29.6
2014,пайыз,,,25-28,34.8
2014,пайыз,,,29-34,33.2
2014,пайыз,,,35-44,36.5
2014,пайыз,,,45-54,38.3
2014,пайыз,,,55-64,30.2
2014,пайыз,,,65 және одан үлкен,16.0
2014,пайыз,Ақмола,,16-24,25.6
2014,пайыз,Ақмола,,25-28,26.6
2014,пайыз,Ақмола,,29-34,32.1
2014,пайыз,Ақмола,,35-44,36.4
2014,пайыз,Ақмола,,45-54,36.8
2014,пайыз,Ақмола,,55-64,37.8
2014,пайыз,Ақтөбе,,16-24,13.5
2014,пайыз,Ақтөбе,,25-28,43.8
2014,пайыз,Ақтөбе,,29-34,43.3
2014,пайыз,Ақтөбе,,35-44,41.8
2014,пайыз,Ақтөбе,,45-54,36.5
2014,пайыз,Ақтөбе,,55-64,16.7
2014,пайыз,Ақтөбе,,65 және одан үлкен,0.0
2014,пайыз,Алматы,,16-24,17.3
2014,пайыз,Алматы,,25-28,34.2
2014,пайыз,Алматы,,29-34,20.2
2014,пайыз,Алматы,,35-44,27.6
2014,пайыз,Алматы,,45-54,31.1
2014,пайыз,Алматы,,55-64,26.1
2014,пайыз,Алматы,,65 және одан үлкен,25.6
2014,пайыз,Атырау,,16-24,39.1
2014,пайыз,Атырау,,25-28,12.7
2014,пайыз,Атырау,,29-34,18.4
2014,пайыз,Атырау,,35-44,36.2
2014,пайыз,Атырау,,45-54,28.7
2014,пайыз,Атырау,,55-64,13.3
2014,пайыз,Атырау,,65 және одан үлкен,0.0
2014,пайыз,Батыс Қазақстан,,16-24,31.3
2014,пайыз,Батыс Қазақстан,,25-28,27.1
2014,пайыз,Батыс Қазақстан,,29-34,43.2
2014,пайыз,Батыс Қазақстан,,35-44,32.6
2014,пайыз,Батыс Қазақстан,,45-54,27.6
2014,пайыз,Батыс Қазақстан,,55-64,26.9
2014,пайыз,Батыс Қазақстан,,65 және одан үлкен,0.0
2014,пайыз,Жамбыл,,16-24,4.2
2014,пайыз,Жамбыл,,25-28,25.0
2014,пайыз,Жамбыл,,29-34,11.3
2014,пайыз,Жамбыл,,35-44,22.8
2014,пайыз,Жамбыл,,45-54,42.2
2014,пайыз,Жамбыл,,55-64,28.3
2014,пайыз,Жамбыл,,65 және одан үлкен,0.0
2014,пайыз,Қарағанды,,16-24,31.1
2014,пайыз,Қарағанды,,25-28,20.2
2014,пайыз,Қарағанды,,29-34,33.4
2014,пайыз,Қарағанды,,35-44,35.2
2014,пайыз,Қарағанды,,45-54,43.4
2014,пайыз,Қарағанды,,55-64,42.9
2014,пайыз,Қарағанды,,65 және одан үлкен,8.1
2014,пайыз,Қостанай,,16-24,44.5
2014,пайыз,Қостанай,,25-28,35.6
2014,пайыз,Қостанай,,29-34,34.7
2014,пайыз,Қостанай,,35-44,40.3
2014,пайыз,Қостанай,,45-54,43.2
2014,пайыз,Қостанай,,55-64,27.2
2014,пайыз,Қостанай,,65 және одан үлкен,32.5
2014,пайыз,Қызылорда,,16-24,27.7
2014,пайыз,Қызылорда,,25-28,65.2
2014,пайыз,Қызылорда,,29-34,28.9
2014,пайыз,Қызылорда,,35-44,47.7
2014,пайыз,Қызылорда,,45-54,29.2
2014,пайыз,Қызылорда,,55-64,16.2
2014,пайыз,Маңғыстау,,16-24,41.1
2014,пайыз,Маңғыстау,,25-28,47.7
2014,пайыз,Маңғыстау,,29-34,38.5
2014,пайыз,Маңғыстау,,35-44,50.2
2014,пайыз,Маңғыстау,,45-54,48.2
2014,пайыз,Маңғыстау,,55-64,31.6
2014,пайыз,Маңғыстау,,65 және одан үлкен,6.8
2014,пайыз,Оңтүстік Қазақстан,,16-24,22.0
2014,пайыз,Оңтүстік Қазақстан,,25-28,31.6
2014,пайыз,Оңтүстік Қазақстан,,29-34,36.2
2014,пайыз,Оңтүстік Қазақстан,,35-44,36.6
2014,пайыз,Оңтүстік Қазақстан,,45-54,31.5
2014,пайыз,Оңтүстік Қазақстан,,55-64,25.2
2014,пайыз,Павлодар,,16-24,22.1
2014,пайыз,Павлодар,,25-28,33.4
2014,пайыз,Павлодар,,29-34,27.9
2014,пайыз,Павлодар,,35-44,31.9
2014,пайыз,Павлодар,,45-54,37.0
2014,пайыз,Павлодар,,55-64,24.9
2014,пайыз,Павлодар,,65 және одан үлкен,84.8
2014,пайыз,Солтүстік Қазақстан,,16-24,2.1
2014,пайыз,Солтүстік Қазақстан,,25-28,23.0
2014,пайыз,Солтүстік Қазақстан,,29-34,28.0
2014,пайыз,Солтүстік Қазақстан,,35-44,38.0
2014,пайыз,Солтүстік Қазақстан,,45-54,32.2
2014,пайыз,Солтүстік Қазақстан,,55-64,32.2
2014,пайыз,Солтүстік Қазақстан,,65 және одан үлкен,21.9
2014,пайыз,Шығыс Қазақстан,,16-24,25.8
2014,пайыз,Шығыс Қазақстан,,25-28,27.2
2014,пайыз,Шығыс Қазақстан,,29-34,35.2
2014,пайыз,Шығыс Қазақстан,,35-44,30.2
2014,пайыз,Шығыс Қазақстан,,45-54,45.2
2014,пайыз,Шығыс Қазақстан,,55-64,29.0
2014,пайыз,Шығыс Қазақстан,,65 және одан үлкен,10.6
2014,пайыз,Нұр-Сұлтан қаласы,,16-24,20.8
2014,пайыз,Нұр-Сұлтан қаласы,,25-28,47.7
2014,пайыз,Нұр-Сұлтан қаласы,,29-34,43.1
2014,пайыз,Нұр-Сұлтан қаласы,,35-44,38.5
2014,пайыз,Нұр-Сұлтан қаласы,,45-54,28.3
2014,пайыз,Нұр-Сұлтан қаласы,,55-64,28.0
2014,пайыз,Алматы қаласы,,16-24,37.0
2014,пайыз,Алматы қаласы,,25-28,43.4
2014,пайыз,Алматы қаласы,,29-34,32.8
2014,пайыз,Алматы қаласы,,35-44,39.1
2014,пайыз,Алматы қаласы,,45-54,42.3
2014,пайыз,Алматы қаласы,,55-64,35.1
2014,пайыз,Алматы қаласы,,65 және одан үлкен,0.0
2015,пайыз,,,,37.0
2015,пайыз,Ақмола,,,30.0
2015,пайыз,Ақтөбе,,,34.3
2015,пайыз,Алматы,,,31.3
2015,пайыз,Атырау,,,33.8
2015,пайыз,Батыс Қазақстан,,,35.9
2015,пайыз,Жамбыл,,,20.5
2015,пайыз,Қарағанды,,,38.9
2015,пайыз,Қостанай,,,42.9
2015,пайыз,Қызылорда,,,32.6
2015,пайыз,Маңғыстау,,,52.0
2015,пайыз,Оңтүстік Қазақстан,,,28.7
2015,пайыз,Павлодар,,,39.1
2015,пайыз,Солтүстік Қазақстан,,,39.6
2015,пайыз,Шығыс Қазақстан,,,33.0
2015,пайыз,Нұр-Сұлтан қаласы,,,41.9
2015,пайыз,Алматы қаласы,,,35.3
2015,пайыз,,қала,,38.4
2015,пайыз,Ақмола,қала,,29.8
2015,пайыз,Ақтөбе,қала,,33.1
2015,пайыз,Алматы,қала,,34.3
2015,пайыз,Атырау,қала,,33.6
2015,пайыз,Батыс Қазақстан,қала,,38.4
2015,пайыз,Жамбыл,қала,,20.3
2015,пайыз,Қарағанды,қала,,39.9
2015,пайыз,Қостанай,қала,,44.7
2015,пайыз,Қызылорда,қала,,37.6
2015,пайыз,Маңғыстау,қала,,51.6
2015,пайыз,Оңтүстік Қазақстан,қала,,32.8
2015,пайыз,Павлодар,қала,,40.7
2015,пайыз,Солтүстік Қазақстан,қала,,42.1
2015,пайыз,Шығыс Қазақстан,қала,,34.6
2015,пайыз,Нұр-Сұлтан қаласы,қала,,41.9
2015,пайыз,Алматы қаласы,қала,,35.3
2015,пайыз,,ауыл,,32.1
2015,пайыз,Ақмола,ауыл,,30.3
2015,пайыз,Ақтөбе,ауыл,,38.1
2015,пайыз,Алматы,ауыл,,29.3
2015,пайыз,Атырау,ауыл,,34.6
2015,пайыз,Батыс Қазақстан,ауыл,,30.7
2015,пайыз,Жамбыл,ауыл,,21.1
2015,пайыз,Қарағанды,ауыл,,30.9
2015,пайыз,Қостанай,ауыл,,38.4
2015,пайыз,Қызылорда,ауыл,,26.3
2015,пайыз,Маңғыстау,ауыл,,53.0
2015,пайыз,Оңтүстік Қазақстан,ауыл,,23.7
2015,пайыз,Павлодар,ауыл,,31.6
2015,пайыз,Солтүстік Қазақстан,ауыл,,32.9
2015,пайыз,Шығыс Қазақстан,ауыл,,28.5
2015,пайыз,,,16-24,38.3
2015,пайыз,,,25-28,36.7
2015,пайыз,,,29-34,37.1
2015,пайыз,,,35-44,35.9
2015,пайыз,,,45-54,39.4
2015,пайыз,,,55-64,34.3
2015,пайыз,,,65 және одан үлкен,28.4
2015,пайыз,Ақмола,,16-24,45.5
2015,пайыз,Ақмола,,25-28,15.1
2015,пайыз,Ақмола,,29-34,30.7
2015,пайыз,Ақмола,,35-44,29.0
2015,пайыз,Ақмола,,45-54,32.1
2015,пайыз,Ақмола,,55-64,30.3
2015,пайыз,Ақтөбе,,16-24,33.0
2015,пайыз,Ақтөбе,,25-28,42.2
2015,пайыз,Ақтөбе,,29-34,27.3
2015,пайыз,Ақтөбе,,35-44,24.5
2015,пайыз,Ақтөбе,,45-54,52.7
2015,пайыз,Ақтөбе,,55-64,29.9
2015,пайыз,Ақтөбе,,65 және одан үлкен,0.0
2015,пайыз,Алматы,,16-24,44.1
2015,пайыз,Алматы,,25-28,31.1
2015,пайыз,Алматы,,29-34,26.9
2015,пайыз,Алматы,,35-44,28.1
2015,пайыз,Алматы,,45-54,31.0
2015,пайыз,Алматы,,55-64,33.9
2015,пайыз,Алматы,,65 және одан үлкен,9.8
2015,пайыз,Атырау,,16-24,17.1
2015,пайыз,Атырау,,25-28,0.0
2015,пайыз,Атырау,,29-34,39.3
2015,пайыз,Атырау,,35-44,50.5
2015,пайыз,Атырау,,45-54,29.7
2015,пайыз,Атырау,,55-64,18.5
2015,пайыз,Атырау,,65 және одан үлкен,0.0
2015,пайыз,Батыс Қазақстан,,16-24,48.1
2015,пайыз,Батыс Қазақстан,,25-28,43.0
2015,пайыз,Батыс Қазақстан,,29-34,31.9
2015,пайыз,Батыс Қазақстан,,35-44,24.9
2015,пайыз,Батыс Қазақстан,,45-54,41.8
2015,пайыз,Батыс Қазақстан,,55-64,36.7
2015,пайыз,Жамбыл,,16-24,4.1
2015,пайыз,Жамбыл,,25-28,32.7
2015,пайыз,Жамбыл,,29-34,13.6
2015,пайыз,Жамбыл,,35-44,18.4
2015,пайыз,Жамбыл,,45-54,37.4
2015,пайыз,Жамбыл,,55-64,10.4
2015,пайыз,Қарағанды,,16-24,49.8
2015,пайыз,Қарағанды,,25-28,34.3
2015,пайыз,Қарағанды,,29-34,36.7
2015,пайыз,Қарағанды,,35-44,34.4
2015,пайыз,Қарағанды,,45-54,46.8
2015,пайыз,Қарағанды,,55-64,38.1
2015,пайыз,Қарағанды,,65 және одан үлкен,27.8
2015,пайыз,Қостанай,,16-24,45.3
2015,пайыз,Қостанай,,25-28,40.2
2015,пайыз,Қостанай,,29-34,44.0
2015,пайыз,Қостанай,,35-44,42.9
2015,пайыз,Қостанай,,45-54,45.0
2015,пайыз,Қостанай,,55-64,36.0
2015,пайыз,Қостанай,,65 және одан үлкен,17.7
2015,пайыз,Қызылорда,,16-24,0.0
2015,пайыз,Қызылорда,,25-28,33.8
2015,пайыз,Қызылорда,,29-34,33.6
2015,пайыз,Қызылорда,,35-44,44.2
2015,пайыз,Қызылорда,,45-54,30.3
2015,пайыз,Қызылорда,,55-64,13.0
2015,пайыз,Маңғыстау,,16-24,36.3
2015,пайыз,Маңғыстау,,25-28,63.3
2015,пайыз,Маңғыстау,,29-34,47.5
2015,пайыз,Маңғыстау,,35-44,62.3
2015,пайыз,Маңғыстау,,45-54,46.5
2015,пайыз,Маңғыстау,,55-64,41.6
2015,пайыз,Маңғыстау,,65 және одан үлкен,54.5
2015,пайыз,Оңтүстік Қазақстан,,16-24,5.3
2015,пайыз,Оңтүстік Қазақстан,,25-28,12.9
2015,пайыз,Оңтүстік Қазақстан,,29-34,33.9
2015,пайыз,Оңтүстік Қазақстан,,35-44,39.7
2015,пайыз,Оңтүстік Қазақстан,,45-54,21.4
2015,пайыз,Оңтүстік Қазақстан,,55-64,24.3
2015,пайыз,Оңтүстік Қазақстан,,65 және одан үлкен,0.0
2015,пайыз,Павлодар,,16-24,42.0
2015,пайыз,Павлодар,,25-28,32.5
2015,пайыз,Павлодар,,29-34,56.7
2015,пайыз,Павлодар,,35-44,38.6
2015,пайыз,Павлодар,,45-54,35.8
2015,пайыз,Павлодар,,55-64,30.6
2015,пайыз,Павлодар,,65 және одан үлкен,11.8
2015,пайыз,Солтүстік Қазақстан,,16-24,48.7
2015,пайыз,Солтүстік Қазақстан,,25-28,37.7
2015,пайыз,Солтүстік Қазақстан,,29-34,38.0
2015,пайыз,Солтүстік Қазақстан,,35-44,38.2
2015,пайыз,Солтүстік Қазақстан,,45-54,42.2
2015,пайыз,Солтүстік Қазақстан,,55-64,40.6
2015,пайыз,Солтүстік Қазақстан,,65 және одан үлкен,2.8
2015,пайыз,Шығыс Қазақстан,,16-24,29.9
2015,пайыз,Шығыс Қазақстан,,25-28,13.7
2015,пайыз,Шығыс Қазақстан,,29-34,32.2
2015,пайыз,Шығыс Қазақстан,,35-44,34.8
2015,пайыз,Шығыс Қазақстан,,45-54,36.9
2015,пайыз,Шығыс Қазақстан,,55-64,38.3
2015,пайыз,Шығыс Қазақстан,,65 және одан үлкен,0.0
2015,пайыз,Нұр-Сұлтан қаласы,,16-24,41.3
2015,пайыз,Нұр-Сұлтан қаласы,,25-28,52.4
2015,пайыз,Нұр-Сұлтан қаласы,,29-34,37.3
2015,пайыз,Нұр-Сұлтан қаласы,,35-44,37.2
2015,пайыз,Нұр-Сұлтан қаласы,,45-54,46.1
2015,пайыз,Нұр-Сұлтан қаласы,,55-64,41.1
2015,пайыз,Нұр-Сұлтан қаласы,,65 және одан үлкен,55.6
2015,пайыз,Алматы қаласы,,16-24,35.1
2015,пайыз,Алматы қаласы,,25-28,22.9
2015,пайыз,Алматы қаласы,,29-34,43.7
2015,пайыз,Алматы қаласы,,35-44,35.1
2015,пайыз,Алматы қаласы,,45-54,33.8
2015,пайыз,Алматы қаласы,,55-64,35.8
2015,пайыз,Алматы қаласы,,65 және одан үлкен,32.1
2016,пайыз,,,,37.3
2016,пайыз,Ақмола,,,34.6
2016,пайыз,Ақтөбе,,,34.1
2016,пайыз,Алматы,,,35.7
2016,пайыз,Атырау,,,30.0
2016,пайыз,Батыс Қазақстан,,,34.5
2016,пайыз,Жамбыл,,,19.2
2016,пайыз,Қарағанды,,,33.8
2016,пайыз,Қостанай,,,39.6
2016,пайыз,Қызылорда,,,31.1
2016,пайыз,Маңғыстау,,,44.4
2016,пайыз,Оңтүстік Қазақстан,,,40.9
2016,пайыз,Павлодар,,,40.0
2016,пайыз,Солтүстік Қазақстан,,,32.6
2016,пайыз,Шығыс Қазақстан,,,33.7
2016,пайыз,Нұр-Сұлтан қаласы,,,44.2
2016,пайыз,Алматы қаласы,,,39.9
2016,пайыз,,қала,,38.3
2016,пайыз,Ақмола,қала,,31.8
2016,пайыз,Ақтөбе,қала,,36.8
2016,пайыз,Алматы,қала,,42.2
2016,пайыз,Атырау,қала,,30.5
2016,пайыз,Батыс Қазақстан,қала,,35.0
2016,пайыз,Жамбыл,қала,,16.2
2016,пайыз,Қарағанды,қала,,34.2
2016,пайыз,Қостанай,қала,,41.4
2016,пайыз,Қызылорда,қала,,32.2
2016,пайыз,Маңғыстау,қала,,43.8
2016,пайыз,Оңтүстік Қазақстан,қала,,43.0
2016,пайыз,Павлодар,қала,,40.5
2016,пайыз,Солтүстік Қазақстан,қала,,33.5
2016,пайыз,Шығыс Қазақстан,қала,,35.2
2016,пайыз,Нұр-Сұлтан қаласы,қала,,44.2
2016,пайыз,Алматы қаласы,қала,,39.9
2016,пайыз,,ауыл,,32.9
2016,пайыз,Ақмола,ауыл,,38.3
2016,пайыз,Ақтөбе,ауыл,,27.0
2016,пайыз,Алматы,ауыл,,31.1
2016,пайыз,Атырау,ауыл,,28.4
2016,пайыз,Батыс Қазақстан,ауыл,,33.5
2016,пайыз,Жамбыл,ауыл,,29.4
2016,пайыз,Қарағанды,ауыл,,30.7
2016,пайыз,Қостанай,ауыл,,35.9
2016,пайыз,Қызылорда,ауыл,,27.3
2016,пайыз,Маңғыстау,ауыл,,47.1
2016,пайыз,Оңтүстік Қазақстан,ауыл,,33.7
2016,пайыз,Павлодар,ауыл,,37.6
2016,пайыз,Солтүстік Қазақстан,ауыл,,30.4
2016,пайыз,Шығыс Қазақстан,ауыл,,25.2
2016,пайыз,,,16-24,37.9
2016,пайыз,,,25-28,36.1
2016,пайыз,,,29-34,35.6
2016,пайыз,,,35-44,35.4
2016,пайыз,,,45-54,41.5
2016,пайыз,,,55-64,36.7
2016,пайыз,,,65 және одан үлкен,29.8
2016,пайыз,Ақмола,,16-24,45.0
2016,пайыз,Ақмола,,25-28,15.8
2016,пайыз,Ақмола,,29-34,45.4
2016,пайыз,Ақмола,,35-44,28.7
2016,пайыз,Ақмола,,45-54,35.8
2016,пайыз,Ақмола,,55-64,44.0
2016,пайыз,Ақтөбе,,16-24,25.1
2016,пайыз,Ақтөбе,,25-28,35.2
2016,пайыз,Ақтөбе,,29-34,42.9
2016,пайыз,Ақтөбе,,35-44,32.2
2016,пайыз,Ақтөбе,,45-54,47.6
2016,пайыз,Ақтөбе,,55-64,24.0
2016,пайыз,Ақтөбе,,65 және одан үлкен,4.7
2016,пайыз,Алматы,,16-24,25.1
2016,пайыз,Алматы,,25-28,35.2
2016,пайыз,Алматы,,29-34,42.9
2016,пайыз,Алматы,,35-44,32.2
2016,пайыз,Алматы,,45-54,47.6
2016,пайыз,Алматы,,55-64,24.0
2016,пайыз,Алматы,,65 және одан үлкен,4.7
2016,пайыз,Атырау,,16-24,33.8
2016,пайыз,Атырау,,25-28,49.1
2016,пайыз,Атырау,,29-34,7.5
2016,пайыз,Атырау,,35-44,34.1
2016,пайыз,Атырау,,45-54,49.1
2016,пайыз,Атырау,,55-64,23.4
2016,пайыз,Атырау,,65 және одан үлкен,0.0
2016,пайыз,Батыс Қазақстан,,16-24,40.4
2016,пайыз,Батыс Қазақстан,,25-28,47.7
2016,пайыз,Батыс Қазақстан,,29-34,37.3
2016,пайыз,Батыс Қазақстан,,35-44,31.4
2016,пайыз,Батыс Қазақстан,,45-54,34.1
2016,пайыз,Батыс Қазақстан,,55-64,31.1
2016,пайыз,Жамбыл,,16-24,0.0
2016,пайыз,Жамбыл,,25-28,9.7
2016,пайыз,Жамбыл,,29-34,17.8
2016,пайыз,Жамбыл,,35-44,13.3
2016,пайыз,Жамбыл,,45-54,36.7
2016,пайыз,Жамбыл,,55-64,22.5
2016,пайыз,Жамбыл,,65 және одан үлкен,100.0
2016,пайыз,Қарағанды,,16-24,47.9
2016,пайыз,Қарағанды,,25-28,26.9
2016,пайыз,Қарағанды,,29-34,36.3
2016,пайыз,Қарағанды,,35-44,28.6
2016,пайыз,Қарағанды,,45-54,37.2
2016,пайыз,Қарағанды,,55-64,36.3
2016,пайыз,Қарағанды,,65 және одан үлкен,14.0
2016,пайыз,Қостанай,,16-24,40.2
2016,пайыз,Қостанай,,25-28,38.2
2016,пайыз,Қостанай,,29-34,25.1
2016,пайыз,Қостанай,,35-44,42.5
2016,пайыз,Қостанай,,45-54,51.4
2016,пайыз,Қостанай,,55-64,33.8
2016,пайыз,Қостанай,,65 және одан үлкен,15.9
2016,пайыз,Қызылорда,,16-24,21.7
2016,пайыз,Қызылорда,,25-28,22.9
2016,пайыз,Қызылорда,,29-34,31.0
2016,пайыз,Қызылорда,,35-44,22.8
2016,пайыз,Қызылорда,,45-54,42.5
2016,пайыз,Қызылорда,,55-64,30.8
2016,пайыз,Маңғыстау,,16-24,40.7
2016,пайыз,Маңғыстау,,25-28,46.0
2016,пайыз,Маңғыстау,,29-34,47.4
2016,пайыз,Маңғыстау,,35-44,41.9
2016,пайыз,Маңғыстау,,45-54,47.1
2016,пайыз,Маңғыстау,,55-64,37.6
2016,пайыз,Оңтүстік Қазақстан,,16-24,5.2
2016,пайыз,Оңтүстік Қазақстан,,25-28,10.9
2016,пайыз,Оңтүстік Қазақстан,,29-34,46.9
2016,пайыз,Оңтүстік Қазақстан,,35-44,60.7
2016,пайыз,Оңтүстік Қазақстан,,45-54,39.8
2016,пайыз,Оңтүстік Қазақстан,,55-64,67.2
2016,пайыз,Оңтүстік Қазақстан,,65 және одан үлкен,0.0
2016,пайыз,Павлодар,,16-24,72.0
2016,пайыз,Павлодар,,25-28,32.9
2016,пайыз,Павлодар,,29-34,31.7
2016,пайыз,Павлодар,,35-44,40.3
2016,пайыз,Павлодар,,45-54,44.9
2016,пайыз,Павлодар,,55-64,38.1
2016,пайыз,Павлодар,,65 және одан үлкен,70.3
2016,пайыз,Солтүстік Қазақстан,,16-24,0.0
2016,пайыз,Солтүстік Қазақстан,,25-28,34.2
2016,пайыз,Солтүстік Қазақстан,,29-34,27.1
2016,пайыз,Солтүстік Қазақстан,,35-44,34.8
2016,пайыз,Солтүстік Қазақстан,,45-54,37.3
2016,пайыз,Солтүстік Қазақстан,,55-64,27.3
2016,пайыз,Солтүстік Қазақстан,,65 және одан үлкен,16.5
2016,пайыз,Шығыс Қазақстан,,16-24,1.5
2016,пайыз,Шығыс Қазақстан,,25-28,71.9
2016,пайыз,Шығыс Қазақстан,,29-34,31.7
2016,пайыз,Шығыс Қазақстан,,35-44,29.43
2016,пайыз,Шығыс Қазақстан,,45-54,28.5
2016,пайыз,Шығыс Қазақстан,,55-64,30.7
2016,пайыз,Шығыс Қазақстан,,65 және одан үлкен,17.5
2016,пайыз,Нұр-Сұлтан қаласы,,16-24,61.6
2016,пайыз,Нұр-Сұлтан қаласы,,25-28,46.3
2016,пайыз,Нұр-Сұлтан қаласы,,29-34,40.6
2016,пайыз,Нұр-Сұлтан қаласы,,35-44,38.3
2016,пайыз,Нұр-Сұлтан қаласы,,45-54,48.7
2016,пайыз,Нұр-Сұлтан қаласы,,55-64,56.7
2016,пайыз,Нұр-Сұлтан қаласы,,65 және одан үлкен,66.0
2016,пайыз,Алматы қаласы,,16-24,40.6
2016,пайыз,Алматы қаласы,,25-28,37.3
2016,пайыз,Алматы қаласы,,29-34,36.8
2016,пайыз,Алматы қаласы,,35-44,37.0
2016,пайыз,Алматы қаласы,,45-54,43.2
2016,пайыз,Алматы қаласы,,55-64,48.9
2016,пайыз,Алматы қаласы,,65 және одан үлкен,78.8
2017,пайыз,,,,37.0
2017,пайыз,Ақмола,,,35.8
2017,пайыз,Ақтөбе,,,39.8
2017,пайыз,Алматы,,,33.8
2017,пайыз,Атырау,,,31.0
2017,пайыз,Батыс Қазақстан,,,35.8
2017,пайыз,Жамбыл,,,18.5
2017,пайыз,Қарағанды,,,32.9
2017,пайыз,Қостанай,,,38.8
2017,пайыз,Қызылорда,,,30.5
2017,пайыз,Маңғыстау,,,42.0
2017,пайыз,Оңтүстік Қазақстан,,,26.5
2017,пайыз,Павлодар,,,43.6
2017,пайыз,Солтүстік Қазақстан,,,33.9
2017,пайыз,Шығыс Қазақстан,,,41.1
2017,пайыз,Нұр-Сұлтан қаласы,,,43.2
2017,пайыз,Алматы қаласы,,,36.1
2017,пайыз,,қала,,37.8
2017,пайыз,Ақмола,қала,,33.1
2017,пайыз,Ақтөбе,қала,,42.3
2017,пайыз,Алматы,қала,,35.2
2017,пайыз,Атырау,қала,,30.8
2017,пайыз,Батыс Қазақстан,қала,,39.1
2017,пайыз,Жамбыл,қала,,17.8
2017,пайыз,Қарағанды,қала,,33.3
2017,пайыз,Қостанай,қала,,40.0
2017,пайыз,Қызылорда,қала,,29.6
2017,пайыз,Маңғыстау,қала,,39.5
2017,пайыз,Оңтүстік Қазақстан,қала,,24.9
2017,пайыз,Павлодар,қала,,46.1
2017,пайыз,Солтүстік Қазақстан,қала,,37.2
2017,пайыз,Шығыс Қазақстан,қала,,42.3
2017,пайыз,Нұр-Сұлтан қаласы,қала,,43.2
2017,пайыз,Алматы қаласы,қала,,36.1
2017,пайыз,,ауыл,,33.3
2017,пайыз,Ақмола,ауыл,,39.8
2017,пайыз,Ақтөбе,ауыл,,31.7
2017,пайыз,Алматы,ауыл,,33.0
2017,пайыз,Атырау,ауыл,,32.6
2017,пайыз,Батыс Қазақстан,ауыл,,28.8
2017,пайыз,Жамбыл,ауыл,,20.9
2017,пайыз,Қарағанды,ауыл,,29.6
2017,пайыз,Қостанай,ауыл,,36.5
2017,пайыз,Қызылорда,ауыл,,33.3
2017,пайыз,Маңғыстау,ауыл,,49.1
2017,пайыз,Оңтүстік Қазақстан,ауыл,,32.1
2017,пайыз,Павлодар,ауыл,,30.4
2017,пайыз,Солтүстік Қазақстан,ауыл,,24.3
2017,пайыз,Шығыс Қазақстан,ауыл,,33.3
2017,пайыз,,,16-24,41.2
2017,пайыз,,,25-28,35.0
2017,пайыз,,,29-34,36.9
2017,пайыз,,,35-44,37.0
2017,пайыз,,,45-54,39.6
2017,пайыз,,,55-64,31.4
2017,пайыз,,,65 және одан үлкен,35.3
2017,пайыз,Ақмола,,16-24,49.3
2017,пайыз,Ақмола,,25-28,22.6
2017,пайыз,Ақмола,,29-34,32.2
2017,пайыз,Ақмола,,35-44,38.6
2017,пайыз,Ақмола,,45-54,43.4
2017,пайыз,Ақмола,,55-64,26.7
2017,пайыз,Ақтөбе,,16-24,50.8
2017,пайыз,Ақтөбе,,25-28,49.7
2017,пайыз,Ақтөбе,,29-34,41.5
2017,пайыз,Ақтөбе,,35-44,36.5
2017,пайыз,Ақтөбе,,45-54,41.0
2017,пайыз,Ақтөбе,,55-64,22.2
2017,пайыз,Ақтөбе,,65 және одан үлкен,0.0
2017,пайыз,Алматы,,16-24,35.9
2017,пайыз,Алматы,,25-28,31.9
2017,пайыз,Алматы,,29-34,32.6
2017,пайыз,Алматы,,35-44,30.1
2017,пайыз,Алматы,,45-54,40.2
2017,пайыз,Алматы,,55-64,27.4
2017,пайыз,Алматы,,65 және одан үлкен,72.5
2017,пайыз,Атырау,,16-24,2.2
2017,пайыз,Атырау,,25-28,21.4
2017,пайыз,Атырау,,29-34,32.8
2017,пайыз,Атырау,,35-44,40.2
2017,пайыз,Атырау,,45-54,28.7
2017,пайыз,Атырау,,55-64,31.3
2017,пайыз,Батыс Қазақстан,,16-24,44.1
2017,пайыз,Батыс Қазақстан,,25-28,33.9
2017,пайыз,Батыс Қазақстан,,29-34,25.9
2017,пайыз,Батыс Қазақстан,,35-44,38.6
2017,пайыз,Батыс Қазақстан,,45-54,40.3
2017,пайыз,Батыс Қазақстан,,55-64,32.5
2017,пайыз,Жамбыл,,16-24,31.1
2017,пайыз,Жамбыл,,25-28,20.7
2017,пайыз,Жамбыл,,29-34,9.0
2017,пайыз,Жамбыл,,35-44,20.1
2017,пайыз,Жамбыл,,45-54,12.0
2017,пайыз,Жамбыл,,55-64,17.6
2017,пайыз,Қарағанды,,16-24,26.0
2017,пайыз,Қарағанды,,25-28,36.9
2017,пайыз,Қарағанды,,29-34,20.2
2017,пайыз,Қарағанды,,35-44,35.4
2017,пайыз,Қарағанды,,45-54,39.3
2017,пайыз,Қарағанды,,55-64,32.7
2017,пайыз,Қарағанды,,65 және одан үлкен,26.9
2017,пайыз,Қостанай,,16-24,40.1
2017,пайыз,Қостанай,,25-28,30.8
2017,пайыз,Қостанай,,29-34,29.9
2017,пайыз,Қостанай,,35-44,49.6
2017,пайыз,Қостанай,,45-54,44.0
2017,пайыз,Қостанай,,55-64,25.1
2017,пайыз,Қостанай,,65 және одан үлкен,14.1
2017,пайыз,Қызылорда,,16-24,100.0
2017,пайыз,Қызылорда,,25-28,43.3
2017,пайыз,Қызылорда,,29-34,29.0
2017,пайыз,Қызылорда,,35-44,34.0
2017,пайыз,Қызылорда,,45-54,33.5
2017,пайыз,Қызылорда,,55-64,16.6
2017,пайыз,Маңғыстау,,16-24,18.8
2017,пайыз,Маңғыстау,,25-28,53.1
2017,пайыз,Маңғыстау,,29-34,44.9
2017,пайыз,Маңғыстау,,35-44,46.5
2017,пайыз,Маңғыстау,,45-54,38.0
2017,пайыз,Маңғыстау,,55-64,29.3
2017,пайыз,Маңғыстау,,65 және одан үлкен,0.0
2017,пайыз,Оңтүстік Қазақстан,,16-24,12.4
2017,пайыз,Оңтүстік Қазақстан,,25-28,14.9
2017,пайыз,Оңтүстік Қазақстан,,29-34,21.1
2017,пайыз,Оңтүстік Қазақстан,,35-44,29.9
2017,пайыз,Оңтүстік Қазақстан,,45-54,40.2
2017,пайыз,Оңтүстік Қазақстан,,55-64,11.3
2017,пайыз,Павлодар,,16-24,60.4
2017,пайыз,Павлодар,,25-28,54.5
2017,пайыз,Павлодар,,29-34,49.9
2017,пайыз,Павлодар,,35-44,41.8
2017,пайыз,Павлодар,,45-54,39.1
2017,пайыз,Павлодар,,55-64,36.0
2017,пайыз,Павлодар,,65 және одан үлкен,0.0
2017,пайыз,Солтүстік Қазақстан,,16-24,7.9
2017,пайыз,Солтүстік Қазақстан,,25-28,24.7
2017,пайыз,Солтүстік Қазақстан,,29-34,32.3
2017,пайыз,Солтүстік Қазақстан,,35-44,37.9
2017,пайыз,Солтүстік Қазақстан,,45-54,37.3
2017,пайыз,Солтүстік Қазақстан,,55-64,27.4
2017,пайыз,Солтүстік Қазақстан,,65 және одан үлкен,14.4
2017,пайыз,Шығыс Қазақстан,,16-24,67.7
2017,пайыз,Шығыс Қазақстан,,25-28,54.5
2017,пайыз,Шығыс Қазақстан,,29-34,35.2
2017,пайыз,Шығыс Қазақстан,,35-44,46.5
2017,пайыз,Шығыс Қазақстан,,45-54,39.0
2017,пайыз,Шығыс Қазақстан,,55-64,30.4
2017,пайыз,Шығыс Қазақстан,,65 және одан үлкен,12.5
2017,пайыз,Нұр-Сұлтан қаласы,,16-24,62.5
2017,пайыз,Нұр-Сұлтан қаласы,,25-28,25.4
2017,пайыз,Нұр-Сұлтан қаласы,,29-34,58.1
2017,пайыз,Нұр-Сұлтан қаласы,,35-44,29.8
2017,пайыз,Нұр-Сұлтан қаласы,,45-54,42.1
2017,пайыз,Нұр-Сұлтан қаласы,,55-64,51.1
2017,пайыз,Нұр-Сұлтан қаласы,,65 және одан үлкен,66.7
2017,пайыз,Алматы қаласы,,16-24,39.2
2017,пайыз,Алматы қаласы,,25-28,34.3
2017,пайыз,Алматы қаласы,,29-34,36.5
2017,пайыз,Алматы қаласы,,35-44,32.4
2017,пайыз,Алматы қаласы,,45-54,39.2
2017,пайыз,Алматы қаласы,,55-64,38.4
2017,пайыз,Алматы қаласы,,65 және одан үлкен,42.5
2018,пайыз,,,,41.2
2018,пайыз,Ақмола,,,45.7
2018,пайыз,Ақтөбе,,,33.7
2018,пайыз,Алматы,,,39.3
2018,пайыз,Атырау,,,35.6
2018,пайыз,Батыс Қазақстан,,,36.4
2018,пайыз,Жамбыл,,,40.7
2018,пайыз,Қарағанды,,,36.3
2018,пайыз,Қостанай,,,42.9
2018,пайыз,Қызылорда,,,37.2
2018,пайыз,Маңғыстау,,,37.4
2018,пайыз,Павлодар,,,40.2
2018,пайыз,Солтүстік Қазақстан,,,39.3
2018,пайыз,Түркістан,,,40.3
2018,пайыз,Шығыс Қазақстан,,,45.1
2018,пайыз,Нұр-Сұлтан қаласы,,,43.3
2018,пайыз,Алматы қаласы,,,43.2
2018,пайыз,Шымкент қаласы,,,46.7
2018,пайыз,,қала,,41.7
2018,пайыз,Ақмола,қала,,45.8
2018,пайыз,Ақтөбе,қала,,34.1
2018,пайыз,Алматы,қала,,38.0
2018,пайыз,Атырау,қала,,33.8
2018,пайыз,Батыс Қазақстан,қала,,36.9
2018,пайыз,Жамбыл,қала,,42.6
2018,пайыз,Қарағанды,қала,,37.0
2018,пайыз,Қостанай,қала,,42.5
2018,пайыз,Қызылорда,қала,,38.2
2018,пайыз,Маңғыстау,қала,,36.6
2018,пайыз,Павлодар,қала,,40.1
2018,пайыз,Солтүстік Қазақстан,қала,,43.1
2018,пайыз,Түркістан,қала,,37.9
2018,пайыз,Шығыс Қазақстан,қала,,46.7
2018,пайыз,Нұр-Сұлтан қаласы,қала,,43.3
2018,пайыз,Алматы қаласы,қала,,43.2
2018,пайыз,Шымкент қаласы,қала,,46.7
2018,пайыз,,ауыл,,39.5
2018,пайыз,Ақмола,ауыл,,45.6
2018,пайыз,Ақтөбе,ауыл,,32.4
2018,пайыз,Алматы,ауыл,,39.8
2018,пайыз,Атырау,ауыл,,43.0
2018,пайыз,Батыс Қазақстан,ауыл,,35.6
2018,пайыз,Жамбыл,ауыл,,36.2
2018,пайыз,Қарағанды,ауыл,,33.6
2018,пайыз,Қостанай,ауыл,,43.7
2018,пайыз,Қызылорда,ауыл,,34.9
2018,пайыз,Маңғыстау,ауыл,,38.9
2018,пайыз,Павлодар,ауыл,,40.7
2018,пайыз,Солтүстік Қазақстан,ауыл,,34.1
2018,пайыз,Түркістан,ауыл,,41.0
2018,пайыз,Шығыс Қазақстан,ауыл,,41.5
2018,пайыз,,,16-24,45.2
2018,пайыз,,,25-28,42.0
2018,пайыз,,,29-34,37.2
2018,пайыз,,,35-44,41.7
2018,пайыз,,,45-54,44.5
2018,пайыз,,,55-64,37.8
2018,пайыз,,,65 және одан үлкен,32.7
2018,пайыз,Ақмола,,16-24,38.3
2018,пайыз,Ақмола,,25-28,44.1
2018,пайыз,Ақмола,,29-34,47.2
2018,пайыз,Ақмола,,35-44,45.2
2018,пайыз,Ақмола,,45-54,48.1
2018,пайыз,Ақмола,,55-64,47.0
2018,пайыз,Ақтөбе,,16-24,32.6
2018,пайыз,Ақтөбе,,25-28,21.4
2018,пайыз,Ақтөбе,,29-34,23.1
2018,пайыз,Ақтөбе,,35-44,32.4
2018,пайыз,Ақтөбе,,45-54,46.5
2018,пайыз,Ақтөбе,,55-64,46.4
2018,пайыз,Ақтөбе,,65 және одан үлкен,0.0
2018,пайыз,Алматы,,16-24,46.5
2018,пайыз,Алматы,,25-28,37.9
2018,пайыз,Алматы,,29-34,39.0
2018,пайыз,Алматы,,35-44,41.6
2018,пайыз,Алматы,,45-54,37.9
2018,пайыз,Алматы,,55-64,35.8
2018,пайыз,Алматы,,65 және одан үлкен,0.0
2018,пайыз,Атырау,,16-24,23.0
2018,пайыз,Атырау,,25-28,61.6
2018,пайыз,Атырау,,29-34,24.6
2018,пайыз,Атырау,,35-44,35.7
2018,пайыз,Атырау,,45-54,41.4
2018,пайыз,Атырау,,55-64,38.1
2018,пайыз,Атырау,,65 және одан үлкен,0.0
2018,пайыз,Батыс Қазақстан,,16-24,56.1
2018,пайыз,Батыс Қазақстан,,25-28,36.8
2018,пайыз,Батыс Қазақстан,,29-34,47.3
2018,пайыз,Батыс Қазақстан,,35-44,34.2
2018,пайыз,Батыс Қазақстан,,45-54,31.6
2018,пайыз,Батыс Қазақстан,,55-64,32.0
2018,пайыз,Жамбыл,,16-24,23.6
2018,пайыз,Жамбыл,,25-28,35.5
2018,пайыз,Жамбыл,,29-34,39.6
2018,пайыз,Жамбыл,,35-44,46.8
2018,пайыз,Жамбыл,,45-54,47.8
2018,пайыз,Жамбыл,,55-64,23.1
2018,пайыз,Қарағанды,,16-24,36.1
2018,пайыз,Қарағанды,,25-28,31.9
2018,пайыз,Қарағанды,,29-34,36.1
2018,пайыз,Қарағанды,,35-44,40.1
2018,пайыз,Қарағанды,,45-54,37.6
2018,пайыз,Қарағанды,,55-64,29.1
2018,пайыз,Қарағанды,,65 және одан үлкен,37.8
2018,пайыз,Қостанай,,16-24,48.6
2018,пайыз,Қостанай,,25-28,44.5
2018,пайыз,Қостанай,,29-34,35.0
2018,пайыз,Қостанай,,35-44,45.3
2018,пайыз,Қостанай,,45-54,47.9
2018,пайыз,Қостанай,,55-64,37.4
2018,пайыз,Қостанай,,65 және одан үлкен,48.6
2018,пайыз,Қызылорда,,16-24,47.8
2018,пайыз,Қызылорда,,25-28,33.9
2018,пайыз,Қызылорда,,29-34,32.1
2018,пайыз,Қызылорда,,35-44,35.8
2018,пайыз,Қызылорда,,45-54,47.3
2018,пайыз,Қызылорда,,55-64,31.8
2018,пайыз,Маңғыстау,,16-24,35.2
2018,пайыз,Маңғыстау,,25-28,47.8
2018,пайыз,Маңғыстау,,29-34,30.8
2018,пайыз,Маңғыстау,,35-44,39.7
2018,пайыз,Маңғыстау,,45-54,40.9
2018,пайыз,Маңғыстау,,55-64,27.0
2018,пайыз,Павлодар,,16-24,63.4
2018,пайыз,Павлодар,,25-28,45.8
2018,пайыз,Павлодар,,29-34,36.1
2018,пайыз,Павлодар,,35-44,34.1
2018,пайыз,Павлодар,,45-54,50.2
2018,пайыз,Павлодар,,55-64,32.8
2018,пайыз,Павлодар,,65 және одан үлкен,0.0
2018,пайыз,Солтүстік Қазақстан,,16-24,50.1
2018,пайыз,Солтүстік Қазақстан,,25-28,38.7
2018,пайыз,Солтүстік Қазақстан,,29-34,29.1
2018,пайыз,Солтүстік Қазақстан,,35-44,49.0
2018,пайыз,Солтүстік Қазақстан,,45-54,42.3
2018,пайыз,Солтүстік Қазақстан,,55-64,32.6
2018,пайыз,Солтүстік Қазақстан,,65 және одан үлкен,42.6
2018,пайыз,Түркістан,,16-24,46.9
2018,пайыз,Түркістан,,25-28,54.7
2018,пайыз,Түркістан,,29-34,29.5
2018,пайыз,Түркістан,,35-44,26.1
2018,пайыз,Түркістан,,45-54,64.4
2018,пайыз,Түркістан,,55-64,41.3
2018,пайыз,Шығыс Қазақстан,,16-24,77.1
2018,пайыз,Шығыс Қазақстан,,25-28,63.3
2018,пайыз,Шығыс Қазақстан,,29-34,44.3
2018,пайыз,Шығыс Қазақстан,,35-44,28.5
2018,пайыз,Шығыс Қазақстан,,45-54,48.4
2018,пайыз,Шығыс Қазақстан,,55-64,42.7
2018,пайыз,Шығыс Қазақстан,,65 және одан үлкен,17.6
2018,пайыз,Нұр-Сұлтан қаласы,,16-24,42.8
2018,пайыз,Нұр-Сұлтан қаласы,,25-28,41.5
2018,пайыз,Нұр-Сұлтан қаласы,,29-34,44.3
2018,пайыз,Нұр-Сұлтан қаласы,,35-44,44.0
2018,пайыз,Нұр-Сұлтан қаласы,,45-54,44.6
2018,пайыз,Нұр-Сұлтан қаласы,,55-64,35.9
2018,пайыз,Нұр-Сұлтан қаласы,,65 және одан үлкен,46.3
2018,пайыз,Алматы қаласы,,16-24,45.3
2018,пайыз,Алматы қаласы,,25-28,39.4
2018,пайыз,Алматы қаласы,,29-34,39.3
2018,пайыз,Алматы қаласы,,35-44,43.2
2018,пайыз,Алматы қаласы,,45-54,44.6
2018,пайыз,Алматы қаласы,,55-64,50.4
2018,пайыз,Алматы қаласы,,65 және одан үлкен,39.1
2018,пайыз,Шымкент қаласы,,16-24,31.4
2018,пайыз,Шымкент қаласы,,25-28,38.3
2018,пайыз,Шымкент қаласы,,29-34,18.8
2018,пайыз,Шымкент қаласы,,35-44,74.2
2018,пайыз,Шымкент қаласы,,45-54,43.2
2018,пайыз,Шымкент қаласы,,55-64,32.2
2019,пайыз,,,,43.0
2019,пайыз,Ақмола,,,43.5
2019,пайыз,Ақтөбе,,,27.3
2019,пайыз,Алматы,,,43.6
2019,пайыз,Атырау,,,41.3
2019,пайыз,Батыс Қазақстан,,,38.9
2019,пайыз,Жамбыл,,,35.2
2019,пайыз,Қарағанды,,,34.4
2019,пайыз,Қостанай,,,40.1
2019,пайыз,Қызылорда,,,44.4
2019,пайыз,Маңғыстау,,,34.5
2019,пайыз,Павлодар,,,45.0
2019,пайыз,Солтүстік Қазақстан,,,40.8
2019,пайыз,Түркістан,,,34.7
2019,пайыз,Шығыс Қазақстан,,,44.5
2019,пайыз,Нұр-Сұлтан қаласы,,,52.1
2019,пайыз,Алматы қаласы,,,48.1
2019,пайыз,Шымкент қаласы,,,38.3
2019,пайыз,,қала,,43.9
2019,пайыз,Ақмола,қала,,45.6
2019,пайыз,Ақтөбе,қала,,22.6
2019,пайыз,Алматы,қала,,41.0
2019,пайыз,Атырау,қала,,36.8
2019,пайыз,Батыс Қазақстан,қала,,41.1
2019,пайыз,Жамбыл,қала,,37.3
2019,пайыз,Қарағанды,қала,,34.6
2019,пайыз,Қостанай,қала,,38.2
2019,пайыз,Қызылорда,қала,,50.0
2019,пайыз,Маңғыстау,қала,,33.2
2019,пайыз,Павлодар,қала,,45.9
2019,пайыз,Солтүстік Қазақстан,қала,,44.9
2019,пайыз,Түркістан,қала,,27.5
2019,пайыз,Шығыс Қазақстан,қала,,45.0
2019,пайыз,Нұр-Сұлтан қаласы,қала,,52.1
2019,пайыз,Алматы қаласы,қала,,48.1
2019,пайыз,Шымкент қаласы,қала,,38.3
2019,пайыз,,ауыл,,40.0
2019,пайыз,Ақмола,ауыл,,40.7
2019,пайыз,Ақтөбе,ауыл,,39.7
2019,пайыз,Алматы,ауыл,,44.5
2019,пайыз,Атырау,ауыл,,48.5
2019,пайыз,Батыс Қазақстан,ауыл,,35.4
2019,пайыз,Жамбыл,ауыл,,26.5
2019,пайыз,Қарағанды,ауыл,,33.5
2019,пайыз,Қостанай,ауыл,,42.4
2019,пайыз,Қызылорда,ауыл,,33.2
2019,пайыз,Маңғыстау,ауыл,,37.4
2019,пайыз,Павлодар,ауыл,,41.7
2019,пайыз,Солтүстік Қазақстан,ауыл,,35.9
2019,пайыз,Түркістан,ауыл,,36.6
2019,пайыз,Шығыс Қазақстан,ауыл,,43.4
2019,пайыз,,,16-24,42.4
2019,пайыз,,,25-28,47.7
2019,пайыз,,,29-34,41.2
2019,пайыз,,,35-44,41.3
2019,пайыз,,,45-54,46.9
2019,пайыз,,,55-64,39.8
2019,пайыз,,,65 және одан үлкен,42.5
2019,пайыз,Ақмола,,16-24,41.6
2019,пайыз,Ақмола,,25-28,43.2
2019,пайыз,Ақмола,,29-34,40.2
2019,пайыз,Ақмола,,35-44,41.4
2019,пайыз,Ақмола,,45-54,50.7
2019,пайыз,Ақмола,,55-64,42.2
2019,пайыз,Ақмола,,65 және одан үлкен,37.0
2019,пайыз,Ақтөбе,,16-24,11.0
2019,пайыз,Ақтөбе,,25-28,15.7
2019,пайыз,Ақтөбе,,29-34,19.4
2019,пайыз,Ақтөбе,,35-44,26.7
2019,пайыз,Ақтөбе,,45-54,37.1
2019,пайыз,Ақтөбе,,55-64,34.1
2019,пайыз,Ақтөбе,,65 және одан үлкен,100.0
2019,пайыз,Алматы,,16-24,41.7
2019,пайыз,Алматы,,25-28,38.2
2019,пайыз,Алматы,,29-34,38.8
2019,пайыз,Алматы,,35-44,45.4
2019,пайыз,Алматы,,45-54,49.5
2019,пайыз,Алматы,,55-64,43.3
2019,пайыз,Алматы,,65 және одан үлкен,34.0
2019,пайыз,Атырау,,16-24,4.1
2019,пайыз,Атырау,,25-28,55.2
2019,пайыз,Атырау,,29-34,38.9
2019,пайыз,Атырау,,35-44,43.5
2019,пайыз,Атырау,,45-54,52.4
2019,пайыз,Атырау,,55-64,18.8
2019,пайыз,Батыс Қазақстан,,16-24,41.7
2019,пайыз,Батыс Қазақстан,,25-28,55.6
2019,пайыз,Батыс Қазақстан,,29-34,34.1
2019,пайыз,Батыс Қазақстан,,35-44,44.7
2019,пайыз,Батыс Қазақстан,,45-54,36.5
2019,пайыз,Батыс Қазақстан,,55-64,31.8
2019,пайыз,Жамбыл,,16-24,47.2
2019,пайыз,Жамбыл,,25-28,31.6
2019,пайыз,Жамбыл,,29-34,20.3
2019,пайыз,Жамбыл,,35-44,36.2
2019,пайыз,Жамбыл,,45-54,41.9
2019,пайыз,Жамбыл,,55-64,33.7
2019,пайыз,Қарағанды,,16-24,21.7
2019,пайыз,Қарағанды,,25-28,32.2
2019,пайыз,Қарағанды,,29-34,22.3
2019,пайыз,Қарағанды,,35-44,40.0
2019,пайыз,Қарағанды,,45-54,41.6
2019,пайыз,Қарағанды,,55-64,34.2
2019,пайыз,Қарағанды,,65 және одан үлкен,87.7
2019,пайыз,Қостанай,,16-24,42.2
2019,пайыз,Қостанай,,25-28,42.7
2019,пайыз,Қостанай,,29-34,28.9
2019,пайыз,Қостанай,,35-44,38.5
2019,пайыз,Қостанай,,45-54,54.7
2019,пайыз,Қостанай,,55-64,35.2
2019,пайыз,Қостанай,,65 және одан үлкен,47.8
2019,пайыз,Қызылорда,,16-24,11.7
2019,пайыз,Қызылорда,,25-28,34.0
2019,пайыз,Қызылорда,,29-34,53.1
2019,пайыз,Қызылорда,,35-44,49.9
2019,пайыз,Қызылорда,,45-54,45.1
2019,пайыз,Қызылорда,,55-64,27.0
2019,пайыз,Маңғыстау,,16-24,51.8
2019,пайыз,Маңғыстау,,25-28,32.7
2019,пайыз,Маңғыстау,,29-34,35.8
2019,пайыз,Маңғыстау,,35-44,28.3
2019,пайыз,Маңғыстау,,45-54,39.0
2019,пайыз,Маңғыстау,,55-64,38.5
2019,пайыз,Маңғыстау,,65 және одан үлкен,7.1
2019,пайыз,Павлодар,,16-24,24.5
2019,пайыз,Павлодар,,25-28,26.0
2019,пайыз,Павлодар,,29-34,33.8
2019,пайыз,Павлодар,,35-44,49.3
2019,пайыз,Павлодар,,45-54,56.3
2019,пайыз,Павлодар,,55-64,46.6
2019,пайыз,Павлодар,,65 және одан үлкен,4.2
2019,пайыз,Солтүстік Қазақстан,,16-24,24.9
2019,пайыз,Солтүстік Қазақстан,,25-28,39.4
2019,пайыз,Солтүстік Қазақстан,,29-34,44.2
2019,пайыз,Солтүстік Қазақстан,,35-44,40.3
2019,пайыз,Солтүстік Қазақстан,,45-54,46.7
2019,пайыз,Солтүстік Қазақстан,,55-64,32.8
2019,пайыз,Солтүстік Қазақстан,,65 және одан үлкен,15.8
2019,пайыз,Түркістан,,16-24,38.2
2019,пайыз,Түркістан,,25-28,26.9
2019,пайыз,Түркістан,,29-34,28.0
2019,пайыз,Түркістан,,35-44,46.6
2019,пайыз,Түркістан,,45-54,36.7
2019,пайыз,Түркістан,,55-64,13.0
2019,пайыз,Шығыс Қазақстан,,16-24,44.4
2019,пайыз,Шығыс Қазақстан,,25-28,41.5
2019,пайыз,Шығыс Қазақстан,,29-34,49.3
2019,пайыз,Шығыс Қазақстан,,35-44,35.7
2019,пайыз,Шығыс Қазақстан,,45-54,50.4
2019,пайыз,Шығыс Қазақстан,,55-64,49.0
2019,пайыз,Нұр-Сұлтан қаласы,,16-24,41.3
2019,пайыз,Нұр-Сұлтан қаласы,,25-28,72.1
2019,пайыз,Нұр-Сұлтан қаласы,,29-34,64.5
2019,пайыз,Нұр-Сұлтан қаласы,,35-44,38.4
2019,пайыз,Нұр-Сұлтан қаласы,,45-54,43.8
2019,пайыз,Нұр-Сұлтан қаласы,,55-64,42.6
2019,пайыз,Нұр-Сұлтан қаласы,,65 және одан үлкен,49.0
2019,пайыз,Алматы қаласы,,16-24,41.3
2019,пайыз,Алматы қаласы,,25-28,72.1
2019,пайыз,Алматы қаласы,,29-34,64.5
2019,пайыз,Алматы қаласы,,35-44,38.4
2019,пайыз,Алматы қаласы,,45-54,43.8
2019,пайыз,Алматы қаласы,,55-64,42.6
2019,пайыз,Алматы қаласы,,65 және одан үлкен,49.0
2019,пайыз,Шымкент қаласы,,16-24,30.5
2019,пайыз,Шымкент қаласы,,25-28,38.5
2019,пайыз,Шымкент қаласы,,29-34,29.7
2019,пайыз,Шымкент қаласы,,35-44,47.3
2019,пайыз,Шымкент қаласы,,45-54,37.5
2019,пайыз,Шымкент қаласы,,55-64,41.2
