Year,Units,Аймақ,Жынысы,Өңірлер,Value
2016,пайыз,,,,85.39276489421441
2016,пайыз,,ерлер,,86.01883910688599
2016,пайыз,,әйелдер,,84.81702054951407
2016,пайыз,қала,,,88.46515284697418
2016,пайыз,қала,ерлер,,88.95827581501091
2016,пайыз,қала,әйелдер,,88.03823423621556
2016,пайыз,ауыл,,,81.26218500076591
2016,пайыз,ауыл,ерлер,,82.34612496929724
2016,пайыз,ауыл,әйелдер,,80.18135904222228
2016,пайыз,,,Ақмола,85.94736921294553
2016,пайыз,,ерлер,Ақмола,87.64054450419283
2016,пайыз,,әйелдер,Ақмола,84.3835560932408
2016,пайыз,қала,,Ақмола,90.17833600226378
2016,пайыз,қала,ерлер,Ақмола,91.56818686196185
2016,пайыз,қала,әйелдер,Ақмола,88.97682170821493
2016,пайыз,ауыл,,Ақмола,82.22591080295439
2016,пайыз,ауыл,ерлер,Ақмола,84.40236902883537
2016,пайыз,ауыл,әйелдер,Ақмола,80.09568039391226
2016,пайыз,,,Ақтөбе,85.0465751621079
2016,пайыз,,ерлер,Ақтөбе,85.27780963302753
2016,пайыз,,әйелдер,Ақтөбе,84.8345182256063
2016,пайыз,қала,,Ақтөбе,90.1578746909544
2016,пайыз,қала,ерлер,Ақтөбе,91.15139850078073
2016,пайыз,қала,әйелдер,Ақтөбе,89.28848598933305
2016,пайыз,ауыл,,Ақтөбе,76.60144840555355
2016,пайыз,ауыл,ерлер,Ақтөбе,76.17725090079884
2016,пайыз,ауыл,әйелдер,Ақтөбе,77.02172338884866
2016,пайыз,,,Алматы,87.91319666880207
2016,пайыз,,ерлер,Алматы,87.6373173545866
2016,пайыз,,әйелдер,Алматы,88.177638060187
2016,пайыз,қала,,Алматы,88.35053545327088
2016,пайыз,қала,ерлер,Алматы,89.00408701384312
2016,пайыз,қала,әйелдер,Алматы,87.76775091581982
2016,пайыз,ауыл,,Алматы,87.77605865983591
2016,пайыз,ауыл,ерлер,Алматы,87.22947231266258
2016,пайыз,ауыл,әйелдер,Алматы,88.31196683396773
2016,пайыз,,,Атырау,85.13106520970629
2016,пайыз,,ерлер,Атырау,86.1014931175663
2016,пайыз,,әйелдер,Атырау,84.2073410480383
2016,пайыз,қала,,Атырау,90.16725058391724
2016,пайыз,қала,ерлер,Атырау,92.89981556816477
2016,пайыз,қала,әйелдер,Атырау,87.7181882172431
2016,пайыз,ауыл,,Атырау,80.60174574535526
2016,пайыз,ауыл,ерлер,Атырау,80.334850163159
2016,пайыз,ауыл,әйелдер,Атырау,80.86991179058347
2016,пайыз,,,Батыс Қазақстан,90.09345529671481
2016,пайыз,,ерлер,Батыс Қазақстан,90.83037562851229
2016,пайыз,,әйелдер,Батыс Қазақстан,89.41638444371223
2016,пайыз,қала,,Батыс Қазақстан,94.99571264396444
2016,пайыз,қала,ерлер,Батыс Қазақстан,95.6684600706935
2016,пайыз,қала,әйелдер,Батыс Қазақстан,94.43410822349738
2016,пайыз,ауыл,,Батыс Қазақстан,85.23871604242275
2016,пайыз,ауыл,ерлер,Батыс Қазақстан,86.49196375978235
2016,пайыз,ауыл,әйелдер,Батыс Қазақстан,83.97306063481722
2016,пайыз,,,Жамбыл,75.82514373915541
2016,пайыз,,ерлер,Жамбыл,77.0074229886656
2016,пайыз,,әйелдер,Жамбыл,74.70195148234625
2016,пайыз,қала,,Жамбыл,81.37588815996311
2016,пайыз,қала,ерлер,Жамбыл,80.66243209454346
2016,пайыз,қала,әйелдер,Жамбыл,82.00181983621474
2016,пайыз,ауыл,,Жамбыл,72.06136026505361
2016,пайыз,ауыл,ерлер,Жамбыл,74.6940412108481
2016,пайыз,ауыл,әйелдер,Жамбыл,69.42181396440947
2016,пайыз,,,Қарағанды,82.75635732624599
2016,пайыз,,ерлер,Қарағанды,84.53645986398767
2016,пайыз,,әйелдер,Қарағанды,81.18292229049726
2016,пайыз,қала,,Қарағанды,85.30012955818016
2016,пайыз,қала,ерлер,Қарағанды,87.29712403563455
2016,пайыз,қала,әйелдер,Қарағанды,83.59875850327325
2016,пайыз,ауыл,,Қарағанды,73.01578648141371
2016,пайыз,ауыл,ерлер,Қарағанды,74.89284804114635
2016,пайыз,ауыл,әйелдер,Қарағанды,71.10664268377934
2016,пайыз,,,Қостанай,89.74659053254585
2016,пайыз,,ерлер,Қостанай,91.2306521589786
2016,пайыз,,әйелдер,Қостанай,88.43215033758086
2016,пайыз,қала,,Қостанай,92.28325736572529
2016,пайыз,қала,ерлер,Қостанай,94.05019371100494
2016,пайыз,қала,әйелдер,Қостанай,90.81986366389326
2016,пайыз,ауыл,,Қостанай,86.90678177881945
2016,пайыз,ауыл,ерлер,Қостанай,88.30237055151275
2016,пайыз,ауыл,әйелдер,Қостанай,85.5746588653868
2016,пайыз,,,Қызылорда,83.86916667689248
2016,пайыз,,ерлер,Қызылорда,84.09738761306565
2016,пайыз,,әйелдер,Қызылорда,83.64348558249644
2016,пайыз,қала,,Қызылорда,91.84761026804709
2016,пайыз,қала,ерлер,Қызылорда,90.55970203967917
2016,пайыз,қала,әйелдер,Қызылорда,93.05370556005657
2016,пайыз,ауыл,,Қызылорда,77.7858579523336
2016,пайыз,ауыл,ерлер,Қызылорда,79.40283562533952
2016,пайыз,ауыл,әйелдер,Қызылорда,76.11913258303595
2016,пайыз,,,Маңғыстау,87.02812089654898
2016,пайыз,,ерлер,Маңғыстау,87.22315101690235
2016,пайыз,,әйелдер,Маңғыстау,86.83760043451389
2016,пайыз,қала,,Маңғыстау,94.00157109190887
2016,пайыз,қала,ерлер,Маңғыстау,95.47805922226186
2016,пайыз,қала,әйелдер,Маңғыстау,92.6143462229942
2016,пайыз,ауыл,,Маңғыстау,80.52878015207372
2016,пайыз,ауыл,ерлер,Маңғыстау,79.81740142586933
2016,пайыз,ауыл,әйелдер,Маңғыстау,81.2494012395263
2016,пайыз,,,Павлодар,89.62053227814047
2016,пайыз,,ерлер,Павлодар,91.29574461413029
2016,пайыз,,әйелдер,Павлодар,88.14968185309903
2016,пайыз,қала,,Павлодар,92.07976841694902
2016,пайыз,қала,ерлер,Павлодар,92.94764936827627
2016,пайыз,қала,әйелдер,Павлодар,91.354382385187
2016,пайыз,ауыл,,Павлодар,83.68603039416334
2016,пайыз,ауыл,ерлер,Павлодар,87.64547175129867
2016,пайыз,ауыл,әйелдер,Павлодар,79.77295565571242
2016,пайыз,,,Солтүстік Қазақстан,81.53401618418404
2016,пайыз,,ерлер,Солтүстік Қазақстан,84.01467098518606
2016,пайыз,,әйелдер,Солтүстік Қазақстан,79.30282023871187
2016,пайыз,қала,,Солтүстік Қазақстан,83.0566386800094
2016,пайыз,қала,ерлер,Солтүстік Қазақстан,85.03402034287751
2016,пайыз,қала,әйелдер,Солтүстік Қазақстан,81.45904682648913
2016,пайыз,ауыл,,Солтүстік Қазақстан,80.35189809932429
2016,пайыз,ауыл,ерлер,Солтүстік Қазақстан,83.29857925320432
2016,пайыз,ауыл,әйелдер,Солтүстік Қазақстан,77.47268047188584
2016,пайыз,,,Түркістан,78.11226862017563
2016,пайыз,,ерлер,Түркістан,78.41235079701069
2016,пайыз,,әйелдер,Түркістан,77.80838073151223
2016,пайыз,қала,,Түркістан,77.47997026513586
2016,пайыз,қала,ерлер,Түркістан,77.58517328027143
2016,пайыз,қала,әйелдер,Түркістан,77.37555701843225
2016,пайыз,ауыл,,Түркістан,78.26404767724206
2016,пайыз,ауыл,ерлер,Түркістан,78.60845909044247
2016,пайыз,ауыл,әйелдер,Түркістан,77.91358075899119
2016,пайыз,,,Шығыс Қазақстан,89.48834353486124
2016,пайыз,,ерлер,Шығыс Қазақстан,91.28610311110813
2016,пайыз,,әйелдер,Шығыс Қазақстан,87.87797916563005
2016,пайыз,қала,,Шығыс Қазақстан,92.351186489236
2016,пайыз,қала,ерлер,Шығыс Қазақстан,92.60615765339544
2016,пайыз,қала,әйелдер,Шығыс Қазақстан,92.13783156951023
2016,пайыз,ауыл,,Шығыс Қазақстан,85.2000770787932
2016,пайыз,ауыл,ерлер,Шығыс Қазақстан,89.47658226332884
2016,пайыз,ауыл,әйелдер,Шығыс Қазақстан,80.9597284369696
2016,пайыз,,,Нұр-Сұлтан қаласы,99.63275789398622
2016,пайыз,,ерлер,Нұр-Сұлтан қаласы,99.43010660798599
2016,пайыз,,әйелдер,Нұр-Сұлтан қаласы,99.81745473485908
2016,пайыз,,,Алматы қаласы,85.41477952012238
2016,пайыз,,ерлер,Алматы қаласы,84.63832864558324
2016,пайыз,,әйелдер,Алматы қаласы,86.0512550156694
2016,пайыз,,,Шымкент қаласы,80.96892964380258
2016,пайыз,,ерлер,Шымкент қаласы,81.25388595283563
2016,пайыз,,әйелдер,Шымкент қаласы,80.71188384315121
2017,пайыз,,,,86.80755726815967
2017,пайыз,,ерлер,,87.14366814724087
2017,пайыз,,әйелдер,,86.49801031644327
2017,пайыз,қала,,,89.65166028807316
2017,пайыз,қала,ерлер,,89.74279506982195
2017,пайыз,қала,әйелдер,,89.57258265050886
2017,пайыз,ауыл,,,82.9638900638297
2017,пайыз,ауыл,ерлер,,83.87658175256642
2017,пайыз,ауыл,әйелдер,,82.05304593519199
2017,пайыз,,,Ақмола,84.72565384737442
2017,пайыз,,ерлер,Ақмола,84.82758403981876
2017,пайыз,,әйелдер,Ақмола,84.63121733940814
2017,пайыз,қала,,Ақмола,87.76581669861307
2017,пайыз,қала,ерлер,Ақмола,88.28540964077202
2017,пайыз,қала,әйелдер,Ақмола,87.31502267488285
2017,пайыз,ауыл,,Ақмола,82.04795889075525
2017,пайыз,ауыл,ерлер,Ақмола,81.97130487920336
2017,пайыз,ауыл,әйелдер,Ақмола,82.12319605772615
2017,пайыз,,,Ақтөбе,89.46883514698168
2017,пайыз,,ерлер,Ақтөбе,89.7734295561222
2017,пайыз,,әйелдер,Ақтөбе,89.1891611133907
2017,пайыз,қала,,Ақтөбе,91.93557597103094
2017,пайыз,қала,ерлер,Ақтөбе,91.83631560124135
2017,пайыз,қала,әйелдер,Ақтөбе,92.02252368786988
2017,пайыз,ауыл,,Ақтөбе,85.29892798991735
2017,пайыз,ауыл,ерлер,Ақтөбе,86.50708403662217
2017,пайыз,ауыл,әйелдер,Ақтөбе,84.09794151401137
2017,пайыз,,,Алматы,89.26621643304114
2017,пайыз,,ерлер,Алматы,89.78675244859717
2017,пайыз,,әйелдер,Алматы,88.76502610833742
2017,пайыз,қала,,Алматы,86.33263414896506
2017,пайыз,қала,ерлер,Алматы,85.18087708095419
2017,пайыз,қала,әйелдер,Алматы,87.36247074097591
2017,пайыз,ауыл,,Алматы,90.1585673428965
2017,пайыз,ауыл,ерлер,Алматы,91.11974737397458
2017,пайыз,ауыл,әйелдер,Алматы,89.21206537867606
2017,пайыз,,,Атырау,87.72917290184303
2017,пайыз,,ерлер,Атырау,86.96690900173246
2017,пайыз,,әйелдер,Атырау,88.45618442942992
2017,пайыз,қала,,Атырау,93.5609466348247
2017,пайыз,қала,ерлер,Атырау,94.50858356185579
2017,пайыз,қала,әйелдер,Атырау,92.70950799412992
2017,пайыз,ауыл,,Атырау,82.4610985747782
2017,пайыз,ауыл,ерлер,Атырау,80.53937622260808
2017,пайыз,ауыл,әйелдер,Атырау,84.3953483227267
2017,пайыз,,,Батыс Қазақстан,90.7363946564845
2017,пайыз,,ерлер,Батыс Қазақстан,91.0731313724052
2017,пайыз,,әйелдер,Батыс Қазақстан,90.42639755013016
2017,пайыз,қала,,Батыс Қазақстан,97.342111341309
2017,пайыз,қала,ерлер,Батыс Қазақстан,97.27474972191324
2017,пайыз,қала,әйелдер,Батыс Қазақстан,97.398547833719
2017,пайыз,ауыл,,Батыс Қазақстан,83.96621844102908
2017,пайыз,ауыл,ерлер,Батыс Қазақстан,85.31674752132159
2017,пайыз,ауыл,әйелдер,Батыс Қазақстан,82.5973988739683
2017,пайыз,,,Жамбыл,81.85131256680667
2017,пайыз,,ерлер,Жамбыл,81.98561678544858
2017,пайыз,,әйелдер,Жамбыл,81.72336364887656
2017,пайыз,қала,,Жамбыл,84.21105210578895
2017,пайыз,қала,ерлер,Жамбыл,83.53510827918204
2017,пайыз,қала,әйелдер,Жамбыл,84.80636827727717
2017,пайыз,ауыл,,Жамбыл,80.27692221341324
2017,пайыз,ауыл,ерлер,Жамбыл,81.01923093756291
2017,пайыз,ауыл,әйелдер,Жамбыл,79.53176705041713
2017,пайыз,,,Қарағанды,86.20339706649632
2017,пайыз,,ерлер,Қарағанды,86.72458846507807
2017,пайыз,,әйелдер,Қарағанды,85.74195629482884
2017,пайыз,қала,,Қарағанды,87.7708795277273
2017,пайыз,қала,ерлер,Қарағанды,88.3676082630093
2017,пайыз,қала,әйелдер,Қарағанды,87.26142394401842
2017,пайыз,ауыл,,Қарағанды,80.12130521257951
2017,пайыз,ауыл,ерлер,Қарағанды,80.90695197181284
2017,пайыз,ауыл,әйелдер,Қарағанды,79.32077782151137
2017,пайыз,,,Қостанай,93.10467027440437
2017,пайыз,,ерлер,Қостанай,93.91385408239066
2017,пайыз,,әйелдер,Қостанай,92.38607928355064
2017,пайыз,қала,,Қостанай,95.42146514982471
2017,пайыз,қала,ерлер,Қостанай,95.93033725207728
2017,пайыз,қала,әйелдер,Қостанай,94.99891057765018
2017,пайыз,ауыл,,Қостанай,90.45335256525831
2017,пайыз,ауыл,ерлер,Қостанай,91.77492721234891
2017,пайыз,ауыл,әйелдер,Қостанай,89.18640361203104
2017,пайыз,,,Қызылорда,83.05673595957276
2017,пайыз,,ерлер,Қызылорда,82.83013197081887
2017,пайыз,,әйелдер,Қызылорда,83.28132851498913
2017,пайыз,қала,,Қызылорда,88.67069041150043
2017,пайыз,қала,ерлер,Қызылорда,89.00939493468675
2017,пайыз,қала,әйелдер,Қызылорда,88.35288186859353
2017,пайыз,ауыл,,Қызылорда,78.7207002347597
2017,пайыз,ауыл,ерлер,Қызылорда,78.28519793776955
2017,пайыз,ауыл,әйелдер,Қызылорда,79.17097937526556
2017,пайыз,,,Маңғыстау,89.32530438872314
2017,пайыз,,ерлер,Маңғыстау,90.89692902145724
2017,пайыз,,әйелдер,Маңғыстау,87.78770379875952
2017,пайыз,қала,,Маңғыстау,92.89004149832407
2017,пайыз,қала,ерлер,Маңғыстау,93.38246313061414
2017,пайыз,қала,әйелдер,Маңғыстау,92.40277214422476
2017,пайыз,ауыл,,Маңғыстау,86.72806378656037
2017,пайыз,ауыл,ерлер,Маңғыстау,89.06792249661068
2017,пайыз,ауыл,әйелдер,Маңғыстау,84.45774563672641
2017,пайыз,,,Павлодар,86.54084226572034
2017,пайыз,,ерлер,Павлодар,86.99817883209961
2017,пайыз,,әйелдер,Павлодар,86.13836373801588
2017,пайыз,қала,,Павлодар,89.25920051254778
2017,пайыз,қала,ерлер,Павлодар,90.30370056844299
2017,пайыз,қала,әйелдер,Павлодар,88.38515691796773
2017,пайыз,ауыл,,Павлодар,79.94110318269341
2017,пайыз,ауыл,ерлер,Павлодар,79.66393512978587
2017,пайыз,ауыл,әйелдер,Павлодар,80.21661447040873
2017,пайыз,,,Солтүстік Қазақстан,83.52932342704908
2017,пайыз,,ерлер,Солтүстік Қазақстан,85.53098182476405
2017,пайыз,,әйелдер,Солтүстік Қазақстан,81.72498382225058
2017,пайыз,қала,,Солтүстік Қазақстан,86.47535573800785
2017,пайыз,қала,ерлер,Солтүстік Қазақстан,87.72909345587692
2017,пайыз,қала,әйелдер,Солтүстік Қазақстан,85.4593899228542
2017,пайыз,ауыл,,Солтүстік Қазақстан,81.18382495897039
2017,пайыз,ауыл,ерлер,Солтүстік Қазақстан,83.94890534187505
2017,пайыз,ауыл,әйелдер,Солтүстік Қазақстан,78.47195720203443
2017,пайыз,,,Түркістан,78.75761098422967
2017,пайыз,,ерлер,Түркістан,79.6851890020448
2017,пайыз,,әйелдер,Түркістан,77.81655982526003
2017,пайыз,қала,,Түркістан,76.56864449907552
2017,пайыз,қала,ерлер,Түркістан,75.78327353657833
2017,пайыз,қала,әйелдер,Түркістан,77.35056748539502
2017,пайыз,ауыл,,Түркістан,79.27375537355721
2017,пайыз,ауыл,ерлер,Түркістан,80.59463661385662
2017,пайыз,ауыл,әйелдер,Түркістан,77.92772779022087
2017,пайыз,,,Шығыс Қазақстан,85.31077619681726
2017,пайыз,,ерлер,Шығыс Қазақстан,85.0664713787479
2017,пайыз,,әйелдер,Шығыс Қазақстан,85.52979716211733
2017,пайыз,қала,,Шығыс Қазақстан,92.18319488813677
2017,пайыз,қала,ерлер,Шығыс Қазақстан,91.35374186072416
2017,пайыз,қала,әйелдер,Шығыс Қазақстан,92.87837857499672
2017,пайыз,ауыл,,Шығыс Қазақстан,74.77044914674663
2017,пайыз,ауыл,ерлер,Шығыс Қазақстан,76.244605660048
2017,пайыз,ауыл,әйелдер,Шығыс Қазақстан,73.30568811188246
2017,пайыз,,,Нұр-Сұлтан қаласы,96.2942042962996
2017,пайыз,,ерлер,Нұр-Сұлтан қаласы,96.10350611838518
2017,пайыз,,әйелдер,Нұр-Сұлтан қаласы,96.46750405702991
2017,пайыз,,,Алматы қаласы,86.45317311397146
2017,пайыз,,ерлер,Алматы қаласы,86.29028327621764
2017,пайыз,,әйелдер,Алматы қаласы,86.58640200817301
2017,пайыз,,,Шымкент қаласы,91.1764425705734
2017,пайыз,,ерлер,Шымкент қаласы,92.13294056897324
2017,пайыз,,әйелдер,Шымкент қаласы,90.3119880548654
2018,пайыз,,,,87.92728522221233
2018,пайыз,,ерлер,,88.77549499708479
2018,пайыз,,әйелдер,,87.14488055706352
2018,пайыз,қала,,,90.19975510213328
2018,пайыз,қала,ерлер,,91.05518870911364
2018,пайыз,қала,әйелдер,,89.4562867926278
2018,пайыз,ауыл,,,84.7685053974443
2018,пайыз,ауыл,ерлер,,85.83118470035521
2018,пайыз,ауыл,әйелдер,,83.70394055799727
2018,пайыз,,,Ақмола,88.8672089658526
2018,пайыз,,ерлер,Ақмола,90.20049032705658
2018,пайыз,,әйелдер,Ақмола,87.62777131386022
2018,пайыз,қала,,Ақмола,90.64487679510887
2018,пайыз,қала,ерлер,Ақмола,91.90884237298121
2018,пайыз,қала,әйелдер,Ақмола,89.5449117686082
2018,пайыз,ауыл,,Ақмола,87.31034424329029
2018,пайыз,ауыл,ерлер,Ақмола,88.79737721340305
2018,пайыз,ауыл,әйелдер,Ақмола,85.84592877421814
2018,пайыз,,,Ақтөбе,88.13388513700657
2018,пайыз,,ерлер,Ақтөбе,87.71124347394873
2018,пайыз,,әйелдер,Ақтөбе,88.52264093164732
2018,пайыз,қала,,Ақтөбе,90.42416930885658
2018,пайыз,қала,ерлер,Ақтөбе,89.30499325236168
2018,пайыз,қала,әйелдер,Ақтөбе,91.41507023346372
2018,пайыз,ауыл,,Ақтөбе,82.80868231779982
2018,пайыз,ауыл,ерлер,Ақтөбе,84.23946729948464
2018,пайыз,ауыл,әйелдер,Ақтөбе,81.37077361857006
2018,пайыз,,,Алматы,91.95136060791474
2018,пайыз,,ерлер,Алматы,92.90407866029491
2018,пайыз,,әйелдер,Алматы,91.0292774957306
2018,пайыз,қала,,Алматы,90.13923700618138
2018,пайыз,қала,ерлер,Алматы,90.65411739323903
2018,пайыз,қала,әйелдер,Алматы,89.67804585817397
2018,пайыз,ауыл,,Алматы,92.47973249117592
2018,пайыз,ауыл,ерлер,Алматы,93.52723470207084
2018,пайыз,ауыл,әйелдер,Алматы,91.44280776978951
2018,пайыз,,,Атырау,86.12814642286753
2018,пайыз,,ерлер,Атырау,86.04165540879579
2018,пайыз,,әйелдер,Атырау,86.21084818701709
2018,пайыз,қала,,Атырау,89.07872696817421
2018,пайыз,қала,ерлер,Атырау,90.42940933245531
2018,пайыз,қала,әйелдер,Атырау,87.85393898154447
2018,пайыз,ауыл,,Атырау,82.95560214794847
2018,пайыз,ауыл,ерлер,Атырау,81.58156911581568
2018,пайыз,ауыл,әйелдер,Атырау,84.34645247446356
2018,пайыз,,,Батыс Қазақстан,90.16207126041564
2018,пайыз,,ерлер,Батыс Қазақстан,91.18222742398329
2018,пайыз,,әйелдер,Батыс Қазақстан,89.22060278751488
2018,пайыз,қала,,Батыс Қазақстан,95.6739212855994
2018,пайыз,қала,ерлер,Батыс Қазақстан,96.73898090829664
2018,пайыз,қала,әйелдер,Батыс Қазақстан,94.77651216119696
2018,пайыз,ауыл,,Батыс Қазақстан,84.35519636607236
2018,пайыз,ауыл,ерлер,Батыс Қазақстан,85.86868413942177
2018,пайыз,ауыл,әйелдер,Батыс Қазақстан,82.81844501079351
2018,пайыз,,,Жамбыл,83.02438062013924
2018,пайыз,,ерлер,Жамбыл,84.20114835091469
2018,пайыз,,әйелдер,Жамбыл,81.90014124409102
2018,пайыз,қала,,Жамбыл,78.67395789094456
2018,пайыз,қала,ерлер,Жамбыл,78.54861011777047
2018,пайыз,қала,әйелдер,Жамбыл,78.78457852319755
2018,пайыз,ауыл,,Жамбыл,85.88797341272591
2018,пайыз,ауыл,ерлер,Жамбыл,87.67840382067136
2018,пайыз,ауыл,әйелдер,Жамбыл,84.08595204356645
2018,пайыз,,,Қарағанды,86.31205047109883
2018,пайыз,,ерлер,Қарағанды,87.26770139413502
2018,пайыз,,әйелдер,Қарағанды,85.46465025535002
2018,пайыз,қала,,Қарағанды,87.32465610396456
2018,пайыз,қала,ерлер,Қарағанды,88.04193551578905
2018,пайыз,қала,әйелдер,Қарағанды,86.71112185241016
2018,пайыз,ауыл,,Қарағанды,82.36050373130637
2018,пайыз,ауыл,ерлер,Қарағанды,84.50917181434664
2018,пайыз,ауыл,әйелдер,Қарағанды,80.16892134849417
2018,пайыз,,,Қостанай,91.32357953375023
2018,пайыз,,ерлер,Қостанай,91.44615433565248
2018,пайыз,,әйелдер,Қостанай,91.2145056448854
2018,пайыз,қала,,Қостанай,93.68574604860251
2018,пайыз,қала,ерлер,Қостанай,93.18207860662312
2018,пайыз,қала,әйелдер,Қостанай,94.10505250929563
2018,пайыз,ауыл,,Қостанай,88.55495279533254
2018,пайыз,ауыл,ерлер,Қостанай,89.5607996924685
2018,пайыз,ауыл,әйелдер,Қостанай,87.58751303385608
2018,пайыз,,,Қызылорда,85.90732056275336
2018,пайыз,,ерлер,Қызылорда,86.58189058997473
2018,пайыз,,әйелдер,Қызылорда,85.23702539753532
2018,пайыз,қала,,Қызылорда,93.89481046157712
2018,пайыз,қала,ерлер,Қызылорда,93.8065238695226
2018,пайыз,қала,әйелдер,Қызылорда,93.97796083317677
2018,пайыз,ауыл,,Қызылорда,79.69218495320166
2018,пайыз,ауыл,ерлер,Қызылорда,81.2233921043341
2018,пайыз,ауыл,әйелдер,Қызылорда,78.105923292475
2018,пайыз,,,Маңғыстау,88.69534726904922
2018,пайыз,,ерлер,Маңғыстау,88.56474763894495
2018,пайыз,,әйелдер,Маңғыстау,88.82308584274139
2018,пайыз,қала,,Маңғыстау,91.75555193905512
2018,пайыз,қала,ерлер,Маңғыстау,91.48311047000416
2018,пайыз,қала,әйелдер,Маңғыстау,92.02476520279134
2018,пайыз,ауыл,,Маңғыстау,86.57914907595537
2018,пайыз,ауыл,ерлер,Маңғыстау,86.52891643619121
2018,пайыз,ауыл,әйелдер,Маңғыстау,86.62793486341944
2018,пайыз,,,Павлодар,88.11006925616846
2018,пайыз,,ерлер,Павлодар,89.44824612972764
2018,пайыз,,әйелдер,Павлодар,86.92970702155405
2018,пайыз,қала,,Павлодар,91.36126740692792
2018,пайыз,қала,ерлер,Павлодар,93.46472911000605
2018,пайыз,қала,әйелдер,Павлодар,89.59948455868197
2018,пайыз,ауыл,,Павлодар,80.21659740586828
2018,пайыз,ауыл,ерлер,Павлодар,80.55720691218701
2018,пайыз,ауыл,әйелдер,Павлодар,79.87610797743756
2018,пайыз,,,Солтүстік Қазақстан,84.82252502148063
2018,пайыз,,ерлер,Солтүстік Қазақстан,85.13159417414738
2018,пайыз,,әйелдер,Солтүстік Қазақстан,84.54328879860795
2018,пайыз,қала,,Солтүстік Қазақстан,86.37482923943027
2018,пайыз,қала,ерлер,Солтүстік Қазақстан,86.47797065339105
2018,пайыз,қала,әйелдер,Солтүстік Қазақстан,86.2908667600576
2018,пайыз,ауыл,,Солтүстік Қазақстан,83.54780856567156
2018,пайыз,ауыл,ерлер,Солтүстік Қазақстан,84.13112935353848
2018,пайыз,ауыл,әйелдер,Солтүстік Қазақстан,82.97395082158917
2018,пайыз,,,Түркістан,80.37042534942408
2018,пайыз,,ерлер,Түркістан,81.22557042514572
2018,пайыз,,әйелдер,Түркістан,79.49867078274228
2018,пайыз,қала,,Түркістан,77.89322296617075
2018,пайыз,қала,ерлер,Түркістан,78.00266804536953
2018,пайыз,қала,әйелдер,Түркістан,77.78346754061424
2018,пайыз,ауыл,,Түркістан,80.94845866704055
2018,пайыз,ауыл,ерлер,Түркістан,81.97002166584471
2018,пайыз,ауыл,әйелдер,Түркістан,79.9030296811267
2018,пайыз,,,Шығыс Қазақстан,87.34541820872835
2018,пайыз,,ерлер,Шығыс Қазақстан,87.71079724073431
2018,пайыз,,әйелдер,Шығыс Қазақстан,87.0175187853318
2018,пайыз,қала,,Шығыс Қазақстан,94.22063176542886
2018,пайыз,қала,ерлер,Шығыс Қазақстан,94.29950969697666
2018,пайыз,қала,әйелдер,Шығыс Қазақстан,94.15438987288064
2018,пайыз,ауыл,,Шығыс Қазақстан,76.52170504816296
2018,пайыз,ауыл,ерлер,Шығыс Қазақстан,78.22146700651373
2018,пайыз,ауыл,әйелдер,Шығыс Қазақстан,74.82903572443152
2018,пайыз,,,Нұр-Сұлтан қаласы,94.19164879238328
2018,пайыз,,ерлер,Нұр-Сұлтан қаласы,98.47858562808041
2018,пайыз,,әйелдер,Нұр-Сұлтан қаласы,90.31903634532092
2018,пайыз,,,Алматы қаласы,89.80043873012005
2018,пайыз,,ерлер,Алматы қаласы,90.54687605858999
2018,пайыз,,әйелдер,Алматы қаласы,89.19044613493672
2018,пайыз,,,Шымкент қаласы,91.30396348082004
2018,пайыз,,ерлер,Шымкент қаласы,92.36681484036042
2018,пайыз,,әйелдер,Шымкент қаласы,90.34503822382472
2019,пайыз,,,,88.12097004703236
2019,пайыз,,ерлер,,88.5960218220858
2019,пайыз,,әйелдер,,87.68209467503725
2019,пайыз,қала,,,90.05839995548139
2019,пайыз,қала,ерлер,,90.58035861573099
2019,пайыз,қала,әйелдер,,89.60399153099115
2019,пайыз,ауыл,,,85.39844628719246
2019,пайыз,ауыл,ерлер,,86.00571846176855
2019,пайыз,ауыл,әйелдер,,84.78872340590502
2019,пайыз,,,Ақмола,88.11544799788605
2019,пайыз,,ерлер,Ақмола,89.20136915283669
2019,пайыз,,әйелдер,Ақмола,87.10455354871533
2019,пайыз,қала,,Ақмола,89.23739425712861
2019,пайыз,қала,ерлер,Ақмола,89.96836122207374
2019,пайыз,қала,әйелдер,Ақмола,88.60059408030642
2019,пайыз,ауыл,,Ақмола,87.13193845979967
2019,пайыз,ауыл,ерлер,Ақмола,88.57102216153167
2019,пайыз,ауыл,әйелдер,Ақмола,85.71228109564436
2019,пайыз,,,Ақтөбе,90.66373219043207
2019,пайыз,,ерлер,Ақтөбе,91.57664838406092
2019,пайыз,,әйелдер,Ақтөбе,89.8219061281598
2019,пайыз,қала,,Ақтөбе,92.43496940368723
2019,пайыз,қала,ерлер,Ақтөбе,92.56051547682202
2019,пайыз,қала,әйелдер,Ақтөбе,92.32351312164198
2019,пайыз,ауыл,,Ақтөбе,86.44354948227995
2019,пайыз,ауыл,ерлер,Ақтөбе,89.38193905817172
2019,пайыз,ауыл,әйелдер,Ақтөбе,83.47796525255417
2019,пайыз,,,Алматы,91.72652554303212
2019,пайыз,,ерлер,Алматы,91.91252630743077
2019,пайыз,,әйелдер,Алматы,91.54669909386892
2019,пайыз,қала,,Алматы,90.23761031907671
2019,пайыз,қала,ерлер,Алматы,91.1744221119307
2019,пайыз,қала,әйелдер,Алматы,89.40154416533092
2019,пайыз,ауыл,,Алматы,92.14729405676974
2019,пайыз,ауыл,ерлер,Алматы,92.11036739397743
2019,пайыз,ауыл,әйелдер,Алматы,92.18381030253477
2019,пайыз,,,Атырау,84.65256384684145
2019,пайыз,,ерлер,Атырау,84.70095912890929
2019,пайыз,,әйелдер,Атырау,84.60625161513009
2019,пайыз,қала,,Атырау,88.53459096940789
2019,пайыз,қала,ерлер,Атырау,90.17212241656412
2019,пайыз,қала,әйелдер,Атырау,87.04452747990425
2019,пайыз,ауыл,,Атырау,80.53095323316401
2019,пайыз,ауыл,ерлер,Атырау,79.1919957553248
2019,пайыз,ауыл,әйелдер,Атырау,81.88259419092215
2019,пайыз,,,Батыс Қазақстан,87.55776966246414
2019,пайыз,,ерлер,Батыс Қазақстан,87.42274429555228
2019,пайыз,,әйелдер,Батыс Қазақстан,87.68272374020847
2019,пайыз,қала,,Батыс Қазақстан,94.46380048452421
2019,пайыз,қала,ерлер,Батыс Қазақстан,95.0352901676557
2019,пайыз,қала,әйелдер,Батыс Қазақстан,93.97939203088413
2019,пайыз,ауыл,,Батыс Қазақстан,80.16194186803315
2019,пайыз,ауыл,ерлер,Батыс Қазақстан,80.00270344297692
2019,пайыз,ауыл,әйелдер,Батыс Қазақстан,80.32377950023137
2019,пайыз,,,Жамбыл,81.35257295154081
2019,пайыз,,ерлер,Жамбыл,81.42272348595377
2019,пайыз,,әйелдер,Жамбыл,81.28538374689262
2019,пайыз,қала,,Жамбыл,76.80564140831339
2019,пайыз,қала,ерлер,Жамбыл,74.91748990923891
2019,пайыз,қала,әйелдер,Жамбыл,78.47215558917962
2019,пайыз,ауыл,,Жамбыл,84.33081501949083
2019,пайыз,ауыл,ерлер,Жамбыл,85.39749153512328
2019,пайыз,ауыл,әйелдер,Жамбыл,83.25308461392852
2019,пайыз,,,Қарағанды,89.66930912758448
2019,пайыз,,ерлер,Қарағанды,90.03760236867475
2019,пайыз,,әйелдер,Қарағанды,89.34224818069781
2019,пайыз,қала,,Қарағанды,90.0004303808364
2019,пайыз,қала,ерлер,Қарағанды,90.34777504073558
2019,пайыз,қала,әйелдер,Қарағанды,89.70281018775326
2019,пайыз,ауыл,,Қарағанды,88.37113279272663
2019,пайыз,ауыл,ерлер,Қарағанды,88.92695633724793
2019,пайыз,ауыл,әйелдер,Қарағанды,87.80352758028536
2019,пайыз,,,Қостанай,91.84251913312801
2019,пайыз,,ерлер,Қостанай,92.57293091314682
2019,пайыз,,әйелдер,Қостанай,91.19136146633474
2019,пайыз,қала,,Қостанай,95.58685144297195
2019,пайыз,қала,ерлер,Қостанай,95.60435676161524
2019,пайыз,қала,әйелдер,Қостанай,95.5722646963532
2019,пайыз,ауыл,,Қостанай,87.35132218470531
2019,пайыз,ауыл,ерлер,Қостанай,89.21005164745291
2019,пайыз,ауыл,әйелдер,Қостанай,85.55505330882849
2019,пайыз,,,Қызылорда,82.22601708272047
2019,пайыз,,ерлер,Қызылорда,80.79084543245607
2019,пайыз,,әйелдер,Қызылорда,83.65614906687256
2019,пайыз,қала,,Қызылорда,86.4960470234652
2019,пайыз,қала,ерлер,Қызылорда,84.11370265381419
2019,пайыз,қала,әйелдер,Қызылорда,88.74985847149212
2019,пайыз,ауыл,,Қызылорда,78.87415835899576
2019,пайыз,ауыл,ерлер,Қызылорда,78.3011713585915
2019,пайыз,ауыл,әйелдер,Қызылорда,79.46889193817745
2019,пайыз,,,Маңғыстау,91.57749868877038
2019,пайыз,,ерлер,Маңғыстау,92.14973329991491
2019,пайыз,,әйелдер,Маңғыстау,91.01787104469574
2019,пайыз,қала,,Маңғыстау,94.53370247880467
2019,пайыз,қала,ерлер,Маңғыстау,95.27387710603699
2019,пайыз,қала,әйелдер,Маңғыстау,93.80515083111021
2019,пайыз,ауыл,,Маңғыстау,89.564875553
2019,пайыз,ауыл,ерлер,Маңғыстау,90.01109052904499
2019,пайыз,ауыл,әйелдер,Маңғыстау,89.13040331429333
2019,пайыз,,,Павлодар,86.38593634257899
2019,пайыз,,ерлер,Павлодар,86.61052737103941
2019,пайыз,,әйелдер,Павлодар,86.18744912593512
2019,пайыз,қала,,Павлодар,89.33343854672616
2019,пайыз,қала,ерлер,Павлодар,89.16760233305472
2019,пайыз,қала,әйелдер,Павлодар,89.4723886108148
2019,пайыз,ауыл,,Павлодар,79.247199883318
2019,пайыз,ауыл,ерлер,Павлодар,80.97787097842283
2019,пайыз,ауыл,әйелдер,Павлодар,77.50780261280384
2019,пайыз,,,Солтүстік Қазақстан,86.5617440586092
2019,пайыз,,ерлер,Солтүстік Қазақстан,87.12644538101532
2019,пайыз,,әйелдер,Солтүстік Қазақстан,86.05061491059436
2019,пайыз,қала,,Солтүстік Қазақстан,91.10871979855236
2019,пайыз,қала,ерлер,Солтүстік Қазақстан,91.83205297502577
2019,пайыз,қала,әйелдер,Солтүстік Қазақстан,90.51866820252943
2019,пайыз,ауыл,,Солтүстік Қазақстан,82.75007124019653
2019,пайыз,ауыл,ерлер,Солтүстік Қазақстан,83.55901115844702
2019,пайыз,ауыл,әйелдер,Солтүстік Қазақстан,81.95153268243772
2019,пайыз,,,Түркістан,82.52904458872291
2019,пайыз,,ерлер,Түркістан,83.31113544133714
2019,пайыз,,әйелдер,Түркістан,81.72833559389353
2019,пайыз,қала,,Түркістан,79.55130816230613
2019,пайыз,қала,ерлер,Түркістан,78.20592112250189
2019,пайыз,қала,әйелдер,Түркістан,80.90508489492642
2019,пайыз,ауыл,,Түркістан,83.22924940209454
2019,пайыз,ауыл,ерлер,Түркістан,84.49895164484563
2019,пайыз,ауыл,әйелдер,Түркістан,81.92401855494651
2019,пайыз,,,Шығыс Қазақстан,89.73957792581469
2019,пайыз,,ерлер,Шығыс Қазақстан,89.85391384514374
2019,пайыз,,әйелдер,Шығыс Қазақстан,89.63688736152305
2019,пайыз,қала,,Шығыс Қазақстан,95.3212775852969
2019,пайыз,қала,ерлер,Шығыс Қазақстан,96.20867247043414
2019,пайыз,қала,әйелдер,Шығыс Қазақстан,94.575242849774
2019,пайыз,ауыл,,Шығыс Қазақстан,80.78333218038776
2019,пайыз,ауыл,ерлер,Шығыс Қазақстан,80.53133366344112
2019,пайыз,ауыл,әйелдер,Шығыс Қазақстан,81.03487997051099
2019,пайыз,,,Нұр-Сұлтан қаласы,94.68484430376179
2019,пайыз,,ерлер,Нұр-Сұлтан қаласы,98.0475976650202
2019,пайыз,,әйелдер,Нұр-Сұлтан қаласы,91.65671794177142
2019,пайыз,,,Алматы қаласы,88.34328696189951
2019,пайыз,,ерлер,Алматы қаласы,88.80549458330385
2019,пайыз,,әйелдер,Алматы қаласы,87.96372567704782
2019,пайыз,,,Шымкент қаласы,88.62556452748156
2019,пайыз,,ерлер,Шымкент қаласы,89.29776418192449
2019,пайыз,,әйелдер,Шымкент қаласы,88.01857636125095
