Year,Units,Өңірлер,Value
2010,пайыз,,66.4
2010,пайыз,Ақмола,76.95108475303883
2010,пайыз,Ақтөбе,89.41342768991
2010,пайыз,Алматы,41.46364244140317
2010,пайыз,Атырау,1.5400674207293077
2010,пайыз,Батыс Қазақстан,98.97709645040605
2010,пайыз,Жамбыл,7.560847687346486
2010,пайыз,Қарағанды,63.54376738474111
2010,пайыз,Қостанай,56.46831112711559
2010,пайыз,Қызылорда,67.11240970118486
2010,пайыз,Маңғыстау,66.2699396059162
2010,пайыз,Павлодар,75.68281466586552
2010,пайыз,Солтүстік Қазақстан,0.6445886438647743
2010,пайыз,Шығыс Қазақстан,29.002830503033728
2010,пайыз,Нұр-Сұлтан қаласы,100.0
2010,пайыз,Алматы қаласы,95.16589260941579
2011,пайыз,,67.5
2011,пайыз,Ақмола,74.46683212047279
2011,пайыз,Ақтөбе,89.77519415050641
2011,пайыз,Алматы,41.00810878483792
2011,пайыз,Атырау,1.5724882402605234
2011,пайыз,Батыс Қазақстан,98.58574763147055
2011,пайыз,Жамбыл,6.4051762562266426
2011,пайыз,Қарағанды,64.50944892326962
2011,пайыз,Қостанай,54.20190074499831
2011,пайыз,Қызылорда,77.29702166235434
2011,пайыз,Маңғыстау,66.82012518384239
2011,пайыз,Павлодар,75.97444471874977
2011,пайыз,Солтүстік Қазақстан,7.670794019264786
2011,пайыз,Шығыс Қазақстан,31.779422237359505
2011,пайыз,Нұр-Сұлтан қаласы,100.0
2011,пайыз,Алматы қаласы,96.89183459881585
2012,пайыз,,67.0
2012,пайыз,Ақмола,71.34448497044396
2012,пайыз,Ақтөбе,84.49811556969784
2012,пайыз,Алматы,38.932873045082566
2012,пайыз,Атырау,1.470216820627425
2012,пайыз,Батыс Қазақстан,98.77667976929577
2012,пайыз,Жамбыл,7.382582628821088
2012,пайыз,Қарағанды,62.50858579045865
2012,пайыз,Қостанай,48.853450072962275
2012,пайыз,Қызылорда,77.43779358222189
2012,пайыз,Маңғыстау,60.29733631962125
2012,пайыз,Павлодар,74.75342337565114
2012,пайыз,Солтүстік Қазақстан,0.5669366977867168
2012,пайыз,Шығыс Қазақстан,34.5649697060045
2012,пайыз,Нұр-Сұлтан қаласы,100.0
2012,пайыз,Алматы қаласы,97.62581176483009
2013,пайыз,,69.6
2013,пайыз,Ақмола,72.45238215530743
2013,пайыз,Ақтөбе,87.17119276448533
2013,пайыз,Алматы,33.461769845589714
2013,пайыз,Атырау,1.7428058130955055
2013,пайыз,Батыс Қазақстан,98.714244157859
2013,пайыз,Жамбыл,15.600400744239302
2013,пайыз,Қарағанды,67.3651489182809
2013,пайыз,Қостанай,51.224091676030206
2013,пайыз,Қызылорда,87.38772235376999
2013,пайыз,Маңғыстау,74.7425908591977
2013,пайыз,Павлодар,81.39470477456518
2013,пайыз,Солтүстік Қазақстан,0.5322399587384006
2013,пайыз,Шығыс Қазақстан,34.61550479235722
2013,пайыз,Нұр-Сұлтан қаласы,100.0
2013,пайыз,Алматы қаласы,97.4161555526556
2014,пайыз,,69.8
2014,пайыз,Ақмола,77.13508054162315
2014,пайыз,Ақтөбе,87.78474667164076
2014,пайыз,Алматы,30.006819731757215
2014,пайыз,Атырау,1.9253680027505256
2014,пайыз,Батыс Қазақстан,90.1278323034048
2014,пайыз,Жамбыл,17.76162834679026
2014,пайыз,Қарағанды,68.5565740050066
2014,пайыз,Қостанай,51.247972507573
2014,пайыз,Қызылорда,88.73776422187545
2014,пайыз,Маңғыстау,73.46604199849386
2014,пайыз,Павлодар,86.88080166062798
2014,пайыз,Солтүстік Қазақстан,0.41985465882342426
2014,пайыз,Шығыс Қазақстан,32.70887378933523
2014,пайыз,Нұр-Сұлтан қаласы,100.0
2014,пайыз,Алматы қаласы,96.61882912162916
2015,пайыз,,72.6
2015,пайыз,Ақмола,79.22275065201417
2015,пайыз,Ақтөбе,87.50524504372835
2015,пайыз,Алматы,84.68837209302325
2015,пайыз,Атырау,1.7986590068969932
2015,пайыз,Батыс Қазақстан,90.17996985726528
2015,пайыз,Жамбыл,16.6
2015,пайыз,Қарағанды,67.51933056575739
2015,пайыз,Қостанай,51.6
2015,пайыз,Қызылорда,95.71916563703758
2015,пайыз,Маңғыстау,74.28293307375355
2015,пайыз,Павлодар,87.77437991205231
2015,пайыз,Солтүстік Қазақстан,0.07494984301663977
2015,пайыз,Шығыс Қазақстан,32.112814378628485
2015,пайыз,Нұр-Сұлтан қаласы,100.0
2015,пайыз,Алматы қаласы,98.17861139893128
2016,пайыз,,74.1
2016,пайыз,Ақмола,79.09847190508886
2016,пайыз,Ақтөбе,87.25420461033066
2016,пайыз,Алматы,83.18447628931824
2016,пайыз,Атырау,35.40407379423247
2016,пайыз,Батыс Қазақстан,90.83566293929712
2016,пайыз,Жамбыл,17.74166178571624
2016,пайыз,Қарағанды,69.50807742942466
2016,пайыз,Қостанай,50.54785709664284
2016,пайыз,Қызылорда,95.50799222930372
2016,пайыз,Маңғыстау,73.26116020478038
2016,пайыз,Павлодар,88.37466930166254
2016,пайыз,Солтүстік Қазақстан,0.11960289381659182
2016,пайыз,Шығыс Қазақстан,32.8168512424312
2016,пайыз,Нұр-Сұлтан қаласы,100.0
2016,пайыз,Алматы қаласы,97.29871609850872
2017,пайыз,,72.6
2017,пайыз,Ақмола,79.53768097256877
2017,пайыз,Ақтөбе,87.58302690767084
2017,пайыз,Алматы,80.71514624355764
2017,пайыз,Атырау,32.279031977250305
2017,пайыз,Батыс Қазақстан,91.14525275044831
2017,пайыз,Жамбыл,18.836949757505
2017,пайыз,Қарағанды,59.51712897804353
2017,пайыз,Қостанай,54.48756505609681
2017,пайыз,Қызылорда,95.88130261032222
2017,пайыз,Маңғыстау,72.41647648132042
2017,пайыз,Павлодар,88.05454092644861
2017,пайыз,Солтүстік Қазақстан,0.3828046982738124
2017,пайыз,Шығыс Қазақстан,34.640379256127055
2017,пайыз,Нұр-Сұлтан қаласы,100.0
2017,пайыз,Алматы қаласы,97.88913794963844
2018,пайыз,,71.5
2018,пайыз,Ақмола,77.00848063600925
2018,пайыз,Ақтөбе,90.89754971971676
2018,пайыз,Алматы,62.5
2018,пайыз,Атырау,42.54737179668563
2018,пайыз,Батыс Қазақстан,91.4
2018,пайыз,Жамбыл,18.31369434494384
2018,пайыз,Қарағанды,58.4
2018,пайыз,Қостанай,39.078593326128676
2018,пайыз,Қызылорда,95.43091273105394
2018,пайыз,Маңғыстау,75.65925994242386
2018,пайыз,Павлодар,88.88195554862223
2018,пайыз,Солтүстік Қазақстан,0.34746156118558946
2018,пайыз,Түркістан,55.434224293731575
2018,пайыз,Шығыс Қазақстан,34.9545329079355
2018,пайыз,Нұр-Сұлтан қаласы,100.0
2018,пайыз,Алматы қаласы,98.1
2019,пайыз,,85.5
2019,пайыз,Ақмола,93.2
2019,пайыз,Ақтөбе,98.8
2019,пайыз,Алматы,63.8
2019,пайыз,Атырау,100.0
2019,пайыз,Батыс Қазақстан,99.9
2019,пайыз,Жамбыл,13.9
2019,пайыз,Қарағанды,58.3
2019,пайыз,Қостанай,72.6
2019,пайыз,Қызылорда,94.6
2019,пайыз,Маңғыстау,95.6
2019,пайыз,Павлодар,97.0
2019,пайыз,Солтүстік Қазақстан,99.7
2019,пайыз,Түркістан,92.4
2019,пайыз,Шығыс Қазақстан,97.5
2019,пайыз,Нұр-Сұлтан қаласы,100.0
2019,пайыз,Алматы қаласы,99.6
2019,пайыз,Шымкент қаласы,89.6
