Year,Units,Өңірлер,Жынысы,Жасы,Экономикалық қызмет түрлері,GeoCode,Value
2018,теңге,,,,,,958.5151485136366
2018,теңге,Ақмола,,,,KZ03,705.7338103367453
2018,теңге,Ақтөбе,,,,KZ04,749.9403816528461
2018,теңге,Алматы,,,,KZ01,712.5847361063737
2018,теңге,Атырау,,,,KZ06,1718.4145975772635
2018,теңге,Батыс Қазақстан,,,,KZ07,1202.4329026593387
2018,теңге,Жамбыл,,,,KZ17,612.5503305092177
2018,теңге,Қарағанды,,,,KZ12,808.4899840439411
2018,теңге,Қостанай,,,,KZ13,685.4316642192142
2018,теңге,Қызылорда,,,,KZ14,719.6827426954272
2018,теңге,Маңғыстау,,,,KZ09,1410.596779139893
2018,теңге,Оңтүстік Қазақстан,,,,KZ10,629.7078541847877
2018,теңге,Павлодар,,,,KZ11,774.1072345250177
2018,теңге,Солтүстік Қазақстан,,,,KZ16,636.075437253919
2018,теңге,Шығыс Қазақстан,,,,KZ15,740.5936808949231
2018,теңге,Нұр-Сұлтан қаласы,,,,KZ05,1421.594091621348
2018,теңге,Алматы қаласы,,,,KZ02,1335.178709631454
2018,теңге,,ерлер,,,,1122.0
2018,теңге,Ақмола,ерлер,,,,791.8277715555887
2018,теңге,Ақтөбе,ерлер,,,,850.0106175079311
2018,теңге,Алматы,ерлер,,,,813.2004042336812
2018,теңге,Атырау,ерлер,,,,2105.485505233839
2018,теңге,Батыс Қазақстан,ерлер,,,,1588.0131622797517
2018,теңге,Жамбыл,ерлер,,,,690.396121066768
2018,теңге,Қарағанды,ерлер,,,,912.6305495036747
2018,теңге,Қостанай,ерлер,,,,752.2667915280903
2018,теңге,Қызылорда,ерлер,,,,811.0115265176172
2018,теңге,Маңғыстау,ерлер,,,,1826.7456721226672
2018,теңге,Оңтүстік Қазақстан,ерлер,,,,686.1706116178742
2018,теңге,Павлодар,ерлер,,,,873.4059306387303
2018,теңге,Солтүстік Қазақстан,ерлер,,,,682.4451707681433
2018,теңге,Шығыс Қазақстан,ерлер,,,,827.5748212467798
2018,теңге,Нұр-Сұлтан қаласы,ерлер,,,,1636.97878273412
2018,теңге,Алматы қаласы,ерлер,,,,1438.2097524247042
2018,теңге,,әйелдер,,,,784.8041675593731
2018,теңге,Ақмола,әйелдер,,,,601.9764745360224
2018,теңге,Ақтөбе,әйелдер,,,,638.5053334172768
2018,теңге,Алматы,әйелдер,,,,630.338937140128
2018,теңге,Атырау,әйелдер,,,,1146.1094915230133
2018,теңге,Батыс Қазақстан,әйелдер,,,,742.9937060373288
2018,теңге,Жамбыл,әйелдер,,,,542.7812571357579
2018,теңге,Қарағанды,әйелдер,,,,681.5429931938974
2018,теңге,Қостанай,әйелдер,,,,603.9810968252564
2018,теңге,Қызылорда,әйелдер,,,,608.8472036092181
2018,теңге,Маңғыстау,әйелдер,,,,899.0227153419029
2018,теңге,Оңтүстік Қазақстан,әйелдер,,,,588.494062050237
2018,теңге,Павлодар,әйелдер,,,,667.4713091753375
2018,теңге,Солтүстік Қазақстан,әйелдер,,,,590.1913122813099
2018,теңге,Шығыс Қазақстан,әйелдер,,,,643.9315790313094
2018,теңге,Нұр-Сұлтан қаласы,әйелдер,,,,1178.580312035197
2018,теңге,Алматы қаласы,әйелдер,,,,1217.1963310725337
2018,теңге,,,15,,,577.0
2018,теңге,,,16-24,,,764.0
2018,теңге,,,25-28,,,961.0
2018,теңге,,,29-34,,,1102.0
2018,теңге,,,35-44,,,977.0
2018,теңге,,,45-54,,,951.0
2018,теңге,,,55-64,,,1159.0
2018,теңге,Ақмола,,16-24,,,485.0
2018,теңге,Ақмола,,25-28,,,598.0
2018,теңге,Ақмола,,29-34,,,739.0
2018,теңге,Ақмола,,35-44,,,792.0
2018,теңге,Ақмола,,45-54,,,716.0
2018,теңге,Ақмола,,55-64,,,670.0
2018,теңге,Ақмола,,65 және одан үлкен,,,674.0
2018,теңге,Ақтөбе,,16-24,,,478.0
2018,теңге,Ақтөбе,,25-28,,,622.0
2018,теңге,Ақтөбе,,29-34,,,747.0
2018,теңге,Ақтөбе,,35-44,,,819.0
2018,теңге,Ақтөбе,,45-54,,,773.0
2018,теңге,Ақтөбе,,55-64,,,796.0
2018,теңге,Ақтөбе,,65 және одан үлкен,,,798.0
2018,теңге,Алматы,,16-24,,,497.0
2018,теңге,Алматы,,25-28,,,608.0
2018,теңге,Алматы,,29-34,,,711.0
2018,теңге,Алматы,,35-44,,,791.0
2018,теңге,Алматы,,45-54,,,708.0
2018,теңге,Алматы,,55-64,,,732.0
2018,теңге,Алматы,,65 және одан үлкен,,,810.0
2018,теңге,Атырау,,16-24,,,768.0
2018,теңге,Атырау,,25-28,,,1231.0
2018,теңге,Атырау,,29-34,,,1571.0
2018,теңге,Атырау,,35-44,,,1917.0
2018,теңге,Атырау,,45-54,,,1855.0
2018,теңге,Атырау,,55-64,,,2077.0
2018,теңге,Атырау,,65 және одан үлкен,,,6563.0
2018,теңге,Батыс Қазақстан,,16-24,,,490.0
2018,теңге,Батыс Қазақстан,,25-28,,,621.0
2018,теңге,Батыс Қазақстан,,29-34,,,894.0
2018,теңге,Батыс Қазақстан,,35-44,,,1586.0
2018,теңге,Батыс Қазақстан,,45-54,,,1341.0
2018,теңге,Батыс Қазақстан,,55-64,,,1276.0
2018,теңге,Батыс Қазақстан,,65 және одан үлкен,,,1028.0
2018,теңге,Жамбыл,,16-24,,,443.0
2018,теңге,Жамбыл,,25-28,,,532.0
2018,теңге,Жамбыл,,29-34,,,619.0
2018,теңге,Жамбыл,,35-44,,,649.0
2018,теңге,Жамбыл,,45-54,,,630.0
2018,теңге,Жамбыл,,55-64,,,636.0
2018,теңге,Жамбыл,,65 және одан үлкен,,,661.0
2018,теңге,Қарағанды,,16-24,,,520.5235270651388
2018,теңге,Қарағанды,,25-28,,,708.0
2018,теңге,Қарағанды,,29-34,,,830.0
2018,теңге,Қарағанды,,35-44,,,890.0
2018,теңге,Қарағанды,,45-54,,,807.0
2018,теңге,Қарағанды,,55-64,,,817.0
2018,теңге,Қарағанды,,65 және одан үлкен,,,837.0
2018,теңге,Қостанай,,16-24,,,471.8279932759297
2018,теңге,Қостанай,,25-28,,,622.0
2018,теңге,Қостанай,,29-34,,,728.0
2018,теңге,Қостанай,,35-44,,,761.0
2018,теңге,Қостанай,,45-54,,,679.0
2018,теңге,Қостанай,,55-64,,,653.0
2018,теңге,Қостанай,,65 және одан үлкен,,,789.0
2018,теңге,Қызылорда,,16-24,,,460.0
2018,теңге,Қызылорда,,25-28,,,594.0
2018,теңге,Қызылорда,,29-34,,,696.0
2018,теңге,Қызылорда,,35-44,,,784.0
2018,теңге,Қызылорда,,45-54,,,726.0
2018,теңге,Қызылорда,,55-64,,,810.2078016824388
2018,теңге,Қызылорда,,65 және одан үлкен,,,941.0
2018,теңге,Маңғыстау,,16-24,,,538.3856137802676
2018,теңге,Маңғыстау,,25-28,,,867.0
2018,теңге,Маңғыстау,,29-34,,,1351.0
2018,теңге,Маңғыстау,,35-44,,,1585.0
2018,теңге,Маңғыстау,,45-54,,,1641.0
2018,теңге,Маңғыстау,,55-64,,,1661.8786260297784
2018,теңге,Маңғыстау,,65 және одан үлкен,,,1421.0
2018,теңге,Оңтүстік Қазақстан,,16-24,,,436.0414511910112
2018,теңге,Оңтүстік Қазақстан,,25-28,,,514.0
2018,теңге,Оңтүстік Қазақстан,,29-34,,,608.0
2018,теңге,Оңтүстік Қазақстан,,35-44,,,651.0
2018,теңге,Оңтүстік Қазақстан,,45-54,,,666.0
2018,теңге,Оңтүстік Қазақстан,,55-64,,,672.0641325526118
2018,теңге,Оңтүстік Қазақстан,,65 және одан үлкен,,,864.0
2018,теңге,Павлодар,,16-24,,,515.3475799547509
2018,теңге,Павлодар,,25-28,,,638.0
2018,теңге,Павлодар,,29-34,,,765.0
2018,теңге,Павлодар,,35-44,,,828.0
2018,теңге,Павлодар,,45-54,,,787.0
2018,теңге,Павлодар,,55-64,,,814.7523761591942
2018,теңге,Павлодар,,65 және одан үлкен,,,788.0
2018,теңге,Солтүстік Қазақстан,,16-24,,,465.2290295740012
2018,теңге,Солтүстік Қазақстан,,25-28,,,566.0
2018,теңге,Солтүстік Қазақстан,,29-34,,,662.0
2018,теңге,Солтүстік Қазақстан,,35-44,,,697.0
2018,теңге,Солтүстік Қазақстан,,45-54,,,629.0
2018,теңге,Солтүстік Қазақстан,,55-64,,,607.421827061364
2018,теңге,Солтүстік Қазақстан,,65 және одан үлкен,,,639.0
2018,теңге,Шығыс Қазақстан,,16-24,,,530.7171706825818
2018,теңге,Шығыс Қазақстан,,25-28,,,628.0
2018,теңге,Шығыс Қазақстан,,29-34,,,732.0
2018,теңге,Шығыс Қазақстан,,35-44,,,827.0
2018,теңге,Шығыс Қазақстан,,45-54,,,757.0
2018,теңге,Шығыс Қазақстан,,55-64,,,714.0231608979581
2018,теңге,Шығыс Қазақстан,,65 және одан үлкен,,,890.0
2018,теңге,Нұр-Сұлтан қаласы,,16-24,,,723.5714472571913
2018,теңге,Нұр-Сұлтан қаласы,,25-28,,,1019.0
2018,теңге,Нұр-Сұлтан қаласы,,29-34,,,1403.0
2018,теңге,Нұр-Сұлтан қаласы,,35-44,,,1654.0
2018,теңге,Нұр-Сұлтан қаласы,,45-54,,,1561.0
2018,теңге,Нұр-Сұлтан қаласы,,55-64,,,1460.9735161936444
2018,теңге,Нұр-Сұлтан қаласы,,65 және одан үлкен,,,1444.0
2018,теңге,Алматы қаласы,,16-24,,,729.2190398671222
2018,теңге,Алматы қаласы,,25-28,,,1021.0
2018,теңге,Алматы қаласы,,29-34,,,1380.0
2018,теңге,Алматы қаласы,,35-44,,,1726.0
2018,теңге,Алматы қаласы,,45-54,,,1357.0
2018,теңге,Алматы қаласы,,55-64,,,1245.5688414493034
2018,теңге,Алматы қаласы,,65 және одан үлкен,,,1359.0
2018,теңге,,ерлер,16-24,,,612.0
2018,теңге,,ерлер,25-28,,,827.0
2018,теңге,,ерлер,29-34,,,1100.0
2018,теңге,,ерлер,35-44,,,1347.0
2018,теңге,,ерлер,45-54,,,1205.0
2018,теңге,,ерлер,55-64,,,1107.0
2018,теңге,,ерлер,65 және одан үлкен,,,1276.0
2018,теңге,,әйелдер,16-24,,,532.0
2018,теңге,,әйелдер,25-28,,,680.0
2018,теңге,,әйелдер,29-34,,,788.0
2018,теңге,,әйелдер,35-44,,,868.0
2018,теңге,,әйелдер,45-54,,,793.0
2018,теңге,,әйелдер,55-64,,,758.0
2018,теңге,,әйелдер,65 және одан үлкен,,,968.0
2018,теңге,,,,"ауыл, орман және балық шаруашылығы",,537.4819969475383
2018,теңге,,,,өнеркәсіп,,1382.4681137718335
2018,теңге,,,,құрылыс,,1336.9906282412576
2018,теңге,,,,көтерме және бөлшек саудада сату; автомобильдерді және мотоциклдерді жөндеу,,934.6633223065244
2018,теңге,,,,көлік және жинақтау,,1178.0562024307806
2018,теңге,,,,тұру және тамақтану бойынша қызмет көрсету,,1294.7271988242935
2018,теңге,,,,ақпарат және байланыс,,1371.4105549397304
2018,теңге,,,,қаржы және сақтандыру қызметі,,2270.1905817276315
2018,теңге,,,,жылжымайтын мүлікпен операциялар,,982.1758679607468
2018,теңге,,,,техникалық қызмет,,1548.1590584303628
2018,теңге,,,,әкімшілік және қосымша қызмет көрсету саласындағы қызмет,,886.3556560994357
2018,теңге,,,,мемлекеттік басқару және қорғаныс; міндетті әлеуметтік қамсыздандыру,,719.575732775474
2018,теңге,,,,білім беру,,599.4805768453364
2018,теңге,,,,денсаулық сақтау және әлеуметтік қызметтер,,643.6722283345781
2018,теңге,,,,"өнер, ойын-сауық және демалыс",,609.5812853694018
2018,теңге,,,,қызметтердің басқа түрлерін ұсыну,,1548.5450989251553
2018,теңге,,ерлер,,"ауыл, орман және балық шаруашылығы",,548.6417679992022
2018,теңге,,ерлер,,өнеркәсіп,,1490.3329961209895
2018,теңге,,ерлер,,құрылыс,,1345.8063705740574
2018,теңге,,ерлер,,көтерме және бөлшек саудада сату; автомобильдерді және мотоциклдерді жөндеу,,972.3040195101904
2018,теңге,,ерлер,,көлік және жинақтау,,1241.5308070361193
2018,теңге,,ерлер,,тұру және тамақтану бойынша қызмет көрсету,,1837.0169254754248
2018,теңге,,ерлер,,ақпарат және байланыс,,1423.0240517734915
2018,теңге,,ерлер,,қаржы және сақтандыру қызметі,,2876.699853835831
2018,теңге,,ерлер,,жылжымайтын мүлікпен операциялар,,1035.4483693033962
2018,теңге,,ерлер,,техникалық қызмет,,1697.2655614312814
2018,теңге,,ерлер,,әкімшілік және қосымша қызмет көрсету саласындағы қызмет,,892.6716384886265
2018,теңге,,ерлер,,мемлекеттік басқару және қорғаныс; міндетті әлеуметтік қамсыздандыру,,775.10395315742
2018,теңге,,ерлер,,білім беру,,640.2261882986455
2018,теңге,,ерлер,,денсаулық сақтау және әлеуметтік қызметтер,,717.4289922926317
2018,теңге,,ерлер,,"өнер, ойын-сауық және демалыс",,716.8430976567395
2018,теңге,,ерлер,,қызметтердің басқа түрлерін ұсыну,,1624.2361434922132
2018,теңге,,әйелдер,,"ауыл, орман және балық шаруашылығы",,508.7102321501834
2018,теңге,,әйелдер,,өнеркәсіп,,1119.9442739094684
2018,теңге,,әйелдер,,құрылыс,,1298.0748719328024
2018,теңге,,әйелдер,,көтерме және бөлшек саудада сату; автомобильдерді және мотоциклдерді жөндеу,,888.0069158756247
2018,теңге,,әйелдер,,көлік және жинақтау,,1005.3222629440404
2018,теңге,,әйелдер,,тұру және тамақтану бойынша қызмет көрсету,,917.0728700009096
2018,теңге,,әйелдер,,ақпарат және байланыс,,1284.6604745622344
2018,теңге,,әйелдер,,қаржы және сақтандыру қызметі,,1887.5442136502168
2018,теңге,,әйелдер,,жылжымайтын мүлікпен операциялар,,913.1807804162172
2018,теңге,,әйелдер,,техникалық қызмет,,1327.5859868079358
2018,теңге,,әйелдер,,әкімшілік және қосымша қызмет көрсету саласындағы қызмет,,862.9841050131693
2018,теңге,,әйелдер,,мемлекеттік басқару және қорғаныс; міндетті әлеуметтік қамсыздандыру,,622.0280226817158
2018,теңге,,әйелдер,,білім беру,,585.0363840755343
2018,теңге,,әйелдер,,денсаулық сақтау және әлеуметтік қызметтер,,619.0310573026434
2018,теңге,,әйелдер,,"өнер, ойын-сауық және демалыс",,521.6192074564475
2018,теңге,,әйелдер,,қызметтердің басқа түрлерін ұсыну,,1451.7176165706878
