Year,Units,Регионы,Пол,Местность,GeoCode,Value
2010,процент,,,,,5.724655114193832
2011,процент,,,,,5.1160227566437175
2012,процент,,,,,5.895514825699013
2013,процент,,,,,5.755110647925178
2014,процент,,,,,6.96335857005814
2015,процент,,,,,7.873647499522124
2016,процент,,,,,7.199852173571244
2017,процент,,,,,6.360494998547763
2018,процент,,,,,6.0
2010,процент,Акмолинская,,,KZ03,6.242788009982736
2011,процент,Акмолинская,,,KZ03,5.151219512195122
2012,процент,Акмолинская,,,KZ03,5.402926116951072
2013,процент,Акмолинская,,,KZ03,5.0674241065952
2014,процент,Акмолинская,,,KZ03,4.489955427871311
2015,процент,Акмолинская,,,KZ03,7.680746061990368
2016,процент,Акмолинская,,,KZ03,5.843239003197973
2017,процент,Акмолинская,,,KZ03,6.12983227653917
2018,процент,Акмолинская,,,KZ03,4.4
2010,процент,Актюбинская,,,KZ04,1.4475262368815591
2011,процент,Актюбинская,,,KZ04,1.2322378488668655
2012,процент,Актюбинская,,,KZ04,1.2341576506955176
2013,процент,Актюбинская,,,KZ04,1.9291094090858427
2014,процент,Актюбинская,,,KZ04,6.755143934692319
2015,процент,Актюбинская,,,KZ04,7.972185769612392
2016,процент,Актюбинская,,,KZ04,5.109647339459489
2017,процент,Актюбинская,,,KZ04,4.848524261201587
2018,процент,Актюбинская,,,KZ04,6.5
2010,процент,Алматинская,,,KZ01,6.372072221405584
2011,процент,Алматинская,,,KZ01,6.018605998765478
2012,процент,Алматинская,,,KZ01,8.997518594892624
2013,процент,Алматинская,,,KZ01,7.894076541397718
2014,процент,Алматинская,,,KZ01,7.579949068489479
2015,процент,Алматинская,,,KZ01,8.210591038352161
2016,процент,Алматинская,,,KZ01,7.563929575862013
2017,процент,Алматинская,,,KZ01,6.6922776181815085
2018,процент,Алматинская,,,KZ01,6.1
2010,процент,Атырауская,,,KZ06,3.4931758700495315
2011,процент,Атырауская,,,KZ06,2.3304521276595747
2012,процент,Атырауская,,,KZ06,3.9537788881948783
2013,процент,Атырауская,,,KZ06,4.300362189460797
2014,процент,Атырауская,,,KZ06,4.677618622402172
2015,процент,Атырауская,,,KZ06,7.024922960480077
2016,процент,Атырауская,,,KZ06,7.0816864295125175
2017,процент,Атырауская,,,KZ06,7.238249833985096
2018,процент,Атырауская,,,KZ06,5.7
2010,процент,Западно-Казахстанская,,,KZ07,8.26283480438567
2011,процент,Западно-Казахстанская,,,KZ07,5.582988091052238
2012,процент,Западно-Казахстанская,,,KZ07,3.9210076687725985
2013,процент,Западно-Казахстанская,,,KZ07,3.1828286699885013
2014,процент,Западно-Казахстанская,,,KZ07,3.1123118838555937
2015,процент,Западно-Казахстанская,,,KZ07,3.94703715790946
2016,процент,Западно-Казахстанская,,,KZ07,2.3361732770955888
2017,процент,Западно-Казахстанская,,,KZ07,2.172999407797964
2018,процент,Западно-Казахстанская,,,KZ07,2.1
2010,процент,Жамбылская,,,KZ17,8.076607195904032
2011,процент,Жамбылская,,,KZ17,7.2833464691973795
2012,процент,Жамбылская,,,KZ17,7.385138139513277
2013,процент,Жамбылская,,,KZ17,4.8446220877894195
2014,процент,Жамбылская,,,KZ17,9.588728538018367
2015,процент,Жамбылская,,,KZ17,12.852511590615961
2016,процент,Жамбылская,,,KZ17,11.6771783289298
2017,процент,Жамбылская,,,KZ17,9.267012395648877
2018,процент,Жамбылская,,,KZ17,5.9
2010,процент,Карагандинская,,,KZ12,6.857281645099918
2011,процент,Карагандинская,,,KZ12,6.204501871125095
2012,процент,Карагандинская,,,KZ12,7.975770986546668
2013,процент,Карагандинская,,,KZ12,5.324789128167972
2014,процент,Карагандинская,,,KZ12,10.517239582790632
2015,процент,Карагандинская,,,KZ12,12.522614048145511
2016,процент,Карагандинская,,,KZ12,9.458373513339762
2017,процент,Карагандинская,,,KZ12,8.718547785348193
2018,процент,Карагандинская,,,KZ12,9.7
2010,процент,Костанайская,,,KZ13,4.1690001866816
2011,процент,Костанайская,,,KZ13,4.294918183670458
2012,процент,Костанайская,,,KZ13,4.465829415616424
2013,процент,Костанайская,,,KZ13,5.1749087176725945
2014,процент,Костанайская,,,KZ13,4.507227909837867
2015,процент,Костанайская,,,KZ13,6.5222133987241815
2016,процент,Костанайская,,,KZ13,3.30901795532574
2017,процент,Костанайская,,,KZ13,4.0780300990336
2018,процент,Костанайская,,,KZ13,4.1
2010,процент,Кызылординская,,,KZ14,7.575518698366653
2011,процент,Кызылординская,,,KZ14,6.610937450664648
2012,процент,Кызылординская,,,KZ14,10.108279462043619
2013,процент,Кызылординская,,,KZ14,9.83618094381671
2014,процент,Кызылординская,,,KZ14,12.417803004083893
2015,процент,Кызылординская,,,KZ14,7.642664204875714
2016,процент,Кызылординская,,,KZ14,10.132026324117726
2017,процент,Кызылординская,,,KZ14,6.381529969313457
2018,процент,Кызылординская,,,KZ14,4.0
2010,процент,Мангистауская,,,KZ09,8.313265358405493
2011,процент,Мангистауская,,,KZ09,7.679611029364724
2012,процент,Мангистауская,,,KZ09,9.845207191616193
2013,процент,Мангистауская,,,KZ09,8.392706452887829
2014,процент,Мангистауская,,,KZ09,14.462852734955154
2015,процент,Мангистауская,,,KZ09,9.946789483097836
2016,процент,Мангистауская,,,KZ09,14.24988683769467
2017,процент,Мангистауская,,,KZ09,6.56461283326955
2018,процент,Мангистауская,,,KZ09,5.4
2010,процент,Южно-Казахстанская,,,KZ10,4.1228792938126695
2011,процент,Южно-Казахстанская,,,KZ10,3.7704529842190526
2012,процент,Южно-Казахстанская,,,KZ10,3.7872726067063054
2013,процент,Южно-Казахстанская,,,KZ10,3.330125806336648
2014,процент,Южно-Казахстанская,,,KZ10,6.818115814141557
2015,процент,Южно-Казахстанская,,,KZ10,8.286553796280268
2016,процент,Южно-Казахстанская,,,KZ10,7.890421552878497
2017,процент,Южно-Казахстанская,,,KZ10,9.019211012150754
2010,процент,Павлодарская,,,KZ11,3.3047980891004984
2011,процент,Павлодарская,,,KZ11,3.5945791775423066
2012,процент,Павлодарская,,,KZ11,2.7719685159131524
2013,процент,Павлодарская,,,KZ11,1.7740585774058577
2014,процент,Павлодарская,,,KZ11,3.4295278771788062
2015,процент,Павлодарская,,,KZ11,5.608214849921012
2016,процент,Павлодарская,,,KZ11,7.491498054950702
2017,процент,Павлодарская,,,KZ11,4.467248292914153
2018,процент,Павлодарская,,,KZ11,4.2
2010,процент,Северо-Казахстанская,,,KZ16,4.625475895601119
2011,процент,Северо-Казахстанская,,,KZ16,5.3932182724042965
2012,процент,Северо-Казахстанская,,,KZ16,6.428534927691758
2013,процент,Северо-Казахстанская,,,KZ16,6.339733270511862
2014,процент,Северо-Казахстанская,,,KZ16,6.565374333569952
2015,процент,Северо-Казахстанская,,,KZ16,7.20981314193788
2016,процент,Северо-Казахстанская,,,KZ16,8.583555166700794
2017,процент,Северо-Казахстанская,,,KZ16,6.58604032483898
2018,процент,Северо-Казахстанская,,,KZ16,8.1
2018,процент,Туркестанская,,,KZ10,11.4
2010,процент,Восточно-Казахстанская,,,KZ15,8.92037598353383
2011,процент,Восточно-Казахстанская,,,KZ15,8.48096682207034
2012,процент,Восточно-Казахстанская,,,KZ15,5.141752132325012
2013,процент,Восточно-Казахстанская,,,KZ15,7.2565898285470976
2014,процент,Восточно-Казахстанская,,,KZ15,5.674589189608931
2015,процент,Восточно-Казахстанская,,,KZ15,7.646913876656157
2016,процент,Восточно-Казахстанская,,,KZ15,4.643347775546867
2017,процент,Восточно-Казахстанская,,,KZ15,5.900292079491438
2018,процент,Восточно-Казахстанская,,,KZ15,4.1
2010,процент,г_Нур-Султан,,,KZ05,7.783086938395921
2011,процент,г_Нур-Султан,,,KZ05,6.638156839685679
2012,процент,г_Нур-Султан,,,KZ05,13.518358903637305
2013,процент,г_Нур-Султан,,,KZ05,19.326722773102244
2014,процент,г_Нур-Султан,,,KZ05,6.50519506147418
2015,процент,г_Нур-Султан,,,KZ05,5.174850378913623
2016,процент,г_Нур-Султан,,,KZ05,6.3546807601134745
2017,процент,г_Нур-Султан,,,KZ05,4.083838344848883
2018,процент,г_Нур-Султан,,,KZ05,4.1
2010,процент,г_Алматы,,,KZ02,3.807905361725848
2011,процент,г_Алматы,,,KZ02,2.7587255662698524
2012,процент,г_Алматы,,,KZ02,3.3442247697107312
2013,процент,г_Алматы,,,KZ02,3.1668396766103184
2014,процент,г_Алматы,,,KZ02,4.83038657283476
2015,процент,г_Алматы,,,KZ02,5.884230008296638
2016,процент,г_Алматы,,,KZ02,5.196647170938976
2017,процент,г_Алматы,,,KZ02,4.014715397802696
2018,процент,г_Алматы,,,KZ02,3.4
2018,процент,г_Шымкент,,,KZ18,9.5
2010,процент,,мужчины,,,4.36988437520211
2011,процент,,мужчины,,,5.444190647894208
2012,процент,,мужчины,,,4.896304864877625
2013,процент,,мужчины,,,4.983714445233832
2014,процент,,мужчины,,,4.95553324033096
2015,процент,,мужчины,,,6.016153008683875
2016,процент,,мужчины,,,5.3035123054291375
2017,процент,,мужчины,,,5.073766448511123
2018,процент,,мужчины,,,5.2
2010,процент,Акмолинская,мужчины,,,6.489469572300072
2011,процент,Акмолинская,мужчины,,,4.2563619227144205
2012,процент,Акмолинская,мужчины,,,5.417568742435349
2013,процент,Акмолинская,мужчины,,,4.533077594917199
2014,процент,Акмолинская,мужчины,,,3.28613843388338
2015,процент,Акмолинская,мужчины,,,5.797833272126331
2016,процент,Акмолинская,мужчины,,,4.510913107868605
2017,процент,Акмолинская,мужчины,,,4.56931460280958
2018,процент,Акмолинская,мужчины,,,3.5
2010,процент,Актюбинская,мужчины,,,1.7448704385272158
2011,процент,Актюбинская,мужчины,,,3.549946734409572
2012,процент,Актюбинская,мужчины,,,0.3749153550134606
2013,процент,Актюбинская,мужчины,,,1.4423314398616942
2014,процент,Актюбинская,мужчины,,,3.6813547385437833
2015,процент,Актюбинская,мужчины,,,5.4272579289125815
2016,процент,Актюбинская,мужчины,,,2.294701326028989
2017,процент,Актюбинская,мужчины,,,2.0858208955223883
2018,процент,Актюбинская,мужчины,,,4.2
2010,процент,Алматинская,мужчины,,,4.925805601896566
2011,процент,Алматинская,мужчины,,,6.4730961271585326
2012,процент,Алматинская,мужчины,,,6.822890846457944
2013,процент,Алматинская,мужчины,,,5.709321792968381
2014,процент,Алматинская,мужчины,,,5.434153101536807
2015,процент,Алматинская,мужчины,,,6.104794126883491
2016,процент,Алматинская,мужчины,,,5.157894736842105
2017,процент,Алматинская,мужчины,,,6.547955378331692
2018,процент,Алматинская,мужчины,,,3.7
2010,процент,Атырауская,мужчины,,,2.2890168620789657
2011,процент,Атырауская,мужчины,,,1.8545729806750384
2012,процент,Атырауская,мужчины,,,1.9520533490904488
2013,процент,Атырауская,мужчины,,,3.796600600842793
2014,процент,Атырауская,мужчины,,,2.1572653702137936
2015,процент,Атырауская,мужчины,,,4.254813876630188
2016,процент,Атырауская,мужчины,,,5.695068308236554
2017,процент,Атырауская,мужчины,,,4.997867037876917
2018,процент,Атырауская,мужчины,,,2.1
2010,процент,Западно-Казахстанская,мужчины,,,7.876007198326876
2011,процент,Западно-Казахстанская,мужчины,,,3.433556338574733
2012,процент,Западно-Казахстанская,мужчины,,,3.4863377548748287
2013,процент,Западно-Казахстанская,мужчины,,,3.1206933513000337
2014,процент,Западно-Казахстанская,мужчины,,,2.7881915458753888
2015,процент,Западно-Казахстанская,мужчины,,,3.516061712752478
2016,процент,Западно-Казахстанская,мужчины,,,2.24940356723596
2017,процент,Западно-Казахстанская,мужчины,,,1.9370551475446967
2018,процент,Западно-Казахстанская,мужчины,,,1.6
2010,процент,Жамбылская,мужчины,,,5.101019544009767
2011,процент,Жамбылская,мужчины,,,6.468386023294507
2012,процент,Жамбылская,мужчины,,,6.331763474620618
2013,процент,Жамбылская,мужчины,,,4.314832667676629
2014,процент,Жамбылская,мужчины,,,5.4453455326817775
2015,процент,Жамбылская,мужчины,,,8.131331525771246
2016,процент,Жамбылская,мужчины,,,7.82113120099162
2017,процент,Жамбылская,мужчины,,,5.934028905977351
2018,процент,Жамбылская,мужчины,,,5.8
2010,процент,Карагандинская,мужчины,,,3.7967320147944914
2011,процент,Карагандинская,мужчины,,,5.611062265206621
2012,процент,Карагандинская,мужчины,,,5.708852162100973
2013,процент,Карагандинская,мужчины,,,4.789198706294375
2014,процент,Карагандинская,мужчины,,,5.256480344930735
2015,процент,Карагандинская,мужчины,,,7.2368347760213
2016,процент,Карагандинская,мужчины,,,5.893606309783522
2017,процент,Карагандинская,мужчины,,,6.429560191368967
2018,процент,Карагандинская,мужчины,,,7.0
2010,процент,Костанайская,мужчины,,,3.79713189970509
2011,процент,Костанайская,мужчины,,,4.536867627590105
2012,процент,Костанайская,мужчины,,,3.2712250231852287
2013,процент,Костанайская,мужчины,,,5.22588208842565
2014,процент,Костанайская,мужчины,,,4.625610173460382
2015,процент,Костанайская,мужчины,,,6.019926410053933
2016,процент,Костанайская,мужчины,,,2.9234149914543828
2017,процент,Костанайская,мужчины,,,3.534732415598841
2018,процент,Костанайская,мужчины,,,3.5
2010,процент,Кызылординская,мужчины,,,6.989023204112827
2011,процент,Кызылординская,мужчины,,,9.759935768767564
2012,процент,Кызылординская,мужчины,,,9.893537862743976
2013,процент,Кызылординская,мужчины,,,9.829617883903863
2014,процент,Кызылординская,мужчины,,,9.05453393574632
2015,процент,Кызылординская,мужчины,,,6.6063921307643625
2016,процент,Кызылординская,мужчины,,,8.381914961029086
2017,процент,Кызылординская,мужчины,,,5.478421326071769
2018,процент,Кызылординская,мужчины,,,3.4
2010,процент,Мангистауская,мужчины,,,6.941896814529673
2011,процент,Мангистауская,мужчины,,,14.14905497376683
2012,процент,Мангистауская,мужчины,,,12.333073750396585
2013,процент,Мангистауская,мужчины,,,7.559270139434814
2014,процент,Мангистауская,мужчины,,,13.79532932199092
2015,процент,Мангистауская,мужчины,,,6.754952855175335
2016,процент,Мангистауская,мужчины,,,6.182350073135058
2017,процент,Мангистауская,мужчины,,,3.630086313193588
2018,процент,Мангистауская,мужчины,,,4.0
2010,процент,Южно-Казахстанская,мужчины,,,1.9456931172304064
2011,процент,Южно-Казахстанская,мужчины,,,5.516644301112507
2012,процент,Южно-Казахстанская,мужчины,,,2.333408889706228
2013,процент,Южно-Казахстанская,мужчины,,,1.5621135148505432
2014,процент,Южно-Казахстанская,мужчины,,,5.310954672606028
2015,процент,Южно-Казахстанская,мужчины,,,7.389867590419106
2016,процент,Южно-Казахстанская,мужчины,,,6.501366459627329
2017,процент,Южно-Казахстанская,мужчины,,,8.197567111862856
2010,процент,Павлодарская,мужчины,,,2.6914275929702214
2011,процент,Павлодарская,мужчины,,,3.082442959938153
2012,процент,Павлодарская,мужчины,,,1.985623270241656
2013,процент,Павлодарская,мужчины,,,1.0795597748466774
2014,процент,Павлодарская,мужчины,,,2.2486772486772484
2015,процент,Павлодарская,мужчины,,,4.986018176370718
2016,процент,Павлодарская,мужчины,,,7.0790426482343545
2017,процент,Павлодарская,мужчины,,,4.768112308849336
2018,процент,Павлодарская,мужчины,,,5.0
2010,процент,Северо-Казахстанская,мужчины,,,4.874980342821198
2011,процент,Северо-Казахстанская,мужчины,,,4.700243239376163
2012,процент,Северо-Казахстанская,мужчины,,,5.034651932649028
2013,процент,Северо-Казахстанская,мужчины,,,6.399922070964129
2014,процент,Северо-Казахстанская,мужчины,,,4.595167201099407
2015,процент,Северо-Казахстанская,мужчины,,,5.053775876026368
2016,процент,Северо-Казахстанская,мужчины,,,4.561774821421824
2017,процент,Северо-Казахстанская,мужчины,,,3.3360723089564503
2018,процент,Северо-Казахстанская,мужчины,,,4.3
2018,процент,Туркестанская,мужчины,,,12.0
2010,процент,Восточно-Казахстанская,мужчины,,,8.143863670691509
2011,процент,Восточно-Казахстанская,мужчины,,,5.63518256089326
2012,процент,Восточно-Казахстанская,мужчины,,,4.250459213293868
2013,процент,Восточно-Казахстанская,мужчины,,,6.481306149929518
2014,процент,Восточно-Казахстанская,мужчины,,,3.3848126347689265
2015,процент,Восточно-Казахстанская,мужчины,,,4.892256806457186
2016,процент,Восточно-Казахстанская,мужчины,,,3.4157542421254736
2017,процент,Восточно-Казахстанская,мужчины,,,3.5422901890041407
2018,процент,Восточно-Казахстанская,мужчины,,,3.1
2010,процент,г_Нур-Султан,мужчины,,,3.1550535293050266
2011,процент,г_Нур-Султан,мужчины,,,5.219202198462793
2012,процент,г_Нур-Султан,мужчины,,,12.652303120356612
2013,процент,г_Нур-Султан,мужчины,,,17.77010656996722
2014,процент,г_Нур-Султан,мужчины,,,4.685824179888309
2015,процент,г_Нур-Султан,мужчины,,,4.438509215462403
2016,процент,г_Нур-Султан,мужчины,,,4.905330250578016
2017,процент,г_Нур-Султан,мужчины,,,3.75975067106235
2018,процент,г_Нур-Султан,мужчины,,,4.1
2010,процент,г_Алматы,мужчины,,,2.975722388609099
2011,процент,г_Алматы,мужчины,,,2.8606907111580013
2012,процент,г_Алматы,мужчины,,,3.815790611408461
2013,процент,г_Алматы,мужчины,,,3.4102856335091483
2014,процент,г_Алматы,мужчины,,,3.941111103442088
2015,процент,г_Алматы,мужчины,,,5.243405931344187
2016,процент,г_Алматы,мужчины,,,4.725467893702824
2017,процент,г_Алматы,мужчины,,,3.3278440059459617
2018,процент,г_Алматы,мужчины,,,2.7
2018,процент,г_Шымкент,мужчины,,,10.9
2010,процент,,женщины,,,7.10229058060292
2011,процент,,женщины,,,9.37058527034552
2012,процент,,женщины,,,6.900014387699555
2013,процент,,женщины,,,6.5305810339092565
2014,процент,,женщины,,,8.987956738239061
2015,процент,,женщины,,,9.713228770357446
2016,процент,,женщины,,,9.095963058590517
2017,процент,,женщины,,,7.639134003073982
2018,процент,,женщины,,,5.2
2010,процент,Акмолинская,женщины,,,5.95537823914475
2011,процент,Акмолинская,женщины,,,6.079561428169807
2012,процент,Акмолинская,женщины,,,5.385094457130994
2013,процент,Акмолинская,женщины,,,5.723233427214259
2014,процент,Акмолинская,женщины,,,5.8095512210242
2015,процент,Акмолинская,женщины,,,9.685064379779616
2016,процент,Акмолинская,женщины,,,7.159996160859968
2017,процент,Акмолинская,женщины,,,7.7633575801978125
2018,процент,Акмолинская,женщины,,,3.5
2010,процент,Актюбинская,женщины,,,1.146494893572086
2011,процент,Актюбинская,женщины,,,8.983559598360529
2012,процент,Актюбинская,женщины,,,1.9897462710412035
2013,процент,Актюбинская,женщины,,,2.384879831038895
2014,процент,Актюбинская,женщины,,,9.793528992959418
2015,процент,Актюбинская,женщины,,,10.031996988518728
2016,процент,Актюбинская,женщины,,,7.903359377812984
2017,процент,Актюбинская,женщины,,,7.588682666864048
2018,процент,Актюбинская,женщины,,,4.2
2010,процент,Алматинская,женщины,,,7.810696661738191
2011,процент,Алматинская,женщины,,,11.740013755049446
2012,процент,Алматинская,женщины,,,11.106454058518603
2013,процент,Алматинская,женщины,,,10.048022722035016
2014,процент,Алматинская,женщины,,,9.88968173570371
2015,процент,Алматинская,женщины,,,10.481387295055779
2016,процент,Алматинская,женщины,,,10.257382076284326
2017,процент,Алматинская,женщины,,,6.8527326572736245
2018,процент,Алматинская,женщины,,,3.7
2010,процент,Атырауская,женщины,,,4.808562635771182
2011,процент,Атырауская,женщины,,,6.346502924500817
2012,процент,Атырауская,женщины,,,5.902535234416733
2013,процент,Атырауская,женщины,,,4.816390598537733
2014,процент,Атырауская,женщины,,,7.262860541183468
2015,процент,Атырауская,женщины,,,10.361348143204461
2016,процент,Атырауская,женщины,,,8.498846364263457
2017,процент,Атырауская,женщины,,,9.951330922537318
2018,процент,Атырауская,женщины,,,2.1
2010,процент,Западно-Казахстанская,женщины,,,8.607178421440013
2011,процент,Западно-Казахстанская,женщины,,,4.251496094166376
2012,процент,Западно-Казахстанская,женщины,,,4.355076952399104
2013,процент,Западно-Казахстанская,женщины,,,3.2451185066928656
2014,процент,Западно-Казахстанская,женщины,,,3.436446980965969
2015,процент,Западно-Казахстанская,женщины,,,4.378744610560502
2016,процент,Западно-Казахстанская,женщины,,,2.420860052113171
2017,процент,Западно-Казахстанская,женщины,,,2.4145997254818568
2018,процент,Западно-Казахстанская,женщины,,,1.6
2010,процент,Жамбылская,женщины,,,11.4267317169816
2011,процент,Жамбылская,женщины,,,12.665754510696518
2012,процент,Жамбылская,женщины,,,8.526199364025992
2013,процент,Жамбылская,женщины,,,5.425315118122122
2014,процент,Жамбылская,женщины,,,13.976773890446758
2015,процент,Жамбылская,женщины,,,17.902802227929932
2016,процент,Жамбылская,женщины,,,15.976206927629404
2017,процент,Жамбылская,женщины,,,12.958692667581944
2018,процент,Жамбылская,женщины,,,5.8
2010,процент,Карагандинская,женщины,,,10.14698334188792
2011,процент,Карагандинская,женщины,,,14.740545294635005
2012,процент,Карагандинская,женщины,,,10.366896235516624
2013,процент,Карагандинская,женщины,,,5.885831704505589
2014,процент,Карагандинская,женщины,,,15.886099268382544
2015,процент,Карагандинская,женщины,,,17.553868340685447
2016,процент,Карагандинская,женщины,,,13.214508847001689
2017,процент,Карагандинская,женщины,,,11.041553704342682
2018,процент,Карагандинская,женщины,,,7.0
2010,процент,Костанайская,женщины,,,4.582916555134473
2011,процент,Костанайская,женщины,,,5.292173607861488
2012,процент,Костанайская,женщины,,,5.77870434715466
2013,процент,Костанайская,женщины,,,5.118826751479814
2014,процент,Костанайская,женщины,,,4.394454167953602
2015,процент,Костанайская,женщины,,,7.0650397646802485
2016,процент,Костанайская,женщины,,,3.7196242243560858
2017,процент,Костанайская,женщины,,,4.627419516598135
2018,процент,Костанайская,женщины,,,3.5
2010,процент,Кызылординская,женщины,,,8.187426509672536
2011,процент,Кызылординская,женщины,,,15.586731660920222
2012,процент,Кызылординская,женщины,,,10.333248384727241
2013,процент,Кызылординская,женщины,,,9.842823203637566
2014,процент,Кызылординская,женщины,,,16.046407050993793
2015,процент,Кызылординская,женщины,,,8.795435257579316
2016,процент,Кызылординская,женщины,,,11.969921309620855
2017,процент,Кызылординская,женщины,,,7.3094409777826845
2018,процент,Кызылординская,женщины,,,3.4
2010,процент,Мангистауская,женщины,,,9.661848022153908
2011,процент,Мангистауская,женщины,,,13.43133614381512
2012,процент,Мангистауская,женщины,,,6.7351721651343075
2013,процент,Мангистауская,женщины,,,9.282448817332536
2014,процент,Мангистауская,женщины,,,15.128794848206072
2015,процент,Мангистауская,женщины,,,13.511275170961405
2016,процент,Мангистауская,женщины,,,22.376660691043934
2017,процент,Мангистауская,женщины,,,9.709302325581397
2018,процент,Мангистауская,женщины,,,4.0
2010,процент,Южно-Казахстанская,женщины,,,6.323882795240494
2011,процент,Южно-Казахстанская,женщины,,,8.348711422208082
2012,процент,Южно-Казахстанская,женщины,,,5.342446326210378
2013,процент,Южно-Казахстанская,женщины,,,5.094537565806027
2014,процент,Южно-Казахстанская,женщины,,,8.358934509180282
2015,процент,Южно-Казахстанская,женщины,,,9.159265732714642
2016,процент,Южно-Казахстанская,женщины,,,9.174509993063882
2017,процент,Южно-Казахстанская,женщины,,,9.790181868998422
2010,процент,Павлодарская,женщины,,,3.955913214468661
2011,процент,Павлодарская,женщины,,,5.7909575453254565
2012,процент,Павлодарская,женщины,,,3.596253821141377
2013,процент,Павлодарская,женщины,,,2.4631157789447364
2014,процент,Павлодарская,женщины,,,4.639801785797767
2015,процент,Павлодарская,женщины,,,6.1810408238322925
2016,процент,Павлодарская,женщины,,,7.938896256248088
2017,процент,Павлодарская,женщины,,,4.15280215893311
2018,процент,Павлодарская,женщины,,,5.0
2010,процент,Северо-Казахстанская,женщины,,,4.349673581334259
2011,процент,Северо-Казахстанская,женщины,,,8.777127807743929
2012,процент,Северо-Казахстанская,женщины,,,8.041447350290737
2013,процент,Северо-Казахстанская,женщины,,,6.269805341783612
2014,процент,Северо-Казахстанская,женщины,,,8.76514400792763
2015,процент,Северо-Казахстанская,женщины,,,9.690618762475047
2016,процент,Северо-Казахстанская,женщины,,,12.487160674981654
2017,процент,Северо-Казахстанская,женщины,,,10.287896372281082
2018,процент,Северо-Казахстанская,женщины,,,4.3
2018,процент,Туркестанская,женщины,,,12.0
2010,процент,Восточно-Казахстанская,женщины,,,9.718670076726342
2011,процент,Восточно-Казахстанская,женщины,,,10.376627168299288
2012,процент,Восточно-Казахстанская,женщины,,,6.100858237233977
2013,процент,Восточно-Казахстанская,женщины,,,8.092715081517115
2014,процент,Восточно-Казахстанская,женщины,,,8.081550638339582
2015,процент,Восточно-Казахстанская,женщины,,,10.536331508019732
2016,процент,Восточно-Казахстанская,женщины,,,6.102280260865543
2017,процент,Восточно-Казахстанская,женщины,,,8.494324588438698
2018,процент,Восточно-Казахстанская,женщины,,,3.1
2010,процент,г_Нур-Султан,женщины,,,11.908372252886114
2011,процент,г_Нур-Султан,женщины,,,7.813090163492148
2012,процент,г_Нур-Султан,женщины,,,14.268253457703445
2013,процент,г_Нур-Султан,женщины,,,21.05559366151357
2014,процент,г_Нур-Султан,женщины,,,8.080032012805122
2015,процент,г_Нур-Султан,женщины,,,5.81537642990157
2016,процент,г_Нур-Султан,женщины,,,7.621579301931796
2017,процент,г_Нур-Султан,женщины,,,4.326858130926971
2018,процент,г_Нур-Султан,женщины,,,4.1
2010,процент,г_Алматы,женщины,,,4.524593471040442
2011,процент,г_Алматы,женщины,,,6.716975137024387
2012,процент,г_Алматы,женщины,,,2.9928352362052526
2013,процент,г_Алматы,женщины,,,2.9840747643715138
2014,процент,г_Алматы,женщины,,,5.6104131981232035
2015,процент,г_Алматы,женщины,,,6.435469509828542
2016,процент,г_Алматы,женщины,,,5.598175980438051
2017,процент,г_Алматы,женщины,,,4.594491530636094
2018,процент,г_Алматы,женщины,,,2.7
2018,процент,г_Шымкент,женщины,,,10.9
2010,процент,,,город,,5.743596504946697
2011,процент,,,город,,6.779283209732792
2012,процент,,,город,,5.889591288495293
2013,процент,,,город,,5.8229486746728005
2014,процент,,,город,,6.260216754784008
2015,процент,,,город,,6.5706056801298045
2016,процент,,,город,,5.761165115375728
2017,процент,,,город,,4.901988263374825
2018,процент,,,город,,5.4
2010,процент,Акмолинская,,город,,5.576312549942768
2011,процент,Акмолинская,,город,,5.049875311720698
2012,процент,Акмолинская,,город,,6.6911284435394025
2013,процент,Акмолинская,,город,,5.012295520153962
2014,процент,Акмолинская,,город,,3.958299397295976
2015,процент,Акмолинская,,город,,6.560816411106508
2016,процент,Акмолинская,,город,,4.02562733582488
2017,процент,Акмолинская,,город,,4.665931874245525
2018,процент,Акмолинская,,город,,2.9
2010,процент,Актюбинская,,город,,2.303070761014686
2011,процент,Актюбинская,,город,,7.361922552097822
2012,процент,Актюбинская,,город,,1.9515079834417504
2013,процент,Актюбинская,,город,,1.7091396819314046
2014,процент,Актюбинская,,город,,8.017033646551834
2015,процент,Актюбинская,,город,,6.2841906287946125
2016,процент,Актюбинская,,город,,3.7921006260475916
2017,процент,Актюбинская,,город,,4.154100593442943
2018,процент,Актюбинская,,город,,7.3
2010,процент,Алматинская,,город,,5.753306450274639
2011,процент,Алматинская,,город,,10.675032358554725
2012,процент,Алматинская,,город,,9.960381892576477
2013,процент,Алматинская,,город,,5.827527277507559
2014,процент,Алматинская,,город,,7.636689955772066
2015,процент,Алматинская,,город,,7.728513736419999
2016,процент,Алматинская,,город,,8.534897221023176
2017,процент,Алматинская,,город,,5.990774402877135
2018,процент,Алматинская,,город,,5.5
2010,процент,Атырауская,,город,,3.3566481519577587
2011,процент,Атырауская,,город,,3.788300835654596
2012,процент,Атырауская,,город,,3.786652051518398
2013,процент,Атырауская,,город,,5.5616018479443845
2014,процент,Атырауская,,город,,4.308001418272071
2015,процент,Атырауская,,город,,7.3508118729961724
2016,процент,Атырауская,,город,,8.085526124923843
2017,процент,Атырауская,,город,,8.292370164565076
2018,процент,Атырауская,,город,,7.0
2010,процент,Западно-Казахстанская,,город,,10.674277179131547
2011,процент,Западно-Казахстанская,,город,,2.163115932557836
2012,процент,Западно-Казахстанская,,город,,2.979894686452848
2013,процент,Западно-Казахстанская,,город,,2.6407500122711443
2014,процент,Западно-Казахстанская,,город,,2.2045905355624824
2015,процент,Западно-Казахстанская,,город,,1.7148131056760505
2016,процент,Западно-Казахстанская,,город,,1.4099841153688268
2017,процент,Западно-Казахстанская,,город,,1.244130137883295
2018,процент,Западно-Казахстанская,,город,,1.4
2010,процент,Жамбылская,,город,,8.216282473014724
2011,процент,Жамбылская,,город,,7.126207718723866
2012,процент,Жамбылская,,город,,9.377036808342767
2013,процент,Жамбылская,,город,,4.273429119110846
2014,процент,Жамбылская,,город,,6.8501469147894225
2015,процент,Жамбылская,,город,,14.871905043235405
2016,процент,Жамбылская,,город,,11.961894953656024
2017,процент,Жамбылская,,город,,8.160390493194216
2018,процент,Жамбылская,,город,,5.8
2010,процент,Карагандинская,,город,,7.437484116148632
2011,процент,Карагандинская,,город,,10.207751736674672
2012,процент,Карагандинская,,город,,7.59764198828118
2013,процент,Карагандинская,,город,,5.471752800776278
2014,процент,Карагандинская,,город,,10.459751146902537
2015,процент,Карагандинская,,город,,12.032580268209895
2016,процент,Карагандинская,,город,,8.191288888888888
2017,процент,Карагандинская,,город,,8.465999025934495
2018,процент,Карагандинская,,город,,9.9
2010,процент,Костанайская,,город,,3.7893927747886234
2011,процент,Костанайская,,город,,5.308572500468955
2012,процент,Костанайская,,город,,4.850844772967265
2013,процент,Костанайская,,город,,6.605227938809737
2014,процент,Костанайская,,город,,4.57475714361825
2015,процент,Костанайская,,город,,5.473872777665112
2016,процент,Костанайская,,город,,3.0971416704985386
2017,процент,Костанайская,,город,,4.410097498299448
2018,процент,Костанайская,,город,,4.2
2010,процент,Кызылординская,,город,,9.0868064174019
2011,процент,Кызылординская,,город,,13.590701894618592
2012,процент,Кызылординская,,город,,10.929192182171539
2013,процент,Кызылординская,,город,,9.548221723806472
2014,процент,Кызылординская,,город,,14.432756759470792
2015,процент,Кызылординская,,город,,7.204791042832963
2016,процент,Кызылординская,,город,,10.803504065722187
2017,процент,Кызылординская,,город,,5.501448406752572
2018,процент,Кызылординская,,город,,3.5
2010,процент,Мангистауская,,город,,8.305632712535859
2011,процент,Мангистауская,,город,,10.008576737980656
2012,процент,Мангистауская,,город,,3.6350637923449183
2013,процент,Мангистауская,,город,,7.175286897401383
2014,процент,Мангистауская,,город,,9.918438683367317
2015,процент,Мангистауская,,город,,6.330409696856897
2016,процент,Мангистауская,,город,,14.834902346494308
2017,процент,Мангистауская,,город,,5.965989075961485
2018,процент,Мангистауская,,город,,3.4
2010,процент,Южно-Казахстанская,,город,,4.889974086907603
2011,процент,Южно-Казахстанская,,город,,5.565060472638165
2012,процент,Южно-Казахстанская,,город,,5.0810279727869405
2013,процент,Южно-Казахстанская,,город,,5.577699000177557
2014,процент,Южно-Казахстанская,,город,,5.3168264694911915
2015,процент,Южно-Казахстанская,,город,,4.6130634738905165
2016,процент,Южно-Казахстанская,,город,,3.1262275925511545
2017,процент,Южно-Казахстанская,,город,,4.076436700857103
2010,процент,Павлодарская,,город,,4.110271320242557
2011,процент,Павлодарская,,город,,5.231950799652773
2012,процент,Павлодарская,,город,,3.0503197576573533
2013,процент,Павлодарская,,город,,1.6368498027802811
2014,процент,Павлодарская,,город,,4.064610963383817
2015,процент,Павлодарская,,город,,2.5250790160780543
2016,процент,Павлодарская,,город,,5.096745368938378
2017,процент,Павлодарская,,город,,2.045955850426385
2018,процент,Павлодарская,,город,,2.3
2010,процент,Северо-Казахстанская,,город,,3.654485049833888
2011,процент,Северо-Казахстанская,,город,,7.780496329954562
2012,процент,Северо-Казахстанская,,город,,7.600359496704612
2013,процент,Северо-Казахстанская,,город,,4.517716220965526
2014,процент,Северо-Казахстанская,,город,,7.317454119484576
2015,процент,Северо-Казахстанская,,город,,9.21764617465805
2016,процент,Северо-Казахстанская,,город,,9.646863678030467
2017,процент,Северо-Казахстанская,,город,,8.114272460182464
2018,процент,Северо-Казахстанская,,город,,9.7
2018,процент,Туркестанская,,город,,12.8
2010,процент,Восточно-Казахстанская,,город,,6.306743472543987
2011,процент,Восточно-Казахстанская,,город,,7.445469451299293
2012,процент,Восточно-Казахстанская,,город,,3.2388176992285853
2013,процент,Восточно-Казахстанская,,город,,4.348306231191851
2014,процент,Восточно-Казахстанская,,город,,4.80647239084184
2015,процент,Восточно-Казахстанская,,город,,6.275254523395053
2016,процент,Восточно-Казахстанская,,город,,2.3524579877471394
2017,процент,Восточно-Казахстанская,,город,,4.607523374646664
2018,процент,Восточно-Казахстанская,,город,,3.0
2010,процент,г_Нур-Султан,,город,,7.783086938395921
2011,процент,г_Нур-Султан,,город,,6.630650733531027
2012,процент,г_Нур-Султан,,город,,13.518358903637305
2013,процент,г_Нур-Султан,,город,,19.326722773102244
2014,процент,г_Нур-Султан,,город,,6.50519506147418
2015,процент,г_Нур-Султан,,город,,5.174850378913623
2016,процент,г_Нур-Султан,,город,,6.3546807601134745
2017,процент,г_Нур-Султан,,город,,4.083838344848883
2018,процент,г_Нур-Султан,,город,,4.1
2010,процент,г_Алматы,,город,,3.807905361725848
2011,процент,г_Алматы,,город,,4.9442696687081815
2012,процент,г_Алматы,,город,,3.3442247697107312
2013,процент,г_Алматы,,город,,3.1668396766103184
2014,процент,г_Алматы,,город,,4.83038657283476
2015,процент,г_Алматы,,город,,5.884230008296638
2016,процент,г_Алматы,,город,,5.196647170938976
2017,процент,г_Алматы,,город,,4.014715397802696
2018,процент,г_Алматы,,город,,3.4
2018,процент,г_Шымкент,,город,,9.5
2010,процент,,,село,,2.9942746619957483
2011,процент,,,село,,8.068131028446603
2012,процент,,,село,,5.9026073445133935
2013,процент,,,село,,5.672898662451649
2014,процент,,,село,,7.8018702909690845
2015,процент,,,село,,9.63201743836707
2016,процент,,,село,,9.161521914441638
2017,процент,,,село,,8.432192424510701
2018,процент,,,село,,6.9
2010,процент,Акмолинская,,село,,3.6943681260975136
2011,процент,Акмолинская,,село,,5.082287990495824
2012,процент,Акмолинская,,село,,4.178761158880552
2013,процент,Акмолинская,,село,,5.1109684829240285
2014,процент,Акмолинская,,село,,4.931824775166811
2015,процент,Акмолинская,,село,,8.622981542417573
2016,процент,Акмолинская,,село,,7.342803655985024
2017,процент,Акмолинская,,село,,7.520315070541901
2018,процент,Акмолинская,,село,,5.8
2010,процент,Актюбинская,,село,,0.2929431208017988
2011,процент,Актюбинская,,село,,4.896116334069543
2012,процент,Актюбинская,,село,,0.2101116217990808
2013,процент,Актюбинская,,село,,2.2930447830589435
2014,процент,Актюбинская,,село,,4.660416093462295
2015,процент,Актюбинская,,село,,10.962762536317065
2016,процент,Актюбинская,,село,,7.359921702960608
2017,процент,Актюбинская,,село,,6.248598968841066
2018,процент,Актюбинская,,село,,5.3
2010,процент,Алматинская,,село,,3.192945944465744
2011,процент,Алматинская,,село,,8.623986226269766
2012,процент,Алматинская,,село,,8.691960163566812
2013,процент,Алматинская,,село,,8.541628907086718
2014,процент,Алматинская,,село,,7.564947719839346
2015,процент,Алматинская,,село,,8.34356405740711
2016,процент,Алматинская,,село,,7.292559343045652
2017,процент,Алматинская,,село,,6.88717052032538
2018,процент,Алматинская,,село,,6.2
2010,процент,Атырауская,,село,,1.8566326572694056
2011,процент,Атырауская,,село,,4.29724640653256
2012,процент,Атырауская,,село,,4.073749530571004
2013,процент,Атырауская,,село,,3.2287892512077296
2014,процент,Атырауская,,село,,4.938735466633268
2015,процент,Атырауская,,село,,6.790685573045403
2016,процент,Атырауская,,село,,6.3970399097726505
2017,процент,Атырауская,,село,,6.33915143781616
2018,процент,Атырауская,,село,,4.8
2010,процент,Западно-Казахстанская,,село,,3.680114855628613
2011,процент,Западно-Казахстанская,,село,,5.342159509914931
2012,процент,Западно-Казахстанская,,село,,4.738428641432665
2013,процент,Западно-Казахстанская,,село,,3.660700119715568
2014,процент,Западно-Казахстанская,,село,,4.159380260512855
2015,процент,Западно-Казахстанская,,село,,6.225739589221782
2016,процент,Западно-Казахстанская,,село,,3.3557310699831033
2017,процент,Западно-Казахстанская,,село,,3.1418925511777216
2018,процент,Западно-Казахстанская,,село,,3.0
2010,процент,Жамбылская,,село,,4.787209615094438
2011,процент,Жамбылская,,село,,10.592744090063198
2012,процент,Жамбылская,,село,,6.1280161075569115
2013,процент,Жамбылская,,село,,5.240755195628841
2014,процент,Жамбылская,,село,,11.156079732729433
2015,процент,Жамбылская,,село,,11.564548174198999
2016,процент,Жамбылская,,село,,11.4762043229621
2017,процент,Жамбылская,,село,,9.963015998928595
2018,процент,Жамбылская,,село,,5.9
2010,процент,Карагандинская,,село,,2.8081353643613656
2011,процент,Карагандинская,,село,,10.285608001983963
2012,процент,Карагандинская,,село,,9.340647566803094
2013,процент,Карагандинская,,село,,4.8129046417206185
2014,процент,Карагандинская,,село,,10.732563601750439
2015,процент,Карагандинская,,село,,14.27082557879848
2016,процент,Карагандинская,,село,,14.762882915066536
2017,процент,Карагандинская,,село,,9.752601732411042
2018,процент,Карагандинская,,село,,9.1
2010,процент,Костанайская,,село,,2.6238501607004316
2011,процент,Костанайская,,село,,4.664584877461999
2012,процент,Костанайская,,село,,4.155989005882119
2013,процент,Костанайская,,село,,3.7638092691324174
2014,процент,Костанайская,,село,,4.441081306752948
2015,процент,Костанайская,,село,,7.641507731726241
2016,процент,Костанайская,,село,,3.5852413366336635
2017,процент,Костанайская,,село,,3.7068328228957648
2018,процент,Костанайская,,село,,4.0
2010,процент,Кызылординская,,село,,3.222213244375701
2011,процент,Кызылординская,,село,,11.973872273352658
2012,процент,Кызылординская,,село,,9.562578459213396
2013,процент,Кызылординская,,село,,10.061779184737892
2014,процент,Кызылординская,,село,,11.358145307157097
2015,процент,Кызылординская,,село,,7.856661109909267
2016,процент,Кызылординская,,село,,9.707747924308434
2017,процент,Кызылординская,,село,,6.884254372200508
2018,процент,Кызылординская,,село,,4.3
2010,процент,Мангистауская,,село,,3.933128511721885
2011,процент,Мангистауская,,село,,16.898139117543792
2012,процент,Мангистауская,,село,,18.519087487518238
2013,процент,Мангистауская,,село,,9.46450809464508
2014,процент,Мангистауская,,село,,18.56288736558551
2015,процент,Мангистауская,,село,,13.291588664385776
2016,процент,Мангистауская,,село,,13.798856053384176
2017,процент,Мангистауская,,село,,7.060552341854824
2018,процент,Мангистауская,,село,,6.6
2010,процент,Южно-Казахстанская,,село,,1.8635417296218104
2011,процент,Южно-Казахстанская,,село,,7.987477890902937
2012,процент,Южно-Казахстанская,,село,,2.970646879180233
2013,процент,Южно-Казахстанская,,село,,1.9048284644892763
2014,процент,Южно-Казахстанская,,село,,7.849677562819657
2015,процент,Южно-Казахстанская,,село,,11.459035967907493
2016,процент,Южно-Казахстанская,,село,,12.28849737888233
2017,процент,Южно-Казахстанская,,село,,13.198160098077414
2010,процент,Павлодарская,,село,,1.0878052008204857
2011,процент,Павлодарская,,село,,2.616419399478647
2012,процент,Павлодарская,,село,,2.186356662339195
2013,процент,Павлодарская,,село,,2.106847253574116
2014,процент,Павлодарская,,село,,1.9552965533105853
2015,процент,Павлодарская,,село,,12.691397000789268
2016,процент,Павлодарская,,село,,13.408627717391305
2017,процент,Павлодарская,,село,,11.2744140625
2018,процент,Павлодарская,,село,,10.0
2010,процент,Северо-Казахстанская,,село,,2.6889637056494875
2011,процент,Северо-Казахстанская,,село,,6.079942438414784
2012,процент,Северо-Казахстанская,,село,,5.5572879543834635
2013,процент,Северо-Казахстанская,,село,,7.603972687771572
2014,процент,Северо-Казахстанская,,село,,6.0909829807147595
2015,процент,Северо-Казахстанская,,село,,5.805026816699969
2016,процент,Северо-Казахстанская,,село,,7.792924375202856
2017,процент,Северо-Казахстанская,,село,,5.3217346808238455
2018,процент,Северо-Казахстанская,,село,,6.5
2010,процент,Восточно-Казахстанская,,село,,6.817588310052867
2011,процент,Восточно-Казахстанская,,село,,8.649688224191893
2012,процент,Восточно-Казахстанская,,село,,8.183880933762357
2013,процент,Восточно-Казахстанская,,село,,11.496458087367179
2014,процент,Восточно-Казахстанская,,село,,7.044205275070442
2015,процент,Восточно-Казахстанская,,село,,9.694745463709678
2016,процент,Восточно-Казахстанская,,село,,8.341928829293451
2017,процент,Восточно-Казахстанская,,село,,8.392722394566949
2018,процент,Восточно-Казахстанская,,село,,11.2
2018,процент,Туркестанская,,село,,6.0
