Year,UNIT_MEASURE,Өңірлер,Аймақ,Жынысы,Value
2010,пайыз,,,,5.7
2010,пайыз,Ақмола,,,6.2
2010,пайыз,Ақтөбе,,,1.4
2010,пайыз,Алматы,,,6.4
2010,пайыз,Атырау,,,3.5
2010,пайыз,Батыс Қазақстан,,,8.3
2010,пайыз,Жамбыл,,,8.1
2010,пайыз,Қарағанды,,,6.9
2010,пайыз,Қостанай,,,4.2
2010,пайыз,Қызылорда,,,7.6
2010,пайыз,Маңғыстау,,,8.3
2010,пайыз,Оңтүстік Қазақстан,,,4.1
2010,пайыз,Павлодар,,,3.3
2010,пайыз,Солтүстік Қазақстан,,,4.6
2010,пайыз,Шығыс Қазақстан,,,8.9
2010,пайыз,Нұр-Сұлтан қаласы,,,7.8
2010,пайыз,Алматы қаласы,,,3.8
2010,пайыз,,,ерлер,4.4
2010,пайыз,Ақмола,,ерлер,6.5
2010,пайыз,Ақтөбе,,ерлер,1.7
2010,пайыз,Алматы,,ерлер,4.9
2010,пайыз,Атырау,,ерлер,2.3
2010,пайыз,Батыс Қазақстан,,ерлер,7.9
2010,пайыз,Жамбыл,,ерлер,5.1
2010,пайыз,Қарағанды,,ерлер,3.8
2010,пайыз,Қостанай,,ерлер,3.8
2010,пайыз,Қызылорда,,ерлер,7.0
2010,пайыз,Маңғыстау,,ерлер,6.9
2010,пайыз,Оңтүстік Қазақстан,,ерлер,1.9
2010,пайыз,Павлодар,,ерлер,2.7
2010,пайыз,Солтүстік Қазақстан,,ерлер,4.9
2010,пайыз,Шығыс Қазақстан,,ерлер,8.1
2010,пайыз,Нұр-Сұлтан қаласы,,ерлер,3.2
2010,пайыз,Алматы қаласы,,ерлер,3.0
2010,пайыз,,,әйелдер,7.1
2010,пайыз,Ақмола,,әйелдер,6.0
2010,пайыз,Ақтөбе,,әйелдер,1.1
2010,пайыз,Алматы,,әйелдер,7.8
2010,пайыз,Атырау,,әйелдер,4.8
2010,пайыз,Батыс Қазақстан,,әйелдер,8.6
2010,пайыз,Жамбыл,,әйелдер,11.4
2010,пайыз,Қарағанды,,әйелдер,10.1
2010,пайыз,Қостанай,,әйелдер,4.6
2010,пайыз,Қызылорда,,әйелдер,8.2
2010,пайыз,Маңғыстау,,әйелдер,9.7
2010,пайыз,Оңтүстік Қазақстан,,әйелдер,6.3
2010,пайыз,Павлодар,,әйелдер,4.0
2010,пайыз,Солтүстік Қазақстан,,әйелдер,4.3
2010,пайыз,Шығыс Қазақстан,,әйелдер,9.7
2010,пайыз,Нұр-Сұлтан қаласы,,әйелдер,11.9
2010,пайыз,Алматы қаласы,,әйелдер,4.5
2010,пайыз,,Город,,5.7
2010,пайыз,Ақмола,Город,,5.6
2010,пайыз,Ақтөбе,Город,,2.3
2010,пайыз,Алматы,Город,,5.8
2010,пайыз,Атырау,Город,,3.4
2010,пайыз,Батыс Қазақстан,Город,,10.7
2010,пайыз,Жамбыл,Город,,8.2
2010,пайыз,Қарағанды,Город,,7.4
2010,пайыз,Қостанай,Город,,3.8
2010,пайыз,Қызылорда,Город,,9.1
2010,пайыз,Маңғыстау,Город,,8.3
2010,пайыз,Оңтүстік Қазақстан,Город,,4.9
2010,пайыз,Павлодар,Город,,4.1
2010,пайыз,Солтүстік Қазақстан,Город,,3.7
2010,пайыз,Шығыс Қазақстан,Город,,6.3
2010,пайыз,Нұр-Сұлтан қаласы,Город,,7.8
2010,пайыз,Алматы қаласы,Город,,3.8
2010,пайыз,,ауыл,,3.0
2010,пайыз,Ақмола,ауыл,,3.7
2010,пайыз,Ақтөбе,ауыл,,0.3
2010,пайыз,Алматы,ауыл,,3.2
2010,пайыз,Атырау,ауыл,,1.9
2010,пайыз,Батыс Қазақстан,ауыл,,3.7
2010,пайыз,Жамбыл,ауыл,,4.8
2010,пайыз,Қарағанды,ауыл,,2.8
2010,пайыз,Қостанай,ауыл,,2.6
2010,пайыз,Қызылорда,ауыл,,3.2
2010,пайыз,Маңғыстау,ауыл,,3.9
2010,пайыз,Оңтүстік Қазақстан,ауыл,,1.9
2010,пайыз,Павлодар,ауыл,,1.1
2010,пайыз,Солтүстік Қазақстан,ауыл,,2.7
2010,пайыз,Түркістан,ауыл,,6.8
2011,пайыз,,,,5.1
2011,пайыз,Ақмола,,,5.2
2011,пайыз,Ақтөбе,,,1.2
2011,пайыз,Алматы,,,6.0
2011,пайыз,Атырау,,,2.3
2011,пайыз,Батыс Қазақстан,,,5.6
2011,пайыз,Жамбыл,,,7.3
2011,пайыз,Қарағанды,,,6.2
2011,пайыз,Қостанай,,,4.3
2011,пайыз,Қызылорда,,,6.6
2011,пайыз,Маңғыстау,,,7.7
2011,пайыз,Оңтүстік Қазақстан,,,3.8
2011,пайыз,Павлодар,,,3.6
2011,пайыз,Солтүстік Қазақстан,,,5.4
2011,пайыз,Шығыс Қазақстан,,,8.5
2011,пайыз,Нұр-Сұлтан қаласы,,,6.6
2011,пайыз,Алматы қаласы,,,2.8
2011,пайыз,,,ерлер,5.4
2011,пайыз,Ақмола,,ерлер,4.3
2011,пайыз,Ақтөбе,,ерлер,3.5
2011,пайыз,Алматы,,ерлер,6.5
2011,пайыз,Атырау,,ерлер,1.9
2011,пайыз,Батыс Қазақстан,,ерлер,3.4
2011,пайыз,Жамбыл,,ерлер,6.5
2011,пайыз,Қарағанды,,ерлер,5.6
2011,пайыз,Қостанай,,ерлер,4.5
2011,пайыз,Қызылорда,,ерлер,9.8
2011,пайыз,Маңғыстау,,ерлер,14.1
2011,пайыз,Оңтүстік Қазақстан,,ерлер,5.5
2011,пайыз,Павлодар,,ерлер,3.1
2011,пайыз,Солтүстік Қазақстан,,ерлер,4.7
2011,пайыз,Шығыс Қазақстан,,ерлер,5.6
2011,пайыз,Нұр-Сұлтан қаласы,,ерлер,5.2
2011,пайыз,Алматы қаласы,,ерлер,2.9
2011,пайыз,,,әйелдер,9.4
2011,пайыз,Ақмола,,әйелдер,6.1
2011,пайыз,Ақтөбе,,әйелдер,9.0
2011,пайыз,Алматы,,әйелдер,11.7
2011,пайыз,Атырау,,әйелдер,6.3
2011,пайыз,Батыс Қазақстан,,әйелдер,4.3
2011,пайыз,Жамбыл,,әйелдер,12.7
2011,пайыз,Қарағанды,,әйелдер,14.7
2011,пайыз,Қостанай,,әйелдер,5.3
2011,пайыз,Қызылорда,,әйелдер,15.6
2011,пайыз,Маңғыстау,,әйелдер,13.4
2011,пайыз,Оңтүстік Қазақстан,,әйелдер,8.3
2011,пайыз,Павлодар,,әйелдер,5.8
2011,пайыз,Солтүстік Қазақстан,,әйелдер,8.8
2011,пайыз,Шығыс Қазақстан,,әйелдер,10.4
2011,пайыз,Нұр-Сұлтан қаласы,,әйелдер,7.8
2011,пайыз,Алматы қаласы,,әйелдер,6.7
2011,пайыз,,Город,,6.8
2011,пайыз,Ақмола,Город,,5.0
2011,пайыз,Ақтөбе,Город,,7.4
2011,пайыз,Алматы,Город,,10.7
2011,пайыз,Атырау,Город,,3.8
2011,пайыз,Батыс Қазақстан,Город,,2.2
2011,пайыз,Жамбыл,Город,,7.1
2011,пайыз,Қарағанды,Город,,10.2
2011,пайыз,Қостанай,Город,,5.3
2011,пайыз,Қызылорда,Город,,13.6
2011,пайыз,Маңғыстау,Город,,10.0
2011,пайыз,Оңтүстік Қазақстан,Город,,5.6
2011,пайыз,Павлодар,Город,,5.2
2011,пайыз,Солтүстік Қазақстан,Город,,7.8
2011,пайыз,Шығыс Қазақстан,Город,,7.4
2011,пайыз,Нұр-Сұлтан қаласы,Город,,6.6
2011,пайыз,Алматы қаласы,Город,,4.9
2011,пайыз,,ауыл,,8.1
2011,пайыз,Ақмола,ауыл,,5.1
2011,пайыз,Ақтөбе,ауыл,,4.9
2011,пайыз,Алматы,ауыл,,8.6
2011,пайыз,Атырау,ауыл,,4.3
2011,пайыз,Батыс Қазақстан,ауыл,,5.3
2011,пайыз,Жамбыл,ауыл,,10.6
2011,пайыз,Қарағанды,ауыл,,10.3
2011,пайыз,Қостанай,ауыл,,4.7
2011,пайыз,Қызылорда,ауыл,,12.0
2011,пайыз,Маңғыстау,ауыл,,16.9
2011,пайыз,Оңтүстік Қазақстан,ауыл,,8.0
2011,пайыз,Павлодар,ауыл,,2.6
2011,пайыз,Солтүстік Қазақстан,ауыл,,6.1
2011,пайыз,Түркістан,ауыл,,8.6
2012,пайыз,,,,5.9
2012,пайыз,Ақмола,,,5.4
2012,пайыз,Ақтөбе,,,1.2
2012,пайыз,Алматы,,,9.0
2012,пайыз,Атырау,,,4.0
2012,пайыз,Батыс Қазақстан,,,3.9
2012,пайыз,Жамбыл,,,7.4
2012,пайыз,Қарағанды,,,8.0
2012,пайыз,Қостанай,,,4.5
2012,пайыз,Қызылорда,,,10.1
2012,пайыз,Маңғыстау,,,9.8
2012,пайыз,Оңтүстік Қазақстан,,,3.8
2012,пайыз,Павлодар,,,2.8
2012,пайыз,Солтүстік Қазақстан,,,6.4
2012,пайыз,Шығыс Қазақстан,,,5.1
2012,пайыз,Нұр-Сұлтан қаласы,,,13.5
2012,пайыз,Алматы қаласы,,,3.3
2012,пайыз,,,ерлер,4.9
2012,пайыз,Ақмола,,ерлер,5.4
2012,пайыз,Ақтөбе,,ерлер,0.4
2012,пайыз,Алматы,,ерлер,6.8
2012,пайыз,Атырау,,ерлер,2.0
2012,пайыз,Батыс Қазақстан,,ерлер,3.5
2012,пайыз,Жамбыл,,ерлер,6.3
2012,пайыз,Қарағанды,,ерлер,5.7
2012,пайыз,Қостанай,,ерлер,3.3
2012,пайыз,Қызылорда,,ерлер,9.9
2012,пайыз,Маңғыстау,,ерлер,12.3
2012,пайыз,Оңтүстік Қазақстан,,ерлер,2.3
2012,пайыз,Павлодар,,ерлер,2.0
2012,пайыз,Солтүстік Қазақстан,,ерлер,5.0
2012,пайыз,Шығыс Қазақстан,,ерлер,4.3
2012,пайыз,Нұр-Сұлтан қаласы,,ерлер,12.7
2012,пайыз,Алматы қаласы,,ерлер,3.8
2012,пайыз,,,әйелдер,6.9
2012,пайыз,Ақмола,,әйелдер,5.4
2012,пайыз,Ақтөбе,,әйелдер,2.0
2012,пайыз,Алматы,,әйелдер,11.1
2012,пайыз,Атырау,,әйелдер,5.9
2012,пайыз,Батыс Қазақстан,,әйелдер,4.4
2012,пайыз,Жамбыл,,әйелдер,8.5
2012,пайыз,Қарағанды,,әйелдер,10.4
2012,пайыз,Қостанай,,әйелдер,5.8
2012,пайыз,Қызылорда,,әйелдер,10.3
2012,пайыз,Маңғыстау,,әйелдер,6.7
2012,пайыз,Оңтүстік Қазақстан,,әйелдер,5.3
2012,пайыз,Павлодар,,әйелдер,3.6
2012,пайыз,Солтүстік Қазақстан,,әйелдер,8.0
2012,пайыз,Шығыс Қазақстан,,әйелдер,6.1
2012,пайыз,Нұр-Сұлтан қаласы,,әйелдер,14.3
2012,пайыз,Алматы қаласы,,әйелдер,3.0
2012,пайыз,,Город,,5.9
2012,пайыз,Ақмола,Город,,6.7
2012,пайыз,Ақтөбе,Город,,2.0
2012,пайыз,Алматы,Город,,10.0
2012,пайыз,Атырау,Город,,3.8
2012,пайыз,Батыс Қазақстан,Город,,3.0
2012,пайыз,Жамбыл,Город,,9.4
2012,пайыз,Қарағанды,Город,,7.6
2012,пайыз,Қостанай,Город,,4.9
2012,пайыз,Қызылорда,Город,,10.9
2012,пайыз,Маңғыстау,Город,,3.6
2012,пайыз,Оңтүстік Қазақстан,Город,,5.1
2012,пайыз,Павлодар,Город,,3.1
2012,пайыз,Солтүстік Қазақстан,Город,,7.6
2012,пайыз,Шығыс Қазақстан,Город,,3.2
2012,пайыз,Нұр-Сұлтан қаласы,Город,,13.5
2012,пайыз,Алматы қаласы,Город,,3.3
2012,пайыз,,ауыл,,5.9
2012,пайыз,Ақмола,ауыл,,4.2
2012,пайыз,Ақтөбе,ауыл,,0.2
2012,пайыз,Алматы,ауыл,,8.7
2012,пайыз,Атырау,ауыл,,4.1
2012,пайыз,Батыс Қазақстан,ауыл,,4.7
2012,пайыз,Жамбыл,ауыл,,6.1
2012,пайыз,Қарағанды,ауыл,,9.3
2012,пайыз,Қостанай,ауыл,,4.2
2012,пайыз,Қызылорда,ауыл,,9.6
2012,пайыз,Маңғыстау,ауыл,,18.5
2012,пайыз,Оңтүстік Қазақстан,ауыл,,3.0
2012,пайыз,Павлодар,ауыл,,2.2
2012,пайыз,Солтүстік Қазақстан,ауыл,,5.6
2012,пайыз,Түркістан,ауыл,,8.2
2013,пайыз,,,,5.8
2013,пайыз,Ақмола,,,5.1
2013,пайыз,Ақтөбе,,,1.9
2013,пайыз,Алматы,,,7.9
2013,пайыз,Атырау,,,4.3
2013,пайыз,Батыс Қазақстан,,,3.2
2013,пайыз,Жамбыл,,,4.8
2013,пайыз,Қарағанды,,,5.3
2013,пайыз,Қостанай,,,5.2
2013,пайыз,Қызылорда,,,9.88
2013,пайыз,Маңғыстау,,,8.4
2013,пайыз,Оңтүстік Қазақстан,,,3.3
2013,пайыз,Павлодар,,,1.8
2013,пайыз,Солтүстік Қазақстан,,,6.3
2013,пайыз,Шығыс Қазақстан,,,7.3
2013,пайыз,Нұр-Сұлтан қаласы,,,19.3
2013,пайыз,Алматы қаласы,,,3.2
2013,пайыз,,,ерлер,5.0
2013,пайыз,Ақмола,,ерлер,4.5
2013,пайыз,Ақтөбе,,ерлер,1.4
2013,пайыз,Алматы,,ерлер,5.7
2013,пайыз,Атырау,,ерлер,3.8
2013,пайыз,Батыс Қазақстан,,ерлер,3.1
2013,пайыз,Жамбыл,,ерлер,4.3
2013,пайыз,Қарағанды,,ерлер,4.8
2013,пайыз,Қостанай,,ерлер,5.2
2013,пайыз,Қызылорда,,ерлер,9.8
2013,пайыз,Маңғыстау,,ерлер,7.6
2013,пайыз,Оңтүстік Қазақстан,,ерлер,1.6
2013,пайыз,Павлодар,,ерлер,1.1
2013,пайыз,Солтүстік Қазақстан,,ерлер,6.4
2013,пайыз,Шығыс Қазақстан,,ерлер,6.5
2013,пайыз,Нұр-Сұлтан қаласы,,ерлер,17.8
2013,пайыз,Алматы қаласы,,ерлер,3.4
2013,пайыз,,,әйелдер,6.5
2013,пайыз,Ақмола,,әйелдер,5.7
2013,пайыз,Ақтөбе,,әйелдер,2.4
2013,пайыз,Алматы,,әйелдер,10.0
2013,пайыз,Атырау,,әйелдер,4.8
2013,пайыз,Батыс Қазақстан,,әйелдер,3.2
2013,пайыз,Жамбыл,,әйелдер,5.4
2013,пайыз,Қарағанды,,әйелдер,5.9
2013,пайыз,Қостанай,,әйелдер,5.1
2013,пайыз,Қызылорда,,әйелдер,9.8
2013,пайыз,Маңғыстау,,әйелдер,9.3
2013,пайыз,Оңтүстік Қазақстан,,әйелдер,5.1
2013,пайыз,Павлодар,,әйелдер,2.5
2013,пайыз,Солтүстік Қазақстан,,әйелдер,6.3
2013,пайыз,Шығыс Қазақстан,,әйелдер,8.1
2013,пайыз,Нұр-Сұлтан қаласы,,әйелдер,21.1
2013,пайыз,Алматы қаласы,,әйелдер,3.0
2013,пайыз,,Город,,5.8
2013,пайыз,Ақмола,Город,,5.0
2013,пайыз,Ақтөбе,Город,,1.7
2013,пайыз,Алматы,Город,,5.8
2013,пайыз,Атырау,Город,,5.6
2013,пайыз,Батыс Қазақстан,Город,,2.6
2013,пайыз,Жамбыл,Город,,4.3
2013,пайыз,Қарағанды,Город,,5.5
2013,пайыз,Қостанай,Город,,6.6
2013,пайыз,Қызылорда,Город,,9.5
2013,пайыз,Маңғыстау,Город,,7.2
2013,пайыз,Оңтүстік Қазақстан,Город,,5.6
2013,пайыз,Павлодар,Город,,1.6
2013,пайыз,Солтүстік Қазақстан,Город,,4.5
2013,пайыз,Шығыс Қазақстан,Город,,4.3
2013,пайыз,Нұр-Сұлтан қаласы,Город,,19.3
2013,пайыз,Алматы қаласы,Город,,3.2
2013,пайыз,,ауыл,,5.7
2013,пайыз,Ақмола,ауыл,,5.1
2013,пайыз,Ақтөбе,ауыл,,2.3
2013,пайыз,Алматы,ауыл,,8.5
2013,пайыз,Атырау,ауыл,,3.2
2013,пайыз,Батыс Қазақстан,ауыл,,3.7
2013,пайыз,Жамбыл,ауыл,,5.2
2013,пайыз,Қарағанды,ауыл,,4.8
2013,пайыз,Қостанай,ауыл,,3.8
2013,пайыз,Қызылорда,ауыл,,10.1
2013,пайыз,Маңғыстау,ауыл,,9.5
2013,пайыз,Оңтүстік Қазақстан,ауыл,,1.9
2013,пайыз,Павлодар,ауыл,,2.1
2013,пайыз,Солтүстік Қазақстан,ауыл,,7.6
2013,пайыз,Түркістан,ауыл,,11.5
2014,пайыз,,,,7.0
2014,пайыз,Ақмола,,,4.5
2014,пайыз,Ақтөбе,,,6.8
2014,пайыз,Алматы,,,7.6
2014,пайыз,Атырау,,,4.7
2014,пайыз,Батыс Қазақстан,,,3.1
2014,пайыз,Жамбыл,,,9.6
2014,пайыз,Қарағанды,,,10.5
2014,пайыз,Қостанай,,,4.5
2014,пайыз,Қызылорда,,,12.4
2014,пайыз,Маңғыстау,,,14.5
2014,пайыз,Оңтүстік Қазақстан,,,6.8
2014,пайыз,Павлодар,,,3.4
2014,пайыз,Солтүстік Қазақстан,,,6.6
2014,пайыз,Шығыс Қазақстан,,,5.7
2014,пайыз,Нұр-Сұлтан қаласы,,,6.5
2014,пайыз,Алматы қаласы,,,4.8
2014,пайыз,,,ерлер,5.0
2014,пайыз,Ақмола,,ерлер,3.3
2014,пайыз,Ақтөбе,,ерлер,3.7
2014,пайыз,Алматы,,ерлер,5.4
2014,пайыз,Атырау,,ерлер,2.2
2014,пайыз,Батыс Қазақстан,,ерлер,2.8
2014,пайыз,Жамбыл,,ерлер,5.4
2014,пайыз,Қарағанды,,ерлер,5.3
2014,пайыз,Қостанай,,ерлер,4.6
2014,пайыз,Қызылорда,,ерлер,9.1
2014,пайыз,Маңғыстау,,ерлер,13.8
2014,пайыз,Оңтүстік Қазақстан,,ерлер,5.3
2014,пайыз,Павлодар,,ерлер,2.2
2014,пайыз,Солтүстік Қазақстан,,ерлер,4.6
2014,пайыз,Шығыс Қазақстан,,ерлер,3.4
2014,пайыз,Нұр-Сұлтан қаласы,,ерлер,4.7
2014,пайыз,Алматы қаласы,,ерлер,3.9
2014,пайыз,,,әйелдер,9.0
2014,пайыз,Ақмола,,әйелдер,5.8
2014,пайыз,Ақтөбе,,әйелдер,9.8
2014,пайыз,Алматы,,әйелдер,9.9
2014,пайыз,Атырау,,әйелдер,7.3
2014,пайыз,Батыс Қазақстан,,әйелдер,3.4
2014,пайыз,Жамбыл,,әйелдер,14.0
2014,пайыз,Қарағанды,,әйелдер,15.9
2014,пайыз,Қостанай,,әйелдер,4.4
2014,пайыз,Қызылорда,,әйелдер,16.0
2014,пайыз,Маңғыстау,,әйелдер,15.1
2014,пайыз,Оңтүстік Қазақстан,,әйелдер,8.4
2014,пайыз,Павлодар,,әйелдер,4.6
2014,пайыз,Солтүстік Қазақстан,,әйелдер,8.8
2014,пайыз,Шығыс Қазақстан,,әйелдер,8.1
2014,пайыз,Нұр-Сұлтан қаласы,,әйелдер,8.1
2014,пайыз,Алматы қаласы,,әйелдер,5.6
2014,пайыз,,Город,,6.3
2014,пайыз,Ақмола,Город,,4.0
2014,пайыз,Ақтөбе,Город,,8.0
2014,пайыз,Алматы,Город,,7.6
2014,пайыз,Атырау,Город,,4.3
2014,пайыз,Батыс Қазақстан,Город,,2.2
2014,пайыз,Жамбыл,Город,,6.9
2014,пайыз,Қарағанды,Город,,10.5
2014,пайыз,Қостанай,Город,,4.6
2014,пайыз,Қызылорда,Город,,14.4
2014,пайыз,Маңғыстау,Город,,9.9
2014,пайыз,Оңтүстік Қазақстан,Город,,5.3
2014,пайыз,Павлодар,Город,,4.1
2014,пайыз,Солтүстік Қазақстан,Город,,7.3
2014,пайыз,Шығыс Қазақстан,Город,,4.8
2014,пайыз,Нұр-Сұлтан қаласы,Город,,6.5
2014,пайыз,Алматы қаласы,Город,,4.8
2014,пайыз,,ауыл,,7.8
2014,пайыз,Ақмола,ауыл,,4.9
2014,пайыз,Ақтөбе,ауыл,,4.7
2014,пайыз,Алматы,ауыл,,7.6
2014,пайыз,Атырау,ауыл,,4.9
2014,пайыз,Батыс Қазақстан,ауыл,,4.2
2014,пайыз,Жамбыл,ауыл,,11.2
2014,пайыз,Қарағанды,ауыл,,10.7
2014,пайыз,Қостанай,ауыл,,4.4
2014,пайыз,Қызылорда,ауыл,,11.4
2014,пайыз,Маңғыстау,ауыл,,18.6
2014,пайыз,Оңтүстік Қазақстан,ауыл,,7.8
2014,пайыз,Павлодар,ауыл,,2.0
2014,пайыз,Солтүстік Қазақстан,ауыл,,6.1
2014,пайыз,Түркістан,ауыл,,7.0
2015,пайыз,,,,7.9
2015,пайыз,Ақмола,,,7.7
2015,пайыз,Ақтөбе,,,8.0
2015,пайыз,Алматы,,,8.2
2015,пайыз,Атырау,,,7.0
2015,пайыз,Батыс Қазақстан,,,3.9
2015,пайыз,Жамбыл,,,12.9
2015,пайыз,Қарағанды,,,12.5
2015,пайыз,Қостанай,,,6.5
2015,пайыз,Қызылорда,,,7.6
2015,пайыз,Маңғыстау,,,9.9
2015,пайыз,Оңтүстік Қазақстан,,,8.3
2015,пайыз,Павлодар,,,5.6
2015,пайыз,Солтүстік Қазақстан,,,7.2
2015,пайыз,Шығыс Қазақстан,,,7.6
2015,пайыз,Нұр-Сұлтан қаласы,,,5.2
2015,пайыз,Алматы қаласы,,,5.9
2015,пайыз,,,ерлер,6.0
2015,пайыз,Ақмола,,ерлер,5.8
2015,пайыз,Ақтөбе,,ерлер,5.4
2015,пайыз,Алматы,,ерлер,6.1
2015,пайыз,Атырау,,ерлер,4.3
2015,пайыз,Батыс Қазақстан,,ерлер,3.5
2015,пайыз,Жамбыл,,ерлер,8.1
2015,пайыз,Қарағанды,,ерлер,7.2
2015,пайыз,Қостанай,,ерлер,6.0
2015,пайыз,Қызылорда,,ерлер,6.6
2015,пайыз,Маңғыстау,,ерлер,6.8
2015,пайыз,Оңтүстік Қазақстан,,ерлер,7.4
2015,пайыз,Павлодар,,ерлер,5.0
2015,пайыз,Солтүстік Қазақстан,,ерлер,5.1
2015,пайыз,Шығыс Қазақстан,,ерлер,4.9
2015,пайыз,Нұр-Сұлтан қаласы,,ерлер,4.4
2015,пайыз,Алматы қаласы,,ерлер,5.2
2015,пайыз,,,әйелдер,9.7
2015,пайыз,Ақмола,,әйелдер,9.7
2015,пайыз,Ақтөбе,,әйелдер,10.0
2015,пайыз,Алматы,,әйелдер,10.5
2015,пайыз,Атырау,,әйелдер,10.4
2015,пайыз,Батыс Қазақстан,,әйелдер,4.4
2015,пайыз,Жамбыл,,әйелдер,17.9
2015,пайыз,Қарағанды,,әйелдер,17.6
2015,пайыз,Қостанай,,әйелдер,7.1
2015,пайыз,Қызылорда,,әйелдер,8.8
2015,пайыз,Маңғыстау,,әйелдер,13.5
2015,пайыз,Оңтүстік Қазақстан,,әйелдер,9.2
2015,пайыз,Павлодар,,әйелдер,6.2
2015,пайыз,Солтүстік Қазақстан,,әйелдер,9.7
2015,пайыз,Шығыс Қазақстан,,әйелдер,10.5
2015,пайыз,Нұр-Сұлтан қаласы,,әйелдер,5.8
2015,пайыз,Алматы қаласы,,әйелдер,6.4
2015,пайыз,,Город,,6.6
2015,пайыз,Ақмола,Город,,6.6
2015,пайыз,Ақтөбе,Город,,6.3
2015,пайыз,Алматы,Город,,7.7
2015,пайыз,Атырау,Город,,7.4
2015,пайыз,Батыс Қазақстан,Город,,1.7
2015,пайыз,Жамбыл,Город,,14.9
2015,пайыз,Қарағанды,Город,,12.0
2015,пайыз,Қостанай,Город,,5.5
2015,пайыз,Қызылорда,Город,,7.2
2015,пайыз,Маңғыстау,Город,,6.3
2015,пайыз,Оңтүстік Қазақстан,Город,,4.6
2015,пайыз,Павлодар,Город,,2.5
2015,пайыз,Солтүстік Қазақстан,Город,,9.2
2015,пайыз,Шығыс Қазақстан,Город,,6.3
2015,пайыз,Нұр-Сұлтан қаласы,Город,,5.2
2015,пайыз,Алматы қаласы,Город,,5.9
2015,пайыз,,ауыл,,9.6
2015,пайыз,Ақмола,ауыл,,8.6
2015,пайыз,Ақтөбе,ауыл,,11.0
2015,пайыз,Алматы,ауыл,,8.3
2015,пайыз,Атырау,ауыл,,6.8
2015,пайыз,Батыс Қазақстан,ауыл,,6.2
2015,пайыз,Жамбыл,ауыл,,11.6
2015,пайыз,Қарағанды,ауыл,,14.3
2015,пайыз,Қостанай,ауыл,,7.6
2015,пайыз,Қызылорда,ауыл,,7.9
2015,пайыз,Маңғыстау,ауыл,,13.3
2015,пайыз,Оңтүстік Қазақстан,ауыл,,11.5
2015,пайыз,Павлодар,ауыл,,12.7
2015,пайыз,Солтүстік Қазақстан,ауыл,,5.8
2015,пайыз,Түркістан,ауыл,,9.7
2016,пайыз,,,,7.2
2016,пайыз,Ақмола,,,5.8
2016,пайыз,Ақтөбе,,,5.1
2016,пайыз,Алматы,,,7.6
2016,пайыз,Атырау,,,7.1
2016,пайыз,Батыс Қазақстан,,,2.3
2016,пайыз,Жамбыл,,,11.7
2016,пайыз,Қарағанды,,,9.5
2016,пайыз,Қостанай,,,3.3
2016,пайыз,Қызылорда,,,10.1
2016,пайыз,Маңғыстау,,,14.2
2016,пайыз,Оңтүстік Қазақстан,,,7.9
2016,пайыз,Павлодар,,,7.5
2016,пайыз,Солтүстік Қазақстан,,,8.6
2016,пайыз,Шығыс Қазақстан,,,4.6
2016,пайыз,Нұр-Сұлтан қаласы,,,6.4
2016,пайыз,Алматы қаласы,,,5.2
2016,пайыз,,,ерлер,5.3
2016,пайыз,Ақмола,,ерлер,4.5
2016,пайыз,Ақтөбе,,ерлер,2.3
2016,пайыз,Алматы,,ерлер,5.2
2016,пайыз,Атырау,,ерлер,5.7
2016,пайыз,Батыс Қазақстан,,ерлер,2.2
2016,пайыз,Жамбыл,,ерлер,7.8
2016,пайыз,Қарағанды,,ерлер,5.9
2016,пайыз,Қостанай,,ерлер,2.9
2016,пайыз,Қызылорда,,ерлер,8.4
2016,пайыз,Маңғыстау,,ерлер,6.2
2016,пайыз,Оңтүстік Қазақстан,,ерлер,6.5
2016,пайыз,Павлодар,,ерлер,7.1
2016,пайыз,Солтүстік Қазақстан,,ерлер,4.6
2016,пайыз,Шығыс Қазақстан,,ерлер,3.4
2016,пайыз,Нұр-Сұлтан қаласы,,ерлер,4.9
2016,пайыз,Алматы қаласы,,ерлер,4.7
2016,пайыз,,,әйелдер,9.1
2016,пайыз,Ақмола,,әйелдер,7.2
2016,пайыз,Ақтөбе,,әйелдер,7.9
2016,пайыз,Алматы,,әйелдер,10.3
2016,пайыз,Атырау,,әйелдер,8.5
2016,пайыз,Батыс Қазақстан,,әйелдер,2.4
2016,пайыз,Жамбыл,,әйелдер,16.0
2016,пайыз,Қарағанды,,әйелдер,13.2
2016,пайыз,Қостанай,,әйелдер,3.7
2016,пайыз,Қызылорда,,әйелдер,12.0
2016,пайыз,Маңғыстау,,әйелдер,22.4
2016,пайыз,Оңтүстік Қазақстан,,әйелдер,9.2
2016,пайыз,Павлодар,,әйелдер,7.9
2016,пайыз,Солтүстік Қазақстан,,әйелдер,12.5
2016,пайыз,Шығыс Қазақстан,,әйелдер,6.1
2016,пайыз,Нұр-Сұлтан қаласы,,әйелдер,7.6
2016,пайыз,Алматы қаласы,,әйелдер,5.6
2016,пайыз,,Город,,5.8
2016,пайыз,Ақмола,Город,,4.0
2016,пайыз,Ақтөбе,Город,,3.8
2016,пайыз,Алматы,Город,,8.5
2016,пайыз,Атырау,Город,,8.1
2016,пайыз,Батыс Қазақстан,Город,,1.4
2016,пайыз,Жамбыл,Город,,12.0
2016,пайыз,Қарағанды,Город,,8.2
2016,пайыз,Қостанай,Город,,3.1
2016,пайыз,Қызылорда,Город,,10.8
2016,пайыз,Маңғыстау,Город,,14.8
2016,пайыз,Оңтүстік Қазақстан,Город,,3.1
2016,пайыз,Павлодар,Город,,5.1
2016,пайыз,Солтүстік Қазақстан,Город,,9.6
2016,пайыз,Шығыс Қазақстан,Город,,2.4
2016,пайыз,Нұр-Сұлтан қаласы,Город,,6.4
2016,пайыз,Алматы қаласы,Город,,5.2
2016,пайыз,,ауыл,,9.2
2016,пайыз,Ақмола,ауыл,,7.3
2016,пайыз,Ақтөбе,ауыл,,7.4
2016,пайыз,Алматы,ауыл,,7.3
2016,пайыз,Атырау,ауыл,,6.4
2016,пайыз,Батыс Қазақстан,ауыл,,3.4
2016,пайыз,Жамбыл,ауыл,,11.5
2016,пайыз,Қарағанды,ауыл,,14.8
2016,пайыз,Қостанай,ауыл,,3.6
2016,пайыз,Қызылорда,ауыл,,9.7
2016,пайыз,Маңғыстау,ауыл,,13.8
2016,пайыз,Оңтүстік Қазақстан,ауыл,,12.3
2016,пайыз,Павлодар,ауыл,,13.4
2016,пайыз,Солтүстік Қазақстан,ауыл,,7.8
2016,пайыз,Түркістан,ауыл,,8.3
2017,пайыз,,,,6.4
2017,пайыз,Ақмола,,,6.1
2017,пайыз,Ақтөбе,,,4.8
2017,пайыз,Алматы,,,6.7
2017,пайыз,Атырау,,,7.2
2017,пайыз,Батыс Қазақстан,,,2.2
2017,пайыз,Жамбыл,,,9.3
2017,пайыз,Қарағанды,,,8.7
2017,пайыз,Қостанай,,,4.1
2017,пайыз,Қызылорда,,,6.4
2017,пайыз,Маңғыстау,,,6.6
2017,пайыз,Оңтүстік Қазақстан,,,9.0
2017,пайыз,Павлодар,,,4.5
2017,пайыз,Солтүстік Қазақстан,,,6.6
2017,пайыз,Шығыс Қазақстан,,,5.9
2017,пайыз,Нұр-Сұлтан қаласы,,,4.1
2017,пайыз,Алматы қаласы,,,4.0
2017,пайыз,,,ерлер,5.1
2017,пайыз,Ақмола,,ерлер,4.6
2017,пайыз,Ақтөбе,,ерлер,2.1
2017,пайыз,Алматы,,ерлер,6.5
2017,пайыз,Атырау,,ерлер,5.0
2017,пайыз,Батыс Қазақстан,,ерлер,1.9
2017,пайыз,Жамбыл,,ерлер,5.9
2017,пайыз,Қарағанды,,ерлер,6.4
2017,пайыз,Қостанай,,ерлер,3.5
2017,пайыз,Қызылорда,,ерлер,5.5
2017,пайыз,Маңғыстау,,ерлер,3.6
2017,пайыз,Оңтүстік Қазақстан,,ерлер,8.2
2017,пайыз,Павлодар,,ерлер,4.8
2017,пайыз,Солтүстік Қазақстан,,ерлер,3.3
2017,пайыз,Шығыс Қазақстан,,ерлер,3.5
2017,пайыз,Нұр-Сұлтан қаласы,,ерлер,3.8
2017,пайыз,Алматы қаласы,,ерлер,3.3
2017,пайыз,,,әйелдер,7.6
2017,пайыз,Ақмола,,әйелдер,7.8
2017,пайыз,Ақтөбе,,әйелдер,7.6
2017,пайыз,Алматы,,әйелдер,6.9
2017,пайыз,Атырау,,әйелдер,10.0
2017,пайыз,Батыс Қазақстан,,әйелдер,2.4
2017,пайыз,Жамбыл,,әйелдер,13.0
2017,пайыз,Қарағанды,,әйелдер,11.0
2017,пайыз,Қостанай,,әйелдер,4.6
2017,пайыз,Қызылорда,,әйелдер,7.3
2017,пайыз,Маңғыстау,,әйелдер,9.7
2017,пайыз,Оңтүстік Қазақстан,,әйелдер,9.8
2017,пайыз,Павлодар,,әйелдер,4.2
2017,пайыз,Солтүстік Қазақстан,,әйелдер,10.3
2017,пайыз,Шығыс Қазақстан,,әйелдер,8.5
2017,пайыз,Нұр-Сұлтан қаласы,,әйелдер,4.3
2017,пайыз,Алматы қаласы,,әйелдер,4.6
2017,пайыз,,Город,,4.9
2017,пайыз,Ақмола,Город,,4.7
2017,пайыз,Ақтөбе,Город,,4.2
2017,пайыз,Алматы,Город,,6.0
2017,пайыз,Атырау,Город,,8.3
2017,пайыз,Батыс Қазақстан,Город,,1.2
2017,пайыз,Жамбыл,Город,,8.2
2017,пайыз,Қарағанды,Город,,8.5
2017,пайыз,Қостанай,Город,,4.4
2017,пайыз,Қызылорда,Город,,5.5
2017,пайыз,Маңғыстау,Город,,6.0
2017,пайыз,Оңтүстік Қазақстан,Город,,4.1
2017,пайыз,Павлодар,Город,,2.0
2017,пайыз,Солтүстік Қазақстан,Город,,8.1
2017,пайыз,Шығыс Қазақстан,Город,,4.6
2017,пайыз,Нұр-Сұлтан қаласы,Город,,4.1
2017,пайыз,Алматы қаласы,Город,,4.0
2017,пайыз,,ауыл,,8.4
2017,пайыз,Ақмола,ауыл,,7.5
2017,пайыз,Ақтөбе,ауыл,,6.2
2017,пайыз,Алматы,ауыл,,6.9
2017,пайыз,Атырау,ауыл,,6.3
2017,пайыз,Батыс Қазақстан,ауыл,,3.1
2017,пайыз,Жамбыл,ауыл,,10.0
2017,пайыз,Қарағанды,ауыл,,9.8
2017,пайыз,Қостанай,ауыл,,3.7
2017,пайыз,Қызылорда,ауыл,,6.9
2017,пайыз,Маңғыстау,ауыл,,7.1
2017,пайыз,Оңтүстік Қазақстан,ауыл,,13.2
2017,пайыз,Павлодар,ауыл,,11.3
2017,пайыз,Солтүстік Қазақстан,ауыл,,5.3
2017,пайыз,Түркістан,ауыл,,8.4
2018,пайыз,,,,6.0
2018,пайыз,Ақмола,,,4.4
2018,пайыз,Ақтөбе,,,6.5
2018,пайыз,Алматы,,,6.1
2018,пайыз,Атырау,,,5.7
2018,пайыз,Батыс Қазақстан,,,2.1
2018,пайыз,Жамбыл,,,5.9
2018,пайыз,Қарағанды,,,9.7
2018,пайыз,Қостанай,,,4.1
2018,пайыз,Қызылорда,,,4.0
2018,пайыз,Маңғыстау,,,5.4
2018,пайыз,Павлодар,,,4.2
2018,пайыз,Солтүстік Қазақстан,,,8.1
2018,пайыз,Түркістан,,,11.4
2018,пайыз,Шығыс Қазақстан,,,4.1
2018,пайыз,Нұр-Сұлтан қаласы,,,4.1
2018,пайыз,Алматы қаласы,,,3.4
2018,пайыз,Шымкент қаласы,,,9.5
2018,пайыз,,,ерлер,5.2
2018,пайыз,Ақмола,,ерлер,3.5
2018,пайыз,Ақтөбе,,ерлер,4.2
2018,пайыз,Алматы,,ерлер,3.7
2018,пайыз,Атырау,,ерлер,2.1
2018,пайыз,Батыс Қазақстан,,ерлер,1.6
2018,пайыз,Жамбыл,,ерлер,5.8
2018,пайыз,Қарағанды,,ерлер,7.0
2018,пайыз,Қостанай,,ерлер,3.5
2018,пайыз,Қызылорда,,ерлер,3.4
2018,пайыз,Маңғыстау,,ерлер,4.0
2018,пайыз,Павлодар,,ерлер,5.0
2018,пайыз,Солтүстік Қазақстан,,ерлер,4.3
2018,пайыз,Түркістан,,ерлер,12.0
2018,пайыз,Шығыс Қазақстан,,ерлер,3.1
2018,пайыз,Нұр-Сұлтан қаласы,,ерлер,4.1
2018,пайыз,Алматы қаласы,,ерлер,2.7
2018,пайыз,Шымкент қаласы,,ерлер,10.9
2018,пайыз,,,әйелдер,6.8
2018,пайыз,Ақмола,,әйелдер,5.5
2018,пайыз,Ақтөбе,,әйелдер,8.9
2018,пайыз,Алматы,,әйелдер,8.6
2018,пайыз,Атырау,,әйелдер,9.9
2018,пайыз,Батыс Қазақстан,,әйелдер,2.7
2018,пайыз,Жамбыл,,әйелдер,5.9
2018,пайыз,Қарағанды,,әйелдер,12.5
2018,пайыз,Қостанай,,әйелдер,4.8
2018,пайыз,Қызылорда,,әйелдер,4.8
2018,пайыз,Маңғыстау,,әйелдер,7.1
2018,пайыз,Павлодар,,әйелдер,3.4
2018,пайыз,Солтүстік Қазақстан,,әйелдер,12.1
2018,пайыз,Түркістан,,әйелдер,10.8
2018,пайыз,Шығыс Қазақстан,,әйелдер,5.2
2018,пайыз,Нұр-Сұлтан қаласы,,әйелдер,4.1
2018,пайыз,Алматы қаласы,,әйелдер,4.0
2018,пайыз,Шымкент қаласы,,әйелдер,8.3
2018,пайыз,,Город,,5.4
2018,пайыз,Ақмола,Город,,2.9
2018,пайыз,Ақтөбе,Город,,7.3
2018,пайыз,Алматы,Город,,5.5
2018,пайыз,Атырау,Город,,7.0
2018,пайыз,Батыс Қазақстан,Город,,1.4
2018,пайыз,Жамбыл,Город,,5.8
2018,пайыз,Қарағанды,Город,,9.9
2018,пайыз,Қостанай,Город,,4.2
2018,пайыз,Қызылорда,Город,,3.5
2018,пайыз,Маңғыстау,Город,,3.4
2018,пайыз,Павлодар,Город,,2.3
2018,пайыз,Солтүстік Қазақстан,Город,,9.7
2018,пайыз,Түркістан,Город,,12.8
2018,пайыз,Шығыс Қазақстан,Город,,3.0
2018,пайыз,Нұр-Сұлтан қаласы,Город,,4.1
2018,пайыз,Алматы қаласы,Город,,3.4
2018,пайыз,Шымкент қаласы,Город,,9.5
2018,пайыз,,ауыл,,6.9
2018,пайыз,Ақмола,ауыл,,5.8
2018,пайыз,Ақтөбе,ауыл,,5.3
2018,пайыз,Алматы,ауыл,,6.2
2018,пайыз,Атырау,ауыл,,4.8
2018,пайыз,Батыс Қазақстан,ауыл,,3.0
2018,пайыз,Жамбыл,ауыл,,5.9
2018,пайыз,Қарағанды,ауыл,,9.1
2018,пайыз,Қостанай,ауыл,,4.0
2018,пайыз,Қызылорда,ауыл,,4.3
2018,пайыз,Маңғыстау,ауыл,,6.6
2018,пайыз,Павлодар,ауыл,,10.0
2018,пайыз,Солтүстік Қазақстан,ауыл,,6.5
2018,пайыз,Шығыс Қазақстан,ауыл,,11.2
2018,пайыз,Түркістан,ауыл,,6.0
2019,пайыз,,,,5.2
2019,пайыз,Ақмола,,,4.9
2019,пайыз,Ақтөбе,,,6.4
2019,пайыз,Алматы,,,4.5
2019,пайыз,Атырау,,,5.2
2019,пайыз,Батыс Қазақстан,,,2.1
2019,пайыз,Жамбыл,,,4.5
2019,пайыз,Қарағанды,,,8.5
2019,пайыз,Қостанай,,,3.5
2019,пайыз,Қызылорда,,,5.6
2019,пайыз,Маңғыстау,,,5.7
2019,пайыз,Павлодар,,,3.6
2019,пайыз,Солтүстік Қазақстан,,,6.9
2019,пайыз,Түркістан,,,9.7
2019,пайыз,Шығыс Қазақстан,,,4.8
2019,пайыз,Нұр-Сұлтан қаласы,,,2.0
2019,пайыз,Алматы қаласы,,,3.4
2019,пайыз,Шымкент қаласы,,,5.1
2019,пайыз,,,ерлер,3.6
2019,пайыз,Ақмола,,ерлер,2.9
2019,пайыз,Ақтөбе,,ерлер,5.2
2019,пайыз,Алматы,,ерлер,3.2
2019,пайыз,Атырау,,ерлер,5.5
2019,пайыз,Батыс Қазақстан,,ерлер,1.8
2019,пайыз,Жамбыл,,ерлер,4.0
2019,пайыз,Қарағанды,,ерлер,5.8
2019,пайыз,Қостанай,,ерлер,3.1
2019,пайыз,Қызылорда,,ерлер,5.1
2019,пайыз,Маңғыстау,,ерлер,3.5
2019,пайыз,Павлодар,,ерлер,3.4
2019,пайыз,Солтүстік Қазақстан,,ерлер,4.0
2019,пайыз,Түркістан,,ерлер,3.8
2019,пайыз,Шығыс Қазақстан,,ерлер,2.7
2019,пайыз,Нұр-Сұлтан қаласы,,ерлер,1.9
2019,пайыз,Алматы қаласы,,ерлер,1.9
2019,пайыз,Шымкент қаласы,,ерлер,6.3
2019,пайыз,,,әйелдер,6.7
2019,пайыз,Ақмола,,әйелдер,7.0
2019,пайыз,Ақтөбе,,әйелдер,7.6
2019,пайыз,Алматы,,әйелдер,6.0
2019,пайыз,Атырау,,әйелдер,4.8
2019,пайыз,Батыс Қазақстан,,әйелдер,2.3
2019,пайыз,Жамбыл,,әйелдер,5.0
2019,пайыз,Қарағанды,,әйелдер,11.5
2019,пайыз,Қостанай,,әйелдер,3.8
2019,пайыз,Қызылорда,,әйелдер,6.2
2019,пайыз,Маңғыстау,,әйелдер,8.2
2019,пайыз,Павлодар,,әйелдер,3.9
2019,пайыз,Солтүстік Қазақстан,,әйелдер,10.3
2019,пайыз,Түркістан,,әйелдер,15.5
2019,пайыз,Шығыс Қазақстан,,әйелдер,6.9
2019,пайыз,Нұр-Сұлтан қаласы,,әйелдер,2.1
2019,пайыз,Алматы қаласы,,әйелдер,4.5
2019,пайыз,Шымкент қаласы,,әйелдер,4.0
2019,пайыз,,Город,,4.6
2019,пайыз,Ақмола,Город,,4.4
2019,пайыз,Ақтөбе,Город,,6.3
2019,пайыз,Алматы,Город,,5.8
2019,пайыз,Атырау,Город,,6.1
2019,пайыз,Батыс Қазақстан,Город,,1.4
2019,пайыз,Жамбыл,Город,,5.3
2019,пайыз,Қарағанды,Город,,8.3
2019,пайыз,Қостанай,Город,,2.8
2019,пайыз,Қызылорда,Город,,5.4
2019,пайыз,Маңғыстау,Город,,2.8
2019,пайыз,Павлодар,Город,,2.2
2019,пайыз,Солтүстік Қазақстан,Город,,7.1
2019,пайыз,Түркістан,Город,,11.2
2019,пайыз,Шығыс Қазақстан,Город,,4.4
2019,пайыз,Нұр-Сұлтан қаласы,Город,,2.0
2019,пайыз,Алматы қаласы,Город,,3.4
2019,пайыз,Шымкент қаласы,Город,,5.1
2019,пайыз,,ауыл,,6.0
2019,пайыз,Ақмола,ауыл,,5.3
2019,пайыз,Ақтөбе,ауыл,,6.7
2019,пайыз,Алматы,ауыл,,4.2
2019,пайыз,Атырау,ауыл,,4.3
2019,пайыз,Батыс Қазақстан,ауыл,,2.8
2019,пайыз,Жамбыл,ауыл,,4.0
2019,пайыз,Қарағанды,ауыл,,9.2
2019,пайыз,Қостанай,ауыл,,4.2
2019,пайыз,Қызылорда,ауыл,,5.8
2019,пайыз,Маңғыстау,ауыл,,7.3
2019,пайыз,Павлодар,ауыл,,7.8
2019,пайыз,Солтүстік Қазақстан,ауыл,,6.6
2019,пайыз,Шығыс Қазақстан,ауыл,,9.5
2019,пайыз,Түркістан,ауыл,,5.7
