Year,Units,Ресми даму бойынша көмек,Value
2010,млн.долл.США,Қазақстан бойынша деректер алушы ретінде,58.1
2010,млн.долл.США,Данные по Казахстану как обязательства,149.9
2011,млн.долл.США,Қазақстан бойынша деректер алушы ретінде,21.3
2011,млн.долл.США,Данные по Казахстану как обязательства,189.5
2012,млн.долл.США,Қазақстан бойынша деректер алушы ретінде,34.4
2012,млн.долл.США,Данные по Казахстану как обязательства,151.7
2013,млн.долл.США,Қазақстан бойынша деректер алушы ретінде,46.0
2013,млн.долл.США,Қазақстан бойынша деректер донор ретінде,0.07
2013,млн.долл.США,Данные по Казахстану как обязательства,135.0
2014,млн.долл.США,Қазақстан бойынша деректер алушы ретінде,23.5
2014,млн.долл.США,Қазақстан бойынша деректер донор ретінде,0.17
2014,млн.долл.США,Данные по Казахстану как обязательства,267.1
2015,млн.долл.США,Қазақстан бойынша деректер алушы ретінде,16.4
2015,млн.долл.США,Қазақстан бойынша деректер донор ретінде,0.71
2015,млн.долл.США,Данные по Казахстану как обязательства,286.9
2016,млн.долл.США,Қазақстан бойынша деректер алушы ретінде,35.2
2016,млн.долл.США,Қазақстан бойынша деректер донор ретінде,1.92
2016,млн.долл.США,Данные по Казахстану как обязательства,306.6
2017,млн.долл.США,Қазақстан бойынша деректер алушы ретінде,8.1
2017,млн.долл.США,Қазақстан бойынша деректер донор ретінде,0.13
2017,млн.долл.США,Данные по Казахстану как обязательства,169.8
2018,млн.долл.США,Қазақстан бойынша деректер алушы ретінде,8.4
2018,млн.долл.США,Қазақстан бойынша деректер донор ретінде,4.48
