Year,Units,Өңірлер,Жынысы,Аймақ,Жасы,GeoCode,Value
2010,пайыз,,,,,,7.0
2011,пайыз,,,,,,6.5
2012,пайыз,,,,,,6.4
2013,пайыз,,,,,,6.4
2014,пайыз,,,,,,6.3
2015,пайыз,,,,,,6.6
2016,пайыз,,,,,,6.6
2017,пайыз,,,,,,6.8
2018,пайыз,,,,,,6.7
2010,пайыз,Ақмола,,,,KZ03,7.3
2011,пайыз,Ақмола,,,,KZ03,7.3
2012,пайыз,Ақмола,,,,KZ03,7.2
2013,пайыз,Ақмола,,,,KZ03,7.3
2014,пайыз,Ақмола,,,,KZ03,7.0
2015,пайыз,Ақмола,,,,KZ03,7.3
2016,пайыз,Ақмола,,,,KZ03,7.4
2017,пайыз,Ақмола,,,,KZ03,7.7
2018,пайыз,Ақмола,,,,KZ03,7.8
2010,пайыз,Ақтөбе,,,,KZ04,5.7
2011,пайыз,Ақтөбе,,,,KZ04,5.5
2012,пайыз,Ақтөбе,,,,KZ04,5.4
2013,пайыз,Ақтөбе,,,,KZ04,5.7
2014,пайыз,Ақтөбе,,,,KZ04,6.2
2015,пайыз,Ақтөбе,,,,KZ04,6.2
2016,пайыз,Ақтөбе,,,,KZ04,7.1
2017,пайыз,Ақтөбе,,,,KZ04,7.1
2018,пайыз,Ақтөбе,,,,KZ04,7.0
2010,пайыз,Алматы,,,,KZ01,4.5
2011,пайыз,Алматы,,,,KZ01,3.8
2012,пайыз,Алматы,,,,KZ01,3.6
2013,пайыз,Алматы,,,,KZ01,3.4
2014,пайыз,Алматы,,,,KZ01,4.0
2015,пайыз,Алматы,,,,KZ01,4.6
2016,пайыз,Алматы,,,,KZ01,4.5
2017,пайыз,Алматы,,,,KZ01,5.5
2018,пайыз,Алматы,,,,KZ01,5.3
2010,пайыз,Атырау,,,,KZ06,3.9
2011,пайыз,Атырау,,,,KZ06,3.7
2012,пайыз,Атырау,,,,KZ06,5.4
2013,пайыз,Атырау,,,,KZ06,6.0
2014,пайыз,Атырау,,,,KZ06,3.8
2015,пайыз,Атырау,,,,KZ06,5.1
2016,пайыз,Атырау,,,,KZ06,4.3
2017,пайыз,Атырау,,,,KZ06,3.9
2018,пайыз,Атырау,,,,KZ06,3.9
2010,пайыз,Батыс Қазақстан,,,,KZ07,3.3
2011,пайыз,Батыс Қазақстан,,,,KZ07,3.6
2012,пайыз,Батыс Қазақстан,,,,KZ07,3.8
2013,пайыз,Батыс Қазақстан,,,,KZ07,4.2
2014,пайыз,Батыс Қазақстан,,,,KZ07,4.7
2015,пайыз,Батыс Қазақстан,,,,KZ07,4.5
2016,пайыз,Батыс Қазақстан,,,,KZ07,5.3
2017,пайыз,Батыс Қазақстан,,,,KZ07,5.1
2018,пайыз,Батыс Қазақстан,,,,KZ07,5.2
2010,пайыз,Жамбыл,,,,KZ17,4.4
2011,пайыз,Жамбыл,,,,KZ17,4.3
2012,пайыз,Жамбыл,,,,KZ17,4.5
2013,пайыз,Жамбыл,,,,KZ17,3.5
2014,пайыз,Жамбыл,,,,KZ17,3.2
2015,пайыз,Жамбыл,,,,KZ17,3.4
2016,пайыз,Жамбыл,,,,KZ17,3.9
2017,пайыз,Жамбыл,,,,KZ17,5.0
2018,пайыз,Жамбыл,,,,KZ17,4.9
2010,пайыз,Қарағанды,,,,KZ12,19.6
2011,пайыз,Қарағанды,,,,KZ12,19.0
2012,пайыз,Қарағанды,,,,KZ12,17.5
2013,пайыз,Қарағанды,,,,KZ12,16.9
2014,пайыз,Қарағанды,,,,KZ12,14.5
2015,пайыз,Қарағанды,,,,KZ12,14.4
2016,пайыз,Қарағанды,,,,KZ12,14.1
2017,пайыз,Қарағанды,,,,KZ12,13.9
2018,пайыз,Қарағанды,,,,KZ12,13.8
2010,пайыз,Қостанай,,,,KZ13,4.4
2011,пайыз,Қостанай,,,,KZ13,4.6
2012,пайыз,Қостанай,,,,KZ13,4.6
2013,пайыз,Қостанай,,,,KZ13,4.7
2014,пайыз,Қостанай,,,,KZ13,4.5
2015,пайыз,Қостанай,,,,KZ13,4.7
2016,пайыз,Қостанай,,,,KZ13,4.7
2017,пайыз,Қостанай,,,,KZ13,4.9
2018,пайыз,Қостанай,,,,KZ13,5.1
2010,пайыз,Қызылорда,,,,KZ14,4.4
2011,пайыз,Қызылорда,,,,KZ14,4.2
2012,пайыз,Қызылорда,,,,KZ14,3.2
2013,пайыз,Қызылорда,,,,KZ14,2.5
2014,пайыз,Қызылорда,,,,KZ14,3.3
2015,пайыз,Қызылорда,,,,KZ14,3.2
2016,пайыз,Қызылорда,,,,KZ14,4.0
2017,пайыз,Қызылорда,,,,KZ14,3.7
2018,пайыз,Қызылорда,,,,KZ14,3.6
2010,пайыз,Маңғыстау,,,,KZ09,4.6
2011,пайыз,Маңғыстау,,,,KZ09,7.0
2012,пайыз,Маңғыстау,,,,KZ09,6.2
2013,пайыз,Маңғыстау,,,,KZ09,5.4
2014,пайыз,Маңғыстау,,,,KZ09,5.8
2015,пайыз,Маңғыстау,,,,KZ09,6.6
2016,пайыз,Маңғыстау,,,,KZ09,7.0
2017,пайыз,Маңғыстау,,,,KZ09,6.1
2018,пайыз,Маңғыстау,,,,KZ09,5.8
2010,пайыз,Оңтүстік Қазақстан,,,,KZ10,3.4
2011,пайыз,Оңтүстік Қазақстан,,,,KZ10,2.7
2012,пайыз,Оңтүстік Қазақстан,,,,KZ10,2.6
2013,пайыз,Оңтүстік Қазақстан,,,,KZ10,2.9
2014,пайыз,Оңтүстік Қазақстан,,,,KZ10,4.4
2015,пайыз,Оңтүстік Қазақстан,,,,KZ10,3.5
2016,пайыз,Оңтүстік Қазақстан,,,,KZ10,3.5
2017,пайыз,Оңтүстік Қазақстан,,,,KZ10,3.7
2010,пайыз,Павлодар,,,,KZ11,13.1
2011,пайыз,Павлодар,,,,KZ11,13.5
2012,пайыз,Павлодар,,,,KZ11,13.6
2013,пайыз,Павлодар,,,,KZ11,13.6
2014,пайыз,Павлодар,,,,KZ11,13.9
2015,пайыз,Павлодар,,,,KZ11,14.2
2016,пайыз,Павлодар,,,,KZ11,14.7
2017,пайыз,Павлодар,,,,KZ11,14.8
2018,пайыз,Павлодар,,,,KZ11,14.9
2010,пайыз,Солтүстік Қазақстан,,,,KZ16,3.6
2011,пайыз,Солтүстік Қазақстан,,,,KZ16,3.6
2012,пайыз,Солтүстік Қазақстан,,,,KZ16,4.1
2013,пайыз,Солтүстік Қазақстан,,,,KZ16,4.2
2014,пайыз,Солтүстік Қазақстан,,,,KZ16,4.2
2015,пайыз,Солтүстік Қазақстан,,,,KZ16,4.4
2016,пайыз,Солтүстік Қазақстан,,,,KZ16,5.0
2017,пайыз,Солтүстік Қазақстан,,,,KZ16,4.7
2018,пайыз,Солтүстік Қазақстан,,,,KZ16,5.2
2018,пайыз,Түркістан,,,,KZ10,2.1
2010,пайыз,Шығыс Қазақстан,,,,KZ15,9.1
2011,пайыз,Шығыс Қазақстан,,,,KZ15,8.9
2012,пайыз,Шығыс Қазақстан,,,,KZ15,9.5
2013,пайыз,Шығыс Қазақстан,,,,KZ15,9.6
2014,пайыз,Шығыс Қазақстан,,,,KZ15,9.8
2015,пайыз,Шығыс Қазақстан,,,,KZ15,10.3
2016,пайыз,Шығыс Қазақстан,,,,KZ15,10.9
2017,пайыз,Шығыс Қазақстан,,,,KZ15,10.4
2018,пайыз,Шығыс Қазақстан,,,,KZ15,10.4
2010,пайыз,Нұр-Сұлтан қаласы,,,,KZ05,5.2
2011,пайыз,Нұр-Сұлтан қаласы,,,,KZ05,2.2
2012,пайыз,Нұр-Сұлтан қаласы,,,,KZ05,2.9
2013,пайыз,Нұр-Сұлтан қаласы,,,,KZ05,3.0
2014,пайыз,Нұр-Сұлтан қаласы,,,,KZ05,2.7
2015,пайыз,Нұр-Сұлтан қаласы,,,,KZ05,3.9
2016,пайыз,Нұр-Сұлтан қаласы,,,,KZ05,3.9
2017,пайыз,Нұр-Сұлтан қаласы,,,,KZ05,4.6
2018,пайыз,Нұр-Сұлтан қаласы,,,,KZ05,4.6
2010,пайыз,Алматы қаласы,,,,KZ02,8.6
2011,пайыз,Алматы қаласы,,,,KZ02,7.6
2012,пайыз,Алматы қаласы,,,,KZ02,7.3
2013,пайыз,Алматы қаласы,,,,KZ02,8.1
2014,пайыз,Алматы қаласы,,,,KZ02,6.5
2015,пайыз,Алматы қаласы,,,,KZ02,7.3
2016,пайыз,Алматы қаласы,,,,KZ02,7.0
2017,пайыз,Алматы қаласы,,,,KZ02,6.8
2018,пайыз,Алматы қаласы,,,,KZ02,6.7
2018,пайыз,Шымкент қаласы,,,,KZ18,5.8
2010,пайыз,,ерлер,,,,8.5
2011,пайыз,,ерлер,,,,8.0
2012,пайыз,,ерлер,,,,7.7
2013,пайыз,,ерлер,,,,7.8
2014,пайыз,,ерлер,,,,7.6
2015,пайыз,,ерлер,,,,7.9
2016,пайыз,,ерлер,,,,7.7
2017,пайыз,,ерлер,,,,8.1
2018,пайыз,,ерлер,,,,8.3
2010,пайыз,Ақмола,ерлер,,,,7.9
2011,пайыз,Ақмола,ерлер,,,,8.3
2012,пайыз,Ақмола,ерлер,,,,7.6
2013,пайыз,Ақмола,ерлер,,,,7.8
2014,пайыз,Ақмола,ерлер,,,,7.3
2015,пайыз,Ақмола,ерлер,,,,7.4
2016,пайыз,Ақмола,ерлер,,,,7.1
2017,пайыз,Ақмола,ерлер,,,,8.6
2018,пайыз,Ақмола,ерлер,,,,9.2
2010,пайыз,Ақтөбе,ерлер,,,,5.9
2011,пайыз,Ақтөбе,ерлер,,,,8.4
2012,пайыз,Ақтөбе,ерлер,,,,7.8
2013,пайыз,Ақтөбе,ерлер,,,,7.7
2014,пайыз,Ақтөбе,ерлер,,,,8.0
2015,пайыз,Ақтөбе,ерлер,,,,8.2
2016,пайыз,Ақтөбе,ерлер,,,,8.9
2017,пайыз,Ақтөбе,ерлер,,,,9.6
2018,пайыз,Ақтөбе,ерлер,,,,9.8
2010,пайыз,Алматы,ерлер,,,,5.8
2011,пайыз,Алматы,ерлер,,,,4.6
2012,пайыз,Алматы,ерлер,,,,4.3
2013,пайыз,Алматы,ерлер,,,,4.1
2014,пайыз,Алматы,ерлер,,,,4.8
2015,пайыз,Алматы,ерлер,,,,5.5
2016,пайыз,Алматы,ерлер,,,,5.2
2017,пайыз,Алматы,ерлер,,,,6.7
2018,пайыз,Алматы,ерлер,,,,6.7
2010,пайыз,Атырау,ерлер,,,,4.7
2011,пайыз,Атырау,ерлер,,,,4.0
2012,пайыз,Атырау,ерлер,,,,7.3
2013,пайыз,Атырау,ерлер,,,,7.9
2014,пайыз,Атырау,ерлер,,,,4.8
2015,пайыз,Атырау,ерлер,,,,6.3
2016,пайыз,Атырау,ерлер,,,,4.7
2017,пайыз,Атырау,ерлер,,,,3.2
2018,пайыз,Атырау,ерлер,,,,4.3
2010,пайыз,Батыс Қазақстан,ерлер,,,,4.1
2011,пайыз,Батыс Қазақстан,ерлер,,,,4.2
2012,пайыз,Батыс Қазақстан,ерлер,,,,4.8
2013,пайыз,Батыс Қазақстан,ерлер,,,,5.2
2014,пайыз,Батыс Қазақстан,ерлер,,,,6.0
2015,пайыз,Батыс Қазақстан,ерлер,,,,5.7
2016,пайыз,Батыс Қазақстан,ерлер,,,,5.8
2017,пайыз,Батыс Қазақстан,ерлер,,,,5.4
2018,пайыз,Батыс Қазақстан,ерлер,,,,5.6
2010,пайыз,Жамбыл,ерлер,,,,5.1
2011,пайыз,Жамбыл,ерлер,,,,5.4
2012,пайыз,Жамбыл,ерлер,,,,4.6
2013,пайыз,Жамбыл,ерлер,,,,4.2
2014,пайыз,Жамбыл,ерлер,,,,4.7
2015,пайыз,Жамбыл,ерлер,,,,4.9
2016,пайыз,Жамбыл,ерлер,,,,4.7
2017,пайыз,Жамбыл,ерлер,,,,6.5
2018,пайыз,Жамбыл,ерлер,,,,7.1
2010,пайыз,Қарағанды,ерлер,,,,27.0
2011,пайыз,Қарағанды,ерлер,,,,25.5
2012,пайыз,Қарағанды,ерлер,,,,22.8
2013,пайыз,Қарағанды,ерлер,,,,21.9
2014,пайыз,Қарағанды,ерлер,,,,18.3
2015,пайыз,Қарағанды,ерлер,,,,17.8
2016,пайыз,Қарағанды,ерлер,,,,17.4
2017,пайыз,Қарағанды,ерлер,,,,17.6
2018,пайыз,Қарағанды,ерлер,,,,17.4
2010,пайыз,Қостанай,ерлер,,,,4.8
2011,пайыз,Қостанай,ерлер,,,,5.0
2012,пайыз,Қостанай,ерлер,,,,5.1
2013,пайыз,Қостанай,ерлер,,,,5.1
2014,пайыз,Қостанай,ерлер,,,,4.8
2015,пайыз,Қостанай,ерлер,,,,5.1
2016,пайыз,Қостанай,ерлер,,,,5.1
2017,пайыз,Қостанай,ерлер,,,,6.0
2018,пайыз,Қостанай,ерлер,,,,6.2
2010,пайыз,Қызылорда,ерлер,,,,4.0
2011,пайыз,Қызылорда,ерлер,,,,4.0
2012,пайыз,Қызылорда,ерлер,,,,3.9
2013,пайыз,Қызылорда,ерлер,,,,3.0
2014,пайыз,Қызылорда,ерлер,,,,2.7
2015,пайыз,Қызылорда,ерлер,,,,2.5
2016,пайыз,Қызылорда,ерлер,,,,3.9
2017,пайыз,Қызылорда,ерлер,,,,3.6
2018,пайыз,Қызылорда,ерлер,,,,4.4
2010,пайыз,Маңғыстау,ерлер,,,,4.2
2011,пайыз,Маңғыстау,ерлер,,,,7.7
2012,пайыз,Маңғыстау,ерлер,,,,5.4
2013,пайыз,Маңғыстау,ерлер,,,,7.1
2014,пайыз,Маңғыстау,ерлер,,,,7.3
2015,пайыз,Маңғыстау,ерлер,,,,7.4
2016,пайыз,Маңғыстау,ерлер,,,,8.4
2017,пайыз,Маңғыстау,ерлер,,,,8.1
2018,пайыз,Маңғыстау,ерлер,,,,6.8
2010,пайыз,Оңтүстік Қазақстан,ерлер,,,,4.5
2011,пайыз,Оңтүстік Қазақстан,ерлер,,,,3.4
2012,пайыз,Оңтүстік Қазақстан,ерлер,,,,3.0
2013,пайыз,Оңтүстік Қазақстан,ерлер,,,,3.4
2014,пайыз,Оңтүстік Қазақстан,ерлер,,,,4.7
2015,пайыз,Оңтүстік Қазақстан,ерлер,,,,4.1
2016,пайыз,Оңтүстік Қазақстан,ерлер,,,,4.0
2017,пайыз,Оңтүстік Қазақстан,ерлер,,,,4.4
2010,пайыз,Павлодар,ерлер,,,,15.9
2011,пайыз,Павлодар,ерлер,,,,16.3
2012,пайыз,Павлодар,ерлер,,,,17.7
2013,пайыз,Павлодар,ерлер,,,,18.5
2014,пайыз,Павлодар,ерлер,,,,18.9
2015,пайыз,Павлодар,ерлер,,,,20.5
2016,пайыз,Павлодар,ерлер,,,,19.5
2017,пайыз,Павлодар,ерлер,,,,19.0
2018,пайыз,Павлодар,ерлер,,,,19.7
2010,пайыз,Солтүстік Қазақстан,ерлер,,,,4.7
2011,пайыз,Солтүстік Қазақстан,ерлер,,,,4.7
2012,пайыз,Солтүстік Қазақстан,ерлер,,,,5.2
2013,пайыз,Солтүстік Қазақстан,ерлер,,,,5.0
2014,пайыз,Солтүстік Қазақстан,ерлер,,,,5.0
2015,пайыз,Солтүстік Қазақстан,ерлер,,,,5.4
2016,пайыз,Солтүстік Қазақстан,ерлер,,,,5.5
2017,пайыз,Солтүстік Қазақстан,ерлер,,,,5.8
2018,пайыз,Солтүстік Қазақстан,ерлер,,,,6.8
2018,пайыз,Түркістан,ерлер,,,,2.4
2010,пайыз,Шығыс Қазақстан,ерлер,,,,11.2
2011,пайыз,Шығыс Қазақстан,ерлер,,,,10.5
2012,пайыз,Шығыс Қазақстан,ерлер,,,,11.5
2013,пайыз,Шығыс Қазақстан,ерлер,,,,11.9
2014,пайыз,Шығыс Қазақстан,ерлер,,,,11.8
2015,пайыз,Шығыс Қазақстан,ерлер,,,,12.7
2016,пайыз,Шығыс Қазақстан,ерлер,,,,14.0
2017,пайыз,Шығыс Қазақстан,ерлер,,,,13.4
2018,пайыз,Шығыс Қазақстан,ерлер,,,,13.7
2010,пайыз,Нұр-Сұлтан қаласы,ерлер,,,,4.2
2011,пайыз,Нұр-Сұлтан қаласы,ерлер,,,,2.4
2012,пайыз,Нұр-Сұлтан қаласы,ерлер,,,,3.9
2013,пайыз,Нұр-Сұлтан қаласы,ерлер,,,,3.5
2014,пайыз,Нұр-Сұлтан қаласы,ерлер,,,,3.6
2015,пайыз,Нұр-Сұлтан қаласы,ерлер,,,,4.3
2016,пайыз,Нұр-Сұлтан қаласы,ерлер,,,,3.1
2017,пайыз,Нұр-Сұлтан қаласы,ерлер,,,,4.9
2018,пайыз,Нұр-Сұлтан қаласы,ерлер,,,,5.8
2010,пайыз,Алматы қаласы,ерлер,,,,11.2
2011,пайыз,Алматы қаласы,ерлер,,,,9.4
2012,пайыз,Алматы қаласы,ерлер,,,,7.6
2013,пайыз,Алматы қаласы,ерлер,,,,8.7
2014,пайыз,Алматы қаласы,ерлер,,,,6.9
2015,пайыз,Алматы қаласы,ерлер,,,,7.9
2016,пайыз,Алматы қаласы,ерлер,,,,7.2
2017,пайыз,Алматы қаласы,ерлер,,,,7.2
2018,пайыз,Алматы қаласы,ерлер,,,,8.1
2018,пайыз,Шымкент қаласы,ерлер,,,,5.7
2010,пайыз,,әйелдер,,,,5.4
2011,пайыз,,әйелдер,,,,4.9
2012,пайыз,,әйелдер,,,,5.0
2013,пайыз,,әйелдер,,,,4.9
2014,пайыз,,әйелдер,,,,4.9
2015,пайыз,,әйелдер,,,,5.1
2016,пайыз,,әйелдер,,,,5.5
2017,пайыз,,әйелдер,,,,5.3
2018,пайыз,,әйелдер,,,,4.9
2010,пайыз,Ақмола,әйелдер,,,,6.7
2011,пайыз,Ақмола,әйелдер,,,,6.3
2012,пайыз,Ақмола,әйелдер,,,,6.8
2013,пайыз,Ақмола,әйелдер,,,,6.9
2014,пайыз,Ақмола,әйелдер,,,,6.7
2015,пайыз,Ақмола,әйелдер,,,,7.1
2016,пайыз,Ақмола,әйелдер,,,,7.8
2017,пайыз,Ақмола,әйелдер,,,,6.7
2018,пайыз,Ақмола,әйелдер,,,,6.4
2010,пайыз,Ақтөбе,әйелдер,,,,5.5
2011,пайыз,Ақтөбе,әйелдер,,,,2.5
2012,пайыз,Ақтөбе,әйелдер,,,,2.9
2013,пайыз,Ақтөбе,әйелдер,,,,3.7
2014,пайыз,Ақтөбе,әйелдер,,,,4.2
2015,пайыз,Ақтөбе,әйелдер,,,,4.0
2016,пайыз,Ақтөбе,әйелдер,,,,5.1
2017,пайыз,Ақтөбе,әйелдер,,,,4.3
2018,пайыз,Ақтөбе,әйелдер,,,,3.9
2010,пайыз,Алматы,әйелдер,,,,3.1
2011,пайыз,Алматы,әйелдер,,,,3.0
2012,пайыз,Алматы,әйелдер,,,,2.7
2013,пайыз,Алматы,әйелдер,,,,2.7
2014,пайыз,Алматы,әйелдер,,,,3.0
2015,пайыз,Алматы,әйелдер,,,,3.5
2016,пайыз,Алматы,әйелдер,,,,3.6
2017,пайыз,Алматы,әйелдер,,,,4.3
2018,пайыз,Алматы,әйелдер,,,,3.9
2010,пайыз,Атырау,әйелдер,,,,2.9
2011,пайыз,Атырау,әйелдер,,,,3.3
2012,пайыз,Атырау,әйелдер,,,,3.3
2013,пайыз,Атырау,әйелдер,,,,4.1
2014,пайыз,Атырау,әйелдер,,,,2.7
2015,пайыз,Атырау,әйелдер,,,,4.0
2016,пайыз,Атырау,әйелдер,,,,3.9
2017,пайыз,Атырау,әйелдер,,,,4.7
2018,пайыз,Атырау,әйелдер,,,,3.6
2010,пайыз,Батыс Қазақстан,әйелдер,,,,2.5
2011,пайыз,Батыс Қазақстан,әйелдер,,,,2.9
2012,пайыз,Батыс Қазақстан,әйелдер,,,,2.6
2013,пайыз,Батыс Қазақстан,әйелдер,,,,3.1
2014,пайыз,Батыс Қазақстан,әйелдер,,,,3.3
2015,пайыз,Батыс Қазақстан,әйелдер,,,,3.2
2016,пайыз,Батыс Қазақстан,әйелдер,,,,4.7
2017,пайыз,Батыс Қазақстан,әйелдер,,,,4.9
2018,пайыз,Батыс Қазақстан,әйелдер,,,,4.7
2010,пайыз,Жамбыл,әйелдер,,,,3.6
2011,пайыз,Жамбыл,әйелдер,,,,3.3
2012,пайыз,Жамбыл,әйелдер,,,,4.4
2013,пайыз,Жамбыл,әйелдер,,,,2.8
2014,пайыз,Жамбыл,әйелдер,,,,1.7
2015,пайыз,Жамбыл,әйелдер,,,,1.6
2016,пайыз,Жамбыл,әйелдер,,,,2.9
2017,пайыз,Жамбыл,әйелдер,,,,3.3
2018,пайыз,Жамбыл,әйелдер,,,,2.6
2010,пайыз,Қарағанды,әйелдер,,,,12.1
2011,пайыз,Қарағанды,әйелдер,,,,12.3
2012,пайыз,Қарағанды,әйелдер,,,,11.9
2013,пайыз,Қарағанды,әйелдер,,,,11.7
2014,пайыз,Қарағанды,әйелдер,,,,10.3
2015,пайыз,Қарағанды,әйелдер,,,,10.6
2016,пайыз,Қарағанды,әйелдер,,,,10.4
2017,пайыз,Қарағанды,әйелдер,,,,9.7
2018,пайыз,Қарағанды,әйелдер,,,,9.6
2010,пайыз,Қостанай,әйелдер,,,,4.0
2011,пайыз,Қостанай,әйелдер,,,,4.2
2012,пайыз,Қостанай,әйелдер,,,,4.1
2013,пайыз,Қостанай,әйелдер,,,,4.2
2014,пайыз,Қостанай,әйелдер,,,,4.3
2015,пайыз,Қостанай,әйелдер,,,,4.4
2016,пайыз,Қостанай,әйелдер,,,,4.3
2017,пайыз,Қостанай,әйелдер,,,,3.7
2018,пайыз,Қостанай,әйелдер,,,,4.1
2010,пайыз,Қызылорда,әйелдер,,,,4.8
2011,пайыз,Қызылорда,әйелдер,,,,4.4
2012,пайыз,Қызылорда,әйелдер,,,,2.5
2013,пайыз,Қызылорда,әйелдер,,,,1.8
2014,пайыз,Қызылорда,әйелдер,,,,4.1
2015,пайыз,Қызылорда,әйелдер,,,,4.1
2016,пайыз,Қызылорда,әйелдер,,,,4.1
2017,пайыз,Қызылорда,әйелдер,,,,3.9
2018,пайыз,Қызылорда,әйелдер,,,,2.7
2010,пайыз,Маңғыстау,әйелдер,,,,5.0
2011,пайыз,Маңғыстау,әйелдер,,,,6.1
2012,пайыз,Маңғыстау,әйелдер,,,,7.3
2013,пайыз,Маңғыстау,әйелдер,,,,3.1
2014,пайыз,Маңғыстау,әйелдер,,,,3.8
2015,пайыз,Маңғыстау,әйелдер,,,,5.7
2016,пайыз,Маңғыстау,әйелдер,,,,5.1
2017,пайыз,Маңғыстау,әйелдер,,,,3.5
2018,пайыз,Маңғыстау,әйелдер,,,,4.7
2010,пайыз,Оңтүстік Қазақстан,әйелдер,,,,2.1
2011,пайыз,Оңтүстік Қазақстан,әйелдер,,,,1.9
2012,пайыз,Оңтүстік Қазақстан,әйелдер,,,,2.1
2013,пайыз,Оңтүстік Қазақстан,әйелдер,,,,2.2
2014,пайыз,Оңтүстік Қазақстан,әйелдер,,,,3.9
2015,пайыз,Оңтүстік Қазақстан,әйелдер,,,,2.9
2016,пайыз,Оңтүстік Қазақстан,әйелдер,,,,2.8
2017,пайыз,Оңтүстік Қазақстан,әйелдер,,,,2.8
2010,пайыз,Павлодар,әйелдер,,,,10.3
2011,пайыз,Павлодар,әйелдер,,,,10.7
2012,пайыз,Павлодар,әйелдер,,,,9.4
2013,пайыз,Павлодар,әйелдер,,,,8.5
2014,пайыз,Павлодар,әйелдер,,,,9.0
2015,пайыз,Павлодар,әйелдер,,,,8.0
2016,пайыз,Павлодар,әйелдер,,,,10.1
2017,пайыз,Павлодар,әйелдер,,,,10.8
2018,пайыз,Павлодар,әйелдер,,,,10.3
2010,пайыз,Солтүстік Қазақстан,әйелдер,,,,2.6
2011,пайыз,Солтүстік Қазақстан,әйелдер,,,,2.4
2012,пайыз,Солтүстік Қазақстан,әйелдер,,,,3.0
2013,пайыз,Солтүстік Қазақстан,әйелдер,,,,3.4
2014,пайыз,Солтүстік Қазақстан,әйелдер,,,,3.3
2015,пайыз,Солтүстік Қазақстан,әйелдер,,,,3.3
2016,пайыз,Солтүстік Қазақстан,әйелдер,,,,4.4
2017,пайыз,Солтүстік Қазақстан,әйелдер,,,,3.6
2018,пайыз,Солтүстік Қазақстан,әйелдер,,,,3.4
2018,пайыз,Түркістан,әйелдер,,,,1.8
2010,пайыз,Шығыс Қазақстан,әйелдер,,,,6.9
2011,пайыз,Шығыс Қазақстан,әйелдер,,,,7.1
2012,пайыз,Шығыс Қазақстан,әйелдер,,,,7.2
2013,пайыз,Шығыс Қазақстан,әйелдер,,,,7.2
2014,пайыз,Шығыс Қазақстан,әйелдер,,,,7.5
2015,пайыз,Шығыс Қазақстан,әйелдер,,,,7.6
2016,пайыз,Шығыс Қазақстан,әйелдер,,,,7.4
2017,пайыз,Шығыс Қазақстан,әйелдер,,,,7.3
2018,пайыз,Шығыс Қазақстан,әйелдер,,,,7.0
2010,пайыз,Нұр-Сұлтан қаласы,әйелдер,,,,6.4
2011,пайыз,Нұр-Сұлтан қаласы,әйелдер,,,,1.9
2012,пайыз,Нұр-Сұлтан қаласы,әйелдер,,,,1.7
2013,пайыз,Нұр-Сұлтан қаласы,әйелдер,,,,2.6
2014,пайыз,Нұр-Сұлтан қаласы,әйелдер,,,,1.8
2015,пайыз,Нұр-Сұлтан қаласы,әйелдер,,,,3.5
2016,пайыз,Нұр-Сұлтан қаласы,әйелдер,,,,4.8
2017,пайыз,Нұр-Сұлтан қаласы,әйелдер,,,,4.4
2018,пайыз,Нұр-Сұлтан қаласы,әйелдер,,,,3.3
2010,пайыз,Алматы қаласы,әйелдер,,,,6.3
2011,пайыз,Алматы қаласы,әйелдер,,,,6.0
2012,пайыз,Алматы қаласы,әйелдер,,,,6.9
2013,пайыз,Алматы қаласы,әйелдер,,,,7.6
2014,пайыз,Алматы қаласы,әйелдер,,,,6.1
2015,пайыз,Алматы қаласы,әйелдер,,,,6.8
2016,пайыз,Алматы қаласы,әйелдер,,,,6.8
2017,пайыз,Алматы қаласы,әйелдер,,,,6.4
2018,пайыз,Алматы қаласы,әйелдер,,,,5.3
2018,пайыз,Шымкент қаласы,әйелдер,,,,6.0
2012,пайыз,,,қала,,,9.4
2013,пайыз,,,қала,,,9.5
2014,пайыз,,,қала,,,9.1
2015,пайыз,,,қала,,,9.2
2016,пайыз,,,қала,,,8.8
2017,пайыз,,,қала,,,9.1
2018,пайыз,,,қала,,,9.0
2012,пайыз,Ақмола,,қала,,,10.6
2013,пайыз,Ақмола,,қала,,,10.4
2014,пайыз,Ақмола,,қала,,,10.8
2015,пайыз,Ақмола,,қала,,,10.9
2016,пайыз,Ақмола,,қала,,,10.6
2017,пайыз,Ақмола,,қала,,,10.1
2018,пайыз,Ақмола,,қала,,,10.3
2012,пайыз,Ақтөбе,,қала,,,7.7
2013,пайыз,Ақтөбе,,қала,,,8.0
2014,пайыз,Ақтөбе,,қала,,,8.2
2015,пайыз,Ақтөбе,,қала,,,7.4
2016,пайыз,Ақтөбе,,қала,,,9.5
2017,пайыз,Ақтөбе,,қала,,,9.4
2018,пайыз,Ақтөбе,,қала,,,9.1
2012,пайыз,Алматы,,қала,,,5.1
2013,пайыз,Алматы,,қала,,,4.4
2014,пайыз,Алматы,,қала,,,5.2
2015,пайыз,Алматы,,қала,,,6.1
2016,пайыз,Алматы,,қала,,,5.1
2017,пайыз,Алматы,,қала,,,8.0
2018,пайыз,Алматы,,қала,,,6.2
2012,пайыз,Атырау,,қала,,,6.2
2013,пайыз,Атырау,,қала,,,6.1
2014,пайыз,Атырау,,қала,,,4.0
2015,пайыз,Атырау,,қала,,,4.9
2016,пайыз,Атырау,,қала,,,4.5
2017,пайыз,Атырау,,қала,,,5.2
2018,пайыз,Атырау,,қала,,,4.1
2012,пайыз,Батыс Қазақстан,,қала,,,7.7
2013,пайыз,Батыс Қазақстан,,қала,,,8.4
2014,пайыз,Батыс Қазақстан,,қала,,,8.8
2015,пайыз,Батыс Қазақстан,,қала,,,8.1
2016,пайыз,Батыс Қазақстан,,қала,,,8.9
2017,пайыз,Батыс Қазақстан,,қала,,,8.0
2018,пайыз,Батыс Қазақстан,,қала,,,8.2
2012,пайыз,Жамбыл,,қала,,,6.9
2013,пайыз,Жамбыл,,қала,,,6.0
2014,пайыз,Жамбыл,,қала,,,6.0
2015,пайыз,Жамбыл,,қала,,,7.2
2016,пайыз,Жамбыл,,қала,,,4.0
2017,пайыз,Жамбыл,,қала,,,7.9
2018,пайыз,Жамбыл,,қала,,,8.8
2012,пайыз,Қарағанды,,қала,,,21.8
2013,пайыз,Қарағанды,,қала,,,21.0
2014,пайыз,Қарағанды,,қала,,,17.8
2015,пайыз,Қарағанды,,қала,,,17.2
2016,пайыз,Қарағанды,,қала,,,16.6
2017,пайыз,Қарағанды,,қала,,,16.6
2018,пайыз,Қарағанды,,қала,,,16.8
2012,пайыз,Қостанай,,қала,,,7.8
2013,пайыз,Қостанай,,қала,,,7.7
2014,пайыз,Қостанай,,қала,,,7.0
2015,пайыз,Қостанай,,қала,,,7.3
2016,пайыз,Қостанай,,қала,,,7.0
2017,пайыз,Қостанай,,қала,,,7.1
2018,пайыз,Қостанай,,қала,,,7.2
2012,пайыз,Қызылорда,,қала,,,3.3
2013,пайыз,Қызылорда,,қала,,,3.0
2014,пайыз,Қызылорда,,қала,,,3.6
2015,пайыз,Қызылорда,,қала,,,4.0
2016,пайыз,Қызылорда,,қала,,,3.6
2017,пайыз,Қызылорда,,қала,,,2.7
2018,пайыз,Қызылорда,,қала,,,3.0
2012,пайыз,Маңғыстау,,қала,,,3.2
2013,пайыз,Маңғыстау,,қала,,,5.2
2014,пайыз,Маңғыстау,,қала,,,5.3
2015,пайыз,Маңғыстау,,қала,,,7.3
2016,пайыз,Маңғыстау,,қала,,,6.5
2017,пайыз,Маңғыстау,,қала,,,5.1
2018,пайыз,Маңғыстау,,қала,,,5.0
2012,пайыз,Оңтүстік Қазақстан,,қала,,,4.5
2013,пайыз,Оңтүстік Қазақстан,,қала,,,5.2
2014,пайыз,Оңтүстік Қазақстан,,қала,,,6.6
2015,пайыз,Оңтүстік Қазақстан,,қала,,,5.6
2016,пайыз,Оңтүстік Қазақстан,,қала,,,5.1
2017,пайыз,Оңтүстік Қазақстан,,қала,,,5.8
2012,пайыз,Павлодар,,қала,,,18.9
2013,пайыз,Павлодар,,қала,,,18.8
2014,пайыз,Павлодар,,қала,,,19.6
2015,пайыз,Павлодар,,қала,,,19.1
2016,пайыз,Павлодар,,қала,,,19.4
2017,пайыз,Павлодар,,қала,,,19.8
2018,пайыз,Павлодар,,қала,,,19.7
2012,пайыз,Солтүстік Қазақстан,,қала,,,8.5
2013,пайыз,Солтүстік Қазақстан,,қала,,,8.6
2014,пайыз,Солтүстік Қазақстан,,қала,,,8.5
2015,пайыз,Солтүстік Қазақстан,,қала,,,8.4
2016,пайыз,Солтүстік Қазақстан,,қала,,,9.6
2017,пайыз,Солтүстік Қазақстан,,қала,,,8.9
2018,пайыз,Солтүстік Қазақстан,,қала,,,9.3
2018,пайыз,Түркістан,,қала,,,4.1
2012,пайыз,Шығыс Қазақстан,,қала,,,13.4
2013,пайыз,Шығыс Қазақстан,,қала,,,13.9
2014,пайыз,Шығыс Қазақстан,,қала,,,14.3
2015,пайыз,Шығыс Қазақстан,,қала,,,14.5
2016,пайыз,Шығыс Қазақстан,,қала,,,14.2
2017,пайыз,Шығыс Қазақстан,,қала,,,13.7
2018,пайыз,Шығыс Қазақстан,,қала,,,14.9
2012,пайыз,Нұр-Сұлтан қаласы,,қала,,,2.9
2013,пайыз,Нұр-Сұлтан қаласы,,қала,,,3.0
2014,пайыз,Нұр-Сұлтан қаласы,,қала,,,2.7
2015,пайыз,Нұр-Сұлтан қаласы,,қала,,,3.9
2016,пайыз,Нұр-Сұлтан қаласы,,қала,,,3.9
2017,пайыз,Нұр-Сұлтан қаласы,,қала,,,4.6
2018,пайыз,Нұр-Сұлтан қаласы,,қала,,,4.6
2012,пайыз,Алматы қаласы,,қала,,,7.3
2013,пайыз,Алматы қаласы,,қала,,,8.1
2014,пайыз,Алматы қаласы,,қала,,,6.5
2015,пайыз,Алматы қаласы,,қала,,,7.3
2016,пайыз,Алматы қаласы,,қала,,,7.0
2017,пайыз,Алматы қаласы,,қала,,,6.8
2018,пайыз,Алматы қаласы,,қала,,,6.7
2018,пайыз,Шымкент қаласы,,қала,,,5.8
2012,пайыз,,,ауыл,,,2.8
2013,пайыз,,,ауыл,,,2.6
2014,пайыз,,,ауыл,,,2.9
2015,пайыз,,,ауыл,,,3.0
2016,пайыз,,,ауыл,,,3.7
2017,пайыз,,,ауыл,,,3.7
2018,пайыз,,,ауыл,,,3.5
2012,пайыз,Ақмола,,ауыл,,,4.3
2013,пайыз,Ақмола,,ауыл,,,4.7
2014,пайыз,Ақмола,,ауыл,,,3.6
2015,пайыз,Ақмола,,ауыл,,,3.9
2016,пайыз,Ақмола,,ауыл,,,4.6
2017,пайыз,Ақмола,,ауыл,,,5.5
2018,пайыз,Ақмола,,ауыл,,,5.5
2012,пайыз,Ақтөбе,,ауыл,,,1.5
2013,пайыз,Ақтөбе,,ауыл,,,1.8
2014,пайыз,Ақтөбе,,ауыл,,,2.9
2015,пайыз,Ақтөбе,,ауыл,,,4.0
2016,пайыз,Ақтөбе,,ауыл,,,3.0
2017,пайыз,Ақтөбе,,ауыл,,,3.0
2018,пайыз,Ақтөбе,,ауыл,,,2.0
2012,пайыз,Алматы,,ауыл,,,3.1
2013,пайыз,Алматы,,ауыл,,,3.1
2014,пайыз,Алматы,,ауыл,,,3.6
2015,пайыз,Алматы,,ауыл,,,4.1
2016,пайыз,Алматы,,ауыл,,,4.3
2017,пайыз,Алматы,,ауыл,,,4.7
2018,пайыз,Алматы,,ауыл,,,5.1
2012,пайыз,Атырау,,ауыл,,,4.6
2013,пайыз,Атырау,,ауыл,,,5.9
2014,пайыз,Атырау,,ауыл,,,3.7
2015,пайыз,Атырау,,ауыл,,,5.4
2016,пайыз,Атырау,,ауыл,,,4.1
2017,пайыз,Атырау,,ауыл,,,2.7
2018,пайыз,Атырау,,ауыл,,,3.7
2012,пайыз,Батыс Қазақстан,,ауыл,,,0.5
2013,пайыз,Батыс Қазақстан,,ауыл,,,0.7
2014,пайыз,Батыс Қазақстан,,ауыл,,,1.2
2015,пайыз,Батыс Қазақстан,,ауыл,,,1.3
2016,пайыз,Батыс Қазақстан,,ауыл,,,2.0
2017,пайыз,Батыс Қазақстан,,ауыл,,,2.5
2018,пайыз,Батыс Қазақстан,,ауыл,,,2.3
2012,пайыз,Жамбыл,,ауыл,,,3.1
2013,пайыз,Жамбыл,,ауыл,,,2.1
2014,пайыз,Жамбыл,,ауыл,,,1.0
2015,пайыз,Жамбыл,,ауыл,,,0.8
2016,пайыз,Жамбыл,,ауыл,,,3.8
2017,пайыз,Жамбыл,,ауыл,,,3.2
2018,пайыз,Жамбыл,,ауыл,,,2.5
2012,пайыз,Қарағанды,,ауыл,,,3.1
2013,пайыз,Қарағанды,,ауыл,,,2.7
2014,пайыз,Қарағанды,,ауыл,,,2.5
2015,пайыз,Қарағанды,,ауыл,,,2.9
2016,пайыз,Қарағанды,,ауыл,,,5.0
2017,пайыз,Қарағанды,,ауыл,,,4.1
2018,пайыз,Қарағанды,,ауыл,,,3.0
2012,пайыз,Қостанай,,ауыл,,,1.6
2013,пайыз,Қостанай,,ауыл,,,1.9
2014,пайыз,Қостанай,,ауыл,,,1.9
2015,пайыз,Қостанай,,ауыл,,,2.0
2016,пайыз,Қостанай,,ауыл,,,2.2
2017,пайыз,Қостанай,,ауыл,,,2.5
2018,пайыз,Қостанай,,ауыл,,,2.8
2012,пайыз,Қызылорда,,ауыл,,,3.2
2013,пайыз,Қызылорда,,ауыл,,,2.1
2014,пайыз,Қызылорда,,ауыл,,,3.2
2015,пайыз,Қызылорда,,ауыл,,,2.7
2016,пайыз,Қызылорда,,ауыл,,,4.2
2017,пайыз,Қызылорда,,ауыл,,,4.5
2018,пайыз,Қызылорда,,ауыл,,,4.1
2012,пайыз,Маңғыстау,,ауыл,,,10.1
2013,пайыз,Маңғыстау,,ауыл,,,5.5
2014,пайыз,Маңғыстау,,ауыл,,,6.5
2015,пайыз,Маңғыстау,,ауыл,,,5.8
2016,пайыз,Маңғыстау,,ауыл,,,7.5
2017,пайыз,Маңғыстау,,ауыл,,,7.1
2018,пайыз,Маңғыстау,,ауыл,,,6.5
2012,пайыз,Оңтүстік Қазақстан,,ауыл,,,1.4
2013,пайыз,Оңтүстік Қазақстан,,ауыл,,,1.4
2014,пайыз,Оңтүстік Қазақстан,,ауыл,,,3.0
2015,пайыз,Оңтүстік Қазақстан,,ауыл,,,2.0
2016,пайыз,Оңтүстік Қазақстан,,ауыл,,,2.2
2017,пайыз,Оңтүстік Қазақстан,,ауыл,,,2.1
2012,пайыз,Павлодар,,ауыл,,,3.7
2013,пайыз,Павлодар,,ауыл,,,3.7
2014,пайыз,Павлодар,,ауыл,,,2.5
2015,пайыз,Павлодар,,ауыл,,,3.5
2016,пайыз,Павлодар,,ауыл,,,4.1
2017,пайыз,Павлодар,,ауыл,,,3.4
2018,пайыз,Павлодар,,ауыл,,,3.8
2012,пайыз,Солтүстік Қазақстан,,ауыл,,,1.3
2013,пайыз,Солтүстік Қазақстан,,ауыл,,,1.3
2014,пайыз,Солтүстік Қазақстан,,ауыл,,,1.2
2015,пайыз,Солтүстік Қазақстан,,ауыл,,,1.6
2016,пайыз,Солтүстік Қазақстан,,ауыл,,,1.7
2017,пайыз,Солтүстік Қазақстан,,ауыл,,,1.8
2018,пайыз,Солтүстік Қазақстан,,ауыл,,,2.3
2018,пайыз,Түркістан,,ауыл,,,1.7
2012,пайыз,Шығыс Қазақстан,,ауыл,,,4.0
2013,пайыз,Шығыс Қазақстан,,ауыл,,,3.5
2014,пайыз,Шығыс Қазақстан,,ауыл,,,3.1
2015,пайыз,Шығыс Қазақстан,,ауыл,,,3.7
2016,пайыз,Шығыс Қазақстан,,ауыл,,,5.7
2017,пайыз,Шығыс Қазақстан,,ауыл,,,5.4
2018,пайыз,Шығыс Қазақстан,,ауыл,,,3.4
2010,пайыз,,,,16-24,,5.7
2011,пайыз,,,,16-24,,4.8
2012,пайыз,,,,16-24,,5.7
2013,пайыз,,,,16-24,,5.3
2014,пайыз,,,,16-24,,4.9
2015,пайыз,,,,16-24,,5.2
2016,пайыз,,,,16-24,,5.6
2017,пайыз,,,,16-24,,5.3
2018,пайыз,,,,16-24,,6.1
2010,пайыз,,,,25-28,,6.4
2011,пайыз,,,,25-28,,6.8
2012,пайыз,,,,25-28,,6.0
2013,пайыз,,,,25-28,,6.4
2014,пайыз,,,,25-28,,6.3
2015,пайыз,,,,25-28,,6.2
2016,пайыз,,,,25-28,,6.7
2017,пайыз,,,,25-28,,6.2
2018,пайыз,,,,25-28,,6.1
2010,пайыз,,,,29-34,,6.5
2011,пайыз,,,,29-34,,6.3
2012,пайыз,,,,29-34,,5.7
2013,пайыз,,,,29-34,,5.4
2014,пайыз,,,,29-34,,6.2
2015,пайыз,,,,29-34,,6.7
2016,пайыз,,,,29-34,,6.5
2017,пайыз,,,,29-34,,6.4
2018,пайыз,,,,29-34,,6.8
2010,пайыз,,,,35-44,,8.0
2011,пайыз,,,,35-44,,6.9
2012,пайыз,,,,35-44,,6.9
2013,пайыз,,,,35-44,,7.1
2014,пайыз,,,,35-44,,6.6
2015,пайыз,,,,35-44,,7.0
2016,пайыз,,,,35-44,,6.5
2017,пайыз,,,,35-44,,7.0
2018,пайыз,,,,35-44,,7.1
2010,пайыз,,,,45-54,,7.5
2011,пайыз,,,,45-54,,7.3
2012,пайыз,,,,45-54,,6.9
2013,пайыз,,,,45-54,,6.9
2014,пайыз,,,,45-54,,6.8
2015,пайыз,,,,45-54,,7.0
2016,пайыз,,,,45-54,,7.3
2017,пайыз,,,,45-54,,7.6
2018,пайыз,,,,45-54,,7.0
2010,пайыз,,,,55-64,,7.6
2011,пайыз,,,,55-64,,7.0
2012,пайыз,,,,55-64,,7.3
2013,пайыз,,,,55-64,,7.1
2014,пайыз,,,,55-64,,7.2
2015,пайыз,,,,55-64,,6.9
2016,пайыз,,,,55-64,,7.3
2017,пайыз,,,,55-64,,7.9
2018,пайыз,,,,55-64,,6.5
2010,пайыз,,,,65 және одан үлкен,,1.9
2011,пайыз,,,,65 және одан үлкен,,2.4
2012,пайыз,,,,65 және одан үлкен,,3.0
2013,пайыз,,,,65 және одан үлкен,,2.7
2014,пайыз,,,,65 және одан үлкен,,2.8
2015,пайыз,,,,65 және одан үлкен,,2.7
2016,пайыз,,,,65 және одан үлкен,,5.5
2017,пайыз,,,,65 және одан үлкен,,3.2
2018,пайыз,,,,65 және одан үлкен,,1.7
2010,пайыз,Ақмола,,,16-24,,6.6
2011,пайыз,Ақмола,,,16-24,,6.9
2012,пайыз,Ақмола,,,16-24,,6.7
2013,пайыз,Ақмола,,,16-24,,8.4
2014,пайыз,Ақмола,,,16-24,,6.4
2015,пайыз,Ақмола,,,16-24,,5.1
2016,пайыз,Ақмола,,,16-24,,6.9
2017,пайыз,Ақмола,,,16-24,,5.5
2018,пайыз,Ақмола,,,16-24,,7.9
2010,пайыз,Ақмола,,,25-28,,8.3
2011,пайыз,Ақмола,,,25-28,,8.6
2012,пайыз,Ақмола,,,25-28,,6.0
2013,пайыз,Ақмола,,,25-28,,6.6
2014,пайыз,Ақмола,,,25-28,,7.4
2015,пайыз,Ақмола,,,25-28,,8.0
2016,пайыз,Ақмола,,,25-28,,7.1
2017,пайыз,Ақмола,,,25-28,,8.7
2018,пайыз,Ақмола,,,25-28,,9.4
2010,пайыз,Ақмола,,,29-34,,6.9
2011,пайыз,Ақмола,,,29-34,,7.5
2012,пайыз,Ақмола,,,29-34,,4.7
2013,пайыз,Ақмола,,,29-34,,6.6
2014,пайыз,Ақмола,,,29-34,,7.7
2015,пайыз,Ақмола,,,29-34,,7.6
2016,пайыз,Ақмола,,,29-34,,8.2
2017,пайыз,Ақмола,,,29-34,,7.7
2018,пайыз,Ақмола,,,29-34,,8.0
2010,пайыз,Ақмола,,,35-44,,6.7
2011,пайыз,Ақмола,,,35-44,,7.9
2012,пайыз,Ақмола,,,35-44,,9.1
2013,пайыз,Ақмола,,,35-44,,9.1
2014,пайыз,Ақмола,,,35-44,,7.0
2015,пайыз,Ақмола,,,35-44,,7.2
2016,пайыз,Ақмола,,,35-44,,6.8
2017,пайыз,Ақмола,,,35-44,,8.6
2018,пайыз,Ақмола,,,35-44,,7.9
2010,пайыз,Ақмола,,,45-54,,7.4
2011,пайыз,Ақмола,,,45-54,,6.3
2012,пайыз,Ақмола,,,45-54,,7.9
2013,пайыз,Ақмола,,,45-54,,6.4
2014,пайыз,Ақмола,,,45-54,,6.7
2015,пайыз,Ақмола,,,45-54,,7.8
2016,пайыз,Ақмола,,,45-54,,7.9
2017,пайыз,Ақмола,,,45-54,,8.6
2018,пайыз,Ақмола,,,45-54,,8.0
2010,пайыз,Ақмола,,,55-64,,8.9
2011,пайыз,Ақмола,,,55-64,,7.6
2012,пайыз,Ақмола,,,55-64,,7.8
2013,пайыз,Ақмола,,,55-64,,7.1
2014,пайыз,Ақмола,,,55-64,,7.4
2015,пайыз,Ақмола,,,55-64,,7.2
2016,пайыз,Ақмола,,,55-64,,7.9
2017,пайыз,Ақмола,,,55-64,,6.8
2018,пайыз,Ақмола,,,55-64,,7.0
2010,пайыз,Ақмола,,,65 және одан үлкен,,0.0
2011,пайыз,Ақмола,,,65 және одан үлкен,,0.0
2012,пайыз,Ақмола,,,65 және одан үлкен,,0.0
2013,пайыз,Ақмола,,,65 және одан үлкен,,0.0
2014,пайыз,Ақмола,,,65 және одан үлкен,,0.4
2015,пайыз,Ақмола,,,65 және одан үлкен,,5.1
2016,пайыз,Ақмола,,,65 және одан үлкен,,3.8
2017,пайыз,Ақмола,,,65 және одан үлкен,,3.0
2018,пайыз,Ақмола,,,65 және одан үлкен,,2.6
2010,пайыз,Ақтөбе,,,16-24,,4.0
2011,пайыз,Ақтөбе,,,16-24,,4.3
2012,пайыз,Ақтөбе,,,16-24,,5.5
2013,пайыз,Ақтөбе,,,16-24,,4.5
2014,пайыз,Ақтөбе,,,16-24,,6.1
2015,пайыз,Ақтөбе,,,16-24,,5.3
2016,пайыз,Ақтөбе,,,16-24,,6.7
2017,пайыз,Ақтөбе,,,16-24,,7.8
2018,пайыз,Ақтөбе,,,16-24,,6.2
2010,пайыз,Ақтөбе,,,25-28,,1.9
2011,пайыз,Ақтөбе,,,25-28,,3.0
2012,пайыз,Ақтөбе,,,25-28,,4.5
2013,пайыз,Ақтөбе,,,25-28,,7.7
2014,пайыз,Ақтөбе,,,25-28,,5.4
2015,пайыз,Ақтөбе,,,25-28,,5.4
2016,пайыз,Ақтөбе,,,25-28,,8.3
2017,пайыз,Ақтөбе,,,25-28,,5.5
2018,пайыз,Ақтөбе,,,25-28,,6.5
2010,пайыз,Ақтөбе,,,29-34,,3.9
2011,пайыз,Ақтөбе,,,29-34,,5.4
2012,пайыз,Ақтөбе,,,29-34,,4.1
2013,пайыз,Ақтөбе,,,29-34,,3.4
2014,пайыз,Ақтөбе,,,29-34,,5.9
2015,пайыз,Ақтөбе,,,29-34,,7.4
2016,пайыз,Ақтөбе,,,29-34,,7.3
2017,пайыз,Ақтөбе,,,29-34,,7.4
2018,пайыз,Ақтөбе,,,29-34,,8.7
2010,пайыз,Ақтөбе,,,35-44,,7.7
2011,пайыз,Ақтөбе,,,35-44,,6.6
2012,пайыз,Ақтөбе,,,35-44,,5.3
2013,пайыз,Ақтөбе,,,35-44,,5.8
2014,пайыз,Ақтөбе,,,35-44,,6.2
2015,пайыз,Ақтөбе,,,35-44,,6.6
2016,пайыз,Ақтөбе,,,35-44,,7.0
2017,пайыз,Ақтөбе,,,35-44,,6.4
2018,пайыз,Ақтөбе,,,35-44,,5.4
2010,пайыз,Ақтөбе,,,45-54,,8.4
2011,пайыз,Ақтөбе,,,45-54,,6.1
2012,пайыз,Ақтөбе,,,45-54,,6.4
2013,пайыз,Ақтөбе,,,45-54,,6.5
2014,пайыз,Ақтөбе,,,45-54,,6.1
2015,пайыз,Ақтөбе,,,45-54,,5.3
2016,пайыз,Ақтөбе,,,45-54,,6.8
2017,пайыз,Ақтөбе,,,45-54,,8.1
2018,пайыз,Ақтөбе,,,45-54,,7.7
2010,пайыз,Ақтөбе,,,55-64,,5.3
2011,пайыз,Ақтөбе,,,55-64,,5.4
2012,пайыз,Ақтөбе,,,55-64,,8.3
2013,пайыз,Ақтөбе,,,55-64,,8.3
2014,пайыз,Ақтөбе,,,55-64,,9.2
2015,пайыз,Ақтөбе,,,55-64,,6.6
2016,пайыз,Ақтөбе,,,55-64,,5.6
2017,пайыз,Ақтөбе,,,55-64,,7.2
2018,пайыз,Ақтөбе,,,55-64,,4.6
2010,пайыз,Ақтөбе,,,65 және одан үлкен,,0.0
2011,пайыз,Ақтөбе,,,65 және одан үлкен,,10.7
2012,пайыз,Ақтөбе,,,65 және одан үлкен,,0.0
2013,пайыз,Ақтөбе,,,65 және одан үлкен,,0.0
2014,пайыз,Ақтөбе,,,65 және одан үлкен,,0.0
2015,пайыз,Ақтөбе,,,65 және одан үлкен,,18.0
2016,пайыз,Ақтөбе,,,65 және одан үлкен,,0.0
2017,пайыз,Ақтөбе,,,65 және одан үлкен,,0.0
2018,пайыз,Ақтөбе,,,65 және одан үлкен,,31.1
2010,пайыз,Алматы,,,16-24,,4.4
2011,пайыз,Алматы,,,16-24,,1.5
2012,пайыз,Алматы,,,16-24,,3.2
2013,пайыз,Алматы,,,16-24,,2.5
2014,пайыз,Алматы,,,16-24,,3.3
2015,пайыз,Алматы,,,16-24,,4.1
2016,пайыз,Алматы,,,16-24,,3.6
2017,пайыз,Алматы,,,16-24,,5.5
2018,пайыз,Алматы,,,16-24,,5.6
2010,пайыз,Алматы,,,25-28,,5.2
2011,пайыз,Алматы,,,25-28,,4.3
2012,пайыз,Алматы,,,25-28,,2.8
2013,пайыз,Алматы,,,25-28,,1.1
2014,пайыз,Алматы,,,25-28,,3.3
2015,пайыз,Алматы,,,25-28,,3.8
2016,пайыз,Алматы,,,25-28,,5.9
2017,пайыз,Алматы,,,25-28,,4.1
2018,пайыз,Алматы,,,25-28,,4.3
2010,пайыз,Алматы,,,29-34,,3.8
2011,пайыз,Алматы,,,29-34,,3.7
2012,пайыз,Алматы,,,29-34,,2.5
2013,пайыз,Алматы,,,29-34,,0.9
2014,пайыз,Алматы,,,29-34,,5.2
2015,пайыз,Алматы,,,29-34,,4.6
2016,пайыз,Алматы,,,29-34,,5.1
2017,пайыз,Алматы,,,29-34,,3.9
2018,пайыз,Алматы,,,29-34,,5.6
2010,пайыз,Алматы,,,35-44,,4.4
2011,пайыз,Алматы,,,35-44,,4.3
2012,пайыз,Алматы,,,35-44,,3.7
2013,пайыз,Алматы,,,35-44,,4.1
2014,пайыз,Алматы,,,35-44,,4.2
2015,пайыз,Алматы,,,35-44,,5.1
2016,пайыз,Алматы,,,35-44,,4.2
2017,пайыз,Алматы,,,35-44,,6.6
2018,пайыз,Алматы,,,35-44,,6.0
2010,пайыз,Алматы,,,45-54,,5.5
2011,пайыз,Алматы,,,45-54,,3.9
2012,пайыз,Алматы,,,45-54,,4.7
2013,пайыз,Алматы,,,45-54,,5.9
2014,пайыз,Алматы,,,45-54,,4.3
2015,пайыз,Алматы,,,45-54,,4.8
2016,пайыз,Алматы,,,45-54,,4.9
2017,пайыз,Алматы,,,45-54,,6.9
2018,пайыз,Алматы,,,45-54,,5.6
2010,пайыз,Алматы,,,55-64,,4.1
2011,пайыз,Алматы,,,55-64,,2.9
2012,пайыз,Алматы,,,55-64,,4.7
2013,пайыз,Алматы,,,55-64,,4.6
2014,пайыз,Алматы,,,55-64,,3.6
2015,пайыз,Алматы,,,55-64,,4.9
2016,пайыз,Алматы,,,55-64,,3.5
2017,пайыз,Алматы,,,55-64,,5.3
2018,пайыз,Алматы,,,55-64,,3.1
2010,пайыз,Алматы,,,65 және одан үлкен,,4.9
2011,пайыз,Алматы,,,65 және одан үлкен,,1.3
2012,пайыз,Алматы,,,65 және одан үлкен,,3.1
2013,пайыз,Алматы,,,65 және одан үлкен,,2.2
2014,пайыз,Алматы,,,65 және одан үлкен,,4.6
2015,пайыз,Алматы,,,65 және одан үлкен,,3.4
2016,пайыз,Алматы,,,65 және одан үлкен,,2.8
2017,пайыз,Алматы,,,65 және одан үлкен,,1.3
2018,пайыз,Алматы,,,65 және одан үлкен,,1.1
2010,пайыз,Атырау,,,16-24,,1.6
2011,пайыз,Атырау,,,16-24,,1.9
2012,пайыз,Атырау,,,16-24,,4.0
2013,пайыз,Атырау,,,16-24,,4.3
2014,пайыз,Атырау,,,16-24,,3.4
2015,пайыз,Атырау,,,16-24,,7.6
2016,пайыз,Атырау,,,16-24,,4.5
2017,пайыз,Атырау,,,16-24,,4.2
2018,пайыз,Атырау,,,16-24,,4.0
2010,пайыз,Атырау,,,25-28,,5.3
2011,пайыз,Атырау,,,25-28,,5.0
2012,пайыз,Атырау,,,25-28,,5.0
2013,пайыз,Атырау,,,25-28,,6.2
2014,пайыз,Атырау,,,25-28,,4.3
2015,пайыз,Атырау,,,25-28,,4.3
2016,пайыз,Атырау,,,25-28,,3.5
2017,пайыз,Атырау,,,25-28,,5.1
2018,пайыз,Атырау,,,25-28,,2.1
2010,пайыз,Атырау,,,29-34,,2.4
2011,пайыз,Атырау,,,29-34,,2.8
2012,пайыз,Атырау,,,29-34,,4.2
2013,пайыз,Атырау,,,29-34,,5.5
2014,пайыз,Атырау,,,29-34,,3.6
2015,пайыз,Атырау,,,29-34,,8.2
2016,пайыз,Атырау,,,29-34,,4.2
2017,пайыз,Атырау,,,29-34,,3.6
2018,пайыз,Атырау,,,29-34,,5.9
2010,пайыз,Атырау,,,35-44,,4.4
2011,пайыз,Атырау,,,35-44,,4.0
2012,пайыз,Атырау,,,35-44,,8.2
2013,пайыз,Атырау,,,35-44,,6.9
2014,пайыз,Атырау,,,35-44,,3.8
2015,пайыз,Атырау,,,35-44,,3.5
2016,пайыз,Атырау,,,35-44,,4.8
2017,пайыз,Атырау,,,35-44,,3.0
2018,пайыз,Атырау,,,35-44,,2.4
2010,пайыз,Атырау,,,45-54,,5.7
2011,пайыз,Атырау,,,45-54,,4.7
2012,пайыз,Атырау,,,45-54,,5.1
2013,пайыз,Атырау,,,45-54,,5.0
2014,пайыз,Атырау,,,45-54,,3.6
2015,пайыз,Атырау,,,45-54,,3.8
2016,пайыз,Атырау,,,45-54,,4.6
2017,пайыз,Атырау,,,45-54,,3.3
2018,пайыз,Атырау,,,45-54,,4.7
2010,пайыз,Атырау,,,55-64,,7.9
2011,пайыз,Атырау,,,55-64,,4.5
2012,пайыз,Атырау,,,55-64,,3.9
2013,пайыз,Атырау,,,55-64,,9.6
2014,пайыз,Атырау,,,55-64,,4.9
2015,пайыз,Атырау,,,55-64,,2.9
2016,пайыз,Атырау,,,55-64,,3.6
2017,пайыз,Атырау,,,55-64,,5.5
2018,пайыз,Атырау,,,55-64,,3.9
2010,пайыз,Атырау,,,65 және одан үлкен,,14.2
2011,пайыз,Атырау,,,65 және одан үлкен,,3.9
2012,пайыз,Атырау,,,65 және одан үлкен,,59.4
2013,пайыз,Атырау,,,65 және одан үлкен,,38.6
2014,пайыз,Атырау,,,65 және одан үлкен,,0.0
2015,пайыз,Атырау,,,65 және одан үлкен,,0.0
2016,пайыз,Атырау,,,65 және одан үлкен,,0.0
2017,пайыз,Атырау,,,65 және одан үлкен,,0.0
2018,пайыз,Атырау,,,65 және одан үлкен,,0.0
2010,пайыз,Батыс Қазақстан,,,16-24,,3.9
2011,пайыз,Батыс Қазақстан,,,16-24,,3.2
2012,пайыз,Батыс Қазақстан,,,16-24,,2.4
2013,пайыз,Батыс Қазақстан,,,16-24,,2.1
2014,пайыз,Батыс Қазақстан,,,16-24,,4.1
2015,пайыз,Батыс Қазақстан,,,16-24,,3.4
2016,пайыз,Батыс Қазақстан,,,16-24,,4.6
2017,пайыз,Батыс Қазақстан,,,16-24,,4.2
2018,пайыз,Батыс Қазақстан,,,16-24,,5.6
2010,пайыз,Батыс Қазақстан,,,25-28,,2.8
2011,пайыз,Батыс Қазақстан,,,25-28,,3.1
2012,пайыз,Батыс Қазақстан,,,25-28,,5.8
2013,пайыз,Батыс Қазақстан,,,25-28,,8.7
2014,пайыз,Батыс Қазақстан,,,25-28,,4.0
2015,пайыз,Батыс Қазақстан,,,25-28,,4.6
2016,пайыз,Батыс Қазақстан,,,25-28,,6.5
2017,пайыз,Батыс Қазақстан,,,25-28,,4.5
2018,пайыз,Батыс Қазақстан,,,25-28,,6.6
2010,пайыз,Батыс Қазақстан,,,29-34,,4.5
2011,пайыз,Батыс Қазақстан,,,29-34,,6.9
2012,пайыз,Батыс Қазақстан,,,29-34,,3.4
2013,пайыз,Батыс Қазақстан,,,29-34,,5.5
2014,пайыз,Батыс Қазақстан,,,29-34,,2.1
2015,пайыз,Батыс Қазақстан,,,29-34,,3.9
2016,пайыз,Батыс Қазақстан,,,29-34,,4.1
2017,пайыз,Батыс Қазақстан,,,29-34,,5.0
2018,пайыз,Батыс Қазақстан,,,29-34,,4.4
2010,пайыз,Батыс Қазақстан,,,35-44,,4.4
2011,пайыз,Батыс Қазақстан,,,35-44,,3.6
2012,пайыз,Батыс Қазақстан,,,35-44,,3.4
2013,пайыз,Батыс Қазақстан,,,35-44,,3.6
2014,пайыз,Батыс Қазақстан,,,35-44,,5.5
2015,пайыз,Батыс Қазақстан,,,35-44,,4.8
2016,пайыз,Батыс Қазақстан,,,35-44,,6.3
2017,пайыз,Батыс Қазақстан,,,35-44,,5.1
2018,пайыз,Батыс Қазақстан,,,35-44,,5.5
2010,пайыз,Батыс Қазақстан,,,45-54,,2.6
2011,пайыз,Батыс Қазақстан,,,45-54,,2.4
2012,пайыз,Батыс Қазақстан,,,45-54,,4.3
2013,пайыз,Батыс Қазақстан,,,45-54,,4.1
2014,пайыз,Батыс Қазақстан,,,45-54,,4.7
2015,пайыз,Батыс Қазақстан,,,45-54,,4.2
2016,пайыз,Батыс Қазақстан,,,45-54,,3.8
2017,пайыз,Батыс Қазақстан,,,45-54,,5.0
2018,пайыз,Батыс Қазақстан,,,45-54,,4.3
2010,пайыз,Батыс Қазақстан,,,55-64,,3.1
2011,пайыз,Батыс Қазақстан,,,55-64,,2.8
2012,пайыз,Батыс Қазақстан,,,55-64,,5.4
2013,пайыз,Батыс Қазақстан,,,55-64,,5.3
2014,пайыз,Батыс Қазақстан,,,55-64,,8.0
2015,пайыз,Батыс Қазақстан,,,55-64,,7.2
2016,пайыз,Батыс Қазақстан,,,55-64,,7.5
2017,пайыз,Батыс Қазақстан,,,55-64,,7.4
2018,пайыз,Батыс Қазақстан,,,55-64,,5.2
2010,пайыз,Батыс Қазақстан,,,65 және одан үлкен,,0.0
2011,пайыз,Батыс Қазақстан,,,65 және одан үлкен,,0.0
2012,пайыз,Батыс Қазақстан,,,65 және одан үлкен,,0.0
2013,пайыз,Батыс Қазақстан,,,65 және одан үлкен,,0.0
2014,пайыз,Батыс Қазақстан,,,65 және одан үлкен,,0.0
2015,пайыз,Батыс Қазақстан,,,65 және одан үлкен,,0.0
2016,пайыз,Батыс Қазақстан,,,65 және одан үлкен,,0.0
2017,пайыз,Батыс Қазақстан,,,65 және одан үлкен,,0.0
2010,пайыз,Жамбыл,,,16-24,,4.2
2011,пайыз,Жамбыл,,,16-24,,3.5
2012,пайыз,Жамбыл,,,16-24,,4.2
2013,пайыз,Жамбыл,,,16-24,,2.9
2014,пайыз,Жамбыл,,,16-24,,1.5
2015,пайыз,Жамбыл,,,16-24,,2.7
2016,пайыз,Жамбыл,,,16-24,,4.2
2017,пайыз,Жамбыл,,,16-24,,3.6
2018,пайыз,Жамбыл,,,16-24,,3.9
2010,пайыз,Жамбыл,,,25-28,,3.6
2011,пайыз,Жамбыл,,,25-28,,5.3
2012,пайыз,Жамбыл,,,25-28,,3.4
2013,пайыз,Жамбыл,,,25-28,,5.0
2014,пайыз,Жамбыл,,,25-28,,2.4
2015,пайыз,Жамбыл,,,25-28,,2.7
2016,пайыз,Жамбыл,,,25-28,,3.5
2017,пайыз,Жамбыл,,,25-28,,6.3
2018,пайыз,Жамбыл,,,25-28,,4.2
2010,пайыз,Жамбыл,,,29-34,,3.3
2011,пайыз,Жамбыл,,,29-34,,4.7
2012,пайыз,Жамбыл,,,29-34,,4.5
2013,пайыз,Жамбыл,,,29-34,,2.2
2014,пайыз,Жамбыл,,,29-34,,3.0
2015,пайыз,Жамбыл,,,29-34,,2.5
2016,пайыз,Жамбыл,,,29-34,,3.9
2017,пайыз,Жамбыл,,,29-34,,4.6
2018,пайыз,Жамбыл,,,29-34,,5.3
2010,пайыз,Жамбыл,,,35-44,,5.3
2011,пайыз,Жамбыл,,,35-44,,4.1
2012,пайыз,Жамбыл,,,35-44,,3.9
2013,пайыз,Жамбыл,,,35-44,,3.3
2014,пайыз,Жамбыл,,,35-44,,4.1
2015,пайыз,Жамбыл,,,35-44,,2.7
2016,пайыз,Жамбыл,,,35-44,,2.8
2017,пайыз,Жамбыл,,,35-44,,5.7
2018,пайыз,Жамбыл,,,35-44,,5.3
2010,пайыз,Жамбыл,,,45-54,,5.0
2011,пайыз,Жамбыл,,,45-54,,4.8
2012,пайыз,Жамбыл,,,45-54,,6.3
2013,пайыз,Жамбыл,,,45-54,,4.3
2014,пайыз,Жамбыл,,,45-54,,3.8
2015,пайыз,Жамбыл,,,45-54,,5.3
2016,пайыз,Жамбыл,,,45-54,,5.1
2017,пайыз,Жамбыл,,,45-54,,5.1
2018,пайыз,Жамбыл,,,45-54,,5.4
2010,пайыз,Жамбыл,,,55-64,,4.4
2011,пайыз,Жамбыл,,,55-64,,3.6
2012,пайыз,Жамбыл,,,55-64,,3.8
2013,пайыз,Жамбыл,,,55-64,,4.0
2014,пайыз,Жамбыл,,,55-64,,4.4
2015,пайыз,Жамбыл,,,55-64,,4.8
2016,пайыз,Жамбыл,,,55-64,,4.4
2017,пайыз,Жамбыл,,,55-64,,5.2
2018,пайыз,Жамбыл,,,55-64,,5.2
2010,пайыз,Жамбыл,,,65 және одан үлкен,,2.5
2011,пайыз,Жамбыл,,,65 және одан үлкен,,3.3
2012,пайыз,Жамбыл,,,65 және одан үлкен,,4.0
2013,пайыз,Жамбыл,,,65 және одан үлкен,,0.0
2014,пайыз,Жамбыл,,,65 және одан үлкен,,1.4
2015,пайыз,Жамбыл,,,65 және одан үлкен,,2.5
2016,пайыз,Жамбыл,,,65 және одан үлкен,,1.8
2017,пайыз,Жамбыл,,,65 және одан үлкен,,1.0
2018,пайыз,Жамбыл,,,65 және одан үлкен,,0.3
2010,пайыз,Қарағанды,,,16-24,,17.2
2011,пайыз,Қарағанды,,,16-24,,14.5
2012,пайыз,Қарағанды,,,16-24,,15.5
2013,пайыз,Қарағанды,,,16-24,,13.6
2014,пайыз,Қарағанды,,,16-24,,11.8
2015,пайыз,Қарағанды,,,16-24,,8.7
2016,пайыз,Қарағанды,,,16-24,,9.2
2017,пайыз,Қарағанды,,,16-24,,10.2
2018,пайыз,Қарағанды,,,16-24,,10.1
2010,пайыз,Қарағанды,,,25-28,,19.7
2011,пайыз,Қарағанды,,,25-28,,19.4
2012,пайыз,Қарағанды,,,25-28,,16.6
2013,пайыз,Қарағанды,,,25-28,,16.5
2014,пайыз,Қарағанды,,,25-28,,14.2
2015,пайыз,Қарағанды,,,25-28,,12.8
2016,пайыз,Қарағанды,,,25-28,,12.4
2017,пайыз,Қарағанды,,,25-28,,12.0
2018,пайыз,Қарағанды,,,25-28,,13.2
2010,пайыз,Қарағанды,,,29-34,,19.3
2011,пайыз,Қарағанды,,,29-34,,18.5
2012,пайыз,Қарағанды,,,29-34,,18.8
2013,пайыз,Қарағанды,,,29-34,,17.8
2014,пайыз,Қарағанды,,,29-34,,14.2
2015,пайыз,Қарағанды,,,29-34,,14.4
2016,пайыз,Қарағанды,,,29-34,,12.5
2017,пайыз,Қарағанды,,,29-34,,13.0
2018,пайыз,Қарағанды,,,29-34,,13.9
2010,пайыз,Қарағанды,,,35-44,,24.3
2011,пайыз,Қарағанды,,,35-44,,20.3
2012,пайыз,Қарағанды,,,35-44,,20.3
2013,пайыз,Қарағанды,,,35-44,,19.4
2014,пайыз,Қарағанды,,,35-44,,15.9
2015,пайыз,Қарағанды,,,35-44,,15.2
2016,пайыз,Қарағанды,,,35-44,,15.6
2017,пайыз,Қарағанды,,,35-44,,14.5
2018,пайыз,Қарағанды,,,35-44,,14.9
2010,пайыз,Қарағанды,,,45-54,,20.7
2011,пайыз,Қарағанды,,,45-54,,21.5
2012,пайыз,Қарағанды,,,45-54,,15.8
2013,пайыз,Қарағанды,,,45-54,,16.4
2014,пайыз,Қарағанды,,,45-54,,15.6
2015,пайыз,Қарағанды,,,45-54,,17.1
2016,пайыз,Қарағанды,,,45-54,,16.2
2017,пайыз,Қарағанды,,,45-54,,16.4
2018,пайыз,Қарағанды,,,45-54,,14.8
2010,пайыз,Қарағанды,,,55-64,,20.9
2011,пайыз,Қарағанды,,,55-64,,17.7
2012,пайыз,Қарағанды,,,55-64,,18.2
2013,пайыз,Қарағанды,,,55-64,,16.2
2014,пайыз,Қарағанды,,,55-64,,13.5
2015,пайыз,Қарағанды,,,55-64,,15.4
2016,пайыз,Қарағанды,,,55-64,,15.1
2017,пайыз,Қарағанды,,,55-64,,14.8
2018,пайыз,Қарағанды,,,55-64,,13.7
2010,пайыз,Қарағанды,,,65 және одан үлкен,,2.7
2011,пайыз,Қарағанды,,,65 және одан үлкен,,6.2
2012,пайыз,Қарағанды,,,65 және одан үлкен,,5.9
2013,пайыз,Қарағанды,,,65 және одан үлкен,,4.3
2014,пайыз,Қарағанды,,,65 және одан үлкен,,7.0
2015,пайыз,Қарағанды,,,65 және одан үлкен,,6.4
2016,пайыз,Қарағанды,,,65 және одан үлкен,,17.3
2017,пайыз,Қарағанды,,,65 және одан үлкен,,8.2
2018,пайыз,Қарағанды,,,65 және одан үлкен,,3.9
2010,пайыз,Қостанай,,,16-24,,5.5
2011,пайыз,Қостанай,,,16-24,,3.7
2012,пайыз,Қостанай,,,16-24,,3.2
2013,пайыз,Қостанай,,,16-24,,5.0
2014,пайыз,Қостанай,,,16-24,,4.2
2015,пайыз,Қостанай,,,16-24,,5.1
2016,пайыз,Қостанай,,,16-24,,6.1
2017,пайыз,Қостанай,,,16-24,,5.5
2018,пайыз,Қостанай,,,16-24,,4.4
2010,пайыз,Қостанай,,,25-28,,2.7
2011,пайыз,Қостанай,,,25-28,,4.7
2012,пайыз,Қостанай,,,25-28,,5.5
2013,пайыз,Қостанай,,,25-28,,6.0
2014,пайыз,Қостанай,,,25-28,,5.3
2015,пайыз,Қостанай,,,25-28,,4.2
2016,пайыз,Қостанай,,,25-28,,4.5
2017,пайыз,Қостанай,,,25-28,,4.5
2018,пайыз,Қостанай,,,25-28,,5.4
2010,пайыз,Қостанай,,,29-34,,4.8
2011,пайыз,Қостанай,,,29-34,,5.4
2012,пайыз,Қостанай,,,29-34,,5.3
2013,пайыз,Қостанай,,,29-34,,3.6
2014,пайыз,Қостанай,,,29-34,,4.8
2015,пайыз,Қостанай,,,29-34,,6.1
2016,пайыз,Қостанай,,,29-34,,5.7
2017,пайыз,Қостанай,,,29-34,,6.3
2018,пайыз,Қостанай,,,29-34,,6.6
2010,пайыз,Қостанай,,,35-44,,5.4
2011,пайыз,Қостанай,,,35-44,,5.4
2012,пайыз,Қостанай,,,35-44,,4.5
2013,пайыз,Қостанай,,,35-44,,5.0
2014,пайыз,Қостанай,,,35-44,,5.6
2015,пайыз,Қостанай,,,35-44,,4.5
2016,пайыз,Қостанай,,,35-44,,4.2
2017,пайыз,Қостанай,,,35-44,,4.9
2018,пайыз,Қостанай,,,35-44,,5.9
2010,пайыз,Қостанай,,,45-54,,3.8
2011,пайыз,Қостанай,,,45-54,,5.2
2012,пайыз,Қостанай,,,45-54,,5.4
2013,пайыз,Қостанай,,,45-54,,4.8
2014,пайыз,Қостанай,,,45-54,,3.8
2015,пайыз,Қостанай,,,45-54,,4.6
2016,пайыз,Қостанай,,,45-54,,4.4
2017,пайыз,Қостанай,,,45-54,,4.2
2018,пайыз,Қостанай,,,45-54,,4.5
2010,пайыз,Қостанай,,,55-64,,4.4
2011,пайыз,Қостанай,,,55-64,,3.0
2012,пайыз,Қостанай,,,55-64,,3.3
2013,пайыз,Қостанай,,,55-64,,4.5
2014,пайыз,Қостанай,,,55-64,,2.9
2015,пайыз,Қостанай,,,55-64,,3.9
2016,пайыз,Қостанай,,,55-64,,4.1
2017,пайыз,Қостанай,,,55-64,,4.1
2018,пайыз,Қостанай,,,55-64,,3.8
2010,пайыз,Қостанай,,,65 және одан үлкен,,0.0
2011,пайыз,Қостанай,,,65 және одан үлкен,,0.7
2012,пайыз,Қостанай,,,65 және одан үлкен,,3.2
2013,пайыз,Қостанай,,,65 және одан үлкен,,0.0
2014,пайыз,Қостанай,,,65 және одан үлкен,,2.8
2015,пайыз,Қостанай,,,65 және одан үлкен,,1.2
2016,пайыз,Қостанай,,,65 және одан үлкен,,0.0
2017,пайыз,Қостанай,,,65 және одан үлкен,,0.6
2018,пайыз,Қостанай,,,65 және одан үлкен,,0.2
2010,пайыз,Қызылорда,,,16-24,,2.8
2011,пайыз,Қызылорда,,,16-24,,2.5
2012,пайыз,Қызылорда,,,16-24,,2.2
2013,пайыз,Қызылорда,,,16-24,,1.3
2014,пайыз,Қызылорда,,,16-24,,5.3
2015,пайыз,Қызылорда,,,16-24,,4.0
2016,пайыз,Қызылорда,,,16-24,,4.5
2017,пайыз,Қызылорда,,,16-24,,4.7
2018,пайыз,Қызылорда,,,16-24,,3.9
2010,пайыз,Қызылорда,,,25-28,,5.4
2011,пайыз,Қызылорда,,,25-28,,4.8
2012,пайыз,Қызылорда,,,25-28,,3.9
2013,пайыз,Қызылорда,,,25-28,,3.1
2014,пайыз,Қызылорда,,,25-28,,1.6
2015,пайыз,Қызылорда,,,25-28,,2.0
2016,пайыз,Қызылорда,,,25-28,,4.3
2017,пайыз,Қызылорда,,,25-28,,3.5
2018,пайыз,Қызылорда,,,25-28,,3.5
2010,пайыз,Қызылорда,,,29-34,,4.9
2011,пайыз,Қызылорда,,,29-34,,4.7
2012,пайыз,Қызылорда,,,29-34,,3.3
2013,пайыз,Қызылорда,,,29-34,,2.7
2014,пайыз,Қызылорда,,,29-34,,2.8
2015,пайыз,Қызылорда,,,29-34,,3.1
2016,пайыз,Қызылорда,,,29-34,,3.6
2017,пайыз,Қызылорда,,,29-34,,3.8
2018,пайыз,Қызылорда,,,29-34,,4.0
2010,пайыз,Қызылорда,,,35-44,,5.8
2011,пайыз,Қызылорда,,,35-44,,3.9
2012,пайыз,Қызылорда,,,35-44,,4.0
2013,пайыз,Қызылорда,,,35-44,,2.5
2014,пайыз,Қызылорда,,,35-44,,2.6
2015,пайыз,Қызылорда,,,35-44,,3.6
2016,пайыз,Қызылорда,,,35-44,,3.3
2017,пайыз,Қызылорда,,,35-44,,3.2
2018,пайыз,Қызылорда,,,35-44,,3.1
2010,пайыз,Қызылорда,,,45-54,,6.3
2011,пайыз,Қызылорда,,,45-54,,6.0
2012,пайыз,Қызылорда,,,45-54,,3.1
2013,пайыз,Қызылорда,,,45-54,,2.8
2014,пайыз,Қызылорда,,,45-54,,4.3
2015,пайыз,Қызылорда,,,45-54,,3.3
2016,пайыз,Қызылорда,,,45-54,,4.8
2017,пайыз,Қызылорда,,,45-54,,3.3
2018,пайыз,Қызылорда,,,45-54,,3.3
2010,пайыз,Қызылорда,,,55-64,,2.4
2011,пайыз,Қызылорда,,,55-64,,2.0
2012,пайыз,Қызылорда,,,55-64,,1.8
2013,пайыз,Қызылорда,,,55-64,,2.3
2014,пайыз,Қызылорда,,,55-64,,3.1
2015,пайыз,Қызылорда,,,55-64,,1.9
2016,пайыз,Қызылорда,,,55-64,,2.9
2017,пайыз,Қызылорда,,,55-64,,4.8
2018,пайыз,Қызылорда,,,55-64,,4.6
2010,пайыз,Қызылорда,,,65 және одан үлкен,,0.0
2011,пайыз,Қызылорда,,,65 және одан үлкен,,0.0
2012,пайыз,Қызылорда,,,65 және одан үлкен,,0.0
2013,пайыз,Қызылорда,,,65 және одан үлкен,,0.0
2014,пайыз,Қызылорда,,,65 және одан үлкен,,0.0
2015,пайыз,Қызылорда,,,65 және одан үлкен,,0.0
2016,пайыз,Қызылорда,,,65 және одан үлкен,,0.0
2017,пайыз,Қызылорда,,,65 және одан үлкен,,0.0
2010,пайыз,Маңғыстау,,,16-24,,7.0
2011,пайыз,Маңғыстау,,,16-24,,3.2
2012,пайыз,Маңғыстау,,,16-24,,3.7
2013,пайыз,Маңғыстау,,,16-24,,2.8
2014,пайыз,Маңғыстау,,,16-24,,5.6
2015,пайыз,Маңғыстау,,,16-24,,5.9
2016,пайыз,Маңғыстау,,,16-24,,3.7
2017,пайыз,Маңғыстау,,,16-24,,3.8
2018,пайыз,Маңғыстау,,,16-24,,3.6
2010,пайыз,Маңғыстау,,,25-28,,6.2
2011,пайыз,Маңғыстау,,,25-28,,8.1
2012,пайыз,Маңғыстау,,,25-28,,8.7
2013,пайыз,Маңғыстау,,,25-28,,9.1
2014,пайыз,Маңғыстау,,,25-28,,6.5
2015,пайыз,Маңғыстау,,,25-28,,5.2
2016,пайыз,Маңғыстау,,,25-28,,6.4
2017,пайыз,Маңғыстау,,,25-28,,5.0
2018,пайыз,Маңғыстау,,,25-28,,3.8
2010,пайыз,Маңғыстау,,,29-34,,4.3
2011,пайыз,Маңғыстау,,,29-34,,7.1
2012,пайыз,Маңғыстау,,,29-34,,8.0
2013,пайыз,Маңғыстау,,,29-34,,4.9
2014,пайыз,Маңғыстау,,,29-34,,5.6
2015,пайыз,Маңғыстау,,,29-34,,6.5
2016,пайыз,Маңғыстау,,,29-34,,7.8
2017,пайыз,Маңғыстау,,,29-34,,6.4
2018,пайыз,Маңғыстау,,,29-34,,4.8
2010,пайыз,Маңғыстау,,,35-44,,4.4
2011,пайыз,Маңғыстау,,,35-44,,7.1
2012,пайыз,Маңғыстау,,,35-44,,6.0
2013,пайыз,Маңғыстау,,,35-44,,4.9
2014,пайыз,Маңғыстау,,,35-44,,5.2
2015,пайыз,Маңғыстау,,,35-44,,7.5
2016,пайыз,Маңғыстау,,,35-44,,7.2
2017,пайыз,Маңғыстау,,,35-44,,6.3
2018,пайыз,Маңғыстау,,,35-44,,7.2
2010,пайыз,Маңғыстау,,,45-54,,3.4
2011,пайыз,Маңғыстау,,,45-54,,7.0
2012,пайыз,Маңғыстау,,,45-54,,4.0
2013,пайыз,Маңғыстау,,,45-54,,4.8
2014,пайыз,Маңғыстау,,,45-54,,6.1
2015,пайыз,Маңғыстау,,,45-54,,7.1
2016,пайыз,Маңғыстау,,,45-54,,7.9
2017,пайыз,Маңғыстау,,,45-54,,7.3
2018,пайыз,Маңғыстау,,,45-54,,7.1
2010,пайыз,Маңғыстау,,,55-64,,3.2
2011,пайыз,Маңғыстау,,,55-64,,12.9
2012,пайыз,Маңғыстау,,,55-64,,5.9
2013,пайыз,Маңғыстау,,,55-64,,5.8
2014,пайыз,Маңғыстау,,,55-64,,6.7
2015,пайыз,Маңғыстау,,,55-64,,6.7
2016,пайыз,Маңғыстау,,,55-64,,6.2
2017,пайыз,Маңғыстау,,,55-64,,5.5
2018,пайыз,Маңғыстау,,,55-64,,8.6
2010,пайыз,Маңғыстау,,,65 және одан үлкен,,7.7
2011,пайыз,Маңғыстау,,,65 және одан үлкен,,7.0
2012,пайыз,Маңғыстау,,,65 және одан үлкен,,3.9
2013,пайыз,Маңғыстау,,,65 және одан үлкен,,12.1
2014,пайыз,Маңғыстау,,,65 және одан үлкен,,0.0
2015,пайыз,Маңғыстау,,,65 және одан үлкен,,0.0
2016,пайыз,Маңғыстау,,,65 және одан үлкен,,18.2
2017,пайыз,Маңғыстау,,,65 және одан үлкен,,0.0
2010,пайыз,Оңтүстік Қазақстан,,,16-24,,2.7
2011,пайыз,Оңтүстік Қазақстан,,,16-24,,2.6
2012,пайыз,Оңтүстік Қазақстан,,,16-24,,2.3
2013,пайыз,Оңтүстік Қазақстан,,,16-24,,2.7
2014,пайыз,Оңтүстік Қазақстан,,,16-24,,3.8
2015,пайыз,Оңтүстік Қазақстан,,,16-24,,1.9
2016,пайыз,Оңтүстік Қазақстан,,,16-24,,3.0
2017,пайыз,Оңтүстік Қазақстан,,,16-24,,2.3
2010,пайыз,Оңтүстік Қазақстан,,,25-28,,3.3
2011,пайыз,Оңтүстік Қазақстан,,,25-28,,1.8
2012,пайыз,Оңтүстік Қазақстан,,,25-28,,3.3
2013,пайыз,Оңтүстік Қазақстан,,,25-28,,3.2
2014,пайыз,Оңтүстік Қазақстан,,,25-28,,5.2
2015,пайыз,Оңтүстік Қазақстан,,,25-28,,3.9
2016,пайыз,Оңтүстік Қазақстан,,,25-28,,3.6
2017,пайыз,Оңтүстік Қазақстан,,,25-28,,3.9
2010,пайыз,Оңтүстік Қазақстан,,,29-34,,2.8
2011,пайыз,Оңтүстік Қазақстан,,,29-34,,1.8
2012,пайыз,Оңтүстік Қазақстан,,,29-34,,1.4
2013,пайыз,Оңтүстік Қазақстан,,,29-34,,1.8
2014,пайыз,Оңтүстік Қазақстан,,,29-34,,4.3
2015,пайыз,Оңтүстік Қазақстан,,,29-34,,3.3
2016,пайыз,Оңтүстік Қазақстан,,,29-34,,2.8
2017,пайыз,Оңтүстік Қазақстан,,,29-34,,3.6
2010,пайыз,Оңтүстік Қазақстан,,,35-44,,3.1
2011,пайыз,Оңтүстік Қазақстан,,,35-44,,2.8
2012,пайыз,Оңтүстік Қазақстан,,,35-44,,1.7
2013,пайыз,Оңтүстік Қазақстан,,,35-44,,2.4
2014,пайыз,Оңтүстік Қазақстан,,,35-44,,4.4
2015,пайыз,Оңтүстік Қазақстан,,,35-44,,3.9
2016,пайыз,Оңтүстік Қазақстан,,,35-44,,3.4
2017,пайыз,Оңтүстік Қазақстан,,,35-44,,4.2
2010,пайыз,Оңтүстік Қазақстан,,,45-54,,2.5
2011,пайыз,Оңтүстік Қазақстан,,,45-54,,3.7
2012,пайыз,Оңтүстік Қазақстан,,,45-54,,4.1
2013,пайыз,Оңтүстік Қазақстан,,,45-54,,4.0
2014,пайыз,Оңтүстік Қазақстан,,,45-54,,4.0
2015,пайыз,Оңтүстік Қазақстан,,,45-54,,3.4
2016,пайыз,Оңтүстік Қазақстан,,,45-54,,4.1
2017,пайыз,Оңтүстік Қазақстан,,,45-54,,3.5
2010,пайыз,Оңтүстік Қазақстан,,,55-64,,3.1
2011,пайыз,Оңтүстік Қазақстан,,,55-64,,3.6
2012,пайыз,Оңтүстік Қазақстан,,,55-64,,3.6
2013,пайыз,Оңтүстік Қазақстан,,,55-64,,3.9
2014,пайыз,Оңтүстік Қазақстан,,,55-64,,5.4
2015,пайыз,Оңтүстік Қазақстан,,,55-64,,6.5
2016,пайыз,Оңтүстік Қазақстан,,,55-64,,4.3
2017,пайыз,Оңтүстік Қазақстан,,,55-64,,4.0
2010,пайыз,Оңтүстік Қазақстан,,,65 және одан үлкен,,0.0
2011,пайыз,Оңтүстік Қазақстан,,,65 және одан үлкен,,2.2
2012,пайыз,Оңтүстік Қазақстан,,,65 және одан үлкен,,0.0
2013,пайыз,Оңтүстік Қазақстан,,,65 және одан үлкен,,0.0
2014,пайыз,Оңтүстік Қазақстан,,,65 және одан үлкен,,0.0
2015,пайыз,Оңтүстік Қазақстан,,,65 және одан үлкен,,0.0
2016,пайыз,Оңтүстік Қазақстан,,,65 және одан үлкен,,3.2
2017,пайыз,Оңтүстік Қазақстан,,,65 және одан үлкен,,0.0
2010,пайыз,Павлодар,,,16-24,,10.7
2011,пайыз,Павлодар,,,16-24,,13.5
2012,пайыз,Павлодар,,,16-24,,15.9
2013,пайыз,Павлодар,,,16-24,,15.8
2014,пайыз,Павлодар,,,16-24,,8.5
2015,пайыз,Павлодар,,,16-24,,11.7
2016,пайыз,Павлодар,,,16-24,,12.3
2017,пайыз,Павлодар,,,16-24,,15.9
2018,пайыз,Павлодар,,,16-24,,14.8
2010,пайыз,Павлодар,,,25-28,,12.6
2011,пайыз,Павлодар,,,25-28,,11.8
2012,пайыз,Павлодар,,,25-28,,13.9
2013,пайыз,Павлодар,,,25-28,,14.6
2014,пайыз,Павлодар,,,25-28,,16.4
2015,пайыз,Павлодар,,,25-28,,15.5
2016,пайыз,Павлодар,,,25-28,,17.6
2017,пайыз,Павлодар,,,25-28,,15.2
2018,пайыз,Павлодар,,,25-28,,16.6
2010,пайыз,Павлодар,,,29-34,,13.2
2011,пайыз,Павлодар,,,29-34,,13.7
2012,пайыз,Павлодар,,,29-34,,15.0
2013,пайыз,Павлодар,,,29-34,,14.4
2014,пайыз,Павлодар,,,29-34,,13.0
2015,пайыз,Павлодар,,,29-34,,16.2
2016,пайыз,Павлодар,,,29-34,,16.7
2017,пайыз,Павлодар,,,29-34,,16.2
2018,пайыз,Павлодар,,,29-34,,16.5
2010,пайыз,Павлодар,,,35-44,,15.5
2011,пайыз,Павлодар,,,35-44,,14.6
2012,пайыз,Павлодар,,,35-44,,14.4
2013,пайыз,Павлодар,,,35-44,,16.2
2014,пайыз,Павлодар,,,35-44,,14.3
2015,пайыз,Павлодар,,,35-44,,15.5
2016,пайыз,Павлодар,,,35-44,,15.1
2017,пайыз,Павлодар,,,35-44,,16.0
2018,пайыз,Павлодар,,,35-44,,16.6
2010,пайыз,Павлодар,,,45-54,,15.1
2011,пайыз,Павлодар,,,45-54,,15.4
2012,пайыз,Павлодар,,,45-54,,13.7
2013,пайыз,Павлодар,,,45-54,,12.6
2014,пайыз,Павлодар,,,45-54,,15.9
2015,пайыз,Павлодар,,,45-54,,14.1
2016,пайыз,Павлодар,,,45-54,,13.8
2017,пайыз,Павлодар,,,45-54,,14.7
2018,пайыз,Павлодар,,,45-54,,14.4
2010,пайыз,Павлодар,,,55-64,,10.4
2011,пайыз,Павлодар,,,55-64,,10.9
2012,пайыз,Павлодар,,,55-64,,9.0
2013,пайыз,Павлодар,,,55-64,,8.2
2014,пайыз,Павлодар,,,55-64,,13.3
2015,пайыз,Павлодар,,,55-64,,9.8
2016,пайыз,Павлодар,,,55-64,,12.1
2017,пайыз,Павлодар,,,55-64,,10.7
2018,пайыз,Павлодар,,,55-64,,10.4
2010,пайыз,Павлодар,,,65 және одан үлкен,,0.0
2011,пайыз,Павлодар,,,65 және одан үлкен,,0.0
2012,пайыз,Павлодар,,,65 және одан үлкен,,0.7
2013,пайыз,Павлодар,,,65 және одан үлкен,,0.9
2014,пайыз,Павлодар,,,65 және одан үлкен,,0.0
2015,пайыз,Павлодар,,,65 және одан үлкен,,0.0
2016,пайыз,Павлодар,,,65 және одан үлкен,,0.0
2017,пайыз,Павлодар,,,65 және одан үлкен,,0.0
2010,пайыз,Солтүстік Қазақстан,,,16-24,,1.4
2011,пайыз,Солтүстік Қазақстан,,,16-24,,3.1
2012,пайыз,Солтүстік Қазақстан,,,16-24,,4.0
2013,пайыз,Солтүстік Қазақстан,,,16-24,,2.6
2014,пайыз,Солтүстік Қазақстан,,,16-24,,4.2
2015,пайыз,Солтүстік Қазақстан,,,16-24,,4.8
2016,пайыз,Солтүстік Қазақстан,,,16-24,,3.5
2017,пайыз,Солтүстік Қазақстан,,,16-24,,4.4
2018,пайыз,Солтүстік Қазақстан,,,16-24,,3.2
2010,пайыз,Солтүстік Қазақстан,,,25-28,,3.4
2011,пайыз,Солтүстік Қазақстан,,,25-28,,3.7
2012,пайыз,Солтүстік Қазақстан,,,25-28,,3.2
2013,пайыз,Солтүстік Қазақстан,,,25-28,,5.7
2014,пайыз,Солтүстік Қазақстан,,,25-28,,4.0
2015,пайыз,Солтүстік Қазақстан,,,25-28,,3.0
2016,пайыз,Солтүстік Қазақстан,,,25-28,,7.0
2017,пайыз,Солтүстік Қазақстан,,,25-28,,8.3
2018,пайыз,Солтүстік Қазақстан,,,25-28,,6.5
2010,пайыз,Солтүстік Қазақстан,,,29-34,,2.2
2011,пайыз,Солтүстік Қазақстан,,,29-34,,3.9
2012,пайыз,Солтүстік Қазақстан,,,29-34,,3.5
2013,пайыз,Солтүстік Қазақстан,,,29-34,,3.1
2014,пайыз,Солтүстік Қазақстан,,,29-34,,4.8
2015,пайыз,Солтүстік Қазақстан,,,29-34,,4.0
2016,пайыз,Солтүстік Қазақстан,,,29-34,,4.8
2017,пайыз,Солтүстік Қазақстан,,,29-34,,5.7
2018,пайыз,Солтүстік Қазақстан,,,29-34,,5.6
2010,пайыз,Солтүстік Қазақстан,,,35-44,,4.1
2011,пайыз,Солтүстік Қазақстан,,,35-44,,3.3
2012,пайыз,Солтүстік Қазақстан,,,35-44,,3.4
2013,пайыз,Солтүстік Қазақстан,,,35-44,,2.9
2014,пайыз,Солтүстік Қазақстан,,,35-44,,4.5
2015,пайыз,Солтүстік Қазақстан,,,35-44,,5.8
2016,пайыз,Солтүстік Қазақстан,,,35-44,,5.7
2017,пайыз,Солтүстік Қазақстан,,,35-44,,4.7
2018,пайыз,Солтүстік Қазақстан,,,35-44,,6.5
2010,пайыз,Солтүстік Қазақстан,,,45-54,,5.3
2011,пайыз,Солтүстік Қазақстан,,,45-54,,4.9
2012,пайыз,Солтүстік Қазақстан,,,45-54,,5.6
2013,пайыз,Солтүстік Қазақстан,,,45-54,,6.1
2014,пайыз,Солтүстік Қазақстан,,,45-54,,3.6
2015,пайыз,Солтүстік Қазақстан,,,45-54,,4.0
2016,пайыз,Солтүстік Қазақстан,,,45-54,,4.4
2017,пайыз,Солтүстік Қазақстан,,,45-54,,3.5
2018,пайыз,Солтүстік Қазақстан,,,45-54,,4.4
2010,пайыз,Солтүстік Қазақстан,,,55-64,,4.5
2011,пайыз,Солтүстік Қазақстан,,,55-64,,4.5
2012,пайыз,Солтүстік Қазақстан,,,55-64,,4.3
2013,пайыз,Солтүстік Қазақстан,,,55-64,,5.1
2014,пайыз,Солтүстік Қазақстан,,,55-64,,4.6
2015,пайыз,Солтүстік Қазақстан,,,55-64,,4.5
2016,пайыз,Солтүстік Қазақстан,,,55-64,,4.6
2017,пайыз,Солтүстік Қазақстан,,,55-64,,4.1
2018,пайыз,Солтүстік Қазақстан,,,55-64,,4.4
2010,пайыз,Солтүстік Қазақстан,,,65 және одан үлкен,,0.0
2011,пайыз,Солтүстік Қазақстан,,,65 және одан үлкен,,2.1
2012,пайыз,Солтүстік Қазақстан,,,65 және одан үлкен,,0.0
2013,пайыз,Солтүстік Қазақстан,,,65 және одан үлкен,,0.0
2014,пайыз,Солтүстік Қазақстан,,,65 және одан үлкен,,1.7
2015,пайыз,Солтүстік Қазақстан,,,65 және одан үлкен,,0.0
2016,пайыз,Солтүстік Қазақстан,,,65 және одан үлкен,,0.0
2017,пайыз,Солтүстік Қазақстан,,,65 және одан үлкен,,0.0
2018,пайыз,Түркістан,,,16-24,,1.7
2018,пайыз,Түркістан,,,25-28,,1.6
2018,пайыз,Түркістан,,,29-34,,2.1
2018,пайыз,Түркістан,,,35-44,,2.5
2018,пайыз,Түркістан,,,45-54,,2.0
2018,пайыз,Түркістан,,,55-64,,3.0
2010,пайыз,Шығыс Қазақстан,,,16-24,,9.4
2011,пайыз,Шығыс Қазақстан,,,16-24,,7.3
2012,пайыз,Шығыс Қазақстан,,,16-24,,9.1
2013,пайыз,Шығыс Қазақстан,,,16-24,,8.8
2014,пайыз,Шығыс Қазақстан,,,16-24,,7.9
2015,пайыз,Шығыс Қазақстан,,,16-24,,6.9
2016,пайыз,Шығыс Қазақстан,,,16-24,,7.2
2017,пайыз,Шығыс Қазақстан,,,16-24,,6.2
2018,пайыз,Шығыс Қазақстан,,,16-24,,10.8
2010,пайыз,Шығыс Қазақстан,,,25-28,,7.8
2011,пайыз,Шығыс Қазақстан,,,25-28,,12.1
2012,пайыз,Шығыс Қазақстан,,,25-28,,13.0
2013,пайыз,Шығыс Қазақстан,,,25-28,,8.8
2014,пайыз,Шығыс Қазақстан,,,25-28,,10.1
2015,пайыз,Шығыс Қазақстан,,,25-28,,10.6
2016,пайыз,Шығыс Қазақстан,,,25-28,,10.9
2017,пайыз,Шығыс Қазақстан,,,25-28,,11.5
2018,пайыз,Шығыс Қазақстан,,,25-28,,10.5
2010,пайыз,Шығыс Қазақстан,,,29-34,,10.9
2011,пайыз,Шығыс Қазақстан,,,29-34,,8.9
2012,пайыз,Шығыс Қазақстан,,,29-34,,7.4
2013,пайыз,Шығыс Қазақстан,,,29-34,,8.6
2014,пайыз,Шығыс Қазақстан,,,29-34,,9.5
2015,пайыз,Шығыс Қазақстан,,,29-34,,9.9
2016,пайыз,Шығыс Қазақстан,,,29-34,,8.6
2017,пайыз,Шығыс Қазақстан,,,29-34,,10.4
2018,пайыз,Шығыс Қазақстан,,,29-34,,10.9
2010,пайыз,Шығыс Қазақстан,,,35-44,,9.8
2011,пайыз,Шығыс Қазақстан,,,35-44,,8.6
2012,пайыз,Шығыс Қазақстан,,,35-44,,10.2
2013,пайыз,Шығыс Қазақстан,,,35-44,,11.2
2014,пайыз,Шығыс Қазақстан,,,35-44,,10.0
2015,пайыз,Шығыс Қазақстан,,,35-44,,10.5
2016,пайыз,Шығыс Қазақстан,,,35-44,,10.1
2017,пайыз,Шығыс Қазақстан,,,35-44,,10.4
2018,пайыз,Шығыс Қазақстан,,,35-44,,11.0
2010,пайыз,Шығыс Қазақстан,,,45-54,,10.1
2011,пайыз,Шығыс Қазақстан,,,45-54,,8.9
2012,пайыз,Шығыс Қазақстан,,,45-54,,8.7
2013,пайыз,Шығыс Қазақстан,,,45-54,,10.1
2014,пайыз,Шығыс Қазақстан,,,45-54,,10.3
2015,пайыз,Шығыс Қазақстан,,,45-54,,11.9
2016,пайыз,Шығыс Қазақстан,,,45-54,,13.5
2017,пайыз,Шығыс Қазақстан,,,45-54,,10.9
2018,пайыз,Шығыс Қазақстан,,,45-54,,9.4
2010,пайыз,Шығыс Қазақстан,,,55-64,,10.4
2011,пайыз,Шығыс Қазақстан,,,55-64,,11.2
2012,пайыз,Шығыс Қазақстан,,,55-64,,10.9
2013,пайыз,Шығыс Қазақстан,,,55-64,,7.7
2014,пайыз,Шығыс Қазақстан,,,55-64,,9.7
2015,пайыз,Шығыс Қазақстан,,,55-64,,9.1
2016,пайыз,Шығыс Қазақстан,,,55-64,,14.1
2017,пайыз,Шығыс Қазақстан,,,55-64,,11.8
2018,пайыз,Шығыс Қазақстан,,,55-64,,10.7
2010,пайыз,Шығыс Қазақстан,,,65 және одан үлкен,,0.0
2011,пайыз,Шығыс Қазақстан,,,65 және одан үлкен,,0.0
2012,пайыз,Шығыс Қазақстан,,,65 және одан үлкен,,0.0
2013,пайыз,Шығыс Қазақстан,,,65 және одан үлкен,,29.0
2014,пайыз,Шығыс Қазақстан,,,65 және одан үлкен,,0.3
2015,пайыз,Шығыс Қазақстан,,,65 және одан үлкен,,3.2
2016,пайыз,Шығыс Қазақстан,,,65 және одан үлкен,,5.9
2017,пайыз,Шығыс Қазақстан,,,65 және одан үлкен,,11.8
2018,пайыз,Шығыс Қазақстан,,,65 және одан үлкен,,0.9
2010,пайыз,Нұр-Сұлтан қаласы,,,16-24,,0.0
2011,пайыз,Нұр-Сұлтан қаласы,,,16-24,,0.0
2012,пайыз,Нұр-Сұлтан қаласы,,,16-24,,2.6
2013,пайыз,Нұр-Сұлтан қаласы,,,16-24,,3.8
2014,пайыз,Нұр-Сұлтан қаласы,,,16-24,,0.6
2015,пайыз,Нұр-Сұлтан қаласы,,,16-24,,3.7
2016,пайыз,Нұр-Сұлтан қаласы,,,16-24,,4.2
2017,пайыз,Нұр-Сұлтан қаласы,,,16-24,,1.3
2018,пайыз,Нұр-Сұлтан қаласы,,,16-24,,6.5
2010,пайыз,Нұр-Сұлтан қаласы,,,25-28,,2.5
2011,пайыз,Нұр-Сұлтан қаласы,,,25-28,,1.7
2012,пайыз,Нұр-Сұлтан қаласы,,,25-28,,1.8
2013,пайыз,Нұр-Сұлтан қаласы,,,25-28,,2.5
2014,пайыз,Нұр-Сұлтан қаласы,,,25-28,,3.2
2015,пайыз,Нұр-Сұлтан қаласы,,,25-28,,3.8
2016,пайыз,Нұр-Сұлтан қаласы,,,25-28,,4.1
2017,пайыз,Нұр-Сұлтан қаласы,,,25-28,,2.0
2018,пайыз,Нұр-Сұлтан қаласы,,,25-28,,3.5
2010,пайыз,Нұр-Сұлтан қаласы,,,29-34,,2.6
2011,пайыз,Нұр-Сұлтан қаласы,,,29-34,,2.6
2012,пайыз,Нұр-Сұлтан қаласы,,,29-34,,2.9
2013,пайыз,Нұр-Сұлтан қаласы,,,29-34,,4.4
2014,пайыз,Нұр-Сұлтан қаласы,,,29-34,,2.8
2015,пайыз,Нұр-Сұлтан қаласы,,,29-34,,4.0
2016,пайыз,Нұр-Сұлтан қаласы,,,29-34,,4.6
2017,пайыз,Нұр-Сұлтан қаласы,,,29-34,,1.3
2018,пайыз,Нұр-Сұлтан қаласы,,,29-34,,2.8
2010,пайыз,Нұр-Сұлтан қаласы,,,35-44,,3.4
2011,пайыз,Нұр-Сұлтан қаласы,,,35-44,,3.3
2012,пайыз,Нұр-Сұлтан қаласы,,,35-44,,3.9
2013,пайыз,Нұр-Сұлтан қаласы,,,35-44,,2.9
2014,пайыз,Нұр-Сұлтан қаласы,,,35-44,,2.0
2015,пайыз,Нұр-Сұлтан қаласы,,,35-44,,3.7
2016,пайыз,Нұр-Сұлтан қаласы,,,35-44,,3.6
2017,пайыз,Нұр-Сұлтан қаласы,,,35-44,,2.4
2018,пайыз,Нұр-Сұлтан қаласы,,,35-44,,6.2
2010,пайыз,Нұр-Сұлтан қаласы,,,45-54,,2.2
2011,пайыз,Нұр-Сұлтан қаласы,,,45-54,,2.2
2012,пайыз,Нұр-Сұлтан қаласы,,,45-54,,2.4
2013,пайыз,Нұр-Сұлтан қаласы,,,45-54,,1.0
2014,пайыз,Нұр-Сұлтан қаласы,,,45-54,,4.1
2015,пайыз,Нұр-Сұлтан қаласы,,,45-54,,5.0
2016,пайыз,Нұр-Сұлтан қаласы,,,45-54,,3.5
2017,пайыз,Нұр-Сұлтан қаласы,,,45-54,,10.0
2018,пайыз,Нұр-Сұлтан қаласы,,,45-54,,4.8
2010,пайыз,Нұр-Сұлтан қаласы,,,55-64,,2.3
2011,пайыз,Нұр-Сұлтан қаласы,,,55-64,,2.0
2012,пайыз,Нұр-Сұлтан қаласы,,,55-64,,3.7
2013,пайыз,Нұр-Сұлтан қаласы,,,55-64,,5.1
2014,пайыз,Нұр-Сұлтан қаласы,,,55-64,,4.7
2015,пайыз,Нұр-Сұлтан қаласы,,,55-64,,2.8
2016,пайыз,Нұр-Сұлтан қаласы,,,55-64,,3.3
2017,пайыз,Нұр-Сұлтан қаласы,,,55-64,,23.0
2018,пайыз,Нұр-Сұлтан қаласы,,,55-64,,3.7
2010,пайыз,Нұр-Сұлтан қаласы,,,65 және одан үлкен,,0.0
2011,пайыз,Нұр-Сұлтан қаласы,,,65 және одан үлкен,,0.0
2012,пайыз,Нұр-Сұлтан қаласы,,,65 және одан үлкен,,23.2
2013,пайыз,Нұр-Сұлтан қаласы,,,65 және одан үлкен,,32.0
2014,пайыз,Нұр-Сұлтан қаласы,,,65 және одан үлкен,,0.0
2015,пайыз,Нұр-Сұлтан қаласы,,,65 және одан үлкен,,0.0
2016,пайыз,Нұр-Сұлтан қаласы,,,65 және одан үлкен,,1.6
2017,пайыз,Нұр-Сұлтан қаласы,,,65 және одан үлкен,,8.0
2010,пайыз,Алматы қаласы,,,16-24,,5.8
2011,пайыз,Алматы қаласы,,,16-24,,7.8
2012,пайыз,Алматы қаласы,,,16-24,,10.9
2013,пайыз,Алматы қаласы,,,16-24,,9.8
2014,пайыз,Алматы қаласы,,,16-24,,5.8
2015,пайыз,Алматы қаласы,,,16-24,,7.3
2016,пайыз,Алматы қаласы,,,16-24,,8.5
2017,пайыз,Алматы қаласы,,,16-24,,5.8
2018,пайыз,Алматы қаласы,,,16-24,,5.9
2010,пайыз,Алматы қаласы,,,25-28,,7.8
2011,пайыз,Алматы қаласы,,,25-28,,9.7
2012,пайыз,Алматы қаласы,,,25-28,,3.3
2013,пайыз,Алматы қаласы,,,25-28,,7.0
2014,пайыз,Алматы қаласы,,,25-28,,5.8
2015,пайыз,Алматы қаласы,,,25-28,,7.9
2016,пайыз,Алматы қаласы,,,25-28,,5.8
2017,пайыз,Алматы қаласы,,,25-28,,5.5
2018,пайыз,Алматы қаласы,,,25-28,,5.6
2010,пайыз,Алматы қаласы,,,29-34,,6.8
2011,пайыз,Алматы қаласы,,,29-34,,5.5
2012,пайыз,Алматы қаласы,,,29-34,,6.1
2013,пайыз,Алматы қаласы,,,29-34,,5.4
2014,пайыз,Алматы қаласы,,,29-34,,5.8
2015,пайыз,Алматы қаласы,,,29-34,,7.2
2016,пайыз,Алматы қаласы,,,29-34,,6.6
2017,пайыз,Алматы қаласы,,,29-34,,6.0
2018,пайыз,Алматы қаласы,,,29-34,,7.5
2010,пайыз,Алматы қаласы,,,35-44,,11.8
2011,пайыз,Алматы қаласы,,,35-44,,7.4
2012,пайыз,Алматы қаласы,,,35-44,,8.0
2013,пайыз,Алматы қаласы,,,35-44,,9.3
2014,пайыз,Алматы қаласы,,,35-44,,6.7
2015,пайыз,Алматы қаласы,,,35-44,,8.6
2016,пайыз,Алматы қаласы,,,35-44,,6.1
2017,пайыз,Алматы қаласы,,,35-44,,7.5
2018,пайыз,Алматы қаласы,,,35-44,,6.7
2010,пайыз,Алматы қаласы,,,45-54,,8.2
2011,пайыз,Алматы қаласы,,,45-54,,7.7
2012,пайыз,Алматы қаласы,,,45-54,,7.5
2013,пайыз,Алматы қаласы,,,45-54,,8.5
2014,пайыз,Алматы қаласы,,,45-54,,7.1
2015,пайыз,Алматы қаласы,,,45-54,,6.0
2016,пайыз,Алматы қаласы,,,45-54,,6.5
2017,пайыз,Алматы қаласы,,,45-54,,7.6
2018,пайыз,Алматы қаласы,,,45-54,,7.9
2010,пайыз,Алматы қаласы,,,55-64,,10.6
2011,пайыз,Алматы қаласы,,,55-64,,9.6
2012,пайыз,Алматы қаласы,,,55-64,,10.7
2013,пайыз,Алматы қаласы,,,55-64,,11.8
2014,пайыз,Алматы қаласы,,,55-64,,8.5
2015,пайыз,Алматы қаласы,,,55-64,,6.6
2016,пайыз,Алматы қаласы,,,55-64,,9.3
2017,пайыз,Алматы қаласы,,,55-64,,7.6
2018,пайыз,Алматы қаласы,,,55-64,,5.0
2010,пайыз,Алматы қаласы,,,65 және одан үлкен,,6.5
2011,пайыз,Алматы қаласы,,,65 және одан үлкен,,4.1
2012,пайыз,Алматы қаласы,,,65 және одан үлкен,,0.0
2013,пайыз,Алматы қаласы,,,65 және одан үлкен,,0.0
2014,пайыз,Алматы қаласы,,,65 және одан үлкен,,9.0
2015,пайыз,Алматы қаласы,,,65 және одан үлкен,,5.2
2016,пайыз,Алматы қаласы,,,65 және одан үлкен,,20.7
2017,пайыз,Алматы қаласы,,,65 және одан үлкен,,10.1
2018,пайыз,Алматы қаласы,,,65 және одан үлкен,,1.3
2018,пайыз,Шымкент қаласы,,,16-24,,7.6
2018,пайыз,Шымкент қаласы,,,25-28,,4.7
2018,пайыз,Шымкент қаласы,,,29-34,,5.2
2018,пайыз,Шымкент қаласы,,,35-44,,4.4
2018,пайыз,Шымкент қаласы,,,45-54,,4.9
2018,пайыз,Шымкент қаласы,,,55-64,,15.0
