Year,Units,Виды жертв,Value
2010,Number of individuals,suffered,148.0
2010,Number of individuals,injured per 100 000 people,0.9059999999999999
2010,Number of individuals,в т.ч. погибло,54.0
2010,Number of individuals,killed per 100 000 people,0.33
2011,Number of individuals,suffered,12.0
2011,Number of individuals,injured per 100 000 people,0.07
2011,Number of individuals,в т.ч. погибло,5.0
2011,Number of individuals,killed per 100 000 people,0.03
2012,Number of individuals,suffered,20.0
2012,Number of individuals,injured per 100 000 people,0.11900000000000001
2012,Number of individuals,в т.ч. погибло,15.0
2012,Number of individuals,killed per 100 000 people,0.08900000000000001
2013,Number of individuals,suffered,12.0
2013,Number of individuals,injured per 100 000 people,0.07
2013,Number of individuals,в т.ч. погибло,3.0
2013,Number of individuals,killed per 100 000 people,0.0176
2014,Number of individuals,suffered,19.0
2014,Number of individuals,injured per 100 000 people,0.109
2014,Number of individuals,в т.ч. погибло,9.0
2014,Number of individuals,killed per 100 000 people,0.52
2015,Number of individuals,suffered,8.0
2015,Number of individuals,injured per 100 000 people,0.045
2015,Number of individuals,в т.ч. погибло,0.0
2015,Number of individuals,killed per 100 000 people,0.0
2016,Number of individuals,suffered,8.0
2016,Number of individuals,injured per 100 000 people,0.045
2016,Number of individuals,в т.ч. погибло,1.0
2016,Number of individuals,killed per 100 000 people,0.005
2017,Number of individuals,suffered,35.0
2017,Number of individuals,injured per 100 000 people,0.19399999999999998
2017,Number of individuals,в т.ч. погибло,11.0
2017,Number of individuals,killed per 100 000 people,0.061
2018,Number of individuals,suffered,8.0
2018,Number of individuals,injured per 100 000 people,0.044000000000000004
2018,Number of individuals,в т.ч. погибло,1.0
2018,Number of individuals,killed per 100 000 people,0.005
2019,Number of individuals,suffered,9.0
2019,Number of individuals,injured per 100 000 people,0.048
2019,Number of individuals,в т.ч. погибло,2.0
2019,Number of individuals,killed per 100 000 people,0.011000000000000001
