Year,Units,total amount of damage caused by an emergency situation,Regions,GeoCode,Value
2010,thousand of tenge,caused by nature,,,1249382.0
2011,thousand of tenge,caused by nature,,,325575.2
2012,thousand of tenge,caused by nature,,,1238491.2
2013,thousand of tenge,caused by nature,,,1746756.9
2014,thousand of tenge,caused by nature,,,1261462.2
2015,thousand of tenge,caused by nature,,,4355867.8
2016,thousand of tenge,caused by nature,,,385186.0
2017,thousand of tenge,caused by nature,,,1418993.5
2018,thousand of tenge,caused by nature,,,615711.8
2010,thousand of tenge,caused by nature,Akmola,,20000.0
2011,thousand of tenge,caused by nature,Akmola,,578.3
2012,thousand of tenge,caused by nature,Akmola,,7579.2
2013,thousand of tenge,caused by nature,Akmola,,56392.5
2014,thousand of tenge,caused by nature,Akmola,,34045.1
2015,thousand of tenge,caused by nature,Akmola,,14285.0
2016,thousand of tenge,caused by nature,Akmola,,41496.0
2017,thousand of tenge,caused by nature,Akmola,,126663.1
2018,thousand of tenge,caused by nature,Akmola,,143191.2
2010,thousand of tenge,caused by nature,Aktobe,,5055.0
2011,thousand of tenge,caused by nature,Aktobe,,0.0
2012,thousand of tenge,caused by nature,Aktobe,,2000.0
2013,thousand of tenge,caused by nature,Aktobe,,2000.0
2014,thousand of tenge,caused by nature,Aktobe,,5000.0
2015,thousand of tenge,caused by nature,Aktobe,,0.0
2016,thousand of tenge,caused by nature,Aktobe,,13704.8
2017,thousand of tenge,caused by nature,Aktobe,,315259.9
2018,thousand of tenge,caused by nature,Aktobe,,34530.4
2010,thousand of tenge,caused by nature,Almaty,,900.0
2011,thousand of tenge,caused by nature,Almaty,,280.0
2012,thousand of tenge,caused by nature,Almaty,,867.0
2013,thousand of tenge,caused by nature,Almaty,,1363000.0
2014,thousand of tenge,caused by nature,Almaty,,6.0
2015,thousand of tenge,caused by nature,Almaty,,124.0
2016,thousand of tenge,caused by nature,Almaty,,1373.0
2017,thousand of tenge,caused by nature,Almaty,,9453.0
2018,thousand of tenge,caused by nature,Almaty,,494.0
2010,thousand of tenge,caused by nature,Atyrau,,0.0
2011,thousand of tenge,caused by nature,Atyrau,,0.0
2012,thousand of tenge,caused by nature,Atyrau,,0.0
2013,thousand of tenge,caused by nature,Atyrau,,0.0
2014,thousand of tenge,caused by nature,Atyrau,,50686.2
2015,thousand of tenge,caused by nature,Atyrau,,103683.7
2016,thousand of tenge,caused by nature,Atyrau,,99505.4
2017,thousand of tenge,caused by nature,Atyrau,,4589.4
2017,thousand of tenge,caused by nature,Atyrau,,0.0
2010,thousand of tenge,caused by nature,Batys Kazakhstan,,0.0
2011,thousand of tenge,caused by nature,Batys Kazakhstan,,0.0
2012,thousand of tenge,caused by nature,Batys Kazakhstan,,0.0
2013,thousand of tenge,caused by nature,Batys Kazakhstan,,0.0
2014,thousand of tenge,caused by nature,Batys Kazakhstan,,64357.8
2015,thousand of tenge,caused by nature,Batys Kazakhstan,,103906.8
2016,thousand of tenge,caused by nature,Batys Kazakhstan,,0.0
2017,thousand of tenge,caused by nature,Batys Kazakhstan,,77420.2
2018,thousand of tenge,caused by nature,Batys Kazakhstan,,0.0
2010,thousand of tenge,caused by nature,Zhambyl,,60.8
2011,thousand of tenge,caused by nature,Zhambyl,,64.9
2012,thousand of tenge,caused by nature,Zhambyl,,55.5
2013,thousand of tenge,caused by nature,Zhambyl,,59.3
2014,thousand of tenge,caused by nature,Zhambyl,,1688.0
2015,thousand of tenge,caused by nature,Zhambyl,,880.1
2016,thousand of tenge,caused by nature,Zhambyl,,924.3
2017,thousand of tenge,caused by nature,Zhambyl,,9550.5
2018,thousand of tenge,caused by nature,Zhambyl,,74732.9
2010,thousand of tenge,caused by nature,Karagandy,,11256.0
2011,thousand of tenge,caused by nature,Karagandy,,0.0
2012,thousand of tenge,caused by nature,Karagandy,,74.0
2013,thousand of tenge,caused by nature,Karagandy,,3500.0
2014,thousand of tenge,caused by nature,Karagandy,,473900.0
2015,thousand of tenge,caused by nature,Karagandy,,3765009.8
2016,thousand of tenge,caused by nature,Karagandy,,12260.0
2017,thousand of tenge,caused by nature,Karagandy,,162781.3
2018,thousand of tenge,caused by nature,Karagandy,,21980.6
2010,thousand of tenge,caused by nature,Kostanay,,20900.0
2011,thousand of tenge,caused by nature,Kostanay,,0.0
2012,thousand of tenge,caused by nature,Kostanay,,20400.0
2013,thousand of tenge,caused by nature,Kostanay,,36800.0
2014,thousand of tenge,caused by nature,Kostanay,,1200.0
2015,thousand of tenge,caused by nature,Kostanay,,0.0
2016,thousand of tenge,caused by nature,Kostanay,,26500.0
2017,thousand of tenge,caused by nature,Kostanay,,27200.0
2018,thousand of tenge,caused by nature,Kostanay,,48704.0
2010,thousand of tenge,caused by nature,Kyzylorda,,4400.0
2011,thousand of tenge,caused by nature,Kyzylorda,,4500.0
2012,thousand of tenge,caused by nature,Kyzylorda,,9700.0
2013,thousand of tenge,caused by nature,Kyzylorda,,93800.0
2014,thousand of tenge,caused by nature,Kyzylorda,,30886.0
2015,thousand of tenge,caused by nature,Kyzylorda,,35182.0
2016,thousand of tenge,caused by nature,Kyzylorda,,60604.0
2017,thousand of tenge,caused by nature,Kyzylorda,,72418.0
2018,thousand of tenge,caused by nature,Kyzylorda,,60881.0
2010,thousand of tenge,caused by nature,Mangistau,,44918.2
2011,thousand of tenge,caused by nature,Mangistau,,120853.4
2012,thousand of tenge,caused by nature,Mangistau,,34652.9
2013,thousand of tenge,caused by nature,Mangistau,,0.0
2014,thousand of tenge,caused by nature,Mangistau,,0.0
2015,thousand of tenge,caused by nature,Mangistau,,10332.2
2016,thousand of tenge,caused by nature,Mangistau,,0.0
2017,thousand of tenge,caused by nature,Mangistau,,0.0
2018,thousand of tenge,caused by nature,Mangistau,,0.0
2010,thousand of tenge,caused by nature,Pavlodar,,75492.0
2011,thousand of tenge,caused by nature,Pavlodar,,91298.6
2012,thousand of tenge,caused by nature,Pavlodar,,76462.6
2013,thousand of tenge,caused by nature,Pavlodar,,138605.1
2014,thousand of tenge,caused by nature,Pavlodar,,41893.1
2015,thousand of tenge,caused by nature,Pavlodar,,71709.1
2016,thousand of tenge,caused by nature,Pavlodar,,38518.5
2017,thousand of tenge,caused by nature,Pavlodar,,503358.1
2018,thousand of tenge,caused by nature,Pavlodar,,42217.7
2010,thousand of tenge,caused by nature,Soltustik Kazakhstan,,0.0
2011,thousand of tenge,caused by nature,Soltustik Kazakhstan,,0.0
2012,thousand of tenge,caused by nature,Soltustik Kazakhstan,,0.0
2013,thousand of tenge,caused by nature,Soltustik Kazakhstan,,0.0
2014,thousand of tenge,caused by nature,Soltustik Kazakhstan,,0.0
2015,thousand of tenge,caused by nature,Soltustik Kazakhstan,,0.1
2016,thousand of tenge,caused by nature,Soltustik Kazakhstan,,0.0
2017,thousand of tenge,caused by nature,Soltustik Kazakhstan,,2600.0
2018,thousand of tenge,caused by nature,Soltustik Kazakhstan,,1500.0
2010,thousand of tenge,caused by nature,Turkistan,,61300.0
2011,thousand of tenge,caused by nature,Turkistan,,0.0
2012,thousand of tenge,caused by nature,Turkistan,,977400.0
2013,thousand of tenge,caused by nature,Turkistan,,0.0
2014,thousand of tenge,caused by nature,Turkistan,,0.0
2015,thousand of tenge,caused by nature,Turkistan,,0.0
2016,thousand of tenge,caused by nature,Turkistan,,0.0
2017,thousand of tenge,caused by nature,Turkistan,,100.0
2018,thousand of tenge,caused by nature,Turkistan,,0.0
2010,thousand of tenge,caused by nature,Shygys Kazakhstan,,1005100.0
2011,thousand of tenge,caused by nature,Shygys Kazakhstan,,108000.0
2012,thousand of tenge,caused by nature,Shygys Kazakhstan,,109300.0
2013,thousand of tenge,caused by nature,Shygys Kazakhstan,,52600.0
2014,thousand of tenge,caused by nature,Shygys Kazakhstan,,56600.0
2015,thousand of tenge,caused by nature,Shygys Kazakhstan,,220900.0
2016,thousand of tenge,caused by nature,Shygys Kazakhstan,,90300.0
2017,thousand of tenge,caused by nature,Shygys Kazakhstan,,107600.0
2018,thousand of tenge,caused by nature,Shygys Kazakhstan,,187480.0
2010,thousand of tenge,caused by nature,Nur-Sultan city,,0.0
2011,thousand of tenge,caused by nature,Nur-Sultan city,,0.0
2012,thousand of tenge,caused by nature,Nur-Sultan city,,0.0
2013,thousand of tenge,caused by nature,Nur-Sultan city,,0.0
2014,thousand of tenge,caused by nature,Nur-Sultan city,,0.0
2015,thousand of tenge,caused by nature,Nur-Sultan city,,4855.0
2016,thousand of tenge,caused by nature,Nur-Sultan city,,0.0
2017,thousand of tenge,caused by nature,Nur-Sultan city,,0.0
2018,thousand of tenge,caused by nature,Nur-Sultan city,,0.0
2010,thousand of tenge,caused by nature,Almaty city,,0.0
2011,thousand of tenge,caused by nature,Almaty city,,0.0
2012,thousand of tenge,caused by nature,Almaty city,,0.0
2013,thousand of tenge,caused by nature,Almaty city,,0.0
2014,thousand of tenge,caused by nature,Almaty city,,0.0
2015,thousand of tenge,caused by nature,Almaty city,,0.0
2016,thousand of tenge,caused by nature,Almaty city,,0.0
2017,thousand of tenge,caused by nature,Almaty city,,0.0
2018,thousand of tenge,caused by nature,Almaty city,,0.0
2010,thousand of tenge,caused by nature,Shymkent city,,0.0
2011,thousand of tenge,caused by nature,Shymkent city,,0.0
2012,thousand of tenge,caused by nature,Shymkent city,,0.0
2013,thousand of tenge,caused by nature,Shymkent city,,0.0
2014,thousand of tenge,caused by nature,Shymkent city,,501200.0
2015,thousand of tenge,caused by nature,Shymkent city,,25000.0
2016,thousand of tenge,caused by nature,Shymkent city,,0.0
2017,thousand of tenge,caused by nature,Shymkent city,,0.0
2018,thousand of tenge,caused by nature,Shymkent city,,0.0
2010,thousand of tenge,human caused,,,8334944.73
2011,thousand of tenge,human caused,,,949121.4
2012,thousand of tenge,human caused,,,1484323.57
2013,thousand of tenge,human caused,,,1238029.8
2014,thousand of tenge,human caused,,,1255114.7
2015,thousand of tenge,human caused,,,770695.8
2016,thousand of tenge,human caused,,,973212.9
2017,thousand of tenge,human caused,,,696058.7
2018,thousand of tenge,human caused,,,1628287.1
2010,thousand of tenge,human caused,Akmola,,4504.8
2011,thousand of tenge,human caused,Akmola,,0.0
2012,thousand of tenge,human caused,Akmola,,57044.3
2013,thousand of tenge,human caused,Akmola,,25791.0
2014,thousand of tenge,human caused,Akmola,,0.0
2015,thousand of tenge,human caused,Akmola,,0.0
2016,thousand of tenge,human caused,Akmola,,0.0
2017,thousand of tenge,human caused,Akmola,,0.0
2018,thousand of tenge,human caused,Akmola,,338700.0
2010,thousand of tenge,human caused,Aktobe,,0.0
2011,thousand of tenge,human caused,Aktobe,,0.0
2012,thousand of tenge,human caused,Aktobe,,0.0
2013,thousand of tenge,human caused,Aktobe,,0.0
2014,thousand of tenge,human caused,Aktobe,,0.0
2015,thousand of tenge,human caused,Aktobe,,0.0
2016,thousand of tenge,human caused,Aktobe,,134695.5
2017,thousand of tenge,human caused,Aktobe,,0.0
2018,thousand of tenge,human caused,Aktobe,,5971.0
2010,thousand of tenge,human caused,Almaty,,7900000.0
2011,thousand of tenge,human caused,Almaty,,367400.0
2012,thousand of tenge,human caused,Almaty,,970900.0
2013,thousand of tenge,human caused,Almaty,,927600.0
2014,thousand of tenge,human caused,Almaty,,180100.0
2015,thousand of tenge,human caused,Almaty,,130400.0
2016,thousand of tenge,human caused,Almaty,,173300.0
2017,thousand of tenge,human caused,Almaty,,180900.0
2018,thousand of tenge,human caused,Almaty,,87905.0
2010,thousand of tenge,human caused,Atyrau,,0.0
2011,thousand of tenge,human caused,Atyrau,,0.0
2012,thousand of tenge,human caused,Atyrau,,0.0
2013,thousand of tenge,human caused,Atyrau,,0.0
2014,thousand of tenge,human caused,Atyrau,,17274.4
2015,thousand of tenge,human caused,Atyrau,,114069.8
2016,thousand of tenge,human caused,Atyrau,,145923.4
2017,thousand of tenge,human caused,Atyrau,,0.0
2018,thousand of tenge,human caused,Atyrau,,154154.3
2010,thousand of tenge,human caused,Batys Kazakhstan,,382700.6
2011,thousand of tenge,human caused,Batys Kazakhstan,,274747.9
2012,thousand of tenge,human caused,Batys Kazakhstan,,407495.3
2013,thousand of tenge,human caused,Batys Kazakhstan,,274838.8
2014,thousand of tenge,human caused,Batys Kazakhstan,,328119.3
2015,thousand of tenge,human caused,Batys Kazakhstan,,4000.0
2016,thousand of tenge,human caused,Batys Kazakhstan,,0.0
2017,thousand of tenge,human caused,Batys Kazakhstan,,26296.3
2018,thousand of tenge,human caused,Batys Kazakhstan,,0.0
2010,thousand of tenge,human caused,Zhambyl,,0.0
2011,thousand of tenge,human caused,Zhambyl,,0.0
2012,thousand of tenge,human caused,Zhambyl,,0.0
2013,thousand of tenge,human caused,Zhambyl,,0.0
2014,thousand of tenge,human caused,Zhambyl,,0.0
2015,thousand of tenge,human caused,Zhambyl,,0.0
2016,thousand of tenge,human caused,Zhambyl,,0.0
2017,thousand of tenge,human caused,Zhambyl,,0.0
2018,thousand of tenge,human caused,Zhambyl,,0.0
2010,thousand of tenge,human caused,Karagandy,,0.0
2011,thousand of tenge,human caused,Karagandy,,255073.5
2012,thousand of tenge,human caused,Karagandy,,14384.0
2013,thousand of tenge,human caused,Karagandy,,0.0
2014,thousand of tenge,human caused,Karagandy,,12828.0
2015,thousand of tenge,human caused,Karagandy,,0.0
2016,thousand of tenge,human caused,Karagandy,,0.0
2017,thousand of tenge,human caused,Karagandy,,1402.4
2018,thousand of tenge,human caused,Karagandy,,295446.5
2010,thousand of tenge,human caused,Kostanay,,0.0
2011,thousand of tenge,human caused,Kostanay,,0.0
2012,thousand of tenge,human caused,Kostanay,,0.0
2013,thousand of tenge,human caused,Kostanay,,0.0
2014,thousand of tenge,human caused,Kostanay,,0.0
2015,thousand of tenge,human caused,Kostanay,,0.0
2016,thousand of tenge,human caused,Kostanay,,0.0
2017,thousand of tenge,human caused,Kostanay,,0.0
2018,thousand of tenge,human caused,Kostanay,,0.0
2010,thousand of tenge,human caused,Kyzylorda,,0.0
2011,thousand of tenge,human caused,Kyzylorda,,0.0
2012,thousand of tenge,human caused,Kyzylorda,,21500.0
2013,thousand of tenge,human caused,Kyzylorda,,7600.0
2014,thousand of tenge,human caused,Kyzylorda,,0.0
2015,thousand of tenge,human caused,Kyzylorda,,0.0
2016,thousand of tenge,human caused,Kyzylorda,,0.0
2017,thousand of tenge,human caused,Kyzylorda,,0.0
2018,thousand of tenge,human caused,Kyzylorda,,0.0
2010,thousand of tenge,human caused,Mangistau,,17139.3
2011,thousand of tenge,human caused,Mangistau,,0.0
2012,thousand of tenge,human caused,Mangistau,,0.0
2013,thousand of tenge,human caused,Mangistau,,0.0
2014,thousand of tenge,human caused,Mangistau,,59980.0
2015,thousand of tenge,human caused,Mangistau,,143826.0
2016,thousand of tenge,human caused,Mangistau,,58310.0
2017,thousand of tenge,human caused,Mangistau,,22205.0
2018,thousand of tenge,human caused,Mangistau,,39400.0
2010,thousand of tenge,human caused,Pavlodar,,0.0
2011,thousand of tenge,human caused,Pavlodar,,0.0
2012,thousand of tenge,human caused,Pavlodar,,0.0
2013,thousand of tenge,human caused,Pavlodar,,0.0
2014,thousand of tenge,human caused,Pavlodar,,0.0
2015,thousand of tenge,human caused,Pavlodar,,0.0
2016,thousand of tenge,human caused,Pavlodar,,0.0
2017,thousand of tenge,human caused,Pavlodar,,0.0
2018,thousand of tenge,human caused,Pavlodar,,75620.3
2010,thousand of tenge,human caused,Soltustik Kazakhstan,,0.0
2011,thousand of tenge,human caused,Soltustik Kazakhstan,,0.0
2012,thousand of tenge,human caused,Soltustik Kazakhstan,,0.0
2013,thousand of tenge,human caused,Soltustik Kazakhstan,,0.0
2014,thousand of tenge,human caused,Soltustik Kazakhstan,,118800.0
2015,thousand of tenge,human caused,Soltustik Kazakhstan,,129600.0
2016,thousand of tenge,human caused,Soltustik Kazakhstan,,103300.0
2017,thousand of tenge,human caused,Soltustik Kazakhstan,,87200.0
2018,thousand of tenge,human caused,Soltustik Kazakhstan,,101200.0
2010,thousand of tenge,human caused,Turkistan,,0.0
2011,thousand of tenge,human caused,Turkistan,,0.0
2012,thousand of tenge,human caused,Turkistan,,0.0
2013,thousand of tenge,human caused,Turkistan,,0.0
2014,thousand of tenge,human caused,Turkistan,,0.0
2015,thousand of tenge,human caused,Turkistan,,0.0
2016,thousand of tenge,human caused,Turkistan,,0.0
2017,thousand of tenge,human caused,Turkistan,,0.0
2018,thousand of tenge,human caused,Turkistan,,0.0
2010,thousand of tenge,human caused,Shygys Kazakhstan,,30600.0
2011,thousand of tenge,human caused,Shygys Kazakhstan,,51900.0
2012,thousand of tenge,human caused,Shygys Kazakhstan,,13000.0
2013,thousand of tenge,human caused,Shygys Kazakhstan,,2200.0
2014,thousand of tenge,human caused,Shygys Kazakhstan,,14300.0
2015,thousand of tenge,human caused,Shygys Kazakhstan,,25100.0
2016,thousand of tenge,human caused,Shygys Kazakhstan,,18900.0
2017,thousand of tenge,human caused,Shygys Kazakhstan,,51500.0
2018,thousand of tenge,human caused,Shygys Kazakhstan,,0.0
2010,thousand of tenge,human caused,Nur-Sultan city,,0.0
2011,thousand of tenge,human caused,Nur-Sultan city,,0.0
2012,thousand of tenge,human caused,Nur-Sultan city,,0.0
2013,thousand of tenge,human caused,Nur-Sultan city,,0.0
2014,thousand of tenge,human caused,Nur-Sultan city,,0.0
2015,thousand of tenge,human caused,Nur-Sultan city,,0.0
2016,thousand of tenge,human caused,Nur-Sultan city,,0.0
2017,thousand of tenge,human caused,Nur-Sultan city,,0.0
2018,thousand of tenge,human caused,Nur-Sultan city,,0.0
2010,thousand of tenge,human caused,Almaty city,,0.0
2011,thousand of tenge,human caused,Almaty city,,0.0
2012,thousand of tenge,human caused,Almaty city,,0.0
2013,thousand of tenge,human caused,Almaty city,,0.0
2014,thousand of tenge,human caused,Almaty city,,125613.0
2015,thousand of tenge,human caused,Almaty city,,40000.0
2016,thousand of tenge,human caused,Almaty city,,107230.0
2017,thousand of tenge,human caused,Almaty city,,104120.0
2018,thousand of tenge,human caused,Almaty city,,175275.0
2010,thousand of tenge,human caused,Shymkent city,,0.0
2011,thousand of tenge,human caused,Shymkent city,,0.0
2012,thousand of tenge,human caused,Shymkent city,,0.0
2013,thousand of tenge,human caused,Shymkent city,,0.0
2014,thousand of tenge,human caused,Shymkent city,,398100.0
2015,thousand of tenge,human caused,Shymkent city,,183700.0
2016,thousand of tenge,human caused,Shymkent city,,231554.0
2017,thousand of tenge,human caused,Shymkent city,,222435.0
2018,thousand of tenge,human caused,Shymkent city,,354615.0
