Year,Units,сумма ущерба от ЧС,Регионы,GeoCode,Value
2010,тыс_тенге,природного характера,,,1249382.0
2011,тыс_тенге,природного характера,,,325575.2
2012,тыс_тенге,природного характера,,,1238491.2
2013,тыс_тенге,природного характера,,,1746756.9
2014,тыс_тенге,природного характера,,,1261462.2
2015,тыс_тенге,природного характера,,,4355867.8
2016,тыс_тенге,природного характера,,,385186.0
2017,тыс_тенге,природного характера,,,1418993.5
2018,тыс_тенге,природного характера,,,615711.8
2010,тыс_тенге,природного характера,Акмолинская,,20000.0
2011,тыс_тенге,природного характера,Акмолинская,,578.3
2012,тыс_тенге,природного характера,Акмолинская,,7579.2
2013,тыс_тенге,природного характера,Акмолинская,,56392.5
2014,тыс_тенге,природного характера,Акмолинская,,34045.1
2015,тыс_тенге,природного характера,Акмолинская,,14285.0
2016,тыс_тенге,природного характера,Акмолинская,,41496.0
2017,тыс_тенге,природного характера,Акмолинская,,126663.1
2018,тыс_тенге,природного характера,Акмолинская,,143191.2
2010,тыс_тенге,природного характера,Актюбинская,,5055.0
2011,тыс_тенге,природного характера,Актюбинская,,0.0
2012,тыс_тенге,природного характера,Актюбинская,,2000.0
2013,тыс_тенге,природного характера,Актюбинская,,2000.0
2014,тыс_тенге,природного характера,Актюбинская,,5000.0
2015,тыс_тенге,природного характера,Актюбинская,,0.0
2016,тыс_тенге,природного характера,Актюбинская,,13704.8
2017,тыс_тенге,природного характера,Актюбинская,,315259.9
2018,тыс_тенге,природного характера,Актюбинская,,34530.4
2010,тыс_тенге,природного характера,Алматинская,,900.0
2011,тыс_тенге,природного характера,Алматинская,,280.0
2012,тыс_тенге,природного характера,Алматинская,,867.0
2013,тыс_тенге,природного характера,Алматинская,,1363000.0
2014,тыс_тенге,природного характера,Алматинская,,6.0
2015,тыс_тенге,природного характера,Алматинская,,124.0
2016,тыс_тенге,природного характера,Алматинская,,1373.0
2017,тыс_тенге,природного характера,Алматинская,,9453.0
2018,тыс_тенге,природного характера,Алматинская,,494.0
2010,тыс_тенге,природного характера,Атырауская,,0.0
2011,тыс_тенге,природного характера,Атырауская,,0.0
2012,тыс_тенге,природного характера,Атырауская,,0.0
2013,тыс_тенге,природного характера,Атырауская,,0.0
2014,тыс_тенге,природного характера,Атырауская,,50686.2
2015,тыс_тенге,природного характера,Атырауская,,103683.7
2016,тыс_тенге,природного характера,Атырауская,,99505.4
2017,тыс_тенге,природного характера,Атырауская,,4589.4
2017,тыс_тенге,природного характера,Атырауская,,0.0
2010,тыс_тенге,природного характера,Западно-Казахстанская,,0.0
2011,тыс_тенге,природного характера,Западно-Казахстанская,,0.0
2012,тыс_тенге,природного характера,Западно-Казахстанская,,0.0
2013,тыс_тенге,природного характера,Западно-Казахстанская,,0.0
2014,тыс_тенге,природного характера,Западно-Казахстанская,,64357.8
2015,тыс_тенге,природного характера,Западно-Казахстанская,,103906.8
2016,тыс_тенге,природного характера,Западно-Казахстанская,,0.0
2017,тыс_тенге,природного характера,Западно-Казахстанская,,77420.2
2018,тыс_тенге,природного характера,Западно-Казахстанская,,0.0
2010,тыс_тенге,природного характера,Жамбылская,,60.8
2011,тыс_тенге,природного характера,Жамбылская,,64.9
2012,тыс_тенге,природного характера,Жамбылская,,55.5
2013,тыс_тенге,природного характера,Жамбылская,,59.3
2014,тыс_тенге,природного характера,Жамбылская,,1688.0
2015,тыс_тенге,природного характера,Жамбылская,,880.1
2016,тыс_тенге,природного характера,Жамбылская,,924.3
2017,тыс_тенге,природного характера,Жамбылская,,9550.5
2018,тыс_тенге,природного характера,Жамбылская,,74732.9
2010,тыс_тенге,природного характера,Карагандинская,,11256.0
2011,тыс_тенге,природного характера,Карагандинская,,0.0
2012,тыс_тенге,природного характера,Карагандинская,,74.0
2013,тыс_тенге,природного характера,Карагандинская,,3500.0
2014,тыс_тенге,природного характера,Карагандинская,,473900.0
2015,тыс_тенге,природного характера,Карагандинская,,3765009.8
2016,тыс_тенге,природного характера,Карагандинская,,12260.0
2017,тыс_тенге,природного характера,Карагандинская,,162781.3
2018,тыс_тенге,природного характера,Карагандинская,,21980.6
2010,тыс_тенге,природного характера,Костанайская,,20900.0
2011,тыс_тенге,природного характера,Костанайская,,0.0
2012,тыс_тенге,природного характера,Костанайская,,20400.0
2013,тыс_тенге,природного характера,Костанайская,,36800.0
2014,тыс_тенге,природного характера,Костанайская,,1200.0
2015,тыс_тенге,природного характера,Костанайская,,0.0
2016,тыс_тенге,природного характера,Костанайская,,26500.0
2017,тыс_тенге,природного характера,Костанайская,,27200.0
2018,тыс_тенге,природного характера,Костанайская,,48704.0
2010,тыс_тенге,природного характера,Кызылординская,,4400.0
2011,тыс_тенге,природного характера,Кызылординская,,4500.0
2012,тыс_тенге,природного характера,Кызылординская,,9700.0
2013,тыс_тенге,природного характера,Кызылординская,,93800.0
2014,тыс_тенге,природного характера,Кызылординская,,30886.0
2015,тыс_тенге,природного характера,Кызылординская,,35182.0
2016,тыс_тенге,природного характера,Кызылординская,,60604.0
2017,тыс_тенге,природного характера,Кызылординская,,72418.0
2018,тыс_тенге,природного характера,Кызылординская,,60881.0
2010,тыс_тенге,природного характера,Мангистауская,,44918.2
2011,тыс_тенге,природного характера,Мангистауская,,120853.4
2012,тыс_тенге,природного характера,Мангистауская,,34652.9
2013,тыс_тенге,природного характера,Мангистауская,,0.0
2014,тыс_тенге,природного характера,Мангистауская,,0.0
2015,тыс_тенге,природного характера,Мангистауская,,10332.2
2016,тыс_тенге,природного характера,Мангистауская,,0.0
2017,тыс_тенге,природного характера,Мангистауская,,0.0
2018,тыс_тенге,природного характера,Мангистауская,,0.0
2010,тыс_тенге,природного характера,Павлодарская,,75492.0
2011,тыс_тенге,природного характера,Павлодарская,,91298.6
2012,тыс_тенге,природного характера,Павлодарская,,76462.6
2013,тыс_тенге,природного характера,Павлодарская,,138605.1
2014,тыс_тенге,природного характера,Павлодарская,,41893.1
2015,тыс_тенге,природного характера,Павлодарская,,71709.1
2016,тыс_тенге,природного характера,Павлодарская,,38518.5
2017,тыс_тенге,природного характера,Павлодарская,,503358.1
2018,тыс_тенге,природного характера,Павлодарская,,42217.7
2010,тыс_тенге,природного характера,Северо-Казахстанская,,0.0
2011,тыс_тенге,природного характера,Северо-Казахстанская,,0.0
2012,тыс_тенге,природного характера,Северо-Казахстанская,,0.0
2013,тыс_тенге,природного характера,Северо-Казахстанская,,0.0
2014,тыс_тенге,природного характера,Северо-Казахстанская,,0.0
2015,тыс_тенге,природного характера,Северо-Казахстанская,,0.1
2016,тыс_тенге,природного характера,Северо-Казахстанская,,0.0
2017,тыс_тенге,природного характера,Северо-Казахстанская,,2600.0
2018,тыс_тенге,природного характера,Северо-Казахстанская,,1500.0
2010,тыс_тенге,природного характера,Туркестанская,,61300.0
2011,тыс_тенге,природного характера,Туркестанская,,0.0
2012,тыс_тенге,природного характера,Туркестанская,,977400.0
2013,тыс_тенге,природного характера,Туркестанская,,0.0
2014,тыс_тенге,природного характера,Туркестанская,,0.0
2015,тыс_тенге,природного характера,Туркестанская,,0.0
2016,тыс_тенге,природного характера,Туркестанская,,0.0
2017,тыс_тенге,природного характера,Туркестанская,,100.0
2018,тыс_тенге,природного характера,Туркестанская,,0.0
2010,тыс_тенге,природного характера,Восточно-Казахстанская,,1005100.0
2011,тыс_тенге,природного характера,Восточно-Казахстанская,,108000.0
2012,тыс_тенге,природного характера,Восточно-Казахстанская,,109300.0
2013,тыс_тенге,природного характера,Восточно-Казахстанская,,52600.0
2014,тыс_тенге,природного характера,Восточно-Казахстанская,,56600.0
2015,тыс_тенге,природного характера,Восточно-Казахстанская,,220900.0
2016,тыс_тенге,природного характера,Восточно-Казахстанская,,90300.0
2017,тыс_тенге,природного характера,Восточно-Казахстанская,,107600.0
2018,тыс_тенге,природного характера,Восточно-Казахстанская,,187480.0
2010,тыс_тенге,природного характера,г_Нур-Султан,,0.0
2011,тыс_тенге,природного характера,г_Нур-Султан,,0.0
2012,тыс_тенге,природного характера,г_Нур-Султан,,0.0
2013,тыс_тенге,природного характера,г_Нур-Султан,,0.0
2014,тыс_тенге,природного характера,г_Нур-Султан,,0.0
2015,тыс_тенге,природного характера,г_Нур-Султан,,4855.0
2016,тыс_тенге,природного характера,г_Нур-Султан,,0.0
2017,тыс_тенге,природного характера,г_Нур-Султан,,0.0
2018,тыс_тенге,природного характера,г_Нур-Султан,,0.0
2010,тыс_тенге,природного характера,г_Алматы,,0.0
2011,тыс_тенге,природного характера,г_Алматы,,0.0
2012,тыс_тенге,природного характера,г_Алматы,,0.0
2013,тыс_тенге,природного характера,г_Алматы,,0.0
2014,тыс_тенге,природного характера,г_Алматы,,0.0
2015,тыс_тенге,природного характера,г_Алматы,,0.0
2016,тыс_тенге,природного характера,г_Алматы,,0.0
2017,тыс_тенге,природного характера,г_Алматы,,0.0
2018,тыс_тенге,природного характера,г_Алматы,,0.0
2010,тыс_тенге,природного характера,г_Шымкент,,0.0
2011,тыс_тенге,природного характера,г_Шымкент,,0.0
2012,тыс_тенге,природного характера,г_Шымкент,,0.0
2013,тыс_тенге,природного характера,г_Шымкент,,0.0
2014,тыс_тенге,природного характера,г_Шымкент,,501200.0
2015,тыс_тенге,природного характера,г_Шымкент,,25000.0
2016,тыс_тенге,природного характера,г_Шымкент,,0.0
2017,тыс_тенге,природного характера,г_Шымкент,,0.0
2018,тыс_тенге,природного характера,г_Шымкент,,0.0
2010,тыс_тенге,техногенного характера,,,8334944.73
2011,тыс_тенге,техногенного характера,,,949121.4
2012,тыс_тенге,техногенного характера,,,1484323.57
2013,тыс_тенге,техногенного характера,,,1238029.8
2014,тыс_тенге,техногенного характера,,,1255114.7
2015,тыс_тенге,техногенного характера,,,770695.8
2016,тыс_тенге,техногенного характера,,,973212.9
2017,тыс_тенге,техногенного характера,,,696058.7
2018,тыс_тенге,техногенного характера,,,1628287.1
2010,тыс_тенге,техногенного характера,Акмолинская,,4504.8
2011,тыс_тенге,техногенного характера,Акмолинская,,0.0
2012,тыс_тенге,техногенного характера,Акмолинская,,57044.3
2013,тыс_тенге,техногенного характера,Акмолинская,,25791.0
2014,тыс_тенге,техногенного характера,Акмолинская,,0.0
2015,тыс_тенге,техногенного характера,Акмолинская,,0.0
2016,тыс_тенге,техногенного характера,Акмолинская,,0.0
2017,тыс_тенге,техногенного характера,Акмолинская,,0.0
2018,тыс_тенге,техногенного характера,Акмолинская,,338700.0
2010,тыс_тенге,техногенного характера,Актюбинская,,0.0
2011,тыс_тенге,техногенного характера,Актюбинская,,0.0
2012,тыс_тенге,техногенного характера,Актюбинская,,0.0
2013,тыс_тенге,техногенного характера,Актюбинская,,0.0
2014,тыс_тенге,техногенного характера,Актюбинская,,0.0
2015,тыс_тенге,техногенного характера,Актюбинская,,0.0
2016,тыс_тенге,техногенного характера,Актюбинская,,134695.5
2017,тыс_тенге,техногенного характера,Актюбинская,,0.0
2018,тыс_тенге,техногенного характера,Актюбинская,,5971.0
2010,тыс_тенге,техногенного характера,Алматинская,,7900000.0
2011,тыс_тенге,техногенного характера,Алматинская,,367400.0
2012,тыс_тенге,техногенного характера,Алматинская,,970900.0
2013,тыс_тенге,техногенного характера,Алматинская,,927600.0
2014,тыс_тенге,техногенного характера,Алматинская,,180100.0
2015,тыс_тенге,техногенного характера,Алматинская,,130400.0
2016,тыс_тенге,техногенного характера,Алматинская,,173300.0
2017,тыс_тенге,техногенного характера,Алматинская,,180900.0
2018,тыс_тенге,техногенного характера,Алматинская,,87905.0
2010,тыс_тенге,техногенного характера,Атырауская,,0.0
2011,тыс_тенге,техногенного характера,Атырауская,,0.0
2012,тыс_тенге,техногенного характера,Атырауская,,0.0
2013,тыс_тенге,техногенного характера,Атырауская,,0.0
2014,тыс_тенге,техногенного характера,Атырауская,,17274.4
2015,тыс_тенге,техногенного характера,Атырауская,,114069.8
2016,тыс_тенге,техногенного характера,Атырауская,,145923.4
2017,тыс_тенге,техногенного характера,Атырауская,,0.0
2018,тыс_тенге,техногенного характера,Атырауская,,154154.3
2010,тыс_тенге,техногенного характера,Западно-Казахстанская,,382700.6
2011,тыс_тенге,техногенного характера,Западно-Казахстанская,,274747.9
2012,тыс_тенге,техногенного характера,Западно-Казахстанская,,407495.3
2013,тыс_тенге,техногенного характера,Западно-Казахстанская,,274838.8
2014,тыс_тенге,техногенного характера,Западно-Казахстанская,,328119.3
2015,тыс_тенге,техногенного характера,Западно-Казахстанская,,4000.0
2016,тыс_тенге,техногенного характера,Западно-Казахстанская,,0.0
2017,тыс_тенге,техногенного характера,Западно-Казахстанская,,26296.3
2018,тыс_тенге,техногенного характера,Западно-Казахстанская,,0.0
2010,тыс_тенге,техногенного характера,Жамбылская,,0.0
2011,тыс_тенге,техногенного характера,Жамбылская,,0.0
2012,тыс_тенге,техногенного характера,Жамбылская,,0.0
2013,тыс_тенге,техногенного характера,Жамбылская,,0.0
2014,тыс_тенге,техногенного характера,Жамбылская,,0.0
2015,тыс_тенге,техногенного характера,Жамбылская,,0.0
2016,тыс_тенге,техногенного характера,Жамбылская,,0.0
2017,тыс_тенге,техногенного характера,Жамбылская,,0.0
2018,тыс_тенге,техногенного характера,Жамбылская,,0.0
2010,тыс_тенге,техногенного характера,Карагандинская,,0.0
2011,тыс_тенге,техногенного характера,Карагандинская,,255073.5
2012,тыс_тенге,техногенного характера,Карагандинская,,14384.0
2013,тыс_тенге,техногенного характера,Карагандинская,,0.0
2014,тыс_тенге,техногенного характера,Карагандинская,,12828.0
2015,тыс_тенге,техногенного характера,Карагандинская,,0.0
2016,тыс_тенге,техногенного характера,Карагандинская,,0.0
2017,тыс_тенге,техногенного характера,Карагандинская,,1402.4
2018,тыс_тенге,техногенного характера,Карагандинская,,295446.5
2010,тыс_тенге,техногенного характера,Костанайская,,0.0
2011,тыс_тенге,техногенного характера,Костанайская,,0.0
2012,тыс_тенге,техногенного характера,Костанайская,,0.0
2013,тыс_тенге,техногенного характера,Костанайская,,0.0
2014,тыс_тенге,техногенного характера,Костанайская,,0.0
2015,тыс_тенге,техногенного характера,Костанайская,,0.0
2016,тыс_тенге,техногенного характера,Костанайская,,0.0
2017,тыс_тенге,техногенного характера,Костанайская,,0.0
2018,тыс_тенге,техногенного характера,Костанайская,,0.0
2010,тыс_тенге,техногенного характера,Кызылординская,,0.0
2011,тыс_тенге,техногенного характера,Кызылординская,,0.0
2012,тыс_тенге,техногенного характера,Кызылординская,,21500.0
2013,тыс_тенге,техногенного характера,Кызылординская,,7600.0
2014,тыс_тенге,техногенного характера,Кызылординская,,0.0
2015,тыс_тенге,техногенного характера,Кызылординская,,0.0
2016,тыс_тенге,техногенного характера,Кызылординская,,0.0
2017,тыс_тенге,техногенного характера,Кызылординская,,0.0
2018,тыс_тенге,техногенного характера,Кызылординская,,0.0
2010,тыс_тенге,техногенного характера,Мангистауская,,17139.3
2011,тыс_тенге,техногенного характера,Мангистауская,,0.0
2012,тыс_тенге,техногенного характера,Мангистауская,,0.0
2013,тыс_тенге,техногенного характера,Мангистауская,,0.0
2014,тыс_тенге,техногенного характера,Мангистауская,,59980.0
2015,тыс_тенге,техногенного характера,Мангистауская,,143826.0
2016,тыс_тенге,техногенного характера,Мангистауская,,58310.0
2017,тыс_тенге,техногенного характера,Мангистауская,,22205.0
2018,тыс_тенге,техногенного характера,Мангистауская,,39400.0
2010,тыс_тенге,техногенного характера,Павлодарская,,0.0
2011,тыс_тенге,техногенного характера,Павлодарская,,0.0
2012,тыс_тенге,техногенного характера,Павлодарская,,0.0
2013,тыс_тенге,техногенного характера,Павлодарская,,0.0
2014,тыс_тенге,техногенного характера,Павлодарская,,0.0
2015,тыс_тенге,техногенного характера,Павлодарская,,0.0
2016,тыс_тенге,техногенного характера,Павлодарская,,0.0
2017,тыс_тенге,техногенного характера,Павлодарская,,0.0
2018,тыс_тенге,техногенного характера,Павлодарская,,75620.3
2010,тыс_тенге,техногенного характера,Северо-Казахстанская,,0.0
2011,тыс_тенге,техногенного характера,Северо-Казахстанская,,0.0
2012,тыс_тенге,техногенного характера,Северо-Казахстанская,,0.0
2013,тыс_тенге,техногенного характера,Северо-Казахстанская,,0.0
2014,тыс_тенге,техногенного характера,Северо-Казахстанская,,118800.0
2015,тыс_тенге,техногенного характера,Северо-Казахстанская,,129600.0
2016,тыс_тенге,техногенного характера,Северо-Казахстанская,,103300.0
2017,тыс_тенге,техногенного характера,Северо-Казахстанская,,87200.0
2018,тыс_тенге,техногенного характера,Северо-Казахстанская,,101200.0
2010,тыс_тенге,техногенного характера,Туркестанская,,0.0
2011,тыс_тенге,техногенного характера,Туркестанская,,0.0
2012,тыс_тенге,техногенного характера,Туркестанская,,0.0
2013,тыс_тенге,техногенного характера,Туркестанская,,0.0
2014,тыс_тенге,техногенного характера,Туркестанская,,0.0
2015,тыс_тенге,техногенного характера,Туркестанская,,0.0
2016,тыс_тенге,техногенного характера,Туркестанская,,0.0
2017,тыс_тенге,техногенного характера,Туркестанская,,0.0
2018,тыс_тенге,техногенного характера,Туркестанская,,0.0
2010,тыс_тенге,техногенного характера,Восточно-Казахстанская,,30600.0
2011,тыс_тенге,техногенного характера,Восточно-Казахстанская,,51900.0
2012,тыс_тенге,техногенного характера,Восточно-Казахстанская,,13000.0
2013,тыс_тенге,техногенного характера,Восточно-Казахстанская,,2200.0
2014,тыс_тенге,техногенного характера,Восточно-Казахстанская,,14300.0
2015,тыс_тенге,техногенного характера,Восточно-Казахстанская,,25100.0
2016,тыс_тенге,техногенного характера,Восточно-Казахстанская,,18900.0
2017,тыс_тенге,техногенного характера,Восточно-Казахстанская,,51500.0
2018,тыс_тенге,техногенного характера,Восточно-Казахстанская,,0.0
2010,тыс_тенге,техногенного характера,г_Нур-Султан,,0.0
2011,тыс_тенге,техногенного характера,г_Нур-Султан,,0.0
2012,тыс_тенге,техногенного характера,г_Нур-Султан,,0.0
2013,тыс_тенге,техногенного характера,г_Нур-Султан,,0.0
2014,тыс_тенге,техногенного характера,г_Нур-Султан,,0.0
2015,тыс_тенге,техногенного характера,г_Нур-Султан,,0.0
2016,тыс_тенге,техногенного характера,г_Нур-Султан,,0.0
2017,тыс_тенге,техногенного характера,г_Нур-Султан,,0.0
2018,тыс_тенге,техногенного характера,г_Нур-Султан,,0.0
2010,тыс_тенге,техногенного характера,г_Алматы,,0.0
2011,тыс_тенге,техногенного характера,г_Алматы,,0.0
2012,тыс_тенге,техногенного характера,г_Алматы,,0.0
2013,тыс_тенге,техногенного характера,г_Алматы,,0.0
2014,тыс_тенге,техногенного характера,г_Алматы,,125613.0
2015,тыс_тенге,техногенного характера,г_Алматы,,40000.0
2016,тыс_тенге,техногенного характера,г_Алматы,,107230.0
2017,тыс_тенге,техногенного характера,г_Алматы,,104120.0
2018,тыс_тенге,техногенного характера,г_Алматы,,175275.0
2010,тыс_тенге,техногенного характера,г_Шымкент,,0.0
2011,тыс_тенге,техногенного характера,г_Шымкент,,0.0
2012,тыс_тенге,техногенного характера,г_Шымкент,,0.0
2013,тыс_тенге,техногенного характера,г_Шымкент,,0.0
2014,тыс_тенге,техногенного характера,г_Шымкент,,398100.0
2015,тыс_тенге,техногенного характера,г_Шымкент,,183700.0
2016,тыс_тенге,техногенного характера,г_Шымкент,,231554.0
2017,тыс_тенге,техногенного характера,г_Шымкент,,222435.0
2018,тыс_тенге,техногенного характера,г_Шымкент,,354615.0
