Year,Units,Poaching,Regions,GeoCode,Value
2012,quantity,Number of violations,,,7480.0
2013,quantity,Number of violations,,,6455.0
2014,quantity,Number of violations,,,5895.0
2015,quantity,Number of violations,,,6555.0
2016,quantity,Number of violations,,,5782.0
2017,quantity,Number of violations,,,4514.0
2018,quantity,Number of violations,,,4735.0
2012,million tenge,Amount of fines (imposed),,,32.6
2013,million tenge,Amount of fines (imposed),,,32.6
2014,million tenge,Amount of fines (imposed),,,56.0
2015,million tenge,Amount of fines (imposed),,,87.2
2016,million tenge,Amount of fines (imposed),,,91.5
2017,million tenge,Amount of fines (imposed),,,78.4
2018,million tenge,Amount of fines (imposed),,,63.8
2012,million tenge,Amount of fines (collected),,,29.2
2013,million tenge,Amount of fines (collected),,,29.1
2014,million tenge,Amount of fines (collected),,,38.5
2015,million tenge,Amount of fines (collected),,,53.0
2016,million tenge,Amount of fines (collected),,,66.4
2017,million tenge,Amount of fines (collected),,,60.5
2018,million tenge,Amount of fines (collected),,,70.4
2012,quantity,Number of violations,Akmola,,53.0
2013,quantity,Number of violations,Akmola,,78.0
2014,quantity,Number of violations,Akmola,,71.0
2015,quantity,Number of violations,Akmola,,195.0
2016,quantity,Number of violations,Akmola,,371.0
2017,quantity,Number of violations,Akmola,,305.0
2018,quantity,Number of violations,Akmola,,310.0
2015,million tenge,Amount of fines (imposed),Akmola,,1.7
2016,million tenge,Amount of fines (imposed),Akmola,,4.7
2017,million tenge,Amount of fines (imposed),Akmola,,3.6
2018,million tenge,Amount of fines (imposed),Akmola,,4.1
2015,million tenge,Amount of fines (collected),Akmola,,1.6
2016,million tenge,Amount of fines (collected),Akmola,,3.6
2017,million tenge,Amount of fines (collected),Akmola,,3.1
2018,million tenge,Amount of fines (collected),Akmola,,3.8
2012,quantity,Number of violations,Aktobe,,212.0
2013,quantity,Number of violations,Aktobe,,178.0
2014,quantity,Number of violations,Aktobe,,114.0
2015,quantity,Number of violations,Aktobe,,98.0
2016,quantity,Number of violations,Aktobe,,113.0
2017,quantity,Number of violations,Aktobe,,111.0
2018,quantity,Number of violations,Aktobe,,103.0
2012,million tenge,Amount of fines (imposed),Aktobe,,1.1
2013,million tenge,Amount of fines (imposed),Aktobe,,1.0
2015,million tenge,Amount of fines (imposed),Aktobe,,1.2
2016,million tenge,Amount of fines (imposed),Aktobe,,1.5
2017,million tenge,Amount of fines (imposed),Aktobe,,1.5
2018,million tenge,Amount of fines (imposed),Aktobe,,1.4
2012,million tenge,Amount of fines (collected),Aktobe,,1.0
2016,million tenge,Amount of fines (collected),Aktobe,,1.3
2017,million tenge,Amount of fines (collected),Aktobe,,1.4
2018,million tenge,Amount of fines (collected),Aktobe,,1.4
2012,quantity,Number of violations,Almaty,,889.0
2013,quantity,Number of violations,Almaty,,987.0
2014,quantity,Number of violations,Almaty,,470.0
2015,quantity,Number of violations,Almaty,,555.0
2016,quantity,Number of violations,Almaty,,550.0
2017,quantity,Number of violations,Almaty,,548.0
2018,quantity,Number of violations,Almaty,,385.0
2012,million tenge,Amount of fines (imposed),Almaty,,5.9
2013,million tenge,Amount of fines (imposed),Almaty,,8.1
2014,million tenge,Amount of fines (imposed),Almaty,,5.2
2015,million tenge,Amount of fines (imposed),Almaty,,8.4
2016,million tenge,Amount of fines (imposed),Almaty,,8.4
2017,million tenge,Amount of fines (imposed),Almaty,,9.0
2018,million tenge,Amount of fines (imposed),Almaty,,6.0
2012,million tenge,Amount of fines (collected),Almaty,,5.5
2013,million tenge,Amount of fines (collected),Almaty,,7.7
2014,million tenge,Amount of fines (collected),Almaty,,3.6
2015,million tenge,Amount of fines (collected),Almaty,,6.8
2016,million tenge,Amount of fines (collected),Almaty,,7.4
2017,million tenge,Amount of fines (collected),Almaty,,7.4
2018,million tenge,Amount of fines (collected),Almaty,,5.8
2012,quantity,Number of violations,Atyrau,,2747.0
2013,quantity,Number of violations,Atyrau,,1938.0
2014,quantity,Number of violations,Atyrau,,2062.0
2015,quantity,Number of violations,Atyrau,,1788.0
2016,quantity,Number of violations,Atyrau,,1644.0
2017,quantity,Number of violations,Atyrau,,406.0
2018,quantity,Number of violations,Atyrau,,244.0
2012,million tenge,Amount of fines (imposed),Atyrau,,7.3
2013,million tenge,Amount of fines (imposed),Atyrau,,6.5
2014,million tenge,Amount of fines (imposed),Atyrau,,5.9
2015,million tenge,Amount of fines (imposed),Atyrau,,29.3
2016,million tenge,Amount of fines (imposed),Atyrau,,33.2
2017,million tenge,Amount of fines (imposed),Atyrau,,15.4
2018,million tenge,Amount of fines (imposed),Atyrau,,8.3
2012,million tenge,Amount of fines (collected),Atyrau,,5.9
2013,million tenge,Amount of fines (collected),Atyrau,,5.1
2014,million tenge,Amount of fines (collected),Atyrau,,5.5
2015,million tenge,Amount of fines (collected),Atyrau,,18.9
2016,million tenge,Amount of fines (collected),Atyrau,,18.6
2017,million tenge,Amount of fines (collected),Atyrau,,8.9
2018,million tenge,Amount of fines (collected),Atyrau,,7.4
2012,quantity,Number of violations,Shygys Kazakhstan,,934.0
2013,quantity,Number of violations,Shygys Kazakhstan,,839.0
2014,quantity,Number of violations,Shygys Kazakhstan,,763.0
2015,quantity,Number of violations,Shygys Kazakhstan,,1159.0
2016,quantity,Number of violations,Shygys Kazakhstan,,904.0
2017,quantity,Number of violations,Shygys Kazakhstan,,975.0
2018,quantity,Number of violations,Shygys Kazakhstan,,968.0
2012,million tenge,Amount of fines (imposed),Shygys Kazakhstan,,4.4
2013,million tenge,Amount of fines (imposed),Shygys Kazakhstan,,3.5
2014,million tenge,Amount of fines (imposed),Shygys Kazakhstan,,8.4
2015,million tenge,Amount of fines (imposed),Shygys Kazakhstan,,16.3
2016,million tenge,Amount of fines (imposed),Shygys Kazakhstan,,16.0
2017,million tenge,Amount of fines (imposed),Shygys Kazakhstan,,17.6
2018,million tenge,Amount of fines (imposed),Shygys Kazakhstan,,16.3
2012,million tenge,Amount of fines (collected),Shygys Kazakhstan,,4.3
2013,million tenge,Amount of fines (collected),Shygys Kazakhstan,,3.1
2014,million tenge,Amount of fines (collected),Shygys Kazakhstan,,6.7
2015,million tenge,Amount of fines (collected),Shygys Kazakhstan,,11.2
2016,million tenge,Amount of fines (collected),Shygys Kazakhstan,,11.1
2017,million tenge,Amount of fines (collected),Shygys Kazakhstan,,12.7
2018,million tenge,Amount of fines (collected),Shygys Kazakhstan,,14.8
2012,quantity,Number of violations,Zhambyl,,170.0
2013,quantity,Number of violations,Zhambyl,,8.0
2014,quantity,Number of violations,Zhambyl,,21.0
2015,quantity,Number of violations,Zhambyl,,266.0
2016,quantity,Number of violations,Zhambyl,,146.0
2017,quantity,Number of violations,Zhambyl,,210.0
2018,quantity,Number of violations,Zhambyl,,247.0
2012,million tenge,Amount of fines (imposed),Zhambyl,,8.4
2015,million tenge,Amount of fines (imposed),Zhambyl,,3.3
2016,million tenge,Amount of fines (imposed),Zhambyl,,1.8
2017,million tenge,Amount of fines (imposed),Zhambyl,,2.5
2018,million tenge,Amount of fines (imposed),Zhambyl,,4.6
2015,million tenge,Amount of fines (collected),Zhambyl,,2.2
2016,million tenge,Amount of fines (collected),Zhambyl,,1.5
2017,million tenge,Amount of fines (collected),Zhambyl,,2.2
2018,million tenge,Amount of fines (collected),Zhambyl,,3.6
2012,quantity,Number of violations,Batys Kazakhstan,,322.0
2013,quantity,Number of violations,Batys Kazakhstan,,483.0
2014,quantity,Number of violations,Batys Kazakhstan,,527.0
2015,quantity,Number of violations,Batys Kazakhstan,,240.0
2016,quantity,Number of violations,Batys Kazakhstan,,236.0
2017,quantity,Number of violations,Batys Kazakhstan,,242.0
2018,quantity,Number of violations,Batys Kazakhstan,,291.0
2012,million tenge,Amount of fines (imposed),Batys Kazakhstan,,1.5
2013,million tenge,Amount of fines (imposed),Batys Kazakhstan,,2.3
2014,million tenge,Amount of fines (imposed),Batys Kazakhstan,,2.9
2015,million tenge,Amount of fines (imposed),Batys Kazakhstan,,2.8
2016,million tenge,Amount of fines (imposed),Batys Kazakhstan,,3.1
2017,million tenge,Amount of fines (imposed),Batys Kazakhstan,,3.6
2018,million tenge,Amount of fines (imposed),Batys Kazakhstan,,3.8
2012,million tenge,Amount of fines (collected),Batys Kazakhstan,,1.4
2013,million tenge,Amount of fines (collected),Batys Kazakhstan,,1.9
2014,million tenge,Amount of fines (collected),Batys Kazakhstan,,2.3
2015,million tenge,Amount of fines (collected),Batys Kazakhstan,,2.4
2016,million tenge,Amount of fines (collected),Batys Kazakhstan,,2.7
2017,million tenge,Amount of fines (collected),Batys Kazakhstan,,3.2
2018,million tenge,Amount of fines (collected),Batys Kazakhstan,,3.5
2012,quantity,Number of violations,Karagandy,,286.0
2013,quantity,Number of violations,Karagandy,,294.0
2014,quantity,Number of violations,Karagandy,,289.0
2015,quantity,Number of violations,Karagandy,,212.0
2016,quantity,Number of violations,Karagandy,,239.0
2017,quantity,Number of violations,Karagandy,,327.0
2018,quantity,Number of violations,Karagandy,,341.0
2012,million tenge,Amount of fines (imposed),Karagandy,,1.4
2013,million tenge,Amount of fines (imposed),Karagandy,,1.6
2014,million tenge,Amount of fines (imposed),Karagandy,,1.8
2015,million tenge,Amount of fines (imposed),Karagandy,,2.3
2016,million tenge,Amount of fines (imposed),Karagandy,,2.9
2017,million tenge,Amount of fines (imposed),Karagandy,,4.6
2018,million tenge,Amount of fines (imposed),Karagandy,,4.8
2012,million tenge,Amount of fines (collected),Karagandy,,1.1
2013,million tenge,Amount of fines (collected),Karagandy,,1.2
2014,million tenge,Amount of fines (collected),Karagandy,,1.4
2015,million tenge,Amount of fines (collected),Karagandy,,1.9
2016,million tenge,Amount of fines (collected),Karagandy,,2.3
2017,million tenge,Amount of fines (collected),Karagandy,,3.7
2018,million tenge,Amount of fines (collected),Karagandy,,4.4
2012,quantity,Number of violations,Kostanay,,166.0
2013,quantity,Number of violations,Kostanay,,181.0
2014,quantity,Number of violations,Kostanay,,120.0
2015,quantity,Number of violations,Kostanay,,540.0
2016,quantity,Number of violations,Kostanay,,183.0
2017,quantity,Number of violations,Kostanay,,226.0
2018,quantity,Number of violations,Kostanay,,219.0
2012,million tenge,Amount of fines (imposed),Kostanay,,1.0
2015,million tenge,Amount of fines (imposed),Kostanay,,6.7
2016,million tenge,Amount of fines (imposed),Kostanay,,2.8
2017,million tenge,Amount of fines (imposed),Kostanay,,3.0
2018,million tenge,Amount of fines (imposed),Kostanay,,4.0
2015,million tenge,Amount of fines (collected),Kostanay,,5.3
2016,million tenge,Amount of fines (collected),Kostanay,,2.5
2017,million tenge,Amount of fines (collected),Kostanay,,2.6
2018,million tenge,Amount of fines (collected),Kostanay,,2.6
2012,quantity,Number of violations,Kyzylorda,,629.0
2013,quantity,Number of violations,Kyzylorda,,440.0
2014,quantity,Number of violations,Kyzylorda,,451.0
2015,quantity,Number of violations,Kyzylorda,,502.0
2016,quantity,Number of violations,Kyzylorda,,479.0
2017,quantity,Number of violations,Kyzylorda,,236.0
2018,quantity,Number of violations,Kyzylorda,,733.0
2012,million tenge,Amount of fines (imposed),Kyzylorda,,3.0
2013,million tenge,Amount of fines (imposed),Kyzylorda,,2.2
2014,million tenge,Amount of fines (imposed),Kyzylorda,,3.6
2015,million tenge,Amount of fines (imposed),Kyzylorda,,7.0
2016,million tenge,Amount of fines (imposed),Kyzylorda,,5.9
2017,million tenge,Amount of fines (imposed),Kyzylorda,,5.1
2018,million tenge,Amount of fines (imposed),Kyzylorda,,13.2
2012,million tenge,Amount of fines (collected),Kyzylorda,,2.8
2013,million tenge,Amount of fines (collected),Kyzylorda,,2.1
2014,million tenge,Amount of fines (collected),Kyzylorda,,2.7
2015,million tenge,Amount of fines (collected),Kyzylorda,,5.5
2016,million tenge,Amount of fines (collected),Kyzylorda,,5.5
2017,million tenge,Amount of fines (collected),Kyzylorda,,4.4
2018,million tenge,Amount of fines (collected),Kyzylorda,,11.0
2012,quantity,Number of violations,Mangistau,,224.0
2013,quantity,Number of violations,Mangistau,,232.0
2014,quantity,Number of violations,Mangistau,,230.0
2015,quantity,Number of violations,Mangistau,,122.0
2016,quantity,Number of violations,Mangistau,,153.0
2017,quantity,Number of violations,Mangistau,,190.0
2018,quantity,Number of violations,Mangistau,,151.0
2012,million tenge,Amount of fines (imposed),Mangistau,,1.1
2013,million tenge,Amount of fines (imposed),Mangistau,,1.2
2014,million tenge,Amount of fines (imposed),Mangistau,,1.4
2016,million tenge,Amount of fines (imposed),Mangistau,,1.9
2017,million tenge,Amount of fines (imposed),Mangistau,,2.6
2018,million tenge,Amount of fines (imposed),Mangistau,,2.0
2012,million tenge,Amount of fines (collected),Mangistau,,1.1
2013,million tenge,Amount of fines (collected),Mangistau,,1.1
2014,million tenge,Amount of fines (collected),Mangistau,,1.1
2016,million tenge,Amount of fines (collected),Mangistau,,1.2
2017,million tenge,Amount of fines (collected),Mangistau,,1.5
2018,million tenge,Amount of fines (collected),Mangistau,,1.7
2012,quantity,Number of violations,Pavlodar,,264.0
2013,quantity,Number of violations,Pavlodar,,297.0
2014,quantity,Number of violations,Pavlodar,,381.0
2015,quantity,Number of violations,Pavlodar,,324.0
2016,quantity,Number of violations,Pavlodar,,347.0
2017,quantity,Number of violations,Pavlodar,,340.0
2018,quantity,Number of violations,Pavlodar,,351.0
2012,million tenge,Amount of fines (imposed),Pavlodar,,1.3
2013,million tenge,Amount of fines (imposed),Pavlodar,,1.7
2014,million tenge,Amount of fines (imposed),Pavlodar,,2.4
2015,million tenge,Amount of fines (imposed),Pavlodar,,3.2
2016,million tenge,Amount of fines (imposed),Pavlodar,,3.7
2017,million tenge,Amount of fines (imposed),Pavlodar,,4.3
2018,million tenge,Amount of fines (imposed),Pavlodar,,5.1
2012,million tenge,Amount of fines (collected),Pavlodar,,1.3
2013,million tenge,Amount of fines (collected),Pavlodar,,1.7
2014,million tenge,Amount of fines (collected),Pavlodar,,2.4
2015,million tenge,Amount of fines (collected),Pavlodar,,3.2
2016,million tenge,Amount of fines (collected),Pavlodar,,3.6
2017,million tenge,Amount of fines (collected),Pavlodar,,3.9
2018,million tenge,Amount of fines (collected),Pavlodar,,4.8
2012,quantity,Number of violations,Soltustik Kazakhstan,,130.0
2013,quantity,Number of violations,Soltustik Kazakhstan,,61.0
2014,quantity,Number of violations,Soltustik Kazakhstan,,106.0
2015,quantity,Number of violations,Soltustik Kazakhstan,,107.0
2016,quantity,Number of violations,Soltustik Kazakhstan,,157.0
2017,quantity,Number of violations,Soltustik Kazakhstan,,152.0
2018,quantity,Number of violations,Soltustik Kazakhstan,,174.0
2015,million tenge,Amount of fines (imposed),Soltustik Kazakhstan,,1.1
2016,million tenge,Amount of fines (imposed),Soltustik Kazakhstan,,1.6
2017,million tenge,Amount of fines (imposed),Soltustik Kazakhstan,,1.8
2018,million tenge,Amount of fines (imposed),Soltustik Kazakhstan,,2.1
2015,million tenge,Amount of fines (collected),Soltustik Kazakhstan,,1.1
2016,million tenge,Amount of fines (collected),Soltustik Kazakhstan,,1.6
2017,million tenge,Amount of fines (collected),Soltustik Kazakhstan,,1.8
2018,million tenge,Amount of fines (collected),Soltustik Kazakhstan,,2.0
2012,quantity,Number of violations,Turkistan,,454.0
2013,quantity,Number of violations,Turkistan,,439.0
2014,quantity,Number of violations,Turkistan,,290.0
2015,quantity,Number of violations,Turkistan,,447.0
2016,quantity,Number of violations,Turkistan,,260.0
2017,quantity,Number of violations,Turkistan,,246.0
2018,quantity,Number of violations,Turkistan,,218.0
2012,million tenge,Amount of fines (imposed),Turkistan,,2.3
2013,million tenge,Amount of fines (imposed),Turkistan,,2.3
2014,million tenge,Amount of fines (imposed),Turkistan,,1.8
2015,million tenge,Amount of fines (imposed),Turkistan,,3.5
2016,million tenge,Amount of fines (imposed),Turkistan,,3.4
2017,million tenge,Amount of fines (imposed),Turkistan,,3.1
2018,million tenge,Amount of fines (imposed),Turkistan,,3.1
2012,million tenge,Amount of fines (collected),Turkistan,,2.2
2013,million tenge,Amount of fines (collected),Turkistan,,2.3
2014,million tenge,Amount of fines (collected),Turkistan,,1.6
2015,million tenge,Amount of fines (collected),Turkistan,,3.0
2016,million tenge,Amount of fines (collected),Turkistan,,2.7
2017,million tenge,Amount of fines (collected),Turkistan,,3.0
2018,million tenge,Amount of fines (collected),Turkistan,,2.7
