Year,Units,Regions,GeoCode,Value
2010,million m3,,,380.7
2011,million m3,,,380.7
2012,million m3,,,412.2
2013,million m3,,,412.2
2014,million m3,,,412.2
2015,million m3,,,412.2
2016,million m3,,,412.2
2017,million m3,,,421.8
2018,million m3,,,421.8
2010,million m3,Akmola,KZ03,42.7
2011,million m3,Akmola,KZ03,42.7
2012,million m3,Akmola,KZ03,45.4
2013,million m3,Akmola,KZ03,45.4
2014,million m3,Akmola,KZ03,45.4
2015,million m3,Akmola,KZ03,45.4
2016,million m3,Akmola,KZ03,45.4
2017,million m3,Akmola,KZ03,44.7
2018,million m3,Akmola,KZ03,44.7
2010,million m3,Aktobe,KZ04,1.0
2011,million m3,Aktobe,KZ04,1.0
2012,million m3,Aktobe,KZ04,1.1
2013,million m3,Aktobe,KZ04,1.1
2014,million m3,Aktobe,KZ04,1.1
2015,million m3,Aktobe,KZ04,1.1
2016,million m3,Aktobe,KZ04,1.1
2017,million m3,Aktobe,KZ04,1.1
2018,million m3,Aktobe,KZ04,1.1
2010,million m3,Almaty,KZ01,38.7
2011,million m3,Almaty,KZ01,38.7
2012,million m3,Almaty,KZ01,40.7
2013,million m3,Almaty,KZ01,40.7
2014,million m3,Almaty,KZ01,40.7
2015,million m3,Almaty,KZ01,40.7
2016,million m3,Almaty,KZ01,40.7
2017,million m3,Almaty,KZ01,49.4
2018,million m3,Almaty,KZ01,49.4
2010,million m3,Atyrau,KZ06,0.5
2011,million m3,Atyrau,KZ06,0.5
2012,million m3,Atyrau,KZ06,0.5
2013,million m3,Atyrau,KZ06,0.5
2014,million m3,Atyrau,KZ06,0.5
2015,million m3,Atyrau,KZ06,0.5
2016,million m3,Atyrau,KZ06,0.5
2017,million m3,Atyrau,KZ06,0.5
2018,million m3,Atyrau,KZ06,0.5
2010,million m3,Batys Kazakhstan,KZ07,8.0
2011,million m3,Batys Kazakhstan,KZ07,8.0
2012,million m3,Batys Kazakhstan,KZ07,8.3
2013,million m3,Batys Kazakhstan,KZ07,8.3
2014,million m3,Batys Kazakhstan,KZ07,8.3
2015,million m3,Batys Kazakhstan,KZ07,8.3
2016,million m3,Batys Kazakhstan,KZ07,8.3
2017,million m3,Batys Kazakhstan,KZ07,7.7
2018,million m3,Batys Kazakhstan,KZ07,7.7
2010,million m3,Zhambyl,KZ17,3.4
2011,million m3,Zhambyl,KZ17,3.4
2012,million m3,Zhambyl,KZ17,3.4
2013,million m3,Zhambyl,KZ17,3.4
2014,million m3,Zhambyl,KZ17,3.4
2015,million m3,Zhambyl,KZ17,3.4
2016,million m3,Zhambyl,KZ17,3.4
2017,million m3,Zhambyl,KZ17,3.4
2018,million m3,Zhambyl,KZ17,3.4
2010,million m3,Karagandy,KZ12,4.6
2011,million m3,Karagandy,KZ12,4.6
2012,million m3,Karagandy,KZ12,4.6
2013,million m3,Karagandy,KZ12,4.6
2014,million m3,Karagandy,KZ12,4.6
2015,million m3,Karagandy,KZ12,4.6
2016,million m3,Karagandy,KZ12,4.6
2017,million m3,Karagandy,KZ12,5.5
2018,million m3,Karagandy,KZ12,5.5
2010,million m3,Kostanay,KZ13,16.5
2011,million m3,Kostanay,KZ13,16.5
2012,million m3,Kostanay,KZ13,15.5
2013,million m3,Kostanay,KZ13,15.5
2014,million m3,Kostanay,KZ13,15.5
2015,million m3,Kostanay,KZ13,15.5
2016,million m3,Kostanay,KZ13,15.5
2017,million m3,Kostanay,KZ13,17.3
2018,million m3,Kostanay,KZ13,17.3
2010,million m3,Kyzylorda,KZ14,6.0
2011,million m3,Kyzylorda,KZ14,6.0
2012,million m3,Kyzylorda,KZ14,5.9
2013,million m3,Kyzylorda,KZ14,5.9
2014,million m3,Kyzylorda,KZ14,5.9
2015,million m3,Kyzylorda,KZ14,5.9
2016,million m3,Kyzylorda,KZ14,5.9
2017,million m3,Kyzylorda,KZ14,5.9
2018,million m3,Kyzylorda,KZ14,5.9
2010,million m3,Mangistau,KZ09,0.1
2011,million m3,Mangistau,KZ09,0.1
2012,million m3,Mangistau,KZ09,0.1
2013,million m3,Mangistau,KZ09,0.1
2014,million m3,Mangistau,KZ09,0.1
2015,million m3,Mangistau,KZ09,0.1
2016,million m3,Mangistau,KZ09,0.1
2017,million m3,Mangistau,KZ09,0.1
2018,million m3,Mangistau,KZ09,0.1
2010,million m3,Pavlodar,KZ11,26.6
2011,million m3,Pavlodar,KZ11,26.6
2012,million m3,Pavlodar,KZ11,27.0
2013,million m3,Pavlodar,KZ11,27.0
2014,million m3,Pavlodar,KZ11,27.0
2015,million m3,Pavlodar,KZ11,27.0
2016,million m3,Pavlodar,KZ11,27.0
2017,million m3,Pavlodar,KZ11,26.9
2018,million m3,Pavlodar,KZ11,26.9
2010,million m3,Soltustik Kazakhstan,KZ16,54.4
2011,million m3,Soltustik Kazakhstan,KZ16,54.4
2012,million m3,Soltustik Kazakhstan,KZ16,52.0
2013,million m3,Soltustik Kazakhstan,KZ16,52.0
2014,million m3,Soltustik Kazakhstan,KZ16,52.0
2015,million m3,Soltustik Kazakhstan,KZ16,52.0
2016,million m3,Soltustik Kazakhstan,KZ16,52.0
2017,million m3,Soltustik Kazakhstan,KZ16,49.6
2018,million m3,Soltustik Kazakhstan,KZ16,49.6
2010,million m3,Turkistan,KZ10,3.1
2011,million m3,Turkistan,KZ10,3.1
2012,million m3,Turkistan,KZ10,3.1
2013,million m3,Turkistan,KZ10,3.1
2014,million m3,Turkistan,KZ10,3.1
2015,million m3,Turkistan,KZ10,3.1
2016,million m3,Turkistan,KZ10,3.1
2017,million m3,Turkistan,KZ10,3.2
2018,million m3,Turkistan,KZ10,3.2
2010,million m3,Shygys Kazakhstan,KZ15,175.1
2011,million m3,Shygys Kazakhstan,KZ15,175.1
2012,million m3,Shygys Kazakhstan,KZ15,204.6
2013,million m3,Shygys Kazakhstan,KZ15,204.6
2014,million m3,Shygys Kazakhstan,KZ15,204.6
2015,million m3,Shygys Kazakhstan,KZ15,204.6
2016,million m3,Shygys Kazakhstan,KZ15,204.6
2017,million m3,Shygys Kazakhstan,KZ15,206.5
2018,million m3,Shygys Kazakhstan,KZ15,206.5
