Year,Units,Safety grade,Area,Sex,age,Value
2016,Percent,всего,,,,100.0
2016,Percent,Total security,,,,42.4
2016,Percent,Relatively safe,,,,48.7
2016,Percent,Not safe,,,,8.9
2016,Percent,всего,Urban,,,100.0
2016,Percent,Total security,Urban,,,38.0
2016,Percent,Relatively safe,Urban,,,52.8
2016,Percent,Not safe,Urban,,,9.2
2016,Percent,всего,Rural,,,100.0
2016,Percent,Total security,Rural,,,48.5
2016,Percent,Relatively safe,Rural,,,42.9
2016,Percent,Not safe,Rural,,,8.6
2016,Percent,всего,,Male,,100.0
2016,Percent,Total security,,Male,,48.2
2016,Percent,Relatively safe,,Male,,45.4
2016,Percent,Not safe,,Male,,6.4
2016,Percent,всего,,Female,,100.0
2016,Percent,Total security,,Female,,37.1
2016,Percent,Relatively safe,,Female,,51.7
2016,Percent,Not safe,,Female,,11.2
2016,Percent,всего,,,15-19,100.0
2016,Percent,Total security,,,15-19,41.6
2016,Percent,Relatively safe,,,15-19,45.0
2016,Percent,Not safe,,,15-19,13.4
2016,Percent,всего,,,20-24,100.0
2016,Percent,Total security,,,20-24,47.8
2016,Percent,Relatively safe,,,20-24,45.6
2016,Percent,Not safe,,,20-24,6.5
2016,Percent,всего,,,25-29,100.0
2016,Percent,Total security,,,25-29,44.5
2016,Percent,Relatively safe,,,25-29,48.7
2016,Percent,Not safe,,,25-29,6.8
2016,Percent,всего,,,30-34,100.0
2016,Percent,Total security,,,30-34,44.5
2016,Percent,Relatively safe,,,30-34,48.3
2016,Percent,Not safe,,,30-34,7.2
2016,Percent,всего,,,35-39,100.0
2016,Percent,Total security,,,35-39,41.9
2016,Percent,Relatively safe,,,35-39,50.9
2016,Percent,Not safe,,,35-39,7.1
2016,Percent,всего,,,40-44,100.0
2016,Percent,Total security,,,40-44,41.1
2016,Percent,Relatively safe,,,40-44,51.1
2016,Percent,Not safe,,,40-44,7.8
2016,Percent,всего,,,45-49,100.0
2016,Percent,Total security,,,45-49,45.0
2016,Percent,Relatively safe,,,45-49,46.5
2016,Percent,Not safe,,,45-49,8.5
2016,Percent,всего,,,50-54,100.0
2016,Percent,Total security,,,50-54,42.7
2016,Percent,Relatively safe,,,50-54,49.7
2016,Percent,Not safe,,,50-54,7.6
2016,Percent,всего,,,55-59,100.0
2016,Percent,Total security,,,55-59,41.5
2016,Percent,Relatively safe,,,55-59,49.3
2016,Percent,Not safe,,,55-59,9.2
2016,Percent,всего,,,60+,100.0
2016,Percent,Total security,,,60+,35.0
2016,Percent,Relatively safe,,,60+,51.1
2016,Percent,Not safe,,,60+,14.0
2019,Percent,всего,,,,100.0
2019,Percent,Total security,,,,49.6
2019,Percent,Relatively safe,,,,42.8
2019,Percent,Not safe,,,,5.4
2019,Percent,совсем не безопасно,,,,0.9
2019,Percent,затруднились ответить,,,,1.2
2019,Percent,всего,Urban,,,100.0
2019,Percent,Total security,Urban,,,40.5
2019,Percent,Relatively safe,Urban,,,50.4
2019,Percent,Not safe,Urban,,,6.5
2019,Percent,совсем не безопасно,Urban,,,1.0
2019,Percent,затруднились ответить,Urban,,,1.7
2019,Percent,всего,Rural,,,100.0
2019,Percent,Total security,Rural,,,62.9
2019,Percent,Relatively safe,Rural,,,31.9
2019,Percent,Not safe,Rural,,,3.8
2019,Percent,совсем не безопасно,Rural,,,0.9
2019,Percent,затруднились ответить,Rural,,,0.5
2019,Percent,всего,,Male,,100.0
2019,Percent,Total security,,Male,,55.3
2019,Percent,Relatively safe,,Male,,39.3
2019,Percent,Not safe,,Male,,3.6
2019,Percent,совсем не безопасно,,Male,,0.8
2019,Percent,затруднились ответить,,Male,,1.0
2019,Percent,всего,,Female,,100.0
2019,Percent,Total security,,Female,,44.6
2019,Percent,Relatively safe,,Female,,46.0
2019,Percent,Not safe,,Female,,7.0
2019,Percent,совсем не безопасно,,Female,,1.0
2019,Percent,затруднились ответить,,Female,,1.4
2019,Percent,всего,,,15-19,100.0
2019,Percent,Total security,,,15-19,52.4
2019,Percent,Relatively safe,,,15-19,41.6
2019,Percent,Not safe,,,15-19,4.3
2019,Percent,совсем не безопасно,,,15-19,1.2
2019,Percent,затруднились ответить,,,15-19,0.5
2019,Percent,всего,,,20-24,100.0
2019,Percent,Total security,,,20-24,55.7
2019,Percent,Relatively safe,,,20-24,38.7
2019,Percent,Not safe,,,20-24,4.3
2019,Percent,совсем не безопасно,,,20-24,0.6
2019,Percent,затруднились ответить,,,20-24,0.6
2019,Percent,всего,,,25-29,100.0
2019,Percent,Total security,,,25-29,52.9
2019,Percent,Relatively safe,,,25-29,40.8
2019,Percent,Not safe,,,25-29,4.5
2019,Percent,совсем не безопасно,,,25-29,0.6
2019,Percent,затруднились ответить,,,25-29,1.2
2019,Percent,всего,,,30-34,100.0
2019,Percent,Total security,,,30-34,51.6
2019,Percent,Relatively safe,,,30-34,42.0
2019,Percent,Not safe,,,30-34,4.4
2019,Percent,совсем не безопасно,,,30-34,0.7
2019,Percent,затруднились ответить,,,30-34,1.2
2019,Percent,всего,,,35-39,100.0
2019,Percent,Total security,,,35-39,50.2
2019,Percent,Relatively safe,,,35-39,43.4
2019,Percent,Not safe,,,35-39,4.6
2019,Percent,совсем не безопасно,,,35-39,0.9
2019,Percent,затруднились ответить,,,35-39,1.0
2019,Percent,всего,,,40-44,100.0
2019,Percent,Total security,,,40-44,51.3
2019,Percent,Relatively safe,,,40-44,41.6
2019,Percent,Not safe,,,40-44,5.2
2019,Percent,совсем не безопасно,,,40-44,0.7
2019,Percent,затруднились ответить,,,40-44,1.1
2019,Percent,всего,,,45-49,100.0
2019,Percent,Total security,,,45-49,49.8
2019,Percent,Relatively safe,,,45-49,43.4
2019,Percent,Not safe,,,45-49,5.3
2019,Percent,совсем не безопасно,,,45-49,0.7
2019,Percent,затруднились ответить,,,45-49,0.8
2019,Percent,всего,,,50-54,100.0
2019,Percent,Total security,,,50-54,49.3
2019,Percent,Relatively safe,,,50-54,42.3
2019,Percent,Not safe,,,50-54,5.6
2019,Percent,совсем не безопасно,,,50-54,1.3
2019,Percent,затруднились ответить,,,50-54,1.5
2019,Percent,всего,,,55-59,100.0
2019,Percent,Total security,,,55-59,45.2
2019,Percent,Relatively safe,,,55-59,46.2
2019,Percent,Not safe,,,55-59,5.8
2019,Percent,совсем не безопасно,,,55-59,1.2
2019,Percent,затруднились ответить,,,55-59,1.6
2019,Percent,всего,,,60+,100.0
2019,Percent,Total security,,,60+,41.4
2019,Percent,Relatively safe,,,60+,46.7
2019,Percent,Not safe,,,60+,8.5
2019,Percent,совсем не безопасно,,,60+,1.2
2019,Percent,затруднились ответить,,,60+,2.1
