Year,Units,Доходы бюджета,Value
2010,"Доля к ВВП, в процентах",,13.449512659178328
2011,"Доля к ВВП, в процентах",,14.10023908200086
2012,"Доля к ВВП, в процентах",,13.204390372567033
2013,"Доля к ВВП, в процентах",,13.275371720225834
2014,"Доля к ВВП, в процентах",,12.9
2015,"Доля к ВВП, в процентах",,11.9
2016,"Доля к ВВП, в процентах",,12.8
2017,"Доля к ВВП, в процентах",,12.8
2018,"Доля к ВВП, в процентах",,13.4
2010,млн_тенге,Налоговые поступления,2934080720.5802
2011,млн_тенге,Налоговые поступления,3982337954.7555
2012,млн_тенге,Налоговые поступления,4095366313.4441
2013,млн_тенге,Налоговые поступления,4779004397.6824
2014,млн_тенге,Налоговые поступления,5115244101.33998
2015,млн_тенге,Налоговые поступления,4883589901.38814
2016,млн_тенге,Налоговые поступления,6023262753.336421
2017,млн_тенге,Налоговые поступления,6810851289.54264
2018,млн_тенге,Налоговые поступления,7890048341.5
2010,млн_тенге,Корпоративный подоходный налог,837233485.8156
2011,млн_тенге,Корпоративный подоходный налог,1050380051.5758
2012,млн_тенге,Корпоративный подоходный налог,1041216834.8762
2013,млн_тенге,Корпоративный подоходный налог,1032736596.9465
2014,млн_тенге,Корпоративный подоходный налог,1169666806.4632
2015,млн_тенге,Корпоративный подоходный налог,1224645230.27333
2016,млн_тенге,Корпоративный подоходный налог,1437364514.30398
2017,млн_тенге,Корпоративный подоходный налог,1538785451.60939
2018,млн_тенге,Корпоративный подоходный налог,1687576978.1008
2010,"Доля к ВВП, в процентах",Корпоративный подоходный налог,3.837788881260985
2011,"Доля к ВВП, в процентах",Корпоративный подоходный налог,3.7190740772005846
2012,"Доля к ВВП, в процентах",Корпоративный подоходный налог,3.3571193631838407
2013,"Доля к ВВП, в процентах",Корпоративный подоходный налог,2.868790457735201
2014,"Доля к ВВП, в процентах",Корпоративный подоходный налог,2.948058606384543
2015,"Доля к ВВП, в процентах",Корпоративный подоходный налог,2.9954046287367824
2016,"Доля к ВВП, в процентах",Корпоративный подоходный налог,3.060100751852957
2017,"Доля к ВВП, в процентах",Корпоративный подоходный налог,2.89783108702546
2018,"Доля к ВВП, в процентах",Корпоративный подоходный налог,2.8974801987727234
2010,млн_тенге,Индивидуальный подоходный налог,312331729.7058
2011,млн_тенге,Индивидуальный подоходный налог,376245074.8671
2012,млн_тенге,Индивидуальный подоходный налог,438497838.4627
2013,млн_тенге,Индивидуальный подоходный налог,492991056.3221
2014,млн_тенге,Индивидуальный подоходный налог,552280283.57987
2015,млн_тенге,Индивидуальный подоходный налог,598806790.41336
2016,млн_тенге,Индивидуальный подоходный налог,691778129.83524
2017,млн_тенге,Индивидуальный подоходный налог,750211816.07174
2018,млн_тенге,Индивидуальный подоходный налог,838394478.84444
2010,"Доля к ВВП, в процентах",Индивидуальный подоходный налог,1.431695291501916
2011,"Доля к ВВП, в процентах",Индивидуальный подоходный налог,1.332168582708129
2012,"Доля к ВВП, в процентах",Индивидуальный подоходный налог,1.413816541289808
2013,"Доля к ВВП, в процентах",Индивидуальный подоходный налог,1.369456686542603
2014,"Доля к ВВП, в процентах",Индивидуальный подоходный налог,1.3919815747078368
2015,"Доля к ВВП, в процентах",Индивидуальный подоходный налог,1.4646434635791328
2016,"Доля к ВВП, в процентах",Индивидуальный подоходный налог,1.4727723929161625
2017,"Доля к ВВП, в процентах",Индивидуальный подоходный налог,1.4127941749077353
2018,"Доля к ВВП, в процентах",Индивидуальный подоходный налог,1.4394788698445034
2010,млн_тенге,Социальный налог,253829912.8023
2011,млн_тенге,Социальный налог,296843078.9856
2012,млн_тенге,Социальный налог,340996885.856
2013,млн_тенге,Социальный налог,380477071.9693
2014,млн_тенге,Социальный налог,427984814.10445
2015,млн_тенге,Социальный налог,464673530.56258
2016,млн_тенге,Социальный налог,530439942.88051
2017,млн_тенге,Социальный налог,576606597.28897
2018,млн_тенге,Социальный налог,618505480.59255
2010,"Доля к ВВП, в процентах",Социальный налог,1.1635292108928703
2011,"Доля к ВВП, в процентах",Социальный налог,1.051030432647247
2012,"Доля к ВВП, в процентах",Социальный налог,1.0994513438007174
2013,"Доля к ВВП, в процентах",Социальный налог,1.0569093771633828
2014,"Доля к ВВП, в процентах",Социальный налог,1.0787040443061495
2015,"Доля к ВВП, в процентах",Социальный налог,1.1365620098711842
2016,"Доля к ВВП, в процентах",Социальный налог,1.129288814262606
2017,"Доля к ВВП, в процентах",Социальный налог,1.0858619184762712
2018,"Доля к ВВП, в процентах",Социальный налог,1.061941118008234
2010,млн_тенге,Hалоги на имущество,107917342.7611
2011,млн_тенге,Hалоги на имущество,117398800.3693
2012,млн_тенге,Hалоги на имущество,127485042.9838
2013,млн_тенге,Hалоги на имущество,142444137.1708
2014,млн_тенге,Hалоги на имущество,173154548.79718
2015,млн_тенге,Hалоги на имущество,208984244.70926002
2016,млн_тенге,Hалоги на имущество,210616456.99978998
2017,млн_тенге,Hалоги на имущество,239511409.29825
2018,млн_тенге,Hалоги на имущество,280543467.46389
2010,"Доля к ВВП, в процентах",Hалоги на имущество,0.4946815734923908
2011,"Доля к ВВП, в процентах",Hалоги на имущество,0.4156731979942805
2012,"Доля к ВВП, в процентах",Hалоги на имущество,0.4110407092756295
2013,"Доля к ВВП, в процентах",Hалоги на имущество,0.3956888742823205
2014,"Доля к ВВП, в процентах",Hалоги на имущество,0.4364232232593661
2015,"Доля к ВВП, в процентах",Hалоги на имущество,0.5111622194416761
2016,"Доля к ВВП, в процентах",Hалоги на имущество,0.4483953597043929
2017,"Доля к ВВП, в процентах",Hалоги на имущество,0.4510463800108314
2018,"Доля к ВВП, в процентах",Hалоги на имущество,0.4816782596705393
2010,млн_тенге,Земельный налог,13467103.4462
2011,млн_тенге,Земельный налог,12977289.9903
2012,млн_тенге,Земельный налог,13038561.179000001
2013,млн_тенге,Земельный налог,14150049.5251
2014,млн_тенге,Земельный налог,14300176.04821
2015,млн_тенге,Земельный налог,14935091.687020002
2016,млн_тенге,Земельный налог,15255135.08386
2017,млн_тенге,Земельный налог,15353337.879910002
2018,млн_тенге,Земельный налог,16875844.36687
2010,"Доля к ВВП, в процентах",Земельный налог,0.061731763891728984
2011,"Доля к ВВП, в процентах",Земельный налог,0.045948609479810235
2012,"Доля к ВВП, в процентах",Земельный налог,0.04203928013446162
2013,"Доля к ВВП, в процентах",Земельный налог,0.039306757574109966
2014,"Доля к ВВП, в процентах",Земельный налог,0.03604253522352646
2015,"Доля к ВВП, в процентах",Земельный налог,0.0365302878450138
2016,"Доля к ВВП, в процентах",Земельный налог,0.032477669982233774
2017,"Доля к ВВП, в процентах",Земельный налог,0.028913309358023876
2018,"Доля к ВВП, в процентах",Земельный налог,0.028974930047697862
2010,млн_тенге,Hалог на транспортные средства,26261779.1185
2011,млн_тенге,Hалог на транспортные средства,29975091.8961
2012,млн_тенге,Hалог на транспортные средства,30960804.7741
2013,млн_тенге,Hалог на транспортные средства,36029294.302
2014,млн_тенге,Hалог на транспортные средства,38843795.56726
2015,млн_тенге,Hалог на транспортные средства,42277825.41119
2016,млн_тенге,Hалог на транспортные средства,46879302.03746
2017,млн_тенге,Hалог на транспортные средства,59980798.90098
2018,млн_тенге,Hалог на транспортные средства,67191308.6814
2010,"Доля к ВВП, в процентах",Hалог на транспортные средства,0.12038119068413553
2011,"Доля к ВВП, в процентах",Hалог на транспортные средства,0.1061326203456045
2012,"Доля к ВВП, в процентах",Hалог на транспортные средства,0.09982466065221092
2013,"Доля к ВВП, в процентах",Hалог на транспортные средства,0.1000840833936917
2014,"Доля к ВВП, в процентах",Hалог на транспортные средства,0.09790291149063693
2015,"Доля к ВВП, в процентах",Hалог на транспортные средства,0.10340888185335058
2016,"Доля к ВВП, в процентах",Hалог на транспортные средства,0.09980445877407727
2017,"Доля к ВВП, в процентах",Hалог на транспортные средства,0.11295546334811847
2018,"Доля к ВВП, в процентах",Hалог на транспортные средства,0.11536391463047893
2010,млн_тенге,Единый земельный налог,761649.2541
2011,млн_тенге,Единый земельный налог,818271.1437
2012,млн_тенге,Единый земельный налог,820242.3827
2013,млн_тенге,Единый земельный налог,829939.2835
2014,млн_тенге,Единый земельный налог,876472.42874
2015,млн_тенге,Единый земельный налог,832773.04591
2016,млн_тенге,Единый земельный налог,943671.05351
2017,млн_тенге,Единый земельный налог,1003674.39559
2018,млн_тенге,Единый земельный налог,1036102.79185
2010,"Доля к ВВП, в процентах",Единый земельный налог,0.0034913188355792804
2011,"Доля к ВВП, в процентах",Единый земельный налог,0.0028972475192102732
2012,"Доля к ВВП, в процентах",Единый земельный налог,0.002644647582742578
2013,"Доля к ВВП, в процентах",Единый земельный налог,0.002305449331459812
2014,"Доля к ВВП, в процентах",Единый земельный налог,0.002209083879723669
2015,"Доля к ВВП, в процентах",Единый земельный налог,0.0020369100983223475
2016,"Доля к ВВП, в процентах",Единый земельный налог,0.002009043963177397
2017,"Доля к ВВП, в процентах",Единый земельный налог,0.0018901133109558985
2018,"Доля к ВВП, в процентах",Единый земельный налог,0.0017789335610972022
2010,млн_тенге,Налог на добавленную стоимость,677229029.0672
2011,млн_тенге,Налог на добавленную стоимость,865212735.0064
2012,млн_тенге,Налог на добавленную стоимость,914360839.252
2013,млн_тенге,Налог на добавленную стоимость,1327649556.1342
2014,млн_тенге,Налог на добавленную стоимость,1198169867.41276
2015,млн_тенге,Налог на добавленную стоимость,944438030.3032
2016,млн_тенге,Налог на добавленную стоимость,1495681958.48907
2017,млн_тенге,Налог на добавленную стоимость,1664699270.11816
2018,млн_тенге,Налог на добавленную стоимость,2034313934.8133302
2010,"Доля к ВВП, в процентах",Налог на добавленную стоимость,3.1043455402280857
2011,"Доля к ВВП, в процентах",Налог на добавленную стоимость,3.0634533178716903
2012,"Доля к ВВП, в процентах",Налог на добавленную стоимость,2.9481068453478207
2013,"Доля к ВВП, в процентах",Налог на добавленную стоимость,3.688015307209528
2014,"Доля к ВВП, в процентах",Налог на добавленную стоимость,3.0198984616974736
2015,"Доля к ВВП, в процентах",Налог на добавленную стоимость,2.31003557405262
2016,"Доля к ВВП, в процентах",Налог на добавленную стоимость,3.184256630908696
2017,"Доля к ВВП, в процентах",Налог на добавленную стоимость,3.1349511983308904
2018,"Доля к ВВП, в процентах",Налог на добавленную стоимость,3.4928091700104797
2010,млн_тенге,Поступления за использование природных и других ресурсов,231272772.3282
2011,млн_тенге,Поступления за использование природных и других ресурсов,298039034.3182
2012,млн_тенге,Поступления за использование природных и других ресурсов,303927968.3336
2013,млн_тенге,Поступления за использование природных и других ресурсов,312444298.323
2014,млн_тенге,Поступления за использование природных и других ресурсов,278082952.64522004
2015,млн_тенге,Поступления за использование природных и других ресурсов,266591324.19881
2016,млн_тенге,Поступления за использование природных и других ресурсов,359944636.9235
2017,млн_тенге,Поступления за использование природных и других ресурсов,414946358.18392
2018,млн_тенге,Поступления за использование природных и других ресурсов,493648785.33085996
2010,"Доля к ВВП, в процентах",Поступления за использование природных и других ресурсов,1.0601296880940296
2011,"Доля к ВВП, в процентах",Поступления за использование природных и других ресурсов,1.0552649442112183
2012,"Доля к ВВП, в процентах",Поступления за использование природных и других ресурсов,0.9799327415092836
2013,"Доля к ВВП, в процентах",Поступления за использование природных и других ресурсов,0.8679243325481056
2014,"Доля к ВВП, в процентах",Поступления за использование природных и других ресурсов,0.7008874983068597
2015,"Доля к ВВП, в процентах",Поступления за использование природных и других ресурсов,0.6520654853715917
2016,"Доля к ВВП, в процентах",Поступления за использование природных и других ресурсов,0.7663100369556631
2017,"Доля к ВВП, в процентах",Поступления за использование природных и других ресурсов,0.7814243726672542
2018,"Доля к ВВП, в процентах",Поступления за использование природных и других ресурсов,0.8475687919457615
2010,млн_тенге,Сборы за регистрацию,9731076.5766
2011,млн_тенге,Сборы за регистрацию,11953180.6484
2012,млн_тенге,Сборы за регистрацию,13880399.309
2013,млн_тенге,Сборы за регистрацию,15562475.915
2014,млн_тенге,Сборы за регистрацию,17185939.63817
2015,млн_тенге,Сборы за регистрацию,22446793.20406
2016,млн_тенге,Сборы за регистрацию,26902505.96605
2017,млн_тенге,Сборы за регистрацию,26582177.40883
2018,млн_тенге,Сборы за регистрацию,29622847.161629997
2010,"Доля к ВВП, в процентах",Сборы за регистрацию,0.04460621573442427
2011,"Доля к ВВП, в процентах",Сборы за регистрацию,0.04232255194000328
2012,"Доля к ВВП, в процентах",Сборы за регистрацию,0.044753557307309566
2013,"Доля к ВВП, в процентах",Сборы за регистрацию,0.043230270463629865
2014,"Доля к ВВП, в процентах",Сборы за регистрацию,0.04331588874639605
2015,"Доля к ВВП, в процентах",Сборы за регистрацию,0.05490343374687533
2016,"Доля к ВВП, в процентах",Сборы за регистрацию,0.05727453120915711
2017,"Доля к ВВП, в процентах",Сборы за регистрацию,0.05005938935513615
2018,"Доля к ВВП, в процентах",Сборы за регистрацию,0.05086085802064487
2010,млн_тенге,Налог на игорный бизнес,5307296.9372
2011,млн_тенге,Налог на игорный бизнес,5906834.4913
2012,млн_тенге,Налог на игорный бизнес,6444629.0087
2013,млн_тенге,Налог на игорный бизнес,7734714.645
2014,млн_тенге,Налог на игорный бизнес,8888422.31095
2015,млн_тенге,Налог на игорный бизнес,10570459.46761
2016,млн_тенге,Налог на игорный бизнес,11876282.91775
2017,млн_тенге,Налог на игорный бизнес,13347959.35686
2018,млн_тенге,Налог на игорный бизнес,28863927.12853
2010,"Доля к ВВП, в процентах",Налог на игорный бизнес,0.02432808233332265
2011,"Доля к ВВП, в процентах",Налог на игорный бизнес,0.020914291928860792
2012,"Доля к ВВП, в процентах",Налог на игорный бизнес,0.02077894642974677
2013,"Доля к ВВП, в процентах",Налог на игорный бизнес,0.0214859003084503
2014,"Доля к ВВП, в процентах",Налог на игорный бизнес,0.0224026105094066
2015,"Доля к ВВП, в процентах",Налог на игорный бизнес,0.02585467401860266
2016,"Доля к ВВП, в процентах",Налог на игорный бизнес,0.025284207258604485
2017,"Доля к ВВП, в процентах",Налог на игорный бизнес,0.025136793132666008
2018,"Доля к ВВП, в процентах",Налог на игорный бизнес,0.049557832560535836
2010,млн_тенге,Налоги на международную торговлю и внешние операции,373799611.3336
2011,млн_тенге,Налоги на международную торговлю и внешние операции,813789853.9948
2012,млн_тенге,Налоги на международную торговлю и внешние операции,744443812.0009
2013,млн_тенге,Налоги на международную торговлю и внешние операции,880049267.6658
2014,млн_тенге,Налоги на международную торговлю и внешние операции,1054054719.6959199
2015,млн_тенге,Налоги на международную торговлю и внешние операции,880063188.7207099
2016,млн_тенге,Налоги на международную торговлю и внешние операции,951806708.61454
2017,млн_тенге,Налоги на международную торговлю и внешние операции,1196918503.988
2018,млн_тенге,Налоги на международную торговлю и внешние операции,1422717755.81567
2010,"Доля к ВВП, в процентах",Налоги на международную торговлю и внешние операции,1.7134574960272542
2011,"Доля к ВВП, в процентах",Налоги на международную торговлю и внешние операции,2.8813806447870283
2012,"Доля к ВВП, в процентах",Налоги на международную торговлю и внешние операции,2.400255789532796
2013,"Доля к ВВП, в процентах",Налоги на международную торговлю и внешние операции,2.444647501484144
2014,"Доля к ВВП, в процентах",Налоги на международную торговлю и внешние операции,2.656666899350512
2015,"Доля к ВВП, в процентах",Налоги на международную торговлю и внешние операции,2.152578790909513
2016,"Доля к ВВП, в процентах",Налоги на международную торговлю и внешние операции,2.0263644995162777
2017,"Доля к ВВП, в процентах",Налоги на международную торговлю и внешние операции,2.2540294008270103
2018,"Доля к ВВП, в процентах",Налоги на международную торговлю и внешние операции,2.442730956520576
2010,млн_тенге,Акцизы,61423117.956
2011,млн_тенге,Акцизы,76399980.8999
2012,млн_тенге,Акцизы,93143180.2472
2013,млн_тенге,Акцизы,103651007.3985
2014,млн_тенге,Акцизы,146865777.03333998
2015,млн_тенге,Акцизы,161068271.97219
2016,млн_тенге,Акцизы,205230955.45323
2017,млн_тенге,Акцизы,255994199.021
2018,млн_тенге,Акцизы,311855913.62152004
2010,"Доля к ВВП, в процентах",Акцизы,0.2815570126346307
2011,"Доля к ВВП, в процентах",Акцизы,0.2705089343968119
2012,"Доля к ВВП, в процентах",Акцизы,0.3003147504751753
2013,"Доля к ВВП, в процентах",Акцизы,0.287927262226054
2014,"Доля к ВВП, в процентах",Акцизы,0.3701643199362804
2015,"Доля к ВВП, в процентах",Акцизы,0.3939627865128344
2016,"Доля к ВВП, в процентах",Акцизы,0.436929807878304
2017,"Доля к ВВП, в процентах",Акцизы,0.4820866659776196
2018,"Доля к ВВП, в процентах",Акцизы,0.5354400695874856
2010,млн_тенге,Государственная пошлина,23509262.3021
2011,млн_тенге,Государственная пошлина,26394668.8133
2012,млн_тенге,Государственная пошлина,26146320.6556
2013,млн_тенге,Государственная пошлина,32151458.0272
2014,млн_тенге,Государственная пошлина,35196771.924959995
2015,млн_тенге,Государственная пошлина,43579289.5738
2016,млн_тенге,Государственная пошлина,38542552.77793
2017,млн_тенге,Государственная пошлина,46711970.49533
2018,млн_тенге,Государственная пошлина,54085773.574090004
2010,"Доля к ВВП, в процентах",Государственная пошлина,0.10776394757043804
2011,"Доля к ВВП, в процентах",Государственная пошлина,0.09345543873626663
2012,"Доля к ВВП, в процентах",Государственная пошлина,0.08430167128383488
2013,"Доля к ВВП, в процентах",Государственная пошлина,0.0893120242503456
2014,"Доля к ВВП, в процентах",Государственная пошлина,0.08871085835468373
2015,"Доля к ВВП, в процентах",Государственная пошлина,0.10659218072264592
2016,"Доля к ВВП, в процентах",Государственная пошлина,0.08205579973649782
2017,"Доля к ВВП, в процентах",Государственная пошлина,0.08796768912521823
2018,"Доля к ВВП, в процентах",Государственная пошлина,0.09286240568569208
2010,млн_тенге,ВВП,21815517.0
2011,млн_тенге,ВВП,28243052.7
2012,млн_тенге,ВВП,31015186.6
2013,млн_тенге,ВВП,35999025.1
2014,млн_тенге,ВВП,39675832.90000001
2015,млн_тенге,ВВП,40884133.6
2016,млн_тенге,ВВП,46971150.0
2017,млн_тенге,ВВП,53101281.8
2018,млн_тенге,ВВП,59613707.5
