Year,Units,Area,Sex,Regions,Value
2010,Percent,,,,23.4
2011,Percent,,,,25.0
2012,Percent,,,,27.8
2013,Percent,,,,27.4
2014,Percent,,,,32.4
2015,Percent,,,,32.5
2016,Percent,,,,34.6
2017,Percent,,,,36.6
2018,Percent,,,,40.0
2010,Percent,,,Akmola,27.3
2011,Percent,,,Akmola,30.0
2012,Percent,,,Akmola,34.3
2013,Percent,,,Akmola,33.0
2014,Percent,,,Akmola,36.2
2015,Percent,,,Akmola,41.9
2016,Percent,,,Akmola,42.6
2017,Percent,,,Akmola,41.9
2018,Percent,,,Akmola,42.5
2010,Percent,,,Aktobe,30.8
2011,Percent,,,Aktobe,34.1
2012,Percent,,,Aktobe,40.3
2013,Percent,,,Aktobe,36.8
2014,Percent,,,Aktobe,53.2
2015,Percent,,,Aktobe,46.6
2016,Percent,,,Aktobe,50.3
2017,Percent,,,Aktobe,48.6
2018,Percent,,,Aktobe,52.2
2010,Percent,,,Almaty,16.4
2011,Percent,,,Almaty,19.7
2012,Percent,,,Almaty,26.7
2013,Percent,,,Almaty,19.9
2014,Percent,,,Almaty,29.2
2015,Percent,,,Almaty,25.8
2016,Percent,,,Almaty,26.3
2017,Percent,,,Almaty,27.9
2018,Percent,,,Almaty,38.0
2010,Percent,,,Atyrau,32.9
2011,Percent,,,Atyrau,35.4
2012,Percent,,,Atyrau,26.7
2013,Percent,,,Atyrau,28.1
2014,Percent,,,Atyrau,30.3
2015,Percent,,,Atyrau,40.2
2016,Percent,,,Atyrau,32.0
2017,Percent,,,Atyrau,40.3
2018,Percent,,,Atyrau,33.9
2010,Percent,,,Batys Kazakhstan,25.3
2011,Percent,,,Batys Kazakhstan,28.9
2012,Percent,,,Batys Kazakhstan,41.4
2013,Percent,,,Batys Kazakhstan,47.3
2014,Percent,,,Batys Kazakhstan,34.9
2015,Percent,,,Batys Kazakhstan,37.7
2016,Percent,,,Batys Kazakhstan,39.8
2017,Percent,,,Batys Kazakhstan,45.6
2018,Percent,,,Batys Kazakhstan,50.6
2010,Percent,,,Zhambyl,18.8
2011,Percent,,,Zhambyl,22.3
2012,Percent,,,Zhambyl,24.1
2013,Percent,,,Zhambyl,37.6
2014,Percent,,,Zhambyl,23.6
2015,Percent,,,Zhambyl,25.6
2016,Percent,,,Zhambyl,31.3
2017,Percent,,,Zhambyl,25.0
2018,Percent,,,Zhambyl,31.0
2010,Percent,,,Karagandy,28.0
2011,Percent,,,Karagandy,28.6
2012,Percent,,,Karagandy,29.6
2013,Percent,,,Karagandy,26.4
2014,Percent,,,Karagandy,36.9
2015,Percent,,,Karagandy,33.8
2016,Percent,,,Karagandy,39.0
2017,Percent,,,Karagandy,42.2
2018,Percent,,,Karagandy,45.1
2010,Percent,,,Kostanay,27.3
2011,Percent,,,Kostanay,33.5
2012,Percent,,,Kostanay,37.9
2013,Percent,,,Kostanay,38.0
2014,Percent,,,Kostanay,39.0
2015,Percent,,,Kostanay,46.1
2016,Percent,,,Kostanay,43.6
2017,Percent,,,Kostanay,44.8
2018,Percent,,,Kostanay,51.1
2010,Percent,,,Kyzylorda,20.3
2011,Percent,,,Kyzylorda,23.4
2012,Percent,,,Kyzylorda,28.7
2013,Percent,,,Kyzylorda,27.0
2014,Percent,,,Kyzylorda,39.9
2015,Percent,,,Kyzylorda,39.6
2016,Percent,,,Kyzylorda,38.6
2017,Percent,,,Kyzylorda,43.2
2018,Percent,,,Kyzylorda,43.8
2010,Percent,,,Mangistau,42.6
2011,Percent,,,Mangistau,36.3
2012,Percent,,,Mangistau,35.8
2013,Percent,,,Mangistau,42.9
2014,Percent,,,Mangistau,44.6
2015,Percent,,,Mangistau,61.0
2016,Percent,,,Mangistau,60.1
2017,Percent,,,Mangistau,70.3
2018,Percent,,,Mangistau,67.2
2010,Percent,,,Ontustik Kazakhstan,12.0
2011,Percent,,,Ontustik Kazakhstan,12.8
2012,Percent,,,Ontustik Kazakhstan,16.9
2013,Percent,,,Ontustik Kazakhstan,14.7
2014,Percent,,,Ontustik Kazakhstan,27.4
2015,Percent,,,Ontustik Kazakhstan,26.6
2016,Percent,,,Ontustik Kazakhstan,25.6
2017,Percent,,,Ontustik Kazakhstan,29.2
2010,Percent,,,Pavlodar,39.1
2011,Percent,,,Pavlodar,36.5
2012,Percent,,,Pavlodar,38.1
2013,Percent,,,Pavlodar,45.9
2014,Percent,,,Pavlodar,42.2
2015,Percent,,,Pavlodar,48.6
2016,Percent,,,Pavlodar,44.6
2017,Percent,,,Pavlodar,50.0
2018,Percent,,,Pavlodar,58.5
2010,Percent,,,Soltustik Kazakhstan,27.2
2011,Percent,,,Soltustik Kazakhstan,30.0
2012,Percent,,,Soltustik Kazakhstan,31.3
2013,Percent,,,Soltustik Kazakhstan,30.2
2014,Percent,,,Soltustik Kazakhstan,40.7
2015,Percent,,,Soltustik Kazakhstan,37.7
2016,Percent,,,Soltustik Kazakhstan,35.3
2017,Percent,,,Soltustik Kazakhstan,42.1
2018,Percent,,,Soltustik Kazakhstan,50.0
2018,Percent,,,Turkistan,37.3
2010,Percent,,,Shygys Kazakhstan,25.7
2011,Percent,,,Shygys Kazakhstan,28.2
2012,Percent,,,Shygys Kazakhstan,32.4
2013,Percent,,,Shygys Kazakhstan,33.5
2014,Percent,,,Shygys Kazakhstan,37.2
2015,Percent,,,Shygys Kazakhstan,38.8
2016,Percent,,,Shygys Kazakhstan,39.9
2017,Percent,,,Shygys Kazakhstan,46.5
2018,Percent,,,Shygys Kazakhstan,50.7
2010,Percent,,,Nur-Sultan city,31.6
2011,Percent,,,Nur-Sultan city,23.3
2012,Percent,,,Nur-Sultan city,24.2
2013,Percent,,,Nur-Sultan city,23.4
2014,Percent,,,Nur-Sultan city,32.0
2015,Percent,,,Nur-Sultan city,32.4
2016,Percent,,,Nur-Sultan city,33.7
2017,Percent,,,Nur-Sultan city,34.6
2018,Percent,,,Nur-Sultan city,36.3
2010,Percent,,,Almaty city,18.7
2011,Percent,,,Almaty city,20.2
2012,Percent,,,Almaty city,18.7
2013,Percent,,,Almaty city,18.0
2014,Percent,,,Almaty city,16.9
2015,Percent,,,Almaty city,14.4
2016,Percent,,,Almaty city,26.3
2017,Percent,,,Almaty city,25.3
2018,Percent,,,Almaty city,25.9
2018,Percent,,,Shymkent city,28.6
2010,Percent,,Male,,23.6
2011,Percent,,Male,,26.0
2012,Percent,,Male,,28.1
2013,Percent,,Male,,28.4
2014,Percent,,Male,,33.6
2015,Percent,,Male,,34.5
2016,Percent,,Male,,35.8
2017,Percent,,Male,,38.4
2018,Percent,,Male,,42.0
2010,Percent,,Male,Akmola,26.7
2011,Percent,,Male,Akmola,29.5
2012,Percent,,Male,Akmola,33.9
2013,Percent,,Male,Akmola,34.0
2014,Percent,,Male,Akmola,37.2
2015,Percent,,Male,Akmola,45.4
2016,Percent,,Male,Akmola,43.0
2017,Percent,,Male,Akmola,42.0
2018,Percent,,Male,Akmola,44.5
2010,Percent,,Male,Aktobe,28.3
2011,Percent,,Male,Aktobe,38.1
2012,Percent,,Male,Aktobe,38.9
2013,Percent,,Male,Aktobe,41.8
2014,Percent,,Male,Aktobe,61.1
2015,Percent,,Male,Aktobe,49.6
2016,Percent,,Male,Aktobe,55.5
2017,Percent,,Male,Aktobe,54.6
2018,Percent,,Male,Aktobe,57.2
2010,Percent,,Male,Almaty,17.0
2011,Percent,,Male,Almaty,21.0
2012,Percent,,Male,Almaty,25.1
2013,Percent,,Male,Almaty,20.2
2014,Percent,,Male,Almaty,29.0
2015,Percent,,Male,Almaty,26.0
2016,Percent,,Male,Almaty,25.5
2017,Percent,,Male,Almaty,26.9
2018,Percent,,Male,Almaty,38.4
2010,Percent,,Male,Atyrau,31.3
2011,Percent,,Male,Atyrau,36.9
2012,Percent,,Male,Atyrau,29.7
2013,Percent,,Male,Atyrau,29.6
2014,Percent,,Male,Atyrau,32.1
2015,Percent,,Male,Atyrau,42.6
2016,Percent,,Male,Atyrau,34.1
2017,Percent,,Male,Atyrau,43.7
2018,Percent,,Male,Atyrau,34.9
2010,Percent,,Male,Batys Kazakhstan,23.9
2011,Percent,,Male,Batys Kazakhstan,27.1
2012,Percent,,Male,Batys Kazakhstan,44.3
2013,Percent,,Male,Batys Kazakhstan,49.0
2014,Percent,,Male,Batys Kazakhstan,36.5
2015,Percent,,Male,Batys Kazakhstan,39.0
2016,Percent,,Male,Batys Kazakhstan,42.8
2017,Percent,,Male,Batys Kazakhstan,47.2
2018,Percent,,Male,Batys Kazakhstan,52.9
2010,Percent,,Male,Zhambyl,21.1
2011,Percent,,Male,Zhambyl,25.0
2012,Percent,,Male,Zhambyl,23.5
2013,Percent,,Male,Zhambyl,38.5
2014,Percent,,Male,Zhambyl,23.1
2015,Percent,,Male,Zhambyl,27.0
2016,Percent,,Male,Zhambyl,31.3
2017,Percent,,Male,Zhambyl,26.0
2018,Percent,,Male,Zhambyl,33.6
2010,Percent,,Male,Karagandy,29.2
2011,Percent,,Male,Karagandy,29.3
2012,Percent,,Male,Karagandy,29.1
2013,Percent,,Male,Karagandy,28.0
2014,Percent,,Male,Karagandy,37.6
2015,Percent,,Male,Karagandy,37.2
2016,Percent,,Male,Karagandy,41.3
2017,Percent,,Male,Karagandy,44.6
2018,Percent,,Male,Karagandy,48.3
2010,Percent,,Male,Kostanay,29.0
2011,Percent,,Male,Kostanay,36.0
2012,Percent,,Male,Kostanay,38.3
2013,Percent,,Male,Kostanay,39.1
2014,Percent,,Male,Kostanay,39.6
2015,Percent,,Male,Kostanay,48.2
2016,Percent,,Male,Kostanay,47.4
2017,Percent,,Male,Kostanay,48.4
2018,Percent,,Male,Kostanay,54.2
2010,Percent,,Male,Kyzylorda,18.0
2011,Percent,,Male,Kyzylorda,19.6
2012,Percent,,Male,Kyzylorda,26.8
2013,Percent,,Male,Kyzylorda,25.6
2014,Percent,,Male,Kyzylorda,40.0
2015,Percent,,Male,Kyzylorda,40.6
2016,Percent,,Male,Kyzylorda,39.8
2017,Percent,,Male,Kyzylorda,44.8
2018,Percent,,Male,Kyzylorda,44.0
2010,Percent,,Male,Mangistau,43.7
2011,Percent,,Male,Mangistau,40.8
2012,Percent,,Male,Mangistau,43.7
2013,Percent,,Male,Mangistau,34.6
2014,Percent,,Male,Mangistau,48.6
2015,Percent,,Male,Mangistau,65.8
2016,Percent,,Male,Mangistau,64.8
2017,Percent,,Male,Mangistau,74.0
2018,Percent,,Male,Mangistau,69.2
2010,Percent,,Male,Ontustik Kazakhstan,13.0
2011,Percent,,Male,Ontustik Kazakhstan,13.1
2012,Percent,,Male,Ontustik Kazakhstan,15.9
2013,Percent,,Male,Ontustik Kazakhstan,14.9
2014,Percent,,Male,Ontustik Kazakhstan,27.1
2015,Percent,,Male,Ontustik Kazakhstan,25.7
2016,Percent,,Male,Ontustik Kazakhstan,23.1
2017,Percent,,Male,Ontustik Kazakhstan,29.1
2010,Percent,,Male,Pavlodar,37.4
2011,Percent,,Male,Pavlodar,38.3
2012,Percent,,Male,Pavlodar,39.1
2013,Percent,,Male,Pavlodar,47.1
2014,Percent,,Male,Pavlodar,43.9
2015,Percent,,Male,Pavlodar,53.7
2016,Percent,,Male,Pavlodar,45.5
2017,Percent,,Male,Pavlodar,53.7
2018,Percent,,Male,Pavlodar,61.6
2010,Percent,,Male,Soltustik Kazakhstan,25.3
2011,Percent,,Male,Soltustik Kazakhstan,31.0
2012,Percent,,Male,Soltustik Kazakhstan,38.2
2013,Percent,,Male,Soltustik Kazakhstan,30.8
2014,Percent,,Male,Soltustik Kazakhstan,42.9
2015,Percent,,Male,Soltustik Kazakhstan,40.6
2016,Percent,,Male,Soltustik Kazakhstan,37.0
2017,Percent,,Male,Soltustik Kazakhstan,42.4
2018,Percent,,Male,Soltustik Kazakhstan,50.2
2018,Percent,,Male,Turkistan,39.4
2010,Percent,,Male,Shygys Kazakhstan,24.5
2011,Percent,,Male,Shygys Kazakhstan,27.4
2012,Percent,,Male,Shygys Kazakhstan,33.4
2013,Percent,,Male,Shygys Kazakhstan,38.4
2014,Percent,,Male,Shygys Kazakhstan,39.6
2015,Percent,,Male,Shygys Kazakhstan,43.9
2016,Percent,,Male,Shygys Kazakhstan,40.9
2017,Percent,,Male,Shygys Kazakhstan,50.8
2018,Percent,,Male,Shygys Kazakhstan,53.0
2010,Percent,,Male,Nur-Sultan city,36.2
2011,Percent,,Male,Nur-Sultan city,23.6
2012,Percent,,Male,Nur-Sultan city,26.9
2013,Percent,,Male,Nur-Sultan city,24.3
2014,Percent,,Male,Nur-Sultan city,31.7
2015,Percent,,Male,Nur-Sultan city,32.5
2016,Percent,,Male,Nur-Sultan city,34.0
2017,Percent,,Male,Nur-Sultan city,35.5
2018,Percent,,Male,Nur-Sultan city,38.6
2010,Percent,,Male,Almaty city,21.1
2011,Percent,,Male,Almaty city,25.0
2012,Percent,,Male,Almaty city,17.5
2013,Percent,,Male,Almaty city,20.1
2014,Percent,,Male,Almaty city,18.6
2015,Percent,,Male,Almaty city,16.5
2016,Percent,,Male,Almaty city,29.8
2017,Percent,,Male,Almaty city,26.7
2018,Percent,,Male,Almaty city,27.8
2018,Percent,,Male,Shymkent city,25.3
2010,Percent,,Female,,23.1
2011,Percent,,Female,,23.9
2012,Percent,,Female,,27.4
2013,Percent,,Female,,26.3
2014,Percent,,Female,,31.0
2015,Percent,,Female,,30.2
2016,Percent,,Female,,33.0
2017,Percent,,Female,,34.4
2018,Percent,,Female,,37.7
2010,Percent,,Female,Akmola,28.1
2011,Percent,,Female,Akmola,30.6
2012,Percent,,Female,Akmola,34.7
2013,Percent,,Female,Akmola,31.5
2014,Percent,,Female,Akmola,35.1
2015,Percent,,Female,Akmola,38.1
2016,Percent,,Female,Akmola,42.2
2017,Percent,,Female,Akmola,41.7
2018,Percent,,Female,Akmola,40.2
2010,Percent,,Female,Aktobe,33.2
2011,Percent,,Female,Aktobe,30.5
2012,Percent,,Female,Aktobe,41.7
2013,Percent,,Female,Aktobe,32.0
2014,Percent,,Female,Aktobe,44.1
2015,Percent,,Female,Aktobe,42.9
2016,Percent,,Female,Aktobe,43.9
2017,Percent,,Female,Aktobe,41.5
2018,Percent,,Female,Aktobe,46.3
2010,Percent,,Female,Almaty,15.5
2011,Percent,,Female,Almaty,18.2
2012,Percent,,Female,Almaty,28.7
2013,Percent,,Female,Almaty,19.6
2014,Percent,,Female,Almaty,29.4
2015,Percent,,Female,Almaty,25.6
2016,Percent,,Female,Almaty,27.2
2017,Percent,,Female,Almaty,28.9
2018,Percent,,Female,Almaty,37.5
2010,Percent,,Female,Atyrau,34.8
2011,Percent,,Female,Atyrau,33.8
2012,Percent,,Female,Atyrau,23.4
2013,Percent,,Female,Atyrau,26.4
2014,Percent,,Female,Atyrau,28.2
2015,Percent,,Female,Atyrau,37.2
2016,Percent,,Female,Atyrau,29.4
2017,Percent,,Female,Atyrau,35.8
2018,Percent,,Female,Atyrau,32.7
2010,Percent,,Female,Batys Kazakhstan,27.1
2011,Percent,,Female,Batys Kazakhstan,30.9
2012,Percent,,Female,Batys Kazakhstan,38.0
2013,Percent,,Female,Batys Kazakhstan,45.2
2014,Percent,,Female,Batys Kazakhstan,33.0
2015,Percent,,Female,Batys Kazakhstan,36.1
2016,Percent,,Female,Batys Kazakhstan,36.4
2017,Percent,,Female,Batys Kazakhstan,43.8
2018,Percent,,Female,Batys Kazakhstan,47.8
2010,Percent,,Female,Zhambyl,16.4
2011,Percent,,Female,Zhambyl,19.4
2012,Percent,,Female,Zhambyl,24.8
2013,Percent,,Female,Zhambyl,36.7
2014,Percent,,Female,Zhambyl,24.1
2015,Percent,,Female,Zhambyl,24.0
2016,Percent,,Female,Zhambyl,31.4
2017,Percent,,Female,Zhambyl,23.7
2018,Percent,,Female,Zhambyl,27.8
2010,Percent,,Female,Karagandy,26.7
2011,Percent,,Female,Karagandy,27.7
2012,Percent,,Female,Karagandy,30.1
2013,Percent,,Female,Karagandy,24.5
2014,Percent,,Female,Karagandy,35.9
2015,Percent,,Female,Karagandy,29.3
2016,Percent,,Female,Karagandy,35.9
2017,Percent,,Female,Karagandy,38.8
2018,Percent,,Female,Karagandy,40.6
2010,Percent,,Female,Kostanay,25.2
2011,Percent,,Female,Kostanay,30.7
2012,Percent,,Female,Kostanay,37.4
2013,Percent,,Female,Kostanay,36.9
2014,Percent,,Female,Kostanay,38.3
2015,Percent,,Female,Kostanay,43.6
2016,Percent,,Female,Kostanay,39.5
2017,Percent,,Female,Kostanay,40.9
2018,Percent,,Female,Kostanay,47.9
2010,Percent,,Female,Kyzylorda,23.2
2011,Percent,,Female,Kyzylorda,28.0
2012,Percent,,Female,Kyzylorda,31.1
2013,Percent,,Female,Kyzylorda,28.8
2014,Percent,,Female,Kyzylorda,39.7
2015,Percent,,Female,Kyzylorda,38.2
2016,Percent,,Female,Kyzylorda,37.3
2017,Percent,,Female,Kyzylorda,41.2
2018,Percent,,Female,Kyzylorda,43.6
2010,Percent,,Female,Mangistau,41.1
2011,Percent,,Female,Mangistau,30.5
2012,Percent,,Female,Mangistau,25.8
2013,Percent,,Female,Mangistau,52.9
2014,Percent,,Female,Mangistau,38.9
2015,Percent,,Female,Mangistau,54.9
2016,Percent,,Female,Mangistau,52.8
2017,Percent,,Female,Mangistau,65.2
2018,Percent,,Female,Mangistau,64.8
2010,Percent,,Female,Ontustik Kazakhstan,10.7
2011,Percent,,Female,Ontustik Kazakhstan,12.5
2012,Percent,,Female,Ontustik Kazakhstan,18.0
2013,Percent,,Female,Ontustik Kazakhstan,14.5
2014,Percent,,Female,Ontustik Kazakhstan,27.8
2015,Percent,,Female,Ontustik Kazakhstan,27.7
2016,Percent,,Female,Ontustik Kazakhstan,29.1
2017,Percent,,Female,Ontustik Kazakhstan,29.4
2010,Percent,,Female,Pavlodar,40.9
2011,Percent,,Female,Pavlodar,34.5
2012,Percent,,Female,Pavlodar,36.9
2013,Percent,,Female,Pavlodar,44.1
2014,Percent,,Female,Pavlodar,40.4
2015,Percent,,Female,Pavlodar,42.8
2016,Percent,,Female,Pavlodar,43.6
2017,Percent,,Female,Pavlodar,45.6
2018,Percent,,Female,Pavlodar,55.5
2010,Percent,,Female,Soltustik Kazakhstan,29.5
2011,Percent,,Female,Soltustik Kazakhstan,28.9
2012,Percent,,Female,Soltustik Kazakhstan,24.3
2013,Percent,,Female,Soltustik Kazakhstan,29.6
2014,Percent,,Female,Soltustik Kazakhstan,37.7
2015,Percent,,Female,Soltustik Kazakhstan,34.1
2016,Percent,,Female,Soltustik Kazakhstan,33.1
2017,Percent,,Female,Soltustik Kazakhstan,41.8
2018,Percent,,Female,Soltustik Kazakhstan,49.7
2018,Percent,,Female,Turkistan,34.5
2010,Percent,,Female,Shygys Kazakhstan,27.1
2011,Percent,,Female,Shygys Kazakhstan,29.2
2012,Percent,,Female,Shygys Kazakhstan,31.1
2013,Percent,,Female,Shygys Kazakhstan,27.7
2014,Percent,,Female,Shygys Kazakhstan,34.1
2015,Percent,,Female,Shygys Kazakhstan,32.8
2016,Percent,,Female,Shygys Kazakhstan,38.7
2017,Percent,,Female,Shygys Kazakhstan,41.4
2018,Percent,,Female,Shygys Kazakhstan,47.9
2010,Percent,,Female,Nur-Sultan city,26.9
2011,Percent,,Female,Nur-Sultan city,23.1
2012,Percent,,Female,Nur-Sultan city,21.2
2013,Percent,,Female,Nur-Sultan city,16.7
2014,Percent,,Female,Nur-Sultan city,34.3
2015,Percent,,Female,Nur-Sultan city,31.9
2016,Percent,,Female,Nur-Sultan city,31.0
2017,Percent,,Female,Nur-Sultan city,28.0
2018,Percent,,Female,Nur-Sultan city,18.5
2010,Percent,,Female,Almaty city,16.2
2011,Percent,,Female,Almaty city,15.4
2012,Percent,,Female,Almaty city,19.8
2013,Percent,,Female,Almaty city,15.7
2014,Percent,,Female,Almaty city,14.9
2015,Percent,,Female,Almaty city,12.2
2016,Percent,,Female,Almaty city,22.2
2017,Percent,,Female,Almaty city,23.6
2018,Percent,,Female,Almaty city,23.9
2018,Percent,,Female,Shymkent city,32.2
2010,Percent,городская местность,,,28.3
2011,Percent,городская местность,,,29.1
2012,Percent,городская местность,,,30.6
2013,Percent,городская местность,,,29.3
2014,Percent,городская местность,,,32.7
2015,Percent,городская местность,,,32.7
2016,Percent,городская местность,,,35.6
2017,Percent,городская местность,,,37.5
2018,Percent,городская местность,,,38.4
2010,Percent,городская местность,,Akmola,32.4
2011,Percent,городская местность,,Akmola,36.9
2012,Percent,городская местность,,Akmola,45.0
2013,Percent,городская местность,,Akmola,43.3
2014,Percent,городская местность,,Akmola,40.4
2015,Percent,городская местность,,Akmola,44.0
2016,Percent,городская местность,,Akmola,46.7
2017,Percent,городская местность,,Akmola,44.6
2018,Percent,городская местность,,Akmola,41.1
2010,Percent,городская местность,,Aktobe,35.8
2011,Percent,городская местность,,Aktobe,35.7
2012,Percent,городская местность,,Aktobe,38.7
2013,Percent,городская местность,,Aktobe,33.0
2014,Percent,городская местность,,Aktobe,56.1
2015,Percent,городская местность,,Aktobe,47.3
2016,Percent,городская местность,,Aktobe,51.7
2017,Percent,городская местность,,Aktobe,47.5
2018,Percent,городская местность,,Aktobe,53.7
2010,Percent,городская местность,,Almaty,15.0
2011,Percent,городская местность,,Almaty,23.2
2012,Percent,городская местность,,Almaty,27.2
2013,Percent,городская местность,,Almaty,22.9
2014,Percent,городская местность,,Almaty,29.9
2015,Percent,городская местность,,Almaty,28.2
2016,Percent,городская местность,,Almaty,27.8
2017,Percent,городская местность,,Almaty,35.2
2018,Percent,городская местность,,Almaty,38.8
2010,Percent,городская местность,,Atyrau,38.0
2011,Percent,городская местность,,Atyrau,37.8
2012,Percent,городская местность,,Atyrau,27.3
2013,Percent,городская местность,,Atyrau,29.5
2014,Percent,городская местность,,Atyrau,30.5
2015,Percent,городская местность,,Atyrau,49.4
2016,Percent,городская местность,,Atyrau,34.9
2017,Percent,городская местность,,Atyrau,42.3
2018,Percent,городская местность,,Atyrau,35.7
2010,Percent,городская местность,,Batys Kazakhstan,33.8
2011,Percent,городская местность,,Batys Kazakhstan,35.1
2012,Percent,городская местность,,Batys Kazakhstan,44.7
2013,Percent,городская местность,,Batys Kazakhstan,42.8
2014,Percent,городская местность,,Batys Kazakhstan,35.7
2015,Percent,городская местность,,Batys Kazakhstan,40.1
2016,Percent,городская местность,,Batys Kazakhstan,41.5
2017,Percent,городская местность,,Batys Kazakhstan,38.8
2018,Percent,городская местность,,Batys Kazakhstan,44.3
2010,Percent,городская местность,,Zhambyl,33.9
2011,Percent,городская местность,,Zhambyl,35.4
2012,Percent,городская местность,,Zhambyl,25.4
2013,Percent,городская местность,,Zhambyl,42.2
2014,Percent,городская местность,,Zhambyl,23.8
2015,Percent,городская местность,,Zhambyl,29.1
2016,Percent,городская местность,,Zhambyl,41.1
2017,Percent,городская местность,,Zhambyl,31.0
2018,Percent,городская местность,,Zhambyl,33.5
2010,Percent,городская местность,,Karagandy,30.7
2011,Percent,городская местность,,Karagandy,30.0
2012,Percent,городская местность,,Karagandy,30.4
2013,Percent,городская местность,,Karagandy,26.7
2014,Percent,городская местность,,Karagandy,35.6
2015,Percent,городская местность,,Karagandy,31.8
2016,Percent,городская местность,,Karagandy,38.4
2017,Percent,городская местность,,Karagandy,42.4
2018,Percent,городская местность,,Karagandy,44.3
2010,Percent,городская местность,,Kostanay,27.7
2011,Percent,городская местность,,Kostanay,35.5
2012,Percent,городская местность,,Kostanay,41.8
2013,Percent,городская местность,,Kostanay,40.5
2014,Percent,городская местность,,Kostanay,41.4
2015,Percent,городская местность,,Kostanay,48.9
2016,Percent,городская местность,,Kostanay,45.4
2017,Percent,городская местность,,Kostanay,47.0
2018,Percent,городская местность,,Kostanay,54.8
2010,Percent,городская местность,,Kyzylorda,20.1
2011,Percent,городская местность,,Kyzylorda,23.9
2012,Percent,городская местность,,Kyzylorda,29.4
2013,Percent,городская местность,,Kyzylorda,31.8
2014,Percent,городская местность,,Kyzylorda,44.0
2015,Percent,городская местность,,Kyzylorda,33.7
2016,Percent,городская местность,,Kyzylorda,38.3
2017,Percent,городская местность,,Kyzylorda,43.8
2018,Percent,городская местность,,Kyzylorda,45.3
2010,Percent,городская местность,,Mangistau,46.3
2011,Percent,городская местность,,Mangistau,37.9
2012,Percent,городская местность,,Mangistau,38.7
2013,Percent,городская местность,,Mangistau,45.8
2014,Percent,городская местность,,Mangistau,39.3
2015,Percent,городская местность,,Mangistau,59.5
2016,Percent,городская местность,,Mangistau,55.5
2017,Percent,городская местность,,Mangistau,67.1
2018,Percent,городская местность,,Mangistau,60.9
2010,Percent,городская местность,,Ontustik Kazakhstan,18.8
2011,Percent,городская местность,,Ontustik Kazakhstan,19.1
2012,Percent,городская местность,,Ontustik Kazakhstan,26.6
2013,Percent,городская местность,,Ontustik Kazakhstan,24.0
2014,Percent,городская местность,,Ontustik Kazakhstan,28.9
2015,Percent,городская местность,,Ontustik Kazakhstan,32.5
2016,Percent,городская местность,,Ontustik Kazakhstan,25.4
2017,Percent,городская местность,,Ontustik Kazakhstan,28.6
2010,Percent,городская местность,,Pavlodar,41.2
2011,Percent,городская местность,,Pavlodar,43.5
2012,Percent,городская местность,,Pavlodar,42.9
2013,Percent,городская местность,,Pavlodar,48.6
2014,Percent,городская местность,,Pavlodar,45.8
2015,Percent,городская местность,,Pavlodar,52.8
2016,Percent,городская местность,,Pavlodar,46.9
2017,Percent,городская местность,,Pavlodar,50.4
2018,Percent,городская местность,,Pavlodar,59.7
2010,Percent,городская местность,,Soltustik Kazakhstan,29.8
2011,Percent,городская местность,,Soltustik Kazakhstan,39.7
2012,Percent,городская местность,,Soltustik Kazakhstan,41.0
2013,Percent,городская местность,,Soltustik Kazakhstan,40.0
2014,Percent,городская местность,,Soltustik Kazakhstan,42.1
2015,Percent,городская местность,,Soltustik Kazakhstan,38.9
2016,Percent,городская местность,,Soltustik Kazakhstan,31.2
2017,Percent,городская местность,,Soltustik Kazakhstan,45.6
2018,Percent,городская местность,,Soltustik Kazakhstan,54.3
2018,Percent,городская местность,,Turkistan,42.9
2010,Percent,городская местность,,Shygys Kazakhstan,32.9
2011,Percent,городская местность,,Shygys Kazakhstan,32.3
2012,Percent,городская местность,,Shygys Kazakhstan,36.9
2013,Percent,городская местность,,Shygys Kazakhstan,35.3
2014,Percent,городская местность,,Shygys Kazakhstan,37.1
2015,Percent,городская местность,,Shygys Kazakhstan,37.1
2016,Percent,городская местность,,Shygys Kazakhstan,38.2
2017,Percent,городская местность,,Shygys Kazakhstan,49.2
2018,Percent,городская местность,,Shygys Kazakhstan,53.2
2010,Percent,городская местность,,Nur-Sultan city,31.6
2011,Percent,городская местность,,Nur-Sultan city,23.3
2012,Percent,городская местность,,Nur-Sultan city,24.2
2013,Percent,городская местность,,Nur-Sultan city,18.0
2014,Percent,городская местность,,Nur-Sultan city,33.4
2015,Percent,городская местность,,Nur-Sultan city,34.1
2016,Percent,городская местность,,Nur-Sultan city,34.6
2017,Percent,городская местность,,Nur-Sultan city,32.7
2018,Percent,городская местность,,Nur-Sultan city,21.2
2010,Percent,городская местность,,Almaty city,18.7
2011,Percent,городская местность,,Almaty city,20.2
2012,Percent,городская местность,,Almaty city,18.7
2013,Percent,городская местность,,Almaty city,17.5
2014,Percent,городская местность,,Almaty city,15.6
2015,Percent,городская местность,,Almaty city,12.7
2016,Percent,городская местность,,Almaty city,25.3
2017,Percent,городская местность,,Almaty city,24.2
2018,Percent,городская местность,,Almaty city,24.7
2018,Percent,городская местность,,Shymkent city,26.9
2010,Percent,городская местность,Male,,30.7
2011,Percent,городская местность,Male,,32.0
2012,Percent,городская местность,Male,,32.4
2013,Percent,городская местность,Male,,31.2
2014,Percent,городская местность,Male,,34.8
2015,Percent,городская местность,Male,,36.2
2016,Percent,городская местность,Male,,38.2
2017,Percent,городская местность,Male,,40.8
2018,Percent,городская местность,Male,,41.1
2010,Percent,городская местность,Male,Akmola,33.2
2011,Percent,городская местность,Male,Akmola,38.5
2012,Percent,городская местность,Male,Akmola,46.7
2013,Percent,городская местность,Male,Akmola,47.0
2014,Percent,городская местность,Male,Akmola,41.8
2015,Percent,городская местность,Male,Akmola,50.7
2016,Percent,городская местность,Male,Akmola,46.9
2017,Percent,городская местность,Male,Akmola,43.9
2018,Percent,городская местность,Male,Akmola,42.6
2010,Percent,городская местность,Male,Aktobe,33.3
2011,Percent,городская местность,Male,Aktobe,45.7
2012,Percent,городская местность,Male,Aktobe,38.9
2013,Percent,городская местность,Male,Aktobe,41.6
2014,Percent,городская местность,Male,Aktobe,66.2
2015,Percent,городская местность,Male,Aktobe,51.1
2016,Percent,городская местность,Male,Aktobe,58.7
2017,Percent,городская местность,Male,Aktobe,55.1
2018,Percent,городская местность,Male,Aktobe,58.7
2010,Percent,городская местность,Male,Almaty,15.1
2011,Percent,городская местность,Male,Almaty,25.7
2012,Percent,городская местность,Male,Almaty,23.2
2013,Percent,городская местность,Male,Almaty,21.5
2014,Percent,городская местность,Male,Almaty,31.6
2015,Percent,городская местность,Male,Almaty,30.3
2016,Percent,городская местность,Male,Almaty,29.3
2017,Percent,городская местность,Male,Almaty,34.6
2018,Percent,городская местность,Male,Almaty,42.8
2010,Percent,городская местность,Male,Atyrau,40.3
2011,Percent,городская местность,Male,Atyrau,41.2
2012,Percent,городская местность,Male,Atyrau,32.8
2013,Percent,городская местность,Male,Atyrau,31.4
2014,Percent,городская местность,Male,Atyrau,32.8
2015,Percent,городская местность,Male,Atyrau,53.4
2016,Percent,городская местность,Male,Atyrau,34.9
2017,Percent,городская местность,Male,Atyrau,45.5
2018,Percent,городская местность,Male,Atyrau,37.6
2010,Percent,городская местность,Male,Batys Kazakhstan,37.5
2011,Percent,городская местность,Male,Batys Kazakhstan,38.3
2012,Percent,городская местность,Male,Batys Kazakhstan,56.9
2013,Percent,городская местность,Male,Batys Kazakhstan,43.0
2014,Percent,городская местность,Male,Batys Kazakhstan,40.5
2015,Percent,городская местность,Male,Batys Kazakhstan,42.3
2016,Percent,городская местность,Male,Batys Kazakhstan,47.5
2017,Percent,городская местность,Male,Batys Kazakhstan,44.8
2018,Percent,городская местность,Male,Batys Kazakhstan,50.2
2010,Percent,городская местность,Male,Zhambyl,44.9
2011,Percent,городская местность,Male,Zhambyl,44.2
2012,Percent,городская местность,Male,Zhambyl,29.2
2013,Percent,городская местность,Male,Zhambyl,51.7
2014,Percent,городская местность,Male,Zhambyl,25.2
2015,Percent,городская местность,Male,Zhambyl,33.7
2016,Percent,городская местность,Male,Zhambyl,45.1
2017,Percent,городская местность,Male,Zhambyl,33.7
2018,Percent,городская местность,Male,Zhambyl,37.7
2010,Percent,городская местность,Male,Karagandy,32.5
2011,Percent,городская местность,Male,Karagandy,31.2
2012,Percent,городская местность,Male,Karagandy,30.2
2013,Percent,городская местность,Male,Karagandy,28.1
2014,Percent,городская местность,Male,Karagandy,36.4
2015,Percent,городская местность,Male,Karagandy,36.1
2016,Percent,городская местность,Male,Karagandy,41.2
2017,Percent,городская местность,Male,Karagandy,45.6
2018,Percent,городская местность,Male,Karagandy,48.3
2010,Percent,городская местность,Male,Kostanay,32.4
2011,Percent,городская местность,Male,Kostanay,40.7
2012,Percent,городская местность,Male,Kostanay,42.5
2013,Percent,городская местность,Male,Kostanay,38.2
2014,Percent,городская местность,Male,Kostanay,41.9
2015,Percent,городская местность,Male,Kostanay,51.0
2016,Percent,городская местность,Male,Kostanay,51.6
2017,Percent,городская местность,Male,Kostanay,52.1
2018,Percent,городская местность,Male,Kostanay,59.1
2010,Percent,городская местность,Male,Kyzylorda,21.9
2011,Percent,городская местность,Male,Kyzylorda,22.0
2012,Percent,городская местность,Male,Kyzylorda,25.6
2013,Percent,городская местность,Male,Kyzylorda,30.7
2014,Percent,городская местность,Male,Kyzylorda,44.3
2015,Percent,городская местность,Male,Kyzylorda,34.4
2016,Percent,городская местность,Male,Kyzylorda,41.1
2017,Percent,городская местность,Male,Kyzylorda,47.6
2018,Percent,городская местность,Male,Kyzylorda,47.2
2010,Percent,городская местность,Male,Mangistau,50.1
2011,Percent,городская местность,Male,Mangistau,43.9
2012,Percent,городская местность,Male,Mangistau,45.8
2013,Percent,городская местность,Male,Mangistau,32.6
2014,Percent,городская местность,Male,Mangistau,41.8
2015,Percent,городская местность,Male,Mangistau,65.5
2016,Percent,городская местность,Male,Mangistau,63.3
2017,Percent,городская местность,Male,Mangistau,72.2
2018,Percent,городская местность,Male,Mangistau,64.0
2010,Percent,городская местность,Male,Ontustik Kazakhstan,20.3
2011,Percent,городская местность,Male,Ontustik Kazakhstan,19.6
2012,Percent,городская местность,Male,Ontustik Kazakhstan,28.7
2013,Percent,городская местность,Male,Ontustik Kazakhstan,24.8
2014,Percent,городская местность,Male,Ontustik Kazakhstan,27.1
2015,Percent,городская местность,Male,Ontustik Kazakhstan,34.8
2016,Percent,городская местность,Male,Ontustik Kazakhstan,20.9
2017,Percent,городская местность,Male,Ontustik Kazakhstan,31.1
2010,Percent,городская местность,Male,Pavlodar,40.6
2011,Percent,городская местность,Male,Pavlodar,45.6
2012,Percent,городская местность,Male,Pavlodar,44.3
2013,Percent,городская местность,Male,Pavlodar,50.0
2014,Percent,городская местность,Male,Pavlodar,49.7
2015,Percent,городская местность,Male,Pavlodar,60.3
2016,Percent,городская местность,Male,Pavlodar,48.9
2017,Percent,городская местность,Male,Pavlodar,56.4
2018,Percent,городская местность,Male,Pavlodar,62.9
2010,Percent,городская местность,Male,Soltustik Kazakhstan,28.0
2011,Percent,городская местность,Male,Soltustik Kazakhstan,43.2
2012,Percent,городская местность,Male,Soltustik Kazakhstan,50.8
2013,Percent,городская местность,Male,Soltustik Kazakhstan,44.0
2014,Percent,городская местность,Male,Soltustik Kazakhstan,45.4
2015,Percent,городская местность,Male,Soltustik Kazakhstan,44.1
2016,Percent,городская местность,Male,Soltustik Kazakhstan,32.6
2017,Percent,городская местность,Male,Soltustik Kazakhstan,47.3
2018,Percent,городская местность,Male,Soltustik Kazakhstan,54.3
2018,Percent,городская местность,Male,Turkistan,41.9
2010,Percent,городская местность,Male,Shygys Kazakhstan,35.7
2011,Percent,городская местность,Male,Shygys Kazakhstan,33.4
2012,Percent,городская местность,Male,Shygys Kazakhstan,41.3
2013,Percent,городская местность,Male,Shygys Kazakhstan,42.0
2014,Percent,городская местность,Male,Shygys Kazakhstan,42.5
2015,Percent,городская местность,Male,Shygys Kazakhstan,43.6
2016,Percent,городская местность,Male,Shygys Kazakhstan,39.0
2017,Percent,городская местность,Male,Shygys Kazakhstan,55.6
2018,Percent,городская местность,Male,Shygys Kazakhstan,58.4
2010,Percent,городская местность,Male,Nur-Sultan city,36.2
2011,Percent,городская местность,Male,Nur-Sultan city,23.6
2012,Percent,городская местность,Male,Nur-Sultan city,26.9
2013,Percent,городская местность,Male,Nur-Sultan city,19.4
2014,Percent,городская местность,Male,Nur-Sultan city,32.5
2015,Percent,городская местность,Male,Nur-Sultan city,36.2
2016,Percent,городская местность,Male,Nur-Sultan city,38.1
2017,Percent,городская местность,Male,Nur-Sultan city,37.0
2018,Percent,городская местность,Male,Nur-Sultan city,23.9
2010,Percent,городская местность,Male,Almaty city,21.1
2011,Percent,городская местность,Male,Almaty city,25.0
2012,Percent,городская местность,Male,Almaty city,17.5
2013,Percent,городская местность,Male,Almaty city,19.4
2014,Percent,городская местность,Male,Almaty city,16.2
2015,Percent,городская местность,Male,Almaty city,13.3
2016,Percent,городская местность,Male,Almaty city,28.5
2017,Percent,городская местность,Male,Almaty city,24.9
2018,Percent,городская местность,Male,Almaty city,25.6
2018,Percent,городская местность,Male,Shymkent city,20.7
2010,Percent,городская местность,Female,,25.7
2011,Percent,городская местность,Female,,26.1
2012,Percent,городская местность,Female,,28.7
2013,Percent,городская местность,Female,,27.2
2014,Percent,городская местность,Female,,30.5
2015,Percent,городская местность,Female,,29.1
2016,Percent,городская местность,Female,,32.8
2017,Percent,городская местность,Female,,33.8
2018,Percent,городская местность,Female,,35.6
2010,Percent,городская местность,Female,Akmola,31.6
2011,Percent,городская местность,Female,Akmola,35.2
2012,Percent,городская местность,Female,Akmola,43.0
2013,Percent,городская местность,Female,Akmola,38.9
2014,Percent,городская местность,Female,Akmola,39.1
2015,Percent,городская местность,Female,Akmola,37.5
2016,Percent,городская местность,Female,Akmola,46.5
2017,Percent,городская местность,Female,Akmola,45.4
2018,Percent,городская местность,Female,Akmola,39.7
2010,Percent,городская местность,Female,Aktobe,37.7
2011,Percent,городская местность,Female,Aktobe,27.1
2012,Percent,городская местность,Female,Aktobe,38.6
2013,Percent,городская местность,Female,Aktobe,24.4
2014,Percent,городская местность,Female,Aktobe,44.5
2015,Percent,городская местность,Female,Aktobe,43.1
2016,Percent,городская местность,Female,Aktobe,43.4
2017,Percent,городская местность,Female,Aktobe,39.0
2018,Percent,городская местность,Female,Aktobe,48.5
2010,Percent,городская местность,Female,Almaty,14.9
2011,Percent,городская местность,Female,Almaty,20.7
2012,Percent,городская местность,Female,Almaty,32.5
2013,Percent,городская местность,Female,Almaty,24.6
2014,Percent,городская местность,Female,Almaty,28.1
2015,Percent,городская местность,Female,Almaty,25.8
2016,Percent,городская местность,Female,Almaty,26.0
2017,Percent,городская местность,Female,Almaty,35.7
2018,Percent,городская местность,Female,Almaty,34.4
2010,Percent,городская местность,Female,Atyrau,35.1
2011,Percent,городская местность,Female,Atyrau,34.4
2012,Percent,городская местность,Female,Atyrau,21.7
2013,Percent,городская местность,Female,Atyrau,27.6
2014,Percent,городская местность,Female,Atyrau,28.0
2015,Percent,городская местность,Female,Atyrau,44.8
2016,Percent,городская местность,Female,Atyrau,34.9
2017,Percent,городская местность,Female,Atyrau,38.6
2018,Percent,городская местность,Female,Atyrau,33.9
2010,Percent,городская местность,Female,Batys Kazakhstan,28.5
2011,Percent,городская местность,Female,Batys Kazakhstan,31.8
2012,Percent,городская местность,Female,Batys Kazakhstan,30.5
2013,Percent,городская местность,Female,Batys Kazakhstan,42.5
2014,Percent,городская местность,Female,Batys Kazakhstan,30.5
2015,Percent,городская местность,Female,Batys Kazakhstan,37.7
2016,Percent,городская местность,Female,Batys Kazakhstan,34.9
2017,Percent,городская местность,Female,Batys Kazakhstan,33.0
2018,Percent,городская местность,Female,Batys Kazakhstan,37.2
2010,Percent,городская местность,Female,Zhambyl,22.8
2011,Percent,городская местность,Female,Zhambyl,26.3
2012,Percent,городская местность,Female,Zhambyl,21.2
2013,Percent,городская местность,Female,Zhambyl,32.9
2014,Percent,городская местность,Female,Zhambyl,22.3
2015,Percent,городская местность,Female,Zhambyl,23.4
2016,Percent,городская местность,Female,Zhambyl,35.7
2017,Percent,городская местность,Female,Zhambyl,27.3
2018,Percent,городская местность,Female,Zhambyl,28.4
2010,Percent,городская местность,Female,Karagandy,28.8
2011,Percent,городская местность,Female,Karagandy,28.8
2012,Percent,городская местность,Female,Karagandy,30.7
2013,Percent,городская местность,Female,Karagandy,25.2
2014,Percent,городская местность,Female,Karagandy,34.6
2015,Percent,городская местность,Female,Karagandy,26.7
2016,Percent,городская местность,Female,Karagandy,34.8
2017,Percent,городская местность,Female,Karagandy,37.9
2018,Percent,городская местность,Female,Karagandy,39.0
2010,Percent,городская местность,Female,Kostanay,22.8
2011,Percent,городская местность,Female,Kostanay,30.2
2012,Percent,городская местность,Female,Kostanay,41.1
2013,Percent,городская местность,Female,Kostanay,42.6
2014,Percent,городская местность,Female,Kostanay,41.0
2015,Percent,городская местность,Female,Kostanay,46.5
2016,Percent,городская местность,Female,Kostanay,39.2
2017,Percent,городская местность,Female,Kostanay,42.0
2018,Percent,городская местность,Female,Kostanay,50.8
2010,Percent,городская местность,Female,Kyzylorda,18.3
2011,Percent,городская местность,Female,Kyzylorda,26.1
2012,Percent,городская местность,Female,Kyzylorda,34.0
2013,Percent,городская местность,Female,Kyzylorda,33.2
2014,Percent,городская местность,Female,Kyzylorda,43.6
2015,Percent,городская местность,Female,Kyzylorda,32.7
2016,Percent,городская местность,Female,Kyzylorda,35.5
2017,Percent,городская местность,Female,Kyzylorda,39.7
2018,Percent,городская местность,Female,Kyzylorda,42.9
2010,Percent,городская местность,Female,Mangistau,41.0
2011,Percent,городская местность,Female,Mangistau,30.6
2012,Percent,городская местность,Female,Mangistau,29.9
2013,Percent,городская местность,Female,Mangistau,59.0
2014,Percent,городская местность,Female,Mangistau,36.4
2015,Percent,городская местность,Female,Mangistau,52.9
2016,Percent,городская местность,Female,Mangistau,44.6
2017,Percent,городская местность,Female,Mangistau,59.9
2018,Percent,городская местность,Female,Mangistau,57.1
2010,Percent,городская местность,Female,Ontustik Kazakhstan,16.9
2011,Percent,городская местность,Female,Ontustik Kazakhstan,18.6
2012,Percent,городская местность,Female,Ontustik Kazakhstan,24.2
2013,Percent,городская местность,Female,Ontustik Kazakhstan,23.0
2014,Percent,городская местность,Female,Ontustik Kazakhstan,30.8
2015,Percent,городская местность,Female,Ontustik Kazakhstan,30.2
2016,Percent,городская местность,Female,Ontustik Kazakhstan,31.1
2017,Percent,городская местность,Female,Ontustik Kazakhstan,25.0
2010,Percent,городская местность,Female,Pavlodar,41.8
2011,Percent,городская местность,Female,Pavlodar,41.0
2012,Percent,городская местность,Female,Pavlodar,41.2
2013,Percent,городская местность,Female,Pavlodar,46.9
2014,Percent,городская местность,Female,Pavlodar,41.6
2015,Percent,городская местность,Female,Pavlodar,44.4
2016,Percent,городская местность,Female,Pavlodar,44.7
2017,Percent,городская местность,Female,Pavlodar,43.9
2018,Percent,городская местность,Female,Pavlodar,56.7
2010,Percent,городская местность,Female,Soltustik Kazakhstan,32.0
2011,Percent,городская местность,Female,Soltustik Kazakhstan,36.1
2012,Percent,городская местность,Female,Soltustik Kazakhstan,32.4
2013,Percent,городская местность,Female,Soltustik Kazakhstan,36.3
2014,Percent,городская местность,Female,Soltustik Kazakhstan,37.8
2015,Percent,городская местность,Female,Soltustik Kazakhstan,33.0
2016,Percent,городская местность,Female,Soltustik Kazakhstan,29.6
2017,Percent,городская местность,Female,Soltustik Kazakhstan,43.5
2018,Percent,городская местность,Female,Soltustik Kazakhstan,54.2
2018,Percent,городская местность,Female,Turkistan,44.2
2010,Percent,городская местность,Female,Shygys Kazakhstan,30.3
2011,Percent,городская местность,Female,Shygys Kazakhstan,31.2
2012,Percent,городская местность,Female,Shygys Kazakhstan,32.0
2013,Percent,городская местность,Female,Shygys Kazakhstan,27.9
2014,Percent,городская местность,Female,Shygys Kazakhstan,30.9
2015,Percent,городская местность,Female,Shygys Kazakhstan,30.7
2016,Percent,городская местность,Female,Shygys Kazakhstan,37.5
2017,Percent,городская местность,Female,Shygys Kazakhstan,42.4
2018,Percent,городская местность,Female,Shygys Kazakhstan,47.7
2010,Percent,городская местность,Female,Nur-Sultan city,26.9
2011,Percent,городская местность,Female,Nur-Sultan city,23.1
2012,Percent,городская местность,Female,Nur-Sultan city,21.2
2013,Percent,городская местность,Female,Nur-Sultan city,16.7
2014,Percent,городская местность,Female,Nur-Sultan city,34.3
2015,Percent,городская местность,Female,Nur-Sultan city,31.9
2016,Percent,городская местность,Female,Nur-Sultan city,31.0
2017,Percent,городская местность,Female,Nur-Sultan city,28.0
2018,Percent,городская местность,Female,Nur-Sultan city,18.5
2010,Percent,городская местность,Female,Almaty city,16.2
2011,Percent,городская местность,Female,Almaty city,15.4
2012,Percent,городская местность,Female,Almaty city,19.8
2013,Percent,городская местность,Female,Almaty city,15.7
2014,Percent,городская местность,Female,Almaty city,14.9
2015,Percent,городская местность,Female,Almaty city,12.2
2016,Percent,городская местность,Female,Almaty city,22.2
2017,Percent,городская местность,Female,Almaty city,23.6
2018,Percent,городская местность,Female,Almaty city,23.9
2018,Percent,городская местность,Female,Shymkent city,32.2
2010,Percent,сельская местность,,,18.9
2011,Percent,сельская местность,,,20.8
2012,Percent,сельская местность,,,24.5
2013,Percent,сельская местность,,,25.3
2014,Percent,сельская местность,,,32.0
2015,Percent,сельская местность,,,32.3
2016,Percent,сельская местность,,,33.3
2017,Percent,сельская местность,,,35.4
2018,Percent,сельская местность,,,42.1
2010,Percent,сельская местность,,Akmola,24.2
2011,Percent,сельская местность,,Akmola,25.2
2012,Percent,сельская местность,,Akmola,24.3
2013,Percent,сельская местность,,Akmola,24.4
2014,Percent,сельская местность,,Akmola,32.1
2015,Percent,сельская местность,,Akmola,39.9
2016,Percent,сельская местность,,Akmola,38.8
2017,Percent,сельская местность,,Akmola,39.2
2018,Percent,сельская местность,,Akmola,43.7
2010,Percent,сельская местность,,Aktobe,26.4
2011,Percent,сельская местность,,Aktobe,32.3
2012,Percent,сельская местность,,Aktobe,42.6
2013,Percent,сельская местность,,Aktobe,44.3
2014,Percent,сельская местность,,Aktobe,48.8
2015,Percent,сельская местность,,Aktobe,45.2
2016,Percent,сельская местность,,Aktobe,48.0
2017,Percent,сельская местность,,Aktobe,50.8
2018,Percent,сельская местность,,Aktobe,49.4
2010,Percent,сельская местность,,Almaty,16.7
2011,Percent,сельская местность,,Almaty,18.9
2012,Percent,сельская местность,,Almaty,26.5
2013,Percent,сельская местность,,Almaty,18.9
2014,Percent,сельская местность,,Almaty,29.0
2015,Percent,сельская местность,,Almaty,25.2
2016,Percent,сельская местность,,Almaty,25.9
2017,Percent,сельская местность,,Almaty,25.6
2018,Percent,сельская местность,,Almaty,37.7
2010,Percent,сельская местность,,Atyrau,30.0
2011,Percent,сельская местность,,Atyrau,33.9
2012,Percent,сельская местность,,Atyrau,26.2
2013,Percent,сельская местность,,Atyrau,26.7
2014,Percent,сельская местность,,Atyrau,30.1
2015,Percent,сельская местность,,Atyrau,31.1
2016,Percent,сельская местность,,Atyrau,29.7
2017,Percent,сельская местность,,Atyrau,38.2
2018,Percent,сельская местность,,Atyrau,32.3
2010,Percent,сельская местность,,Batys Kazakhstan,19.8
2011,Percent,сельская местность,,Batys Kazakhstan,24.5
2012,Percent,сельская местность,,Batys Kazakhstan,39.5
2013,Percent,сельская местность,,Batys Kazakhstan,50.0
2014,Percent,сельская местность,,Batys Kazakhstan,34.2
2015,Percent,сельская местность,,Batys Kazakhstan,35.9
2016,Percent,сельская местность,,Batys Kazakhstan,38.4
2017,Percent,сельская местность,,Batys Kazakhstan,50.3
2018,Percent,сельская местность,,Batys Kazakhstan,55.1
2010,Percent,сельская местность,,Zhambyl,10.3
2011,Percent,сельская местность,,Zhambyl,15.2
2012,Percent,сельская местность,,Zhambyl,23.5
2013,Percent,сельская местность,,Zhambyl,35.4
2014,Percent,сельская местность,,Zhambyl,23.4
2015,Percent,сельская местность,,Zhambyl,23.6
2016,Percent,сельская местность,,Zhambyl,26.8
2017,Percent,сельская местность,,Zhambyl,21.7
2018,Percent,сельская местность,,Zhambyl,29.7
2010,Percent,сельская местность,,Karagandy,20.8
2011,Percent,сельская местность,,Karagandy,24.3
2012,Percent,сельская местность,,Karagandy,26.5
2013,Percent,сельская местность,,Karagandy,25.0
2014,Percent,сельская местность,,Karagandy,41.5
2015,Percent,сельская местность,,Karagandy,42.3
2016,Percent,сельская местность,,Karagandy,41.5
2017,Percent,сельская местность,,Karagandy,41.6
2018,Percent,сельская местность,,Karagandy,48.2
2010,Percent,сельская местность,,Kostanay,26.9
2011,Percent,сельская местность,,Kostanay,31.8
2012,Percent,сельская местность,,Kostanay,34.0
2013,Percent,сельская местность,,Kostanay,35.8
2014,Percent,сельская местность,,Kostanay,35.9
2015,Percent,сельская местность,,Kostanay,42.4
2016,Percent,сельская местность,,Kostanay,41.2
2017,Percent,сельская местность,,Kostanay,42.1
2018,Percent,сельская местность,,Kostanay,45.9
2010,Percent,сельская местность,,Kyzylorda,20.5
2011,Percent,сельская местность,,Kyzylorda,23.0
2012,Percent,сельская местность,,Kyzylorda,28.1
2013,Percent,сельская местность,,Kyzylorda,23.5
2014,Percent,сельская местность,,Kyzylorda,37.5
2015,Percent,сельская местность,,Kyzylorda,42.9
2016,Percent,сельская местность,,Kyzylorda,38.9
2017,Percent,сельская местность,,Kyzylorda,42.8
2018,Percent,сельская местность,,Kyzylorda,42.9
2010,Percent,сельская местность,,Mangistau,37.6
2011,Percent,сельская местность,,Mangistau,34.3
2012,Percent,сельская местность,,Mangistau,32.0
2013,Percent,сельская местность,,Mangistau,39.7
2014,Percent,сельская местность,,Mangistau,51.6
2015,Percent,сельская местность,,Mangistau,62.6
2016,Percent,сельская местность,,Mangistau,64.3
2017,Percent,сельская местность,,Mangistau,73.1
2018,Percent,сельская местность,,Mangistau,71.0
2010,Percent,сельская местность,,Ontustik Kazakhstan,8.8
2011,Percent,сельская местность,,Ontustik Kazakhstan,9.4
2012,Percent,сельская местность,,Ontustik Kazakhstan,11.7
2013,Percent,сельская местность,,Ontustik Kazakhstan,9.9
2014,Percent,сельская местность,,Ontustik Kazakhstan,26.8
2015,Percent,сельская местность,,Ontustik Kazakhstan,23.5
2016,Percent,сельская местность,,Ontustik Kazakhstan,25.7
2017,Percent,сельская местность,,Ontustik Kazakhstan,29.6
2010,Percent,сельская местность,,Pavlodar,36.1
2011,Percent,сельская местность,,Pavlodar,24.8
2012,Percent,сельская местность,,Pavlodar,30.5
2013,Percent,сельская местность,,Pavlodar,40.9
2014,Percent,сельская местность,,Pavlodar,35.3
2015,Percent,сельская местность,,Pavlodar,40.0
2016,Percent,сельская местность,,Pavlodar,39.8
2017,Percent,сельская местность,,Pavlodar,49.0
2018,Percent,сельская местность,,Pavlodar,55.9
2010,Percent,сельская местность,,Soltustik Kazakhstan,26.1
2011,Percent,сельская местность,,Soltustik Kazakhstan,24.7
2012,Percent,сельская местность,,Soltustik Kazakhstan,23.3
2013,Percent,сельская местность,,Soltustik Kazakhstan,21.1
2014,Percent,сельская местность,,Soltustik Kazakhstan,39.7
2015,Percent,сельская местность,,Soltustik Kazakhstan,36.6
2016,Percent,сельская местность,,Soltustik Kazakhstan,39.7
2017,Percent,сельская местность,,Soltustik Kazakhstan,38.8
2018,Percent,сельская местность,,Soltustik Kazakhstan,46.2
2018,Percent,сельская местность,,Turkistan,36.4
2010,Percent,сельская местность,,Shygys Kazakhstan,18.9
2011,Percent,сельская местность,,Shygys Kazakhstan,22.7
2012,Percent,сельская местность,,Shygys Kazakhstan,24.8
2013,Percent,сельская местность,,Shygys Kazakhstan,30.8
2014,Percent,сельская местность,,Shygys Kazakhstan,37.3
2015,Percent,сельская местность,,Shygys Kazakhstan,41.8
2016,Percent,сельская местность,,Shygys Kazakhstan,42.9
2017,Percent,сельская местность,,Shygys Kazakhstan,41.3
2018,Percent,сельская местность,,Shygys Kazakhstan,46.7
2010,Percent,сельская местность,Male,,17.6
2011,Percent,сельская местность,Male,,20.3
2012,Percent,сельская местность,Male,,23.5
2013,Percent,сельская местность,Male,,25.4
2014,Percent,сельская местность,Male,,32.3
2015,Percent,сельская местность,Male,,32.6
2016,Percent,сельская местность,Male,,33.2
2017,Percent,сельская местность,Male,,35.5
2018,Percent,сельская местность,Male,,43.1
2010,Percent,сельская местность,Male,Akmola,22.9
2011,Percent,сельская местность,Male,Akmola,23.8
2012,Percent,сельская местность,Male,Akmola,22.4
2013,Percent,сельская местность,Male,Akmola,25.1
2014,Percent,сельская местность,Male,Akmola,33.3
2015,Percent,сельская местность,Male,Akmola,40.7
2016,Percent,сельская местность,Male,Akmola,39.7
2017,Percent,сельская местность,Male,Akmola,40.2
2018,Percent,сельская местность,Male,Akmola,46.1
2010,Percent,сельская местность,Male,Aktobe,24.4
2011,Percent,сельская местность,Male,Aktobe,29.8
2012,Percent,сельская местность,Male,Aktobe,39.1
2013,Percent,сельская местность,Male,Aktobe,42.1
2014,Percent,сельская местность,Male,Aktobe,53.3
2015,Percent,сельская местность,Male,Aktobe,47.3
2016,Percent,сельская местность,Male,Aktobe,50.4
2017,Percent,сельская местность,Male,Aktobe,53.5
2018,Percent,сельская местность,Male,Aktobe,54.8
2010,Percent,сельская местность,Male,Almaty,17.4
2011,Percent,сельская местность,Male,Almaty,20.0
2012,Percent,сельская местность,Male,Almaty,25.6
2013,Percent,сельская местность,Male,Almaty,19.7
2014,Percent,сельская местность,Male,Almaty,28.4
2015,Percent,сельская местность,Male,Almaty,24.8
2016,Percent,сельская местность,Male,Almaty,24.5
2017,Percent,сельская местность,Male,Almaty,24.5
2018,Percent,сельская местность,Male,Almaty,37.2
2010,Percent,сельская местность,Male,Atyrau,25.9
2011,Percent,сельская местность,Male,Atyrau,34.3
2012,Percent,сельская местность,Male,Atyrau,27.0
2013,Percent,сельская местность,Male,Atyrau,28.0
2014,Percent,сельская местность,Male,Atyrau,31.6
2015,Percent,сельская местность,Male,Atyrau,32.7
2016,Percent,сельская местность,Male,Atyrau,33.6
2017,Percent,сельская местность,Male,Atyrau,42.1
2018,Percent,сельская местность,Male,Atyrau,32.8
2010,Percent,сельская местность,Male,Batys Kazakhstan,14.1
2011,Percent,сельская местность,Male,Batys Kazakhstan,20.0
2012,Percent,сельская местность,Male,Batys Kazakhstan,37.0
2013,Percent,сельская местность,Male,Batys Kazakhstan,52.7
2014,Percent,сельская местность,Male,Batys Kazakhstan,33.4
2015,Percent,сельская местность,Male,Batys Kazakhstan,36.7
2016,Percent,сельская местность,Male,Batys Kazakhstan,39.2
2017,Percent,сельская местность,Male,Batys Kazakhstan,48.7
2018,Percent,сельская местность,Male,Batys Kazakhstan,54.8
2010,Percent,сельская местность,Male,Zhambyl,8.4
2011,Percent,сельская местность,Male,Zhambyl,14.9
2012,Percent,сельская местность,Male,Zhambyl,20.8
2013,Percent,сельская местность,Male,Zhambyl,32.6
2014,Percent,сельская местность,Male,Zhambyl,21.7
2015,Percent,сельская местность,Male,Zhambyl,23.0
2016,Percent,сельская местность,Male,Zhambyl,24.9
2017,Percent,сельская местность,Male,Zhambyl,21.6
2018,Percent,сельская местность,Male,Zhambyl,31.5
2010,Percent,сельская местность,Male,Karagandy,21.0
2011,Percent,сельская местность,Male,Karagandy,24.3
2012,Percent,сельская местность,Male,Karagandy,25.6
2013,Percent,сельская местность,Male,Karagandy,27.6
2014,Percent,сельская местность,Male,Karagandy,41.7
2015,Percent,сельская местность,Male,Karagandy,41.4
2016,Percent,сельская местность,Male,Karagandy,41.6
2017,Percent,сельская местность,Male,Karagandy,41.0
2018,Percent,сельская местность,Male,Karagandy,48.4
2010,Percent,сельская местность,Male,Kostanay,26.4
2011,Percent,сельская местность,Male,Kostanay,32.4
2012,Percent,сельская местность,Male,Kostanay,34.5
2013,Percent,сельская местность,Male,Kostanay,39.8
2014,Percent,сельская местность,Male,Kostanay,37.1
2015,Percent,сельская местность,Male,Kostanay,44.6
2016,Percent,сельская местность,Male,Kostanay,42.3
2017,Percent,сельская местность,Male,Kostanay,44.3
2018,Percent,сельская местность,Male,Kostanay,48.0
2010,Percent,сельская местность,Male,Kyzylorda,15.6
2011,Percent,сельская местность,Male,Kyzylorda,17.9
2012,Percent,сельская местность,Male,Kyzylorda,27.7
2013,Percent,сельская местность,Male,Kyzylorda,22.0
2014,Percent,сельская местность,Male,Kyzylorda,37.6
2015,Percent,сельская местность,Male,Kyzylorda,44.1
2016,Percent,сельская местность,Male,Kyzylorda,39.0
2017,Percent,сельская местность,Male,Kyzylorda,43.2
2018,Percent,сельская местность,Male,Kyzylorda,42.1
2010,Percent,сельская местность,Male,Mangistau,34.7
2011,Percent,сельская местность,Male,Mangistau,37.0
2012,Percent,сельская местность,Male,Mangistau,41.0
2013,Percent,сельская местность,Male,Mangistau,36.3
2014,Percent,сельская местность,Male,Mangistau,56.5
2015,Percent,сельская местность,Male,Mangistau,66.1
2016,Percent,сельская местность,Male,Mangistau,66.2
2017,Percent,сельская местность,Male,Mangistau,75.6
2018,Percent,сельская местность,Male,Mangistau,72.4
2010,Percent,сельская местность,Male,Ontustik Kazakhstan,9.6
2011,Percent,сельская местность,Male,Ontustik Kazakhstan,9.6
2012,Percent,сельская местность,Male,Ontustik Kazakhstan,9.2
2013,Percent,сельская местность,Male,Ontustik Kazakhstan,9.9
2014,Percent,сельская местность,Male,Ontustik Kazakhstan,27.1
2015,Percent,сельская местность,Male,Ontustik Kazakhstan,21.6
2016,Percent,сельская местность,Male,Ontustik Kazakhstan,24.2
2017,Percent,сельская местность,Male,Ontustik Kazakhstan,27.9
2010,Percent,сельская местность,Male,Pavlodar,33.1
2011,Percent,сельская местность,Male,Pavlodar,25.5
2012,Percent,сельская местность,Male,Pavlodar,31.9
2013,Percent,сельская местность,Male,Pavlodar,42.5
2014,Percent,сельская местность,Male,Pavlodar,33.0
2015,Percent,сельская местность,Male,Pavlodar,40.3
2016,Percent,сельская местность,Male,Pavlodar,38.9
2017,Percent,сельская местность,Male,Pavlodar,48.5
2018,Percent,сельская местность,Male,Pavlodar,58.8
2010,Percent,сельская местность,Male,Soltustik Kazakhstan,24.3
2011,Percent,сельская местность,Male,Soltustik Kazakhstan,24.9
2012,Percent,сельская местность,Male,Soltustik Kazakhstan,29.1
2013,Percent,сельская местность,Male,Soltustik Kazakhstan,21.0
2014,Percent,сельская местность,Male,Soltustik Kazakhstan,41.1
2015,Percent,сельская местность,Male,Soltustik Kazakhstan,37.5
2016,Percent,сельская местность,Male,Soltustik Kazakhstan,41.4
2017,Percent,сельская местность,Male,Soltustik Kazakhstan,37.8
2018,Percent,сельская местность,Male,Soltustik Kazakhstan,46.8
2018,Percent,сельская местность,Male,Turkistan,39.0
2010,Percent,сельская местность,Male,Shygys Kazakhstan,15.6
2011,Percent,сельская местность,Male,Shygys Kazakhstan,20.5
2012,Percent,сельская местность,Male,Shygys Kazakhstan,21.5
2013,Percent,сельская местность,Male,Shygys Kazakhstan,33.5
2014,Percent,сельская местность,Male,Shygys Kazakhstan,35.8
2015,Percent,сельская местность,Male,Shygys Kazakhstan,44.4
2016,Percent,сельская местность,Male,Shygys Kazakhstan,43.7
2017,Percent,сельская местность,Male,Shygys Kazakhstan,42.6
2018,Percent,сельская местность,Male,Shygys Kazakhstan,45.5
2010,Percent,сельская местность,Female,,20.5
2011,Percent,сельская местность,Female,,21.4
2012,Percent,сельская местность,Female,,25.8
2013,Percent,сельская местность,Female,,25.1
2014,Percent,сельская местность,Female,,31.6
2015,Percent,сельская местность,Female,,31.9
2016,Percent,сельская местность,Female,,33.4
2017,Percent,сельская местность,Female,,35.2
2018,Percent,сельская местность,Female,,40.8
2010,Percent,сельская местность,Female,Akmola,25.9
2011,Percent,сельская местность,Female,Akmola,27.0
2012,Percent,сельская местность,Female,Akmola,26.7
2013,Percent,сельская местность,Female,Akmola,23.3
2014,Percent,сельская местность,Female,Akmola,30.5
2015,Percent,сельская местность,Female,Akmola,38.8
2016,Percent,сельская местность,Female,Akmola,37.6
2017,Percent,сельская местность,Female,Akmola,38.1
2018,Percent,сельская местность,Female,Akmola,40.8
2010,Percent,сельская местность,Female,Aktobe,28.5
2011,Percent,сельская местность,Female,Aktobe,34.8
2012,Percent,сельская местность,Female,Aktobe,46.5
2013,Percent,сельская местность,Female,Aktobe,46.3
2014,Percent,сельская местность,Female,Aktobe,43.3
2015,Percent,сельская местность,Female,Aktobe,42.6
2016,Percent,сельская местность,Female,Aktobe,44.8
2017,Percent,сельская местность,Female,Aktobe,47.2
2018,Percent,сельская местность,Female,Aktobe,41.1
2010,Percent,сельская местность,Female,Almaty,15.7
2011,Percent,сельская местность,Female,Almaty,17.6
2012,Percent,сельская местность,Female,Almaty,27.6
2013,Percent,сельская местность,Female,Almaty,18.0
2014,Percent,сельская местность,Female,Almaty,29.8
2015,Percent,сельская местность,Female,Almaty,25.6
2016,Percent,сельская местность,Female,Almaty,27.6
2017,Percent,сельская местность,Female,Almaty,26.8
2018,Percent,сельская местность,Female,Almaty,38.3
2010,Percent,сельская местность,Female,Atyrau,34.7
2011,Percent,сельская местность,Female,Atyrau,33.3
2012,Percent,сельская местность,Female,Atyrau,25.2
2013,Percent,сельская местность,Female,Atyrau,25.3
2014,Percent,сельская местность,Female,Atyrau,28.4
2015,Percent,сельская местность,Female,Atyrau,29.0
2016,Percent,сельская местность,Female,Atyrau,24.9
2017,Percent,сельская местность,Female,Atyrau,32.5
2018,Percent,сельская местность,Female,Atyrau,31.4
2010,Percent,сельская местность,Female,Batys Kazakhstan,26.3
2011,Percent,сельская местность,Female,Batys Kazakhstan,30.2
2012,Percent,сельская местность,Female,Batys Kazakhstan,42.6
2013,Percent,сельская местность,Female,Batys Kazakhstan,46.9
2014,Percent,сельская местность,Female,Batys Kazakhstan,35.3
2015,Percent,сельская местность,Female,Batys Kazakhstan,34.7
2016,Percent,сельская местность,Female,Batys Kazakhstan,37.6
2017,Percent,сельская местность,Female,Batys Kazakhstan,52.3
2018,Percent,сельская местность,Female,Batys Kazakhstan,55.5
2010,Percent,сельская местность,Female,Zhambyl,12.5
2011,Percent,сельская местность,Female,Zhambyl,15.6
2012,Percent,сельская местность,Female,Zhambyl,26.5
2013,Percent,сельская местность,Female,Zhambyl,38.5
2014,Percent,сельская местность,Female,Zhambyl,25.6
2015,Percent,сельская местность,Female,Zhambyl,24.5
2016,Percent,сельская местность,Female,Zhambyl,29.5
2017,Percent,сельская местность,Female,Zhambyl,21.8
2018,Percent,сельская местность,Female,Zhambyl,27.5
2010,Percent,сельская местность,Female,Karagandy,20.4
2011,Percent,сельская местность,Female,Karagandy,24.2
2012,Percent,сельская местность,Female,Karagandy,27.8
2013,Percent,сельская местность,Female,Karagandy,21.6
2014,Percent,сельская местность,Female,Karagandy,41.1
2015,Percent,сельская местность,Female,Karagandy,44.0
2016,Percent,сельская местность,Female,Karagandy,41.3
2017,Percent,сельская местность,Female,Karagandy,42.4
2018,Percent,сельская местность,Female,Karagandy,48.0
2010,Percent,сельская местность,Female,Kostanay,27.4
2011,Percent,сельская местность,Female,Kostanay,31.2
2012,Percent,сельская местность,Female,Kostanay,33.4
2013,Percent,сельская местность,Female,Kostanay,31.5
2014,Percent,сельская местность,Female,Kostanay,34.5
2015,Percent,сельская местность,Female,Kostanay,39.6
2016,Percent,сельская местность,Female,Kostanay,39.9
2017,Percent,сельская местность,Female,Kostanay,39.6
2018,Percent,сельская местность,Female,Kostanay,43.5
2010,Percent,сельская местность,Female,Kyzylorda,26.8
2011,Percent,сельская местность,Female,Kyzylorda,29.4
2012,Percent,сельская местность,Female,Kyzylorda,28.7
2013,Percent,сельская местность,Female,Kyzylorda,25.5
2014,Percent,сельская местность,Female,Kyzylorda,37.5
2015,Percent,сельская местность,Female,Kyzylorda,41.3
2016,Percent,сельская местность,Female,Kyzylorda,38.7
2017,Percent,сельская местность,Female,Kyzylorda,42.3
2018,Percent,сельская местность,Female,Kyzylorda,44.0
2010,Percent,сельская местность,Female,Mangistau,41.3
2011,Percent,сельская местность,Female,Mangistau,30.3
2012,Percent,сельская местность,Female,Mangistau,19.7
2013,Percent,сельская местность,Female,Mangistau,44.8
2014,Percent,сельская местность,Female,Mangistau,43.2
2015,Percent,сельская местность,Female,Mangistau,57.5
2016,Percent,сельская местность,Female,Mangistau,61.2
2017,Percent,сельская местность,Female,Mangistau,69.6
2018,Percent,сельская местность,Female,Mangistau,69.3
2010,Percent,сельская местность,Female,Ontustik Kazakhstan,7.9
2011,Percent,сельская местность,Female,Ontustik Kazakhstan,9.1
2012,Percent,сельская местность,Female,Ontustik Kazakhstan,14.7
2013,Percent,сельская местность,Female,Ontustik Kazakhstan,10.0
2014,Percent,сельская местность,Female,Ontustik Kazakhstan,26.5
2015,Percent,сельская местность,Female,Ontustik Kazakhstan,26.2
2016,Percent,сельская местность,Female,Ontustik Kazakhstan,28.0
2017,Percent,сельская местность,Female,Ontustik Kazakhstan,32.0
2010,Percent,сельская местность,Female,Pavlodar,39.7
2011,Percent,сельская местность,Female,Pavlodar,24.0
2012,Percent,сельская местность,Female,Pavlodar,28.4
2013,Percent,сельская местность,Female,Pavlodar,37.9
2014,Percent,сельская местность,Female,Pavlodar,37.9
2015,Percent,сельская местность,Female,Pavlodar,39.7
2016,Percent,сельская местность,Female,Pavlodar,41.1
2017,Percent,сельская местность,Female,Pavlodar,49.8
2018,Percent,сельская местность,Female,Pavlodar,52.8
2010,Percent,сельская местность,Female,Soltustik Kazakhstan,28.4
2011,Percent,сельская местность,Female,Soltustik Kazakhstan,24.5
2012,Percent,сельская местность,Female,Soltustik Kazakhstan,16.7
2013,Percent,сельская местность,Female,Soltustik Kazakhstan,21.3
2014,Percent,сельская местность,Female,Soltustik Kazakhstan,37.7
2015,Percent,сельская местность,Female,Soltustik Kazakhstan,35.3
2016,Percent,сельская местность,Female,Soltustik Kazakhstan,37.4
2017,Percent,сельская местность,Female,Soltustik Kazakhstan,40.0
2018,Percent,сельская местность,Female,Soltustik Kazakhstan,45.3
2018,Percent,сельская местность,Female,Turkistan,33.0
2010,Percent,сельская местность,Female,Shygys Kazakhstan,23.4
2011,Percent,сельская местность,Female,Shygys Kazakhstan,26.0
2012,Percent,сельская местность,Female,Shygys Kazakhstan,29.3
2013,Percent,сельская местность,Female,Shygys Kazakhstan,27.5
2014,Percent,сельская местность,Female,Shygys Kazakhstan,39.3
2015,Percent,сельская местность,Female,Shygys Kazakhstan,37.7
2016,Percent,сельская местность,Female,Shygys Kazakhstan,41.8
2017,Percent,сельская местность,Female,Shygys Kazakhstan,39.4
2018,Percent,сельская местность,Female,Shygys Kazakhstan,48.3
