Year,Units,Schools which has access to,Area,Regions,Value
2015,Percent,sources of drinking water,,,100.0
2016,Percent,sources of drinking water,,,100.0
2017,Percent,sources of drinking water,,,100.0
2018,Percent,sources of drinking water,,,100.0
2019,Percent,access to the internet for education purposes,,,94.06596377399296
2019,Percent,access to the internet for education purposes,,Akmola,100.0
2019,Percent,access to the internet for education purposes,,Aktobe,97.12918660287079
2019,Percent,access to the internet for education purposes,,Almaty,91.78255372945637
2019,Percent,access to the internet for education purposes,,Atyrau,93.71980676328505
2019,Percent,access to the internet for education purposes,,Batys Kazakhstan,86.92307692307692
2019,Percent,access to the internet for education purposes,,Zhambyl,99.78308026030369
2019,Percent,access to the internet for education purposes,,Karagandy,97.39292364990688
2019,Percent,access to the internet for education purposes,,Kostanay,91.47286821705427
2019,Percent,access to the internet for education purposes,,Kyzylorda,98.08917197452229
2019,Percent,access to the internet for education purposes,,Mangistau,100.0
2019,Percent,access to the internet for education purposes,,Pavlodar,99.45652173913044
2019,Percent,access to the internet for education purposes,,Soltustik Kazakhstan,90.74074074074076
2019,Percent,access to the internet for education purposes,,Turkistan,83.04347826086956
2019,Percent,access to the internet for education purposes,,Shygys Kazakhstan,99.1163475699558
2019,Percent,access to the internet for education purposes,,Nur-Sultan city,94.91525423728814
2019,Percent,access to the internet for education purposes,,Almaty city,98.6206896551724
2019,Percent,access to the internet for education purposes,,Shymkent city,91.90751445086704
2019,Percent,access to the internet for education purposes,Urban,,96.68717463322292
2019,Percent,access to the internet for education purposes,Urban,Akmola,100.0
2019,Percent,access to the internet for education purposes,Urban,Aktobe,97.77777777777777
2019,Percent,access to the internet for education purposes,Urban,Almaty,96.39639639639641
2019,Percent,access to the internet for education purposes,Urban,Atyrau,96.05263157894736
2019,Percent,access to the internet for education purposes,Urban,Batys Kazakhstan,93.24324324324324
2019,Percent,access to the internet for education purposes,Urban,Zhambyl,99.05660377358492
2019,Percent,access to the internet for education purposes,Urban,Karagandy,97.8813559322034
2019,Percent,access to the internet for education purposes,Urban,Kostanay,97.979797979798
2019,Percent,access to the internet for education purposes,Urban,Kyzylorda,93.67088607594937
2019,Percent,access to the internet for education purposes,Urban,Mangistau,100.0
2019,Percent,access to the internet for education purposes,Urban,Pavlodar,97.87234042553192
2019,Percent,access to the internet for education purposes,Urban,Soltustik Kazakhstan,98.4375
2019,Percent,access to the internet for education purposes,Urban,Turkistan,90.24390243902441
2019,Percent,access to the internet for education purposes,Urban,Shygys Kazakhstan,98.34254143646407
2019,Percent,access to the internet for education purposes,Urban,Nur-Sultan city,94.91525423728814
2019,Percent,access to the internet for education purposes,Urban,Almaty city,98.6206896551724
2019,Percent,access to the internet for education purposes,Urban,Shymkent city,91.90751445086704
2019,Percent,access to the internet for education purposes,Rural,,93.01797540208136
2019,Percent,access to the internet for education purposes,Rural,Akmola,100.0
2019,Percent,access to the internet for education purposes,Rural,Aktobe,96.81978798586573
2019,Percent,access to the internet for education purposes,Rural,Almaty,91.02941176470587
2019,Percent,access to the internet for education purposes,Rural,Atyrau,92.36641221374045
2019,Percent,access to the internet for education purposes,Rural,Batys Kazakhstan,85.44303797468355
2019,Percent,access to the internet for education purposes,Rural,Zhambyl,100.0
2019,Percent,access to the internet for education purposes,Rural,Karagandy,97.00996677740864
2019,Percent,access to the internet for education purposes,Rural,Kostanay,89.92805755395683
2019,Percent,access to the internet for education purposes,Rural,Kyzylorda,99.57446808510642
2019,Percent,access to the internet for education purposes,Rural,Mangistau,100.0
2019,Percent,access to the internet for education purposes,Rural,Pavlodar,100.0
2019,Percent,access to the internet for education purposes,Rural,Soltustik Kazakhstan,89.57345971563981
2019,Percent,access to the internet for education purposes,Rural,Turkistan,81.93224592220828
2019,Percent,access to the internet for education purposes,Rural,Shygys Kazakhstan,99.3975903614458
2019,Percent,sources of drinking water,,,100.0
2019,Percent,separate restrooms which meet minimum standards,,Akmola,100.0
2019,Percent,separate restrooms which meet minimum standards,,Aktobe,100.0
2019,Percent,separate restrooms which meet minimum standards,,Almaty,100.0
2019,Percent,separate restrooms which meet minimum standards,,Atyrau,100.0
2019,Percent,separate restrooms which meet minimum standards,,Batys Kazakhstan,100.0
2019,Percent,separate restrooms which meet minimum standards,,Zhambyl,100.0
2019,Percent,separate restrooms which meet minimum standards,,Karagandy,100.0
2019,Percent,separate restrooms which meet minimum standards,,Kostanay,100.0
2019,Percent,separate restrooms which meet minimum standards,,Kyzylorda,100.0
2019,Percent,separate restrooms which meet minimum standards,,Mangistau,100.0
2019,Percent,separate restrooms which meet minimum standards,,Pavlodar,100.0
2019,Percent,separate restrooms which meet minimum standards,,Soltustik Kazakhstan,100.0
2019,Percent,separate restrooms which meet minimum standards,,Turkistan,100.0
2019,Percent,separate restrooms which meet minimum standards,,Shygys Kazakhstan,100.0
2019,Percent,separate restrooms which meet minimum standards,,Nur-Sultan city,100.0
2019,Percent,separate restrooms which meet minimum standards,,Almaty city,100.0
2019,Percent,separate restrooms which meet minimum standards,,Shymkent city,100.0
2019,Percent,наличие теплых и надворных туалетов,,,41.57880508245472
2019,Percent,наличие теплых и надворных туалетов,,Akmola,75.13043478260869
2019,Percent,наличие теплых и надворных туалетов,,Aktobe,39.71291866028708
2019,Percent,наличие теплых и надворных туалетов,,Almaty,37.67383059418458
2019,Percent,наличие теплых и надворных туалетов,,Atyrau,46.859903381642525
2019,Percent,наличие теплых и надворных туалетов,,Batys Kazakhstan,30.76923076923077
2019,Percent,наличие теплых и надворных туалетов,,Zhambyl,28.416485900216923
2019,Percent,наличие теплых и надворных туалетов,,Karagandy,19.36685288640596
2019,Percent,наличие теплых и надворных туалетов,,Kostanay,66.08527131782945
2019,Percent,наличие теплых и надворных туалетов,,Kyzylorda,44.90445859872612
2019,Percent,наличие теплых и надворных туалетов,,Mangistau,28.387096774193548
2019,Percent,наличие теплых и надворных туалетов,,Pavlodar,72.01086956521739
2019,Percent,наличие теплых и надворных туалетов,,Soltustik Kazakhstan,62.96296296296296
2019,Percent,наличие теплых и надворных туалетов,,Turkistan,34.89130434782609
2019,Percent,наличие теплых и надворных туалетов,,Shygys Kazakhstan,32.40058910162003
2019,Percent,наличие теплых и надворных туалетов,,Nur-Sultan city,0.8474576271186439
2019,Percent,наличие теплых и надворных туалетов,,Almaty city,3.103448275862069
2019,Percent,наличие теплых и надворных туалетов,,Shymkent city,46.24277456647399
2019,Percent,наличие только надворных туалетов,,,31.34630981346309
2019,Percent,наличие только надворных туалетов,,Akmola,0.0
2019,Percent,наличие только надворных туалетов,,Aktobe,33.01435406698565
2019,Percent,наличие только надворных туалетов,,Almaty,52.59165613147914
2019,Percent,наличие только надворных туалетов,,Atyrau,18.357487922705317
2019,Percent,наличие только надворных туалетов,,Batys Kazakhstan,51.02564102564102
2019,Percent,наличие только надворных туалетов,,Zhambyl,58.134490238611704
2019,Percent,наличие только надворных туалетов,,Karagandy,22.90502793296089
2019,Percent,наличие только надворных туалетов,,Kostanay,9.30232558139535
2019,Percent,наличие только надворных туалетов,,Kyzylorda,40.764331210191095
2019,Percent,наличие только надворных туалетов,,Mangistau,25.161290322580644
2019,Percent,наличие только надворных туалетов,,Pavlodar,0.5434782608695652
2019,Percent,наличие только надворных туалетов,,Soltustik Kazakhstan,13.580246913580249
2019,Percent,наличие только надворных туалетов,,Turkistan,59.1304347826087
2019,Percent,наличие только надворных туалетов,,Shygys Kazakhstan,40.500736377025035
2019,Percent,наличие только надворных туалетов,,Nur-Sultan city,0.0
2019,Percent,наличие только надворных туалетов,,Almaty city,1.0344827586206895
2019,Percent,наличие только надворных туалетов,,Shymkent city,18.497109826589593
2019,Percent,наличие только теплых туалетов,,,27.074885104082185
2019,Percent,наличие только теплых туалетов,,Akmola,24.869565217391305
2019,Percent,наличие только теплых туалетов,,Aktobe,27.27272727272727
2019,Percent,наличие только теплых туалетов,,Almaty,9.734513274336283
2019,Percent,наличие только теплых туалетов,,Atyrau,34.78260869565217
2019,Percent,наличие только теплых туалетов,,Batys Kazakhstan,18.2051282051282
2019,Percent,наличие только теплых туалетов,,Zhambyl,13.449023861171364
2019,Percent,наличие только теплых туалетов,,Karagandy,57.72811918063314
2019,Percent,наличие только теплых туалетов,,Kostanay,24.612403100775193
2019,Percent,наличие только теплых туалетов,,Kyzylorda,14.331210191082802
2019,Percent,наличие только теплых туалетов,,Mangistau,46.451612903225815
2019,Percent,наличие только теплых туалетов,,Pavlodar,27.445652173913047
2019,Percent,наличие только теплых туалетов,,Soltustik Kazakhstan,23.456790123456788
2019,Percent,наличие только теплых туалетов,,Turkistan,5.978260869565218
2019,Percent,наличие только теплых туалетов,,Shygys Kazakhstan,27.098674521354926
2019,Percent,наличие только теплых туалетов,,Nur-Sultan city,99.15254237288136
2019,Percent,наличие только теплых туалетов,,Almaty city,95.86206896551724
2019,Percent,наличие только теплых туалетов,,Shymkent city,35.260115606936424
