Year,Units,Regions,Area,Age,GeoCode,Value
2010,Percent,,,,,37.2
2011,Percent,,,,,38.5
2012,Percent,,,,,39.7
2013,Percent,,,,,38.3
2014,Percent,,,,,34.8
2015,Percent,,,,,37.0
2016,Percent,,,,,37.3
2017,Percent,,,,,37.0
2018,Percent,,,,,41.2
2010,Percent,Akmola,,,KZ03,39.9
2011,Percent,Akmola,,,KZ03,43.1
2012,Percent,Akmola,,,KZ03,36.3
2013,Percent,Akmola,,,KZ03,44.8
2014,Percent,Akmola,,,KZ03,34.8
2015,Percent,Akmola,,,KZ03,30.0
2016,Percent,Akmola,,,KZ03,34.6
2017,Percent,Akmola,,,KZ03,35.8
2018,Percent,Akmola,,,KZ03,45.7
2010,Percent,Aktobe,,,KZ04,41.7
2011,Percent,Aktobe,,,KZ04,41.6
2012,Percent,Aktobe,,,KZ04,36.1
2013,Percent,Aktobe,,,KZ04,27.2
2014,Percent,Aktobe,,,KZ04,37.6
2015,Percent,Aktobe,,,KZ04,34.3
2016,Percent,Aktobe,,,KZ04,34.1
2017,Percent,Aktobe,,,KZ04,39.8
2018,Percent,Aktobe,,,KZ04,33.7
2010,Percent,Almaty,,,KZ01,31.5
2011,Percent,Almaty,,,KZ01,24.4
2012,Percent,Almaty,,,KZ01,33.4
2013,Percent,Almaty,,,KZ01,45.6
2014,Percent,Almaty,,,KZ01,26.5
2015,Percent,Almaty,,,KZ01,31.3
2016,Percent,Almaty,,,KZ01,35.7
2017,Percent,Almaty,,,KZ01,33.8
2018,Percent,Almaty,,,KZ01,39.3
2010,Percent,Atyrau,,,KZ06,18.9
2011,Percent,Atyrau,,,KZ06,26.7
2012,Percent,Atyrau,,,KZ06,31.8
2013,Percent,Atyrau,,,KZ06,28.9
2014,Percent,Atyrau,,,KZ06,25.4
2015,Percent,Atyrau,,,KZ06,33.8
2016,Percent,Atyrau,,,KZ06,30.0
2017,Percent,Atyrau,,,KZ06,31.0
2018,Percent,Atyrau,,,KZ06,35.6
2010,Percent,Batys Kazakhstan,,,KZ07,21.2
2011,Percent,Batys Kazakhstan,,,KZ07,24.7
2012,Percent,Batys Kazakhstan,,,KZ07,20.404275584718
2013,Percent,Batys Kazakhstan,,,KZ07,23.5
2014,Percent,Batys Kazakhstan,,,KZ07,30.6
2015,Percent,Batys Kazakhstan,,,KZ07,35.9
2016,Percent,Batys Kazakhstan,,,KZ07,34.5
2017,Percent,Batys Kazakhstan,,,KZ07,35.8
2018,Percent,Batys Kazakhstan,,,KZ07,36.4
2010,Percent,Zhambyl,,,KZ17,22.3
2011,Percent,Zhambyl,,,KZ17,30.1
2012,Percent,Zhambyl,,,KZ17,39.4
2013,Percent,Zhambyl,,,KZ17,27.0
2014,Percent,Zhambyl,,,KZ17,22.8
2015,Percent,Zhambyl,,,KZ17,20.5
2016,Percent,Zhambyl,,,KZ17,19.2
2017,Percent,Zhambyl,,,KZ17,18.5
2018,Percent,Zhambyl,,,KZ17,40.7
2010,Percent,Karagandy,,,KZ12,41.0
2011,Percent,Karagandy,,,KZ12,40.0
2012,Percent,Karagandy,,,KZ12,43.1
2013,Percent,Karagandy,,,KZ12,38.6
2014,Percent,Karagandy,,,KZ12,35.7
2015,Percent,Karagandy,,,KZ12,38.9
2016,Percent,Karagandy,,,KZ12,33.8
2017,Percent,Karagandy,,,KZ12,32.9
2018,Percent,Karagandy,,,KZ12,36.3
2010,Percent,Kostanay,,,KZ13,39.6
2011,Percent,Kostanay,,,KZ13,43.9
2012,Percent,Kostanay,,,KZ13,43.1
2013,Percent,Kostanay,,,KZ13,34.6
2014,Percent,Kostanay,,,KZ13,38.6
2015,Percent,Kostanay,,,KZ13,42.9
2016,Percent,Kostanay,,,KZ13,39.6
2017,Percent,Kostanay,,,KZ13,38.8
2018,Percent,Kostanay,,,KZ13,42.9
2010,Percent,Kyzylorda,,,KZ14,38.1
2011,Percent,Kyzylorda,,,KZ14,40.8
2012,Percent,Kyzylorda,,,KZ14,31.0
2013,Percent,Kyzylorda,,,KZ14,30.9
2014,Percent,Kyzylorda,,,KZ14,34.0
2015,Percent,Kyzylorda,,,KZ14,32.6
2016,Percent,Kyzylorda,,,KZ14,31.1
2017,Percent,Kyzylorda,,,KZ14,30.5
2018,Percent,Kyzylorda,,,KZ14,37.2
2010,Percent,Mangistau,,,KZ09,30.4
2011,Percent,Mangistau,,,KZ09,32.9
2012,Percent,Mangistau,,,KZ09,40.7
2013,Percent,Mangistau,,,KZ09,30.0
2014,Percent,Mangistau,,,KZ09,44.6
2015,Percent,Mangistau,,,KZ09,52.0
2016,Percent,Mangistau,,,KZ09,44.4
2017,Percent,Mangistau,,,KZ09,42.0
2018,Percent,Mangistau,,,KZ09,37.4
2010,Percent,Ontustik Kazakhstan,,,KZ10,18.4
2011,Percent,Ontustik Kazakhstan,,,KZ10,28.1
2012,Percent,Ontustik Kazakhstan,,,KZ10,28.7
2013,Percent,Ontustik Kazakhstan,,,KZ10,32.5
2014,Percent,Ontustik Kazakhstan,,,KZ10,32.9
2015,Percent,Ontustik Kazakhstan,,,KZ10,28.7
2016,Percent,Ontustik Kazakhstan,,,KZ10,40.9
2017,Percent,Ontustik Kazakhstan,,,KZ10,26.5
2010,Percent,Pavlodar,,,KZ11,41.7
2011,Percent,Pavlodar,,,KZ11,41.9
2012,Percent,Pavlodar,,,KZ11,30.9
2013,Percent,Pavlodar,,,KZ11,36.3
2014,Percent,Pavlodar,,,KZ11,32.0
2015,Percent,Pavlodar,,,KZ11,39.1
2016,Percent,Pavlodar,,,KZ11,40.0
2017,Percent,Pavlodar,,,KZ11,43.6
2018,Percent,Pavlodar,,,KZ11,40.2
2010,Percent,Soltustik Kazakhstan,,,KZ16,32.7
2011,Percent,Soltustik Kazakhstan,,,KZ16,35.0
2012,Percent,Soltustik Kazakhstan,,,KZ16,40.4
2013,Percent,Soltustik Kazakhstan,,,KZ16,27.5
2014,Percent,Soltustik Kazakhstan,,,KZ16,31.3
2015,Percent,Soltustik Kazakhstan,,,KZ16,39.6
2016,Percent,Soltustik Kazakhstan,,,KZ16,32.6
2017,Percent,Soltustik Kazakhstan,,,KZ16,33.9
2018,Percent,Soltustik Kazakhstan,,,KZ16,39.3
2018,Percent,Turkistan,,,KZ10,40.3
2010,Percent,Shygys Kazakhstan,,,KZ15,35.7
2011,Percent,Shygys Kazakhstan,,,KZ15,37.6
2012,Percent,Shygys Kazakhstan,,,KZ15,38.1
2013,Percent,Shygys Kazakhstan,,,KZ15,35.5
2014,Percent,Shygys Kazakhstan,,,KZ15,35.0
2015,Percent,Shygys Kazakhstan,,,KZ15,33.0
2016,Percent,Shygys Kazakhstan,,,KZ15,33.7
2017,Percent,Shygys Kazakhstan,,,KZ15,41.1
2018,Percent,Shygys Kazakhstan,,,KZ15,45.1
2010,Percent,Nur-Sultan city,,,KZ05,40.4
2011,Percent,Nur-Sultan city,,,KZ05,41.4
2012,Percent,Nur-Sultan city,,,KZ05,46.2
2013,Percent,Nur-Sultan city,,,KZ05,48.0
2014,Percent,Nur-Sultan city,,,KZ05,35.9
2015,Percent,Nur-Sultan city,,,KZ05,41.9
2016,Percent,Nur-Sultan city,,,KZ05,44.2
2017,Percent,Nur-Sultan city,,,KZ05,43.2
2018,Percent,Nur-Sultan city,,,KZ05,43.3
2010,Percent,Almaty city,,,KZ02,39.2
2011,Percent,Almaty city,,,KZ02,40.3
2012,Percent,Almaty city,,,KZ02,46.2
2013,Percent,Almaty city,,,KZ02,39.5
2014,Percent,Almaty city,,,KZ02,38.4
2015,Percent,Almaty city,,,KZ02,35.3
2016,Percent,Almaty city,,,KZ02,39.9
2017,Percent,Almaty city,,,KZ02,36.1
2018,Percent,Almaty city,,,KZ02,43.2
2018,Percent,Shymkent city,,,KZ18,46.7
2010,Percent,,городская местность,,,38.0
2011,Percent,,городская местность,,,39.5
2012,Percent,,городская местность,,,41.9
2013,Percent,,городская местность,,,38.9
2014,Percent,,городская местность,,,37.1
2015,Percent,,городская местность,,,38.4
2016,Percent,,городская местность,,,38.3
2017,Percent,,городская местность,,,37.8
2018,Percent,,городская местность,,,41.7
2010,Percent,Akmola,городская местность,,,40.5
2011,Percent,Akmola,городская местность,,,46.1
2012,Percent,Akmola,городская местность,,,44.6
2013,Percent,Akmola,городская местность,,,50.5
2014,Percent,Akmola,городская местность,,,37.7
2015,Percent,Akmola,городская местность,,,29.8
2016,Percent,Akmola,городская местность,,,31.8
2017,Percent,Akmola,городская местность,,,33.1
2018,Percent,Akmola,городская местность,,,45.8
2010,Percent,Aktobe,городская местность,,,36.1
2011,Percent,Aktobe,городская местность,,,40.4
2012,Percent,Aktobe,городская местность,,,35.3
2013,Percent,Aktobe,городская местность,,,23.8
2014,Percent,Aktobe,городская местность,,,39.6
2015,Percent,Aktobe,городская местность,,,33.1
2016,Percent,Aktobe,городская местность,,,36.8
2017,Percent,Aktobe,городская местность,,,42.3
2018,Percent,Aktobe,городская местность,,,34.1
2010,Percent,Almaty,городская местность,,,29.7
2011,Percent,Almaty,городская местность,,,26.2
2012,Percent,Almaty,городская местность,,,36.9
2013,Percent,Almaty,городская местность,,,46.3
2014,Percent,Almaty,городская местность,,,30.5
2015,Percent,Almaty,городская местность,,,34.3
2016,Percent,Almaty,городская местность,,,42.2
2017,Percent,Almaty,городская местность,,,35.2
2018,Percent,Almaty,городская местность,,,38.0
2010,Percent,Atyrau,городская местность,,,16.1
2011,Percent,Atyrau,городская местность,,,27.8
2012,Percent,Atyrau,городская местность,,,39.5
2013,Percent,Atyrau,городская местность,,,31.9
2014,Percent,Atyrau,городская местность,,,23.7
2015,Percent,Atyrau,городская местность,,,33.6
2016,Percent,Atyrau,городская местность,,,30.5
2017,Percent,Atyrau,городская местность,,,30.8
2018,Percent,Atyrau,городская местность,,,33.8
2010,Percent,Batys Kazakhstan,городская местность,,,23.4
2011,Percent,Batys Kazakhstan,городская местность,,,27.5
2012,Percent,Batys Kazakhstan,городская местность,,,19.1
2013,Percent,Batys Kazakhstan,городская местность,,,26.0
2014,Percent,Batys Kazakhstan,городская местность,,,32.0
2015,Percent,Batys Kazakhstan,городская местность,,,38.4
2016,Percent,Batys Kazakhstan,городская местность,,,35.0
2017,Percent,Batys Kazakhstan,городская местность,,,39.1
2018,Percent,Batys Kazakhstan,городская местность,,,36.9
2010,Percent,Zhambyl,городская местность,,,28.0
2011,Percent,Zhambyl,городская местность,,,35.3
2012,Percent,Zhambyl,городская местность,,,38.8
2013,Percent,Zhambyl,городская местность,,,29.9
2014,Percent,Zhambyl,городская местность,,,27.5
2015,Percent,Zhambyl,городская местность,,,20.3
2016,Percent,Zhambyl,городская местность,,,16.2
2017,Percent,Zhambyl,городская местность,,,17.8
2018,Percent,Zhambyl,городская местность,,,42.6
2010,Percent,Karagandy,городская местность,,,41.7
2011,Percent,Karagandy,городская местность,,,40.0
2012,Percent,Karagandy,городская местность,,,44.7
2013,Percent,Karagandy,городская местность,,,39.4
2014,Percent,Karagandy,городская местность,,,37.0
2015,Percent,Karagandy,городская местность,,,39.9
2016,Percent,Karagandy,городская местность,,,34.2
2017,Percent,Karagandy,городская местность,,,33.3
2018,Percent,Karagandy,городская местность,,,37.0
2010,Percent,Kostanay,городская местность,,,35.3
2011,Percent,Kostanay,городская местность,,,42.6
2012,Percent,Kostanay,городская местность,,,45.6
2013,Percent,Kostanay,городская местность,,,39.1
2014,Percent,Kostanay,городская местность,,,41.4
2015,Percent,Kostanay,городская местность,,,44.7
2016,Percent,Kostanay,городская местность,,,41.4
2017,Percent,Kostanay,городская местность,,,40.0
2018,Percent,Kostanay,городская местность,,,42.5
2010,Percent,Kyzylorda,городская местность,,,38.5
2011,Percent,Kyzylorda,городская местность,,,40.2
2012,Percent,Kyzylorda,городская местность,,,32.4
2013,Percent,Kyzylorda,городская местность,,,31.7
2014,Percent,Kyzylorda,городская местность,,,38.1
2015,Percent,Kyzylorda,городская местность,,,37.6
2016,Percent,Kyzylorda,городская местность,,,32.2
2017,Percent,Kyzylorda,городская местность,,,29.6
2018,Percent,Kyzylorda,городская местность,,,38.2
2010,Percent,Mangistau,городская местность,,,30.5
2011,Percent,Mangistau,городская местность,,,34.7
2012,Percent,Mangistau,городская местность,,,43.9
2013,Percent,Mangistau,городская местность,,,28.0
2014,Percent,Mangistau,городская местность,,,46.4
2015,Percent,Mangistau,городская местность,,,51.6
2016,Percent,Mangistau,городская местность,,,43.8
2017,Percent,Mangistau,городская местность,,,39.5
2018,Percent,Mangistau,городская местность,,,36.6
2010,Percent,Ontustik Kazakhstan,городская местность,,,24.8
2011,Percent,Ontustik Kazakhstan,городская местность,,,31.5
2012,Percent,Ontustik Kazakhstan,городская местность,,,35.4
2013,Percent,Ontustik Kazakhstan,городская местность,,,29.4
2014,Percent,Ontustik Kazakhstan,городская местность,,,35.5
2015,Percent,Ontustik Kazakhstan,городская местность,,,32.8
2016,Percent,Ontustik Kazakhstan,городская местность,,,43.0
2017,Percent,Ontustik Kazakhstan,городская местность,,,24.9
2010,Percent,Pavlodar,городская местность,,,41.4
2011,Percent,Pavlodar,городская местность,,,39.0
2012,Percent,Pavlodar,городская местность,,,29.0
2013,Percent,Pavlodar,городская местность,,,33.9
2014,Percent,Pavlodar,городская местность,,,31.5
2015,Percent,Pavlodar,городская местность,,,40.7
2016,Percent,Pavlodar,городская местность,,,40.5
2017,Percent,Pavlodar,городская местность,,,46.1
2018,Percent,Pavlodar,городская местность,,,40.1
2010,Percent,Soltustik Kazakhstan,городская местность,,,36.6
2011,Percent,Soltustik Kazakhstan,городская местность,,,35.1
2012,Percent,Soltustik Kazakhstan,городская местность,,,33.8
2013,Percent,Soltustik Kazakhstan,городская местность,,,29.4
2014,Percent,Soltustik Kazakhstan,городская местность,,,34.0
2015,Percent,Soltustik Kazakhstan,городская местность,,,42.1
2016,Percent,Soltustik Kazakhstan,городская местность,,,33.5
2017,Percent,Soltustik Kazakhstan,городская местность,,,37.2
2018,Percent,Soltustik Kazakhstan,городская местность,,,43.1
2018,Percent,Turkistan,городская местность,,,37.9
2010,Percent,Shygys Kazakhstan,городская местность,,,39.5
2011,Percent,Shygys Kazakhstan,городская местность,,,40.1
2012,Percent,Shygys Kazakhstan,городская местность,,,34.4
2013,Percent,Shygys Kazakhstan,городская местность,,,40.1
2014,Percent,Shygys Kazakhstan,городская местность,,,37.8
2015,Percent,Shygys Kazakhstan,городская местность,,,34.6
2016,Percent,Shygys Kazakhstan,городская местность,,,35.2
2017,Percent,Shygys Kazakhstan,городская местность,,,42.3
2018,Percent,Shygys Kazakhstan,городская местность,,,46.7
2010,Percent,Nur-Sultan city,городская местность,,,40.4
2011,Percent,Nur-Sultan city,городская местность,,,41.4
2012,Percent,Nur-Sultan city,городская местность,,,46.2
2013,Percent,Nur-Sultan city,городская местность,,,48.0
2014,Percent,Nur-Sultan city,городская местность,,,37.6
2015,Percent,Nur-Sultan city,городская местность,,,41.9
2016,Percent,Nur-Sultan city,городская местность,,,44.2
2017,Percent,Nur-Sultan city,городская местность,,,43.2
2018,Percent,Nur-Sultan city,городская местность,,,43.3
2010,Percent,Almaty city,городская местность,,,39.2
2011,Percent,Almaty city,городская местность,,,40.3
2012,Percent,Almaty city,городская местность,,,46.2
2013,Percent,Almaty city,городская местность,,,39.5
2014,Percent,Almaty city,городская местность,,,39.3
2015,Percent,Almaty city,городская местность,,,35.3
2016,Percent,Almaty city,городская местность,,,39.9
2017,Percent,Almaty city,городская местность,,,36.1
2018,Percent,Almaty city,городская местность,,,43.2
2018,Percent,Shymkent city,городская местность,,,46.7
2010,Percent,,сельская местность,,,33.4
2011,Percent,,сельская местность,,,34.3
2012,Percent,,сельская местность,,,32.2
2013,Percent,,сельская местность,,,37.0
2014,Percent,,сельская местность,,,30.2
2015,Percent,,сельская местность,,,32.1
2016,Percent,,сельская местность,,,32.9
2017,Percent,,сельская местность,,,33.3
2018,Percent,,сельская местность,,,39.5
2010,Percent,Akmola,сельская местность,,,37.5
2011,Percent,Akmola,сельская местность,,,30.0
2012,Percent,Akmola,сельская местность,,,12.8
2013,Percent,Akmola,сельская местность,,,31.2
2014,Percent,Akmola,сельская местность,,,29.6
2015,Percent,Akmola,сельская местность,,,30.3
2016,Percent,Akmola,сельская местность,,,38.3
2017,Percent,Akmola,сельская местность,,,39.8
2018,Percent,Akmola,сельская местность,,,45.6
2010,Percent,Aktobe,сельская местность,,,55.8
2011,Percent,Aktobe,сельская местность,,,48.8
2012,Percent,Aktobe,сельская местность,,,42.5
2013,Percent,Aktobe,сельская местность,,,54.4
2014,Percent,Aktobe,сельская местность,,,30.6
2015,Percent,Aktobe,сельская местность,,,38.1
2016,Percent,Aktobe,сельская местность,,,27.0
2017,Percent,Aktobe,сельская местность,,,31.7
2018,Percent,Aktobe,сельская местность,,,32.4
2010,Percent,Almaty,сельская местность,,,32.7
2011,Percent,Almaty,сельская местность,,,23.3
2012,Percent,Almaty,сельская местность,,,32.1
2013,Percent,Almaty,сельская местность,,,45.3
2014,Percent,Almaty,сельская местность,,,25.3
2015,Percent,Almaty,сельская местность,,,29.3
2016,Percent,Almaty,сельская местность,,,31.1
2017,Percent,Almaty,сельская местность,,,33.0
2018,Percent,Almaty,сельская местность,,,39.8
2010,Percent,Atyrau,сельская местность,,,26.8
2011,Percent,Atyrau,сельская местность,,,23.6
2012,Percent,Atyrau,сельская местность,,,10.1
2013,Percent,Atyrau,сельская местность,,,18.0
2014,Percent,Atyrau,сельская местность,,,32.7
2015,Percent,Atyrau,сельская местность,,,34.6
2016,Percent,Atyrau,сельская местность,,,28.4
2017,Percent,Atyrau,сельская местность,,,32.6
2018,Percent,Atyrau,сельская местность,,,43.0
2010,Percent,Batys Kazakhstan,сельская местность,,,8.6
2011,Percent,Batys Kazakhstan,сельская местность,,,11.0
2012,Percent,Batys Kazakhstan,сельская местность,,,25.5
2013,Percent,Batys Kazakhstan,сельская местность,,,16.9
2014,Percent,Batys Kazakhstan,сельская местность,,,28.8
2015,Percent,Batys Kazakhstan,сельская местность,,,30.7
2016,Percent,Batys Kazakhstan,сельская местность,,,33.5
2017,Percent,Batys Kazakhstan,сельская местность,,,28.8
2018,Percent,Batys Kazakhstan,сельская местность,,,35.6
2010,Percent,Zhambyl,сельская местность,,,19.1
2011,Percent,Zhambyl,сельская местность,,,25.0
2012,Percent,Zhambyl,сельская местность,,,42.6
2013,Percent,Zhambyl,сельская местность,,,10.1
2014,Percent,Zhambyl,сельская местность,,,16.7
2015,Percent,Zhambyl,сельская местность,,,21.1
2016,Percent,Zhambyl,сельская местность,,,29.4
2017,Percent,Zhambyl,сельская местность,,,20.9
2018,Percent,Zhambyl,сельская местность,,,36.2
2010,Percent,Karagandy,сельская местность,,,31.5
2011,Percent,Karagandy,сельская местность,,,39.8
2012,Percent,Karagandy,сельская местность,,,27.0
2013,Percent,Karagandy,сельская местность,,,30.7
2014,Percent,Karagandy,сельская местность,,,32.0
2015,Percent,Karagandy,сельская местность,,,30.9
2016,Percent,Karagandy,сельская местность,,,30.7
2017,Percent,Karagandy,сельская местность,,,29.6
2018,Percent,Karagandy,сельская местность,,,33.6
2010,Percent,Kostanay,сельская местность,,,46.9
2011,Percent,Kostanay,сельская местность,,,46.7
2012,Percent,Kostanay,сельская местность,,,36.1
2013,Percent,Kostanay,сельская местность,,,20.5
2014,Percent,Kostanay,сельская местность,,,34.4
2015,Percent,Kostanay,сельская местность,,,38.4
2016,Percent,Kostanay,сельская местность,,,35.9
2017,Percent,Kostanay,сельская местность,,,36.5
2018,Percent,Kostanay,сельская местность,,,43.7
2010,Percent,Kyzylorda,сельская местность,,,37.3
2011,Percent,Kyzylorda,сельская местность,,,41.9
2012,Percent,Kyzylorda,сельская местность,,,28.7
2013,Percent,Kyzylorda,сельская местность,,,29.4
2014,Percent,Kyzylorda,сельская местность,,,28.8
2015,Percent,Kyzylorda,сельская местность,,,26.3
2016,Percent,Kyzylorda,сельская местность,,,27.3
2017,Percent,Kyzylorda,сельская местность,,,33.3
2018,Percent,Kyzylorda,сельская местность,,,34.9
2010,Percent,Mangistau,сельская местность,,,29.6
2011,Percent,Mangistau,сельская местность,,,20.5
2012,Percent,Mangistau,сельская местность,,,16.7
2013,Percent,Mangistau,сельская местность,,,35.8
2014,Percent,Mangistau,сельская местность,,,45.5
2015,Percent,Mangistau,сельская местность,,,53.0
2016,Percent,Mangistau,сельская местность,,,47.1
2017,Percent,Mangistau,сельская местность,,,49.1
2018,Percent,Mangistau,сельская местность,,,38.9
2010,Percent,Ontustik Kazakhstan,сельская местность,,,4.2
2011,Percent,Ontustik Kazakhstan,сельская местность,,,21.4
2012,Percent,Ontustik Kazakhstan,сельская местность,,,15.8
2013,Percent,Ontustik Kazakhstan,сельская местность,,,34.8
2014,Percent,Ontustik Kazakhstan,сельская местность,,,30.4
2015,Percent,Ontustik Kazakhstan,сельская местность,,,23.7
2016,Percent,Ontustik Kazakhstan,сельская местность,,,33.7
2017,Percent,Ontustik Kazakhstan,сельская местность,,,32.1
2010,Percent,Pavlodar,сельская местность,,,43.3
2011,Percent,Pavlodar,сельская местность,,,51.8
2012,Percent,Pavlodar,сельская местность,,,39.1
2013,Percent,Pavlodar,сельская местность,,,44.0
2014,Percent,Pavlodar,сельская местность,,,38.6
2015,Percent,Pavlodar,сельская местность,,,31.6
2016,Percent,Pavlodar,сельская местность,,,37.6
2017,Percent,Pavlodar,сельская местность,,,30.4
2018,Percent,Pavlodar,сельская местность,,,40.7
2010,Percent,Soltustik Kazakhstan,сельская местность,,,27.3
2011,Percent,Soltustik Kazakhstan,сельская местность,,,34.7
2012,Percent,Soltustik Kazakhstan,сельская местность,,,45.8
2013,Percent,Soltustik Kazakhstan,сельская местность,,,23.9
2014,Percent,Soltustik Kazakhstan,сельская местность,,,28.0
2015,Percent,Soltustik Kazakhstan,сельская местность,,,32.9
2016,Percent,Soltustik Kazakhstan,сельская местность,,,30.4
2017,Percent,Soltustik Kazakhstan,сельская местность,,,24.3
2018,Percent,Soltustik Kazakhstan,сельская местность,,,34.1
2018,Percent,Turkistan,сельская местность,,,41.0
2010,Percent,Shygys Kazakhstan,сельская местность,,,28.8
2011,Percent,Shygys Kazakhstan,сельская местность,,,32.9
2012,Percent,Shygys Kazakhstan,сельская местность,,,41.6
2013,Percent,Shygys Kazakhstan,сельская местность,,,29.1
2014,Percent,Shygys Kazakhstan,сельская местность,,,29.2
2015,Percent,Shygys Kazakhstan,сельская местность,,,28.5
2016,Percent,Shygys Kazakhstan,сельская местность,,,25.2
2017,Percent,Shygys Kazakhstan,сельская местность,,,33.3
2018,Percent,Shygys Kazakhstan,сельская местность,,,41.5
2010,Percent,,,16-24,,41.5
2011,Percent,,,16-24,,49.8
2012,Percent,,,16-24,,58.5
2013,Percent,,,16-24,,42.0
2014,Percent,,,16-24,,29.6
2015,Percent,,,16-24,,38.3
2016,Percent,,,16-24,,37.9
2017,Percent,,,16-24,,41.2
2018,Percent,,,16-24,,45.2
2010,Percent,,,25-28,,43.5
2011,Percent,,,25-28,,44.1
2012,Percent,,,25-28,,40.2
2013,Percent,,,25-28,,41.6
2014,Percent,,,25-28,,34.8
2015,Percent,,,25-28,,36.7
2016,Percent,,,25-28,,36.1
2017,Percent,,,25-28,,35.0
2018,Percent,,,25-28,,42.0
2010,Percent,,,29-34,,32.8
2011,Percent,,,29-34,,36.3
2012,Percent,,,29-34,,39.0
2013,Percent,,,29-34,,38.4
2014,Percent,,,29-34,,33.2
2015,Percent,,,29-34,,37.1
2016,Percent,,,29-34,,35.6
2017,Percent,,,29-34,,36.9
2018,Percent,,,29-34,,37.2
2010,Percent,,,35-44,,40.6
2011,Percent,,,35-44,,39.3
2012,Percent,,,35-44,,38.6
2013,Percent,,,35-44,,39.3
2014,Percent,,,35-44,,36.5
2015,Percent,,,35-44,,35.9
2016,Percent,,,35-44,,35.4
2017,Percent,,,35-44,,37.0
2018,Percent,,,35-44,,41.7
2010,Percent,,,45-54,,35.8
2011,Percent,,,45-54,,38.2
2012,Percent,,,45-54,,39.2
2013,Percent,,,45-54,,38.4
2014,Percent,,,45-54,,38.3
2015,Percent,,,45-54,,39.4
2016,Percent,,,45-54,,41.5
2017,Percent,,,45-54,,39.6
2018,Percent,,,45-54,,44.5
2010,Percent,,,55-64,,30.9
2011,Percent,,,55-64,,29.4
2012,Percent,,,55-64,,33.1
2013,Percent,,,55-64,,30.0
2014,Percent,,,55-64,,30.2
2015,Percent,,,55-64,,34.3
2016,Percent,,,55-64,,36.7
2017,Percent,,,55-64,,31.4
2018,Percent,,,55-64,,37.8
2010,Percent,,,65 and older,,51.0
2011,Percent,,,65 and older,,13.6
2012,Percent,,,65 and older,,25.0
2013,Percent,,,65 and older,,17.5
2014,Percent,,,65 and older,,16.0
2015,Percent,,,65 and older,,28.4
2016,Percent,,,65 and older,,29.8
2017,Percent,,,65 and older,,35.3
2018,Percent,,,65 and older,,32.7
2010,Percent,Akmola,,16-24,,44.0
2011,Percent,Akmola,,16-24,,53.2
2012,Percent,Akmola,,16-24,,28.2
2013,Percent,Akmola,,16-24,,69.1
2014,Percent,Akmola,,16-24,,25.6
2015,Percent,Akmola,,16-24,,45.5
2016,Percent,Akmola,,16-24,,45.0
2017,Percent,Akmola,,16-24,,49.3
2018,Percent,Akmola,,16-24,,38.3
2010,Percent,Akmola,,25-28,,22.2
2011,Percent,Akmola,,25-28,,40.9
2012,Percent,Akmola,,25-28,,31.2
2013,Percent,Akmola,,25-28,,61.2
2014,Percent,Akmola,,25-28,,26.6
2015,Percent,Akmola,,25-28,,15.1
2016,Percent,Akmola,,25-28,,15.8
2017,Percent,Akmola,,25-28,,22.6
2018,Percent,Akmola,,25-28,,44.1
2010,Percent,Akmola,,29-34,,45.3
2011,Percent,Akmola,,29-34,,51.6
2012,Percent,Akmola,,29-34,,53.5
2013,Percent,Akmola,,29-34,,64.4
2014,Percent,Akmola,,29-34,,32.1
2015,Percent,Akmola,,29-34,,30.7
2016,Percent,Akmola,,29-34,,45.4
2017,Percent,Akmola,,29-34,,32.2
2018,Percent,Akmola,,29-34,,47.2
2010,Percent,Akmola,,35-44,,46.2
2011,Percent,Akmola,,35-44,,44.1
2012,Percent,Akmola,,35-44,,39.6
2013,Percent,Akmola,,35-44,,32.9
2014,Percent,Akmola,,35-44,,36.4
2015,Percent,Akmola,,35-44,,29.0
2016,Percent,Akmola,,35-44,,28.7
2017,Percent,Akmola,,35-44,,38.6
2018,Percent,Akmola,,35-44,,45.2
2010,Percent,Akmola,,45-54,,44.3
2011,Percent,Akmola,,45-54,,42.5
2012,Percent,Akmola,,45-54,,37.3
2013,Percent,Akmola,,45-54,,41.0
2014,Percent,Akmola,,45-54,,36.8
2015,Percent,Akmola,,45-54,,32.1
2016,Percent,Akmola,,45-54,,35.8
2017,Percent,Akmola,,45-54,,43.4
2018,Percent,Akmola,,45-54,,48.1
2010,Percent,Akmola,,55-64,,24.6
2011,Percent,Akmola,,55-64,,26.9
2012,Percent,Akmola,,55-64,,20.1
2013,Percent,Akmola,,55-64,,40.7
2014,Percent,Akmola,,55-64,,37.8
2015,Percent,Akmola,,55-64,,30.3
2016,Percent,Akmola,,55-64,,44.0
2017,Percent,Akmola,,55-64,,26.7
2018,Percent,Akmola,,55-64,,47.0
2013,Percent,Akmola,,65 and older,,0.0
2014,Percent,Akmola,,65 and older,,31.5
2015,Percent,Akmola,,65 and older,,19.2
2016,Percent,Akmola,,65 and older,,0.0
2017,Percent,Akmola,,65 and older,,45.3
2018,Percent,Akmola,,65 and older,,26.6
2010,Percent,Aktobe,,16-24,,100.0
2011,Percent,Aktobe,,16-24,,76.5
2012,Percent,Aktobe,,16-24,,100.0
2013,Percent,Aktobe,,16-24,,6.7
2014,Percent,Aktobe,,16-24,,13.5
2015,Percent,Aktobe,,16-24,,33.0
2016,Percent,Aktobe,,16-24,,25.1
2017,Percent,Aktobe,,16-24,,50.8
2018,Percent,Aktobe,,16-24,,32.6
2010,Percent,Aktobe,,25-28,,56.3
2011,Percent,Aktobe,,25-28,,61.7
2012,Percent,Aktobe,,25-28,,48.7
2013,Percent,Aktobe,,25-28,,33.6
2014,Percent,Aktobe,,25-28,,43.8
2015,Percent,Aktobe,,25-28,,42.2
2016,Percent,Aktobe,,25-28,,35.2
2017,Percent,Aktobe,,25-28,,49.7
2018,Percent,Aktobe,,25-28,,21.4
2010,Percent,Aktobe,,29-34,,25.8
2011,Percent,Aktobe,,29-34,,22.6
2012,Percent,Aktobe,,29-34,,31.7
2013,Percent,Aktobe,,29-34,,15.6
2014,Percent,Aktobe,,29-34,,43.3
2015,Percent,Aktobe,,29-34,,27.3
2016,Percent,Aktobe,,29-34,,42.9
2017,Percent,Aktobe,,29-34,,41.5
2018,Percent,Aktobe,,29-34,,23.1
2010,Percent,Aktobe,,35-44,,47.6
2011,Percent,Aktobe,,35-44,,37.3
2012,Percent,Aktobe,,35-44,,34.3
2013,Percent,Aktobe,,35-44,,41.9
2014,Percent,Aktobe,,35-44,,41.8
2015,Percent,Aktobe,,35-44,,24.5
2016,Percent,Aktobe,,35-44,,32.2
2017,Percent,Aktobe,,35-44,,36.5
2018,Percent,Aktobe,,35-44,,32.4
2010,Percent,Aktobe,,45-54,,24.1
2011,Percent,Aktobe,,45-54,,38.1
2012,Percent,Aktobe,,45-54,,37.3
2013,Percent,Aktobe,,45-54,,24.5
2014,Percent,Aktobe,,45-54,,36.5
2015,Percent,Aktobe,,45-54,,52.7
2016,Percent,Aktobe,,45-54,,47.6
2017,Percent,Aktobe,,45-54,,41.0
2018,Percent,Aktobe,,45-54,,46.5
2010,Percent,Aktobe,,55-64,,51.9
2011,Percent,Aktobe,,55-64,,24.7
2012,Percent,Aktobe,,55-64,,16.7
2013,Percent,Aktobe,,55-64,,29.1
2014,Percent,Aktobe,,55-64,,16.7
2015,Percent,Aktobe,,55-64,,29.9
2016,Percent,Aktobe,,55-64,,24.0
2017,Percent,Aktobe,,55-64,,22.2
2018,Percent,Aktobe,,55-64,,46.4
2014,Percent,Aktobe,,65 and older,,0.0
2015,Percent,Aktobe,,65 and older,,0.0
2016,Percent,Aktobe,,65 and older,,4.7
2017,Percent,Aktobe,,65 and older,,0.0
2018,Percent,Aktobe,,65 and older,,0.0
2010,Percent,Almaty,,16-24,,29.8
2011,Percent,Almaty,,16-24,,48.0
2012,Percent,Almaty,,16-24,,40.0
2013,Percent,Almaty,,16-24,,34.1
2014,Percent,Almaty,,16-24,,17.3
2015,Percent,Almaty,,16-24,,44.1
2016,Percent,Almaty,,16-24,,25.1
2017,Percent,Almaty,,16-24,,35.9
2018,Percent,Almaty,,16-24,,46.5
2010,Percent,Almaty,,25-28,,25.2
2011,Percent,Almaty,,25-28,,20.7
2012,Percent,Almaty,,25-28,,41.0
2013,Percent,Almaty,,25-28,,70.6
2014,Percent,Almaty,,25-28,,34.2
2015,Percent,Almaty,,25-28,,31.1
2016,Percent,Almaty,,25-28,,35.2
2017,Percent,Almaty,,25-28,,31.9
2018,Percent,Almaty,,25-28,,37.9
2010,Percent,Almaty,,29-34,,0.0
2011,Percent,Almaty,,29-34,,0.0
2012,Percent,Almaty,,29-34,,45.1
2013,Percent,Almaty,,29-34,,58.9
2014,Percent,Almaty,,29-34,,20.2
2015,Percent,Almaty,,29-34,,26.9
2016,Percent,Almaty,,29-34,,42.9
2017,Percent,Almaty,,29-34,,32.6
2018,Percent,Almaty,,29-34,,39.0
2010,Percent,Almaty,,35-44,,40.4
2011,Percent,Almaty,,35-44,,27.5
2012,Percent,Almaty,,35-44,,19.2
2013,Percent,Almaty,,35-44,,43.7
2014,Percent,Almaty,,35-44,,27.6
2015,Percent,Almaty,,35-44,,28.1
2016,Percent,Almaty,,35-44,,32.2
2017,Percent,Almaty,,35-44,,30.1
2018,Percent,Almaty,,35-44,,41.6
2010,Percent,Almaty,,45-54,,36.6
2011,Percent,Almaty,,45-54,,32.9
2012,Percent,Almaty,,45-54,,28.7
2013,Percent,Almaty,,45-54,,44.4
2014,Percent,Almaty,,45-54,,31.1
2015,Percent,Almaty,,45-54,,31.0
2016,Percent,Almaty,,45-54,,47.6
2017,Percent,Almaty,,45-54,,40.2
2018,Percent,Almaty,,45-54,,37.9
2010,Percent,Almaty,,55-64,,46.9
2011,Percent,Almaty,,55-64,,24.1
2012,Percent,Almaty,,55-64,,46.7
2013,Percent,Almaty,,55-64,,39.5
2014,Percent,Almaty,,55-64,,26.1
2015,Percent,Almaty,,55-64,,33.9
2016,Percent,Almaty,,55-64,,24.0
2017,Percent,Almaty,,55-64,,27.4
2018,Percent,Almaty,,55-64,,35.8
2011,Percent,Almaty,,65 and older,,47.1
2013,Percent,Almaty,,65 and older,,33.4
2014,Percent,Almaty,,65 and older,,25.6
2015,Percent,Almaty,,65 and older,,9.8
2016,Percent,Almaty,,65 and older,,4.7
2017,Percent,Almaty,,65 and older,,72.5
2018,Percent,Almaty,,65 and older,,0.0
2011,Percent,Atyrau,,16-24,,0.0
2012,Percent,Atyrau,,16-24,,78.9
2013,Percent,Atyrau,,16-24,,47.4
2014,Percent,Atyrau,,16-24,,39.1
2015,Percent,Atyrau,,16-24,,17.1
2016,Percent,Atyrau,,16-24,,33.8
2017,Percent,Atyrau,,16-24,,2.2
2018,Percent,Atyrau,,16-24,,23.0
2011,Percent,Atyrau,,25-28,,71.3
2012,Percent,Atyrau,,25-28,,35.3
2013,Percent,Atyrau,,25-28,,20.7
2014,Percent,Atyrau,,25-28,,12.7
2015,Percent,Atyrau,,25-28,,0.0
2016,Percent,Atyrau,,25-28,,49.1
2017,Percent,Atyrau,,25-28,,21.4
2018,Percent,Atyrau,,25-28,,61.6
2010,Percent,Atyrau,,29-34,,33.4
2011,Percent,Atyrau,,29-34,,25.2
2012,Percent,Atyrau,,29-34,,24.8
2013,Percent,Atyrau,,29-34,,61.7
2014,Percent,Atyrau,,29-34,,18.4
2015,Percent,Atyrau,,29-34,,39.3
2016,Percent,Atyrau,,29-34,,7.5
2017,Percent,Atyrau,,29-34,,32.8
2018,Percent,Atyrau,,29-34,,24.6
2010,Percent,Atyrau,,35-44,,0.0
2011,Percent,Atyrau,,35-44,,24.4
2012,Percent,Atyrau,,35-44,,42.2
2013,Percent,Atyrau,,35-44,,24.4
2014,Percent,Atyrau,,35-44,,36.2
2015,Percent,Atyrau,,35-44,,50.5
2016,Percent,Atyrau,,35-44,,34.1
2017,Percent,Atyrau,,35-44,,40.2
2018,Percent,Atyrau,,35-44,,35.7
2010,Percent,Atyrau,,45-54,,32.6
2011,Percent,Atyrau,,45-54,,34.7
2012,Percent,Atyrau,,45-54,,25.9
2013,Percent,Atyrau,,45-54,,28.7
2014,Percent,Atyrau,,45-54,,28.7
2015,Percent,Atyrau,,45-54,,29.7
2016,Percent,Atyrau,,45-54,,49.1
2017,Percent,Atyrau,,45-54,,28.7
2018,Percent,Atyrau,,45-54,,41.4
2010,Percent,Atyrau,,55-64,,15.6
2011,Percent,Atyrau,,55-64,,6.1
2012,Percent,Atyrau,,55-64,,13.7
2013,Percent,Atyrau,,55-64,,17.7
2014,Percent,Atyrau,,55-64,,13.3
2015,Percent,Atyrau,,55-64,,18.5
2016,Percent,Atyrau,,55-64,,23.4
2017,Percent,Atyrau,,55-64,,31.3
2018,Percent,Atyrau,,55-64,,38.1
2012,Percent,Atyrau,,65 and older,,0.0
2013,Percent,Atyrau,,65 and older,,0.0
2014,Percent,Atyrau,,65 and older,,0.0
2015,Percent,Atyrau,,65 and older,,0.0
2016,Percent,Atyrau,,65 and older,,0.0
2018,Percent,Atyrau,,65 and older,,0.0
2010,Percent,Batys Kazakhstan,,16-24,,7.0
2011,Percent,Batys Kazakhstan,,16-24,,31.0
2013,Percent,Batys Kazakhstan,,16-24,,0.0
2014,Percent,Batys Kazakhstan,,16-24,,31.3
2015,Percent,Batys Kazakhstan,,16-24,,48.1
2016,Percent,Batys Kazakhstan,,16-24,,40.4
2017,Percent,Batys Kazakhstan,,16-24,,44.1
2018,Percent,Batys Kazakhstan,,16-24,,56.1
2010,Percent,Batys Kazakhstan,,25-28,,13.2
2011,Percent,Batys Kazakhstan,,25-28,,0.0
2013,Percent,Batys Kazakhstan,,25-28,,80.4
2014,Percent,Batys Kazakhstan,,25-28,,27.1
2015,Percent,Batys Kazakhstan,,25-28,,43.0
2016,Percent,Batys Kazakhstan,,25-28,,47.7
2017,Percent,Batys Kazakhstan,,25-28,,33.9
2018,Percent,Batys Kazakhstan,,25-28,,36.8
2010,Percent,Batys Kazakhstan,,29-34,,31.4
2011,Percent,Batys Kazakhstan,,29-34,,32.4
2012,Percent,Batys Kazakhstan,,29-34,,11.7
2013,Percent,Batys Kazakhstan,,29-34,,0.0
2014,Percent,Batys Kazakhstan,,29-34,,43.2
2015,Percent,Batys Kazakhstan,,29-34,,31.9
2016,Percent,Batys Kazakhstan,,29-34,,37.3
2017,Percent,Batys Kazakhstan,,29-34,,25.9
2018,Percent,Batys Kazakhstan,,29-34,,47.3
2010,Percent,Batys Kazakhstan,,35-44,,14.9
2011,Percent,Batys Kazakhstan,,35-44,,22.7
2012,Percent,Batys Kazakhstan,,35-44,,15.5
2013,Percent,Batys Kazakhstan,,35-44,,30.4
2014,Percent,Batys Kazakhstan,,35-44,,32.6
2015,Percent,Batys Kazakhstan,,35-44,,24.9
2016,Percent,Batys Kazakhstan,,35-44,,31.4
2017,Percent,Batys Kazakhstan,,35-44,,38.6
2018,Percent,Batys Kazakhstan,,35-44,,34.2
2010,Percent,Batys Kazakhstan,,45-54,,19.3
2011,Percent,Batys Kazakhstan,,45-54,,17.2
2012,Percent,Batys Kazakhstan,,45-54,,26.8
2013,Percent,Batys Kazakhstan,,45-54,,26.8
2014,Percent,Batys Kazakhstan,,45-54,,27.6
2015,Percent,Batys Kazakhstan,,45-54,,41.8
2016,Percent,Batys Kazakhstan,,45-54,,34.1
2017,Percent,Batys Kazakhstan,,45-54,,40.3
2018,Percent,Batys Kazakhstan,,45-54,,31.6
2010,Percent,Batys Kazakhstan,,55-64,,32.5
2011,Percent,Batys Kazakhstan,,55-64,,38.1
2012,Percent,Batys Kazakhstan,,55-64,,31.6
2013,Percent,Batys Kazakhstan,,55-64,,17.7
2014,Percent,Batys Kazakhstan,,55-64,,26.9
2015,Percent,Batys Kazakhstan,,55-64,,36.7
2016,Percent,Batys Kazakhstan,,55-64,,31.1
2017,Percent,Batys Kazakhstan,,55-64,,32.5
2018,Percent,Batys Kazakhstan,,55-64,,32.0
2014,Percent,Batys Kazakhstan,,65 and older,,0.0
2011,Percent,Zhambyl,,16-24,,19.0
2012,Percent,Zhambyl,,16-24,,36.6
2013,Percent,Zhambyl,,16-24,,0.0
2014,Percent,Zhambyl,,16-24,,4.2
2015,Percent,Zhambyl,,16-24,,4.1
2016,Percent,Zhambyl,,16-24,,0.0
2017,Percent,Zhambyl,,16-24,,31.1
2018,Percent,Zhambyl,,16-24,,23.6
2010,Percent,Zhambyl,,25-28,,100.0
2011,Percent,Zhambyl,,25-28,,61.4
2012,Percent,Zhambyl,,25-28,,54.2
2013,Percent,Zhambyl,,25-28,,28.1
2014,Percent,Zhambyl,,25-28,,25.0
2015,Percent,Zhambyl,,25-28,,32.7
2016,Percent,Zhambyl,,25-28,,9.7
2017,Percent,Zhambyl,,25-28,,20.7
2018,Percent,Zhambyl,,25-28,,35.5
2010,Percent,Zhambyl,,29-34,,0.0
2011,Percent,Zhambyl,,29-34,,0.0
2012,Percent,Zhambyl,,29-34,,24.9
2013,Percent,Zhambyl,,29-34,,21.0
2014,Percent,Zhambyl,,29-34,,11.3
2015,Percent,Zhambyl,,29-34,,13.6
2016,Percent,Zhambyl,,29-34,,17.8
2017,Percent,Zhambyl,,29-34,,9.0
2018,Percent,Zhambyl,,29-34,,39.6
2010,Percent,Zhambyl,,35-44,,30.2
2011,Percent,Zhambyl,,35-44,,39.6
2012,Percent,Zhambyl,,35-44,,28.7
2013,Percent,Zhambyl,,35-44,,31.7
2014,Percent,Zhambyl,,35-44,,22.8
2015,Percent,Zhambyl,,35-44,,18.4
2016,Percent,Zhambyl,,35-44,,13.3
2017,Percent,Zhambyl,,35-44,,20.1
2018,Percent,Zhambyl,,35-44,,46.8
2010,Percent,Zhambyl,,45-54,,39.8
2011,Percent,Zhambyl,,45-54,,44.8
2012,Percent,Zhambyl,,45-54,,53.3
2013,Percent,Zhambyl,,45-54,,29.6
2014,Percent,Zhambyl,,45-54,,42.2
2015,Percent,Zhambyl,,45-54,,37.4
2016,Percent,Zhambyl,,45-54,,36.7
2017,Percent,Zhambyl,,45-54,,12.0
2018,Percent,Zhambyl,,45-54,,47.8
2010,Percent,Zhambyl,,55-64,,6.5
2011,Percent,Zhambyl,,55-64,,15.9
2012,Percent,Zhambyl,,55-64,,21.5
2013,Percent,Zhambyl,,55-64,,24.6
2014,Percent,Zhambyl,,55-64,,28.3
2015,Percent,Zhambyl,,55-64,,10.4
2016,Percent,Zhambyl,,55-64,,22.5
2017,Percent,Zhambyl,,55-64,,17.6
2018,Percent,Zhambyl,,55-64,,23.1
2012,Percent,Zhambyl,,65 and older,,100.0
2014,Percent,Zhambyl,,65 and older,,0.0
2016,Percent,Zhambyl,,65 and older,,100.0
2010,Percent,Karagandy,,16-24,,32.9
2011,Percent,Karagandy,,16-24,,53.0
2012,Percent,Karagandy,,16-24,,82.0
2013,Percent,Karagandy,,16-24,,53.1
2014,Percent,Karagandy,,16-24,,31.1
2015,Percent,Karagandy,,16-24,,49.8
2016,Percent,Karagandy,,16-24,,47.9
2017,Percent,Karagandy,,16-24,,26.0
2018,Percent,Karagandy,,16-24,,36.1
2010,Percent,Karagandy,,25-28,,33.8
2011,Percent,Karagandy,,25-28,,40.0
2012,Percent,Karagandy,,25-28,,33.0
2013,Percent,Karagandy,,25-28,,31.1
2014,Percent,Karagandy,,25-28,,20.2
2015,Percent,Karagandy,,25-28,,34.3
2016,Percent,Karagandy,,25-28,,26.9
2017,Percent,Karagandy,,25-28,,36.9
2018,Percent,Karagandy,,25-28,,31.9
2010,Percent,Karagandy,,29-34,,36.0
2011,Percent,Karagandy,,29-34,,36.5
2012,Percent,Karagandy,,29-34,,45.5
2013,Percent,Karagandy,,29-34,,30.1
2014,Percent,Karagandy,,29-34,,33.4
2015,Percent,Karagandy,,29-34,,36.7
2016,Percent,Karagandy,,29-34,,36.3
2017,Percent,Karagandy,,29-34,,20.2
2018,Percent,Karagandy,,29-34,,36.1
2010,Percent,Karagandy,,35-44,,41.8
2011,Percent,Karagandy,,35-44,,37.5
2012,Percent,Karagandy,,35-44,,47.5
2013,Percent,Karagandy,,35-44,,44.5
2014,Percent,Karagandy,,35-44,,35.2
2015,Percent,Karagandy,,35-44,,34.4
2016,Percent,Karagandy,,35-44,,28.6
2017,Percent,Karagandy,,35-44,,35.4
2018,Percent,Karagandy,,35-44,,40.1
2010,Percent,Karagandy,,45-54,,46.6
2011,Percent,Karagandy,,45-54,,45.3
2012,Percent,Karagandy,,45-54,,42.1
2013,Percent,Karagandy,,45-54,,45.0
2014,Percent,Karagandy,,45-54,,43.4
2015,Percent,Karagandy,,45-54,,46.8
2016,Percent,Karagandy,,45-54,,37.2
2017,Percent,Karagandy,,45-54,,39.3
2018,Percent,Karagandy,,45-54,,37.6
2010,Percent,Karagandy,,55-64,,44.6
2011,Percent,Karagandy,,55-64,,33.1
2012,Percent,Karagandy,,55-64,,35.3
2013,Percent,Karagandy,,55-64,,22.8
2014,Percent,Karagandy,,55-64,,42.9
2015,Percent,Karagandy,,55-64,,38.1
2016,Percent,Karagandy,,55-64,,36.3
2017,Percent,Karagandy,,55-64,,32.7
2018,Percent,Karagandy,,55-64,,29.1
2010,Percent,Karagandy,,65 and older,,0.0
2011,Percent,Karagandy,,65 and older,,0.0
2012,Percent,Karagandy,,65 and older,,54.4
2013,Percent,Karagandy,,65 and older,,26.8
2014,Percent,Karagandy,,65 and older,,8.1
2015,Percent,Karagandy,,65 and older,,27.8
2016,Percent,Karagandy,,65 and older,,14.0
2017,Percent,Karagandy,,65 and older,,26.9
2018,Percent,Karagandy,,65 and older,,37.8
2010,Percent,Kostanay,,16-24,,13.4
2011,Percent,Kostanay,,16-24,,57.7
2012,Percent,Kostanay,,16-24,,47.3
2013,Percent,Kostanay,,16-24,,56.2
2014,Percent,Kostanay,,16-24,,44.5
2015,Percent,Kostanay,,16-24,,45.3
2016,Percent,Kostanay,,16-24,,40.2
2017,Percent,Kostanay,,16-24,,40.1
2018,Percent,Kostanay,,16-24,,48.6
2010,Percent,Kostanay,,25-28,,40.4
2011,Percent,Kostanay,,25-28,,41.2
2012,Percent,Kostanay,,25-28,,54.0
2013,Percent,Kostanay,,25-28,,44.3
2014,Percent,Kostanay,,25-28,,35.6
2015,Percent,Kostanay,,25-28,,40.2
2016,Percent,Kostanay,,25-28,,38.2
2017,Percent,Kostanay,,25-28,,30.8
2018,Percent,Kostanay,,25-28,,44.5
2010,Percent,Kostanay,,29-34,,49.1
2011,Percent,Kostanay,,29-34,,53.6
2012,Percent,Kostanay,,29-34,,55.9
2013,Percent,Kostanay,,29-34,,35.4
2014,Percent,Kostanay,,29-34,,34.7
2015,Percent,Kostanay,,29-34,,44.0
2016,Percent,Kostanay,,29-34,,25.1
2017,Percent,Kostanay,,29-34,,29.9
2018,Percent,Kostanay,,29-34,,35.0
2010,Percent,Kostanay,,35-44,,33.0
2011,Percent,Kostanay,,35-44,,42.2
2012,Percent,Kostanay,,35-44,,43.3
2013,Percent,Kostanay,,35-44,,27.3
2014,Percent,Kostanay,,35-44,,40.3
2015,Percent,Kostanay,,35-44,,42.9
2016,Percent,Kostanay,,35-44,,42.5
2017,Percent,Kostanay,,35-44,,49.6
2018,Percent,Kostanay,,35-44,,45.3
2010,Percent,Kostanay,,45-54,,40.5
2011,Percent,Kostanay,,45-54,,45.9
2012,Percent,Kostanay,,45-54,,39.6
2013,Percent,Kostanay,,45-54,,37.0
2014,Percent,Kostanay,,45-54,,43.2
2015,Percent,Kostanay,,45-54,,45.0
2016,Percent,Kostanay,,45-54,,51.4
2017,Percent,Kostanay,,45-54,,44.0
2018,Percent,Kostanay,,45-54,,47.9
2010,Percent,Kostanay,,55-64,,36.1
2011,Percent,Kostanay,,55-64,,28.9
2012,Percent,Kostanay,,55-64,,15.1
2013,Percent,Kostanay,,55-64,,17.6
2014,Percent,Kostanay,,55-64,,27.2
2015,Percent,Kostanay,,55-64,,36.0
2016,Percent,Kostanay,,55-64,,33.8
2017,Percent,Kostanay,,55-64,,25.1
2018,Percent,Kostanay,,55-64,,37.4
2010,Percent,Kostanay,,65 and older,,83.9
2011,Percent,Kostanay,,65 and older,,0.0
2014,Percent,Kostanay,,65 and older,,32.5
2015,Percent,Kostanay,,65 and older,,17.7
2016,Percent,Kostanay,,65 and older,,15.9
2017,Percent,Kostanay,,65 and older,,14.1
2018,Percent,Kostanay,,65 and older,,48.6
2010,Percent,Kyzylorda,,16-24,,100.0
2011,Percent,Kyzylorda,,16-24,,100.0
2012,Percent,Kyzylorda,,16-24,,0.0
2013,Percent,Kyzylorda,,16-24,,0.0
2014,Percent,Kyzylorda,,16-24,,27.7
2015,Percent,Kyzylorda,,16-24,,0.0
2016,Percent,Kyzylorda,,16-24,,21.7
2017,Percent,Kyzylorda,,16-24,,100.0
2018,Percent,Kyzylorda,,16-24,,47.8
2010,Percent,Kyzylorda,,25-28,,89.4
2011,Percent,Kyzylorda,,25-28,,33.2
2012,Percent,Kyzylorda,,25-28,,21.3
2013,Percent,Kyzylorda,,25-28,,0.0
2014,Percent,Kyzylorda,,25-28,,65.2
2015,Percent,Kyzylorda,,25-28,,33.8
2016,Percent,Kyzylorda,,25-28,,22.9
2017,Percent,Kyzylorda,,25-28,,43.3
2018,Percent,Kyzylorda,,25-28,,33.9
2010,Percent,Kyzylorda,,29-34,,58.7
2011,Percent,Kyzylorda,,29-34,,53.6
2012,Percent,Kyzylorda,,29-34,,46.9
2013,Percent,Kyzylorda,,29-34,,35.1
2014,Percent,Kyzylorda,,29-34,,28.9
2015,Percent,Kyzylorda,,29-34,,33.6
2016,Percent,Kyzylorda,,29-34,,31.0
2017,Percent,Kyzylorda,,29-34,,29.0
2018,Percent,Kyzylorda,,29-34,,32.1
2010,Percent,Kyzylorda,,35-44,,34.6
2011,Percent,Kyzylorda,,35-44,,39.8
2012,Percent,Kyzylorda,,35-44,,33.3
2013,Percent,Kyzylorda,,35-44,,34.6
2014,Percent,Kyzylorda,,35-44,,47.7
2015,Percent,Kyzylorda,,35-44,,44.2
2016,Percent,Kyzylorda,,35-44,,22.8
2017,Percent,Kyzylorda,,35-44,,34.0
2018,Percent,Kyzylorda,,35-44,,35.8
2010,Percent,Kyzylorda,,45-54,,33.4
2011,Percent,Kyzylorda,,45-54,,41.9
2012,Percent,Kyzylorda,,45-54,,28.2
2013,Percent,Kyzylorda,,45-54,,26.8
2014,Percent,Kyzylorda,,45-54,,29.2
2015,Percent,Kyzylorda,,45-54,,30.3
2016,Percent,Kyzylorda,,45-54,,42.5
2017,Percent,Kyzylorda,,45-54,,33.5
2018,Percent,Kyzylorda,,45-54,,47.3
2010,Percent,Kyzylorda,,55-64,,23.6
2011,Percent,Kyzylorda,,55-64,,18.9
2012,Percent,Kyzylorda,,55-64,,37.0
2013,Percent,Kyzylorda,,55-64,,44.9
2014,Percent,Kyzylorda,,55-64,,16.2
2015,Percent,Kyzylorda,,55-64,,13.0
2016,Percent,Kyzylorda,,55-64,,30.8
2017,Percent,Kyzylorda,,55-64,,16.6
2018,Percent,Kyzylorda,,55-64,,31.8
2010,Percent,Kyzylorda,,65 and older,,0.0
2011,Percent,Kyzylorda,,65 and older,,0.0
2012,Percent,Kyzylorda,,65 and older,,0.0
2010,Percent,Mangistau,,16-24,,25.8
2011,Percent,Mangistau,,16-24,,33.4
2012,Percent,Mangistau,,16-24,,100.0
2013,Percent,Mangistau,,16-24,,0.0
2014,Percent,Mangistau,,16-24,,41.1
2015,Percent,Mangistau,,16-24,,36.3
2016,Percent,Mangistau,,16-24,,40.7
2017,Percent,Mangistau,,16-24,,18.8
2018,Percent,Mangistau,,16-24,,35.2
2010,Percent,Mangistau,,25-28,,22.7
2011,Percent,Mangistau,,25-28,,34.2
2012,Percent,Mangistau,,25-28,,52.6
2013,Percent,Mangistau,,25-28,,10.3
2014,Percent,Mangistau,,25-28,,47.7
2015,Percent,Mangistau,,25-28,,63.3
2016,Percent,Mangistau,,25-28,,46.0
2017,Percent,Mangistau,,25-28,,53.1
2018,Percent,Mangistau,,25-28,,47.8
2010,Percent,Mangistau,,29-34,,30.0
2011,Percent,Mangistau,,29-34,,19.0
2012,Percent,Mangistau,,29-34,,36.4
2013,Percent,Mangistau,,29-34,,24.7
2014,Percent,Mangistau,,29-34,,38.5
2015,Percent,Mangistau,,29-34,,47.5
2016,Percent,Mangistau,,29-34,,47.4
2017,Percent,Mangistau,,29-34,,44.9
2018,Percent,Mangistau,,29-34,,30.8
2010,Percent,Mangistau,,35-44,,35.3
2011,Percent,Mangistau,,35-44,,40.4
2012,Percent,Mangistau,,35-44,,38.0
2013,Percent,Mangistau,,35-44,,43.5
2014,Percent,Mangistau,,35-44,,50.2
2015,Percent,Mangistau,,35-44,,62.3
2016,Percent,Mangistau,,35-44,,41.9
2017,Percent,Mangistau,,35-44,,46.5
2018,Percent,Mangistau,,35-44,,39.7
2010,Percent,Mangistau,,45-54,,34.2
2011,Percent,Mangistau,,45-54,,38.1
2012,Percent,Mangistau,,45-54,,56.6
2013,Percent,Mangistau,,45-54,,28.1
2014,Percent,Mangistau,,45-54,,48.2
2015,Percent,Mangistau,,45-54,,46.5
2016,Percent,Mangistau,,45-54,,47.1
2017,Percent,Mangistau,,45-54,,38.0
2018,Percent,Mangistau,,45-54,,40.9
2010,Percent,Mangistau,,55-64,,15.4
2011,Percent,Mangistau,,55-64,,24.8
2012,Percent,Mangistau,,55-64,,33.0
2013,Percent,Mangistau,,55-64,,12.1
2014,Percent,Mangistau,,55-64,,31.6
2015,Percent,Mangistau,,55-64,,41.6
2016,Percent,Mangistau,,55-64,,37.6
2017,Percent,Mangistau,,55-64,,29.3
2018,Percent,Mangistau,,55-64,,27.0
2010,Percent,Mangistau,,65 and older,,0.0
2011,Percent,Mangistau,,65 and older,,0.0
2012,Percent,Mangistau,,65 and older,,0.0
2014,Percent,Mangistau,,65 and older,,6.8
2015,Percent,Mangistau,,65 and older,,54.5
2017,Percent,Mangistau,,65 and older,,0.0
2010,Percent,Ontustik Kazakhstan,,16-24,,0.0
2011,Percent,Ontustik Kazakhstan,,16-24,,31.6
2012,Percent,Ontustik Kazakhstan,,16-24,,68.7
2013,Percent,Ontustik Kazakhstan,,16-24,,32.6
2014,Percent,Ontustik Kazakhstan,,16-24,,22.0
2015,Percent,Ontustik Kazakhstan,,16-24,,5.3
2016,Percent,Ontustik Kazakhstan,,16-24,,5.2
2017,Percent,Ontustik Kazakhstan,,16-24,,12.4
2010,Percent,Ontustik Kazakhstan,,25-28,,100.0
2011,Percent,Ontustik Kazakhstan,,25-28,,46.6
2012,Percent,Ontustik Kazakhstan,,25-28,,43.3
2013,Percent,Ontustik Kazakhstan,,25-28,,3.0
2014,Percent,Ontustik Kazakhstan,,25-28,,31.6
2015,Percent,Ontustik Kazakhstan,,25-28,,12.9
2016,Percent,Ontustik Kazakhstan,,25-28,,10.9
2017,Percent,Ontustik Kazakhstan,,25-28,,14.9
2010,Percent,Ontustik Kazakhstan,,29-34,,34.8
2011,Percent,Ontustik Kazakhstan,,29-34,,48.4
2012,Percent,Ontustik Kazakhstan,,29-34,,56.3
2013,Percent,Ontustik Kazakhstan,,29-34,,47.2
2014,Percent,Ontustik Kazakhstan,,29-34,,36.2
2015,Percent,Ontustik Kazakhstan,,29-34,,33.9
2016,Percent,Ontustik Kazakhstan,,29-34,,46.9
2017,Percent,Ontustik Kazakhstan,,29-34,,21.1
2010,Percent,Ontustik Kazakhstan,,35-44,,14.3
2011,Percent,Ontustik Kazakhstan,,35-44,,7.5
2012,Percent,Ontustik Kazakhstan,,35-44,,17.9
2013,Percent,Ontustik Kazakhstan,,35-44,,34.9
2014,Percent,Ontustik Kazakhstan,,35-44,,36.6
2015,Percent,Ontustik Kazakhstan,,35-44,,39.7
2016,Percent,Ontustik Kazakhstan,,35-44,,60.7
2017,Percent,Ontustik Kazakhstan,,35-44,,29.9
2010,Percent,Ontustik Kazakhstan,,45-54,,14.7
2011,Percent,Ontustik Kazakhstan,,45-54,,24.4
2012,Percent,Ontustik Kazakhstan,,45-54,,23.4
2013,Percent,Ontustik Kazakhstan,,45-54,,32.3
2014,Percent,Ontustik Kazakhstan,,45-54,,31.5
2015,Percent,Ontustik Kazakhstan,,45-54,,21.4
2016,Percent,Ontustik Kazakhstan,,45-54,,39.8
2017,Percent,Ontustik Kazakhstan,,45-54,,40.2
2010,Percent,Ontustik Kazakhstan,,55-64,,23.3
2011,Percent,Ontustik Kazakhstan,,55-64,,27.4
2012,Percent,Ontustik Kazakhstan,,55-64,,31.1
2013,Percent,Ontustik Kazakhstan,,55-64,,26.7
2014,Percent,Ontustik Kazakhstan,,55-64,,25.2
2015,Percent,Ontustik Kazakhstan,,55-64,,24.3
2016,Percent,Ontustik Kazakhstan,,55-64,,67.2
2017,Percent,Ontustik Kazakhstan,,55-64,,11.3
2015,Percent,Ontustik Kazakhstan,,65 and older,,0.0
2016,Percent,Ontustik Kazakhstan,,65 and older,,0.0
2010,Percent,Pavlodar,,16-24,,77.4
2011,Percent,Pavlodar,,16-24,,21.9
2012,Percent,Pavlodar,,16-24,,27.6
2013,Percent,Pavlodar,,16-24,,45.9
2014,Percent,Pavlodar,,16-24,,22.1
2015,Percent,Pavlodar,,16-24,,42.0
2016,Percent,Pavlodar,,16-24,,72.0
2017,Percent,Pavlodar,,16-24,,60.4
2018,Percent,Pavlodar,,16-24,,63.4
2010,Percent,Pavlodar,,25-28,,35.0
2011,Percent,Pavlodar,,25-28,,52.7
2012,Percent,Pavlodar,,25-28,,29.1
2013,Percent,Pavlodar,,25-28,,17.2
2014,Percent,Pavlodar,,25-28,,33.4
2015,Percent,Pavlodar,,25-28,,32.5
2016,Percent,Pavlodar,,25-28,,32.9
2017,Percent,Pavlodar,,25-28,,54.5
2018,Percent,Pavlodar,,25-28,,45.8
2010,Percent,Pavlodar,,29-34,,47.4
2011,Percent,Pavlodar,,29-34,,38.4
2012,Percent,Pavlodar,,29-34,,29.6
2013,Percent,Pavlodar,,29-34,,41.9
2014,Percent,Pavlodar,,29-34,,27.9
2015,Percent,Pavlodar,,29-34,,56.7
2016,Percent,Pavlodar,,29-34,,31.7
2017,Percent,Pavlodar,,29-34,,49.9
2018,Percent,Pavlodar,,29-34,,36.1
2010,Percent,Pavlodar,,35-44,,35.2
2011,Percent,Pavlodar,,35-44,,35.4
2012,Percent,Pavlodar,,35-44,,23.5
2013,Percent,Pavlodar,,35-44,,34.4
2014,Percent,Pavlodar,,35-44,,31.9
2015,Percent,Pavlodar,,35-44,,38.6
2016,Percent,Pavlodar,,35-44,,40.3
2017,Percent,Pavlodar,,35-44,,41.8
2018,Percent,Pavlodar,,35-44,,34.1
2010,Percent,Pavlodar,,45-54,,44.7
2011,Percent,Pavlodar,,45-54,,51.1
2012,Percent,Pavlodar,,45-54,,38.6
2013,Percent,Pavlodar,,45-54,,47.6
2014,Percent,Pavlodar,,45-54,,37.0
2015,Percent,Pavlodar,,45-54,,35.8
2016,Percent,Pavlodar,,45-54,,44.9
2017,Percent,Pavlodar,,45-54,,39.1
2018,Percent,Pavlodar,,45-54,,50.2
2010,Percent,Pavlodar,,55-64,,34.2
2011,Percent,Pavlodar,,55-64,,32.5
2012,Percent,Pavlodar,,55-64,,35.9
2013,Percent,Pavlodar,,55-64,,31.2
2014,Percent,Pavlodar,,55-64,,24.9
2015,Percent,Pavlodar,,55-64,,30.6
2016,Percent,Pavlodar,,55-64,,38.1
2017,Percent,Pavlodar,,55-64,,36.0
2018,Percent,Pavlodar,,55-64,,32.8
2014,Percent,Pavlodar,,65 and older,,84.8
2015,Percent,Pavlodar,,65 and older,,11.8
2016,Percent,Pavlodar,,65 and older,,70.3
2017,Percent,Pavlodar,,65 and older,,0.0
2018,Percent,Pavlodar,,65 and older,,0.0
2010,Percent,Soltustik Kazakhstan,,16-24,,43.8
2011,Percent,Soltustik Kazakhstan,,16-24,,76.0
2012,Percent,Soltustik Kazakhstan,,16-24,,76.4
2013,Percent,Soltustik Kazakhstan,,16-24,,0.0
2014,Percent,Soltustik Kazakhstan,,16-24,,2.1
2015,Percent,Soltustik Kazakhstan,,16-24,,48.7
2016,Percent,Soltustik Kazakhstan,,16-24,,0.0
2017,Percent,Soltustik Kazakhstan,,16-24,,7.9
2018,Percent,Soltustik Kazakhstan,,16-24,,50.1
2010,Percent,Soltustik Kazakhstan,,25-28,,35.2
2011,Percent,Soltustik Kazakhstan,,25-28,,15.2
2012,Percent,Soltustik Kazakhstan,,25-28,,18.3
2013,Percent,Soltustik Kazakhstan,,25-28,,51.7
2014,Percent,Soltustik Kazakhstan,,25-28,,23.0
2015,Percent,Soltustik Kazakhstan,,25-28,,37.7
2016,Percent,Soltustik Kazakhstan,,25-28,,34.2
2017,Percent,Soltustik Kazakhstan,,25-28,,24.7
2018,Percent,Soltustik Kazakhstan,,25-28,,38.7
2010,Percent,Soltustik Kazakhstan,,29-34,,50.8
2011,Percent,Soltustik Kazakhstan,,29-34,,48.0
2012,Percent,Soltustik Kazakhstan,,29-34,,37.3
2013,Percent,Soltustik Kazakhstan,,29-34,,13.2
2014,Percent,Soltustik Kazakhstan,,29-34,,28.0
2015,Percent,Soltustik Kazakhstan,,29-34,,38.0
2016,Percent,Soltustik Kazakhstan,,29-34,,27.1
2017,Percent,Soltustik Kazakhstan,,29-34,,32.3
2018,Percent,Soltustik Kazakhstan,,29-34,,29.1
2010,Percent,Soltustik Kazakhstan,,35-44,,40.3
2011,Percent,Soltustik Kazakhstan,,35-44,,39.9
2012,Percent,Soltustik Kazakhstan,,35-44,,33.2
2013,Percent,Soltustik Kazakhstan,,35-44,,22.5
2014,Percent,Soltustik Kazakhstan,,35-44,,38.0
2015,Percent,Soltustik Kazakhstan,,35-44,,38.2
2016,Percent,Soltustik Kazakhstan,,35-44,,34.8
2017,Percent,Soltustik Kazakhstan,,35-44,,37.9
2018,Percent,Soltustik Kazakhstan,,35-44,,49.0
2010,Percent,Soltustik Kazakhstan,,45-54,,19.6
2011,Percent,Soltustik Kazakhstan,,45-54,,27.0
2012,Percent,Soltustik Kazakhstan,,45-54,,46.5
2013,Percent,Soltustik Kazakhstan,,45-54,,34.3
2014,Percent,Soltustik Kazakhstan,,45-54,,32.2
2015,Percent,Soltustik Kazakhstan,,45-54,,42.2
2016,Percent,Soltustik Kazakhstan,,45-54,,37.3
2017,Percent,Soltustik Kazakhstan,,45-54,,37.3
2018,Percent,Soltustik Kazakhstan,,45-54,,42.3
2010,Percent,Soltustik Kazakhstan,,55-64,,25.3
2011,Percent,Soltustik Kazakhstan,,55-64,,28.1
2012,Percent,Soltustik Kazakhstan,,55-64,,62.8
2013,Percent,Soltustik Kazakhstan,,55-64,,33.4
2014,Percent,Soltustik Kazakhstan,,55-64,,32.2
2015,Percent,Soltustik Kazakhstan,,55-64,,40.6
2016,Percent,Soltustik Kazakhstan,,55-64,,27.3
2017,Percent,Soltustik Kazakhstan,,55-64,,27.4
2018,Percent,Soltustik Kazakhstan,,55-64,,32.6
2014,Percent,Soltustik Kazakhstan,,65 and older,,21.9
2015,Percent,Soltustik Kazakhstan,,65 and older,,2.8
2016,Percent,Soltustik Kazakhstan,,65 and older,,16.5
2017,Percent,Soltustik Kazakhstan,,65 and older,,14.4
2018,Percent,Soltustik Kazakhstan,,65 and older,,42.6
2018,Percent,Turkistan,,16-24,,46.9
2018,Percent,Turkistan,,25-28,,54.7
2018,Percent,Turkistan,,29-34,,29.5
2018,Percent,Turkistan,,35-44,,26.1
2018,Percent,Turkistan,,45-54,,64.4
2018,Percent,Turkistan,,55-64,,41.3
2010,Percent,Shygys Kazakhstan,,16-24,,53.9
2011,Percent,Shygys Kazakhstan,,16-24,,37.6
2012,Percent,Shygys Kazakhstan,,16-24,,35.9
2013,Percent,Shygys Kazakhstan,,16-24,,46.1
2014,Percent,Shygys Kazakhstan,,16-24,,25.8
2015,Percent,Shygys Kazakhstan,,16-24,,29.9
2016,Percent,Shygys Kazakhstan,,16-24,,1.5
2017,Percent,Shygys Kazakhstan,,16-24,,67.7
2018,Percent,Shygys Kazakhstan,,16-24,,77.1
2010,Percent,Shygys Kazakhstan,,25-28,,47.9
2011,Percent,Shygys Kazakhstan,,25-28,,40.4
2012,Percent,Shygys Kazakhstan,,25-28,,38.0
2013,Percent,Shygys Kazakhstan,,25-28,,23.5
2014,Percent,Shygys Kazakhstan,,25-28,,27.2
2015,Percent,Shygys Kazakhstan,,25-28,,13.7
2016,Percent,Shygys Kazakhstan,,25-28,,71.9
2017,Percent,Shygys Kazakhstan,,25-28,,54.5
2018,Percent,Shygys Kazakhstan,,25-28,,63.3
2010,Percent,Shygys Kazakhstan,,29-34,,23.1
2011,Percent,Shygys Kazakhstan,,29-34,,40.1
2012,Percent,Shygys Kazakhstan,,29-34,,17.6
2013,Percent,Shygys Kazakhstan,,29-34,,25.9
2014,Percent,Shygys Kazakhstan,,29-34,,35.2
2015,Percent,Shygys Kazakhstan,,29-34,,32.2
2016,Percent,Shygys Kazakhstan,,29-34,,31.7
2017,Percent,Shygys Kazakhstan,,29-34,,35.2
2018,Percent,Shygys Kazakhstan,,29-34,,44.3
2010,Percent,Shygys Kazakhstan,,35-44,,35.7
2011,Percent,Shygys Kazakhstan,,35-44,,38.6
2012,Percent,Shygys Kazakhstan,,35-44,,31.9
2013,Percent,Shygys Kazakhstan,,35-44,,43.0
2014,Percent,Shygys Kazakhstan,,35-44,,30.2
2015,Percent,Shygys Kazakhstan,,35-44,,34.8
2016,Percent,Shygys Kazakhstan,,35-44,,29.43
2017,Percent,Shygys Kazakhstan,,35-44,,46.5
2018,Percent,Shygys Kazakhstan,,35-44,,28.5
2010,Percent,Shygys Kazakhstan,,45-54,,39.1
2011,Percent,Shygys Kazakhstan,,45-54,,36.2
2012,Percent,Shygys Kazakhstan,,45-54,,50.4
2013,Percent,Shygys Kazakhstan,,45-54,,38.3
2014,Percent,Shygys Kazakhstan,,45-54,,45.2
2015,Percent,Shygys Kazakhstan,,45-54,,36.9
2016,Percent,Shygys Kazakhstan,,45-54,,28.5
2017,Percent,Shygys Kazakhstan,,45-54,,39.0
2018,Percent,Shygys Kazakhstan,,45-54,,48.4
2010,Percent,Shygys Kazakhstan,,55-64,,25.4
2011,Percent,Shygys Kazakhstan,,55-64,,33.9
2012,Percent,Shygys Kazakhstan,,55-64,,43.0
2013,Percent,Shygys Kazakhstan,,55-64,,37.8
2014,Percent,Shygys Kazakhstan,,55-64,,29.0
2015,Percent,Shygys Kazakhstan,,55-64,,38.3
2016,Percent,Shygys Kazakhstan,,55-64,,30.7
2017,Percent,Shygys Kazakhstan,,55-64,,30.4
2018,Percent,Shygys Kazakhstan,,55-64,,42.7
2011,Percent,Shygys Kazakhstan,,65 and older,,0.0
2014,Percent,Shygys Kazakhstan,,65 and older,,10.6
2015,Percent,Shygys Kazakhstan,,65 and older,,0.0
2016,Percent,Shygys Kazakhstan,,65 and older,,17.5
2017,Percent,Shygys Kazakhstan,,65 and older,,12.5
2018,Percent,Shygys Kazakhstan,,65 and older,,17.6
2010,Percent,Nur-Sultan city,,16-24,,44.0
2011,Percent,Nur-Sultan city,,16-24,,48.1
2012,Percent,Nur-Sultan city,,16-24,,68.5
2013,Percent,Nur-Sultan city,,16-24,,74.3
2014,Percent,Nur-Sultan city,,16-24,,20.8
2015,Percent,Nur-Sultan city,,16-24,,41.3
2016,Percent,Nur-Sultan city,,16-24,,61.6
2017,Percent,Nur-Sultan city,,16-24,,62.5
2018,Percent,Nur-Sultan city,,16-24,,42.8
2010,Percent,Nur-Sultan city,,25-28,,54.0
2011,Percent,Nur-Sultan city,,25-28,,46.7
2012,Percent,Nur-Sultan city,,25-28,,38.7
2013,Percent,Nur-Sultan city,,25-28,,42.8
2014,Percent,Nur-Sultan city,,25-28,,47.7
2015,Percent,Nur-Sultan city,,25-28,,52.4
2016,Percent,Nur-Sultan city,,25-28,,46.3
2017,Percent,Nur-Sultan city,,25-28,,25.4
2018,Percent,Nur-Sultan city,,25-28,,41.5
2010,Percent,Nur-Sultan city,,29-34,,28.9
2011,Percent,Nur-Sultan city,,29-34,,34.4
2012,Percent,Nur-Sultan city,,29-34,,40.0
2013,Percent,Nur-Sultan city,,29-34,,47.1
2014,Percent,Nur-Sultan city,,29-34,,43.1
2015,Percent,Nur-Sultan city,,29-34,,37.3
2016,Percent,Nur-Sultan city,,29-34,,40.6
2017,Percent,Nur-Sultan city,,29-34,,58.1
2018,Percent,Nur-Sultan city,,29-34,,44.3
2010,Percent,Nur-Sultan city,,35-44,,48.5
2011,Percent,Nur-Sultan city,,35-44,,45.9
2012,Percent,Nur-Sultan city,,35-44,,48.8
2013,Percent,Nur-Sultan city,,35-44,,46.3
2014,Percent,Nur-Sultan city,,35-44,,38.5
2015,Percent,Nur-Sultan city,,35-44,,37.2
2016,Percent,Nur-Sultan city,,35-44,,38.3
2017,Percent,Nur-Sultan city,,35-44,,29.8
2018,Percent,Nur-Sultan city,,35-44,,44.0
2010,Percent,Nur-Sultan city,,45-54,,34.6
2011,Percent,Nur-Sultan city,,45-54,,38.6
2012,Percent,Nur-Sultan city,,45-54,,46.0
2013,Percent,Nur-Sultan city,,45-54,,46.9
2014,Percent,Nur-Sultan city,,45-54,,28.3
2015,Percent,Nur-Sultan city,,45-54,,46.1
2016,Percent,Nur-Sultan city,,45-54,,48.7
2017,Percent,Nur-Sultan city,,45-54,,42.1
2018,Percent,Nur-Sultan city,,45-54,,44.6
2010,Percent,Nur-Sultan city,,55-64,,35.8
2011,Percent,Nur-Sultan city,,55-64,,36.1
2012,Percent,Nur-Sultan city,,55-64,,43.8
2013,Percent,Nur-Sultan city,,55-64,,27.7
2014,Percent,Nur-Sultan city,,55-64,,28.0
2015,Percent,Nur-Sultan city,,55-64,,41.1
2016,Percent,Nur-Sultan city,,55-64,,56.7
2017,Percent,Nur-Sultan city,,55-64,,51.1
2018,Percent,Nur-Sultan city,,55-64,,35.9
2010,Percent,Nur-Sultan city,,65 and older,,25.6
2011,Percent,Nur-Sultan city,,65 and older,,42.2
2012,Percent,Nur-Sultan city,,65 and older,,0.0
2013,Percent,Nur-Sultan city,,65 and older,,0.0
2015,Percent,Nur-Sultan city,,65 and older,,55.6
2016,Percent,Nur-Sultan city,,65 and older,,66.0
2017,Percent,Nur-Sultan city,,65 and older,,66.7
2018,Percent,Nur-Sultan city,,65 and older,,46.3
2010,Percent,Almaty city,,16-24,,23.7
2011,Percent,Almaty city,,16-24,,72.3
2012,Percent,Almaty city,,16-24,,75.3
2013,Percent,Almaty city,,16-24,,62.3
2014,Percent,Almaty city,,16-24,,37.0
2015,Percent,Almaty city,,16-24,,35.1
2016,Percent,Almaty city,,16-24,,40.6
2017,Percent,Almaty city,,16-24,,39.2
2018,Percent,Almaty city,,16-24,,45.3
2010,Percent,Almaty city,,25-28,,42.7
2011,Percent,Almaty city,,25-28,,62.5
2012,Percent,Almaty city,,25-28,,52.9
2013,Percent,Almaty city,,25-28,,53.6
2014,Percent,Almaty city,,25-28,,43.4
2015,Percent,Almaty city,,25-28,,22.9
2016,Percent,Almaty city,,25-28,,37.3
2017,Percent,Almaty city,,25-28,,34.3
2018,Percent,Almaty city,,25-28,,39.4
2010,Percent,Almaty city,,29-34,,43.5
2011,Percent,Almaty city,,29-34,,40.6
2012,Percent,Almaty city,,29-34,,36.9
2013,Percent,Almaty city,,29-34,,32.5
2014,Percent,Almaty city,,29-34,,32.8
2015,Percent,Almaty city,,29-34,,43.7
2016,Percent,Almaty city,,29-34,,36.8
2017,Percent,Almaty city,,29-34,,36.5
2018,Percent,Almaty city,,29-34,,39.3
2010,Percent,Almaty city,,35-44,,46.4
2011,Percent,Almaty city,,35-44,,42.5
2012,Percent,Almaty city,,35-44,,51.0
2013,Percent,Almaty city,,35-44,,46.4
2014,Percent,Almaty city,,35-44,,39.1
2015,Percent,Almaty city,,35-44,,35.1
2016,Percent,Almaty city,,35-44,,37.0
2017,Percent,Almaty city,,35-44,,32.4
2018,Percent,Almaty city,,35-44,,43.2
2010,Percent,Almaty city,,45-54,,31.7
2011,Percent,Almaty city,,45-54,,31.3
2012,Percent,Almaty city,,45-54,,39.9
2013,Percent,Almaty city,,45-54,,32.7
2014,Percent,Almaty city,,45-54,,42.3
2015,Percent,Almaty city,,45-54,,33.8
2016,Percent,Almaty city,,45-54,,43.2
2017,Percent,Almaty city,,45-54,,39.2
2018,Percent,Almaty city,,45-54,,44.6
2010,Percent,Almaty city,,55-64,,26.8
2011,Percent,Almaty city,,55-64,,27.1
2012,Percent,Almaty city,,55-64,,18.4
2013,Percent,Almaty city,,55-64,,22.1
2014,Percent,Almaty city,,55-64,,35.1
2015,Percent,Almaty city,,55-64,,35.8
2016,Percent,Almaty city,,55-64,,48.9
2017,Percent,Almaty city,,55-64,,38.4
2018,Percent,Almaty city,,55-64,,50.4
2014,Percent,Almaty city,,65 and older,,0.0
2015,Percent,Almaty city,,65 and older,,32.1
2016,Percent,Almaty city,,65 and older,,78.8
2017,Percent,Almaty city,,65 and older,,42.5
2018,Percent,Almaty city,,65 and older,,39.1
2018,Percent,Shymkent city,,16-24,,31.4
2018,Percent,Shymkent city,,25-28,,38.3
2018,Percent,Shymkent city,,29-34,,18.8
2018,Percent,Shymkent city,,35-44,,74.2
2018,Percent,Shymkent city,,45-54,,43.2
2018,Percent,Shymkent city,,55-64,,32.2
