Year,Units,Regions,GeoCode,Value
2010,в процентах к 2005 году,,,125.5
2011,в процентах к 2005 году,,,132.9
2012,в процентах к 2005 году,,,137.3
2013,в процентах к 2005 году,,,143.5
2014,в процентах к 2005 году,,,147.4
2015,в процентах к 2005 году,,,148.9
2016,в процентах к 2005 году,,,148.5
2017,в процентах к 2005 году,,,152.5
2018,в процентах к 2005 году,,,156.3
2010,в процентах к 2005 году,Akmola,KZ03,143.4
2011,в процентах к 2005 году,Akmola,KZ03,167.1
2012,в процентах к 2005 году,Akmola,KZ03,157.6
2013,в процентах к 2005 году,Akmola,KZ03,165.0
2014,в процентах к 2005 году,Akmola,KZ03,172.3
2015,в процентах к 2005 году,Akmola,KZ03,174.5
2016,в процентах к 2005 году,Akmola,KZ03,179.9
2017,в процентах к 2005 году,Akmola,KZ03,184.9
2018,в процентах к 2005 году,Akmola,KZ03,191.4
2010,в процентах к 2005 году,Aktobe,KZ04,117.1
2011,в процентах к 2005 году,Aktobe,KZ04,123.0
2012,в процентах к 2005 году,Aktobe,KZ04,130.9
2013,в процентах к 2005 году,Aktobe,KZ04,135.1
2014,в процентах к 2005 году,Aktobe,KZ04,138.9
2015,в процентах к 2005 году,Aktobe,KZ04,132.5
2016,в процентах к 2005 году,Aktobe,KZ04,132.0
2017,в процентах к 2005 году,Aktobe,KZ04,136.8
2018,в процентах к 2005 году,Aktobe,KZ04,142.0
2010,в процентах к 2005 году,Almaty,KZ01,110.4
2011,в процентах к 2005 году,Almaty,KZ01,118.0
2012,в процентах к 2005 году,Almaty,KZ01,124.3
2013,в процентах к 2005 году,Almaty,KZ01,135.0
2014,в процентах к 2005 году,Almaty,KZ01,146.5
2015,в процентах к 2005 году,Almaty,KZ01,150.5
2016,в процентах к 2005 году,Almaty,KZ01,150.8
2017,в процентах к 2005 году,Almaty,KZ01,154.1
2018,в процентах к 2005 году,Almaty,KZ01,156.7
2010,в процентах к 2005 году,Atyrau,KZ06,154.5
2011,в процентах к 2005 году,Atyrau,KZ06,156.2
2012,в процентах к 2005 году,Atyrau,KZ06,149.3
2013,в процентах к 2005 году,Atyrau,KZ06,151.8
2014,в процентах к 2005 году,Atyrau,KZ06,152.1
2015,в процентах к 2005 году,Atyrau,KZ06,152.9
2016,в процентах к 2005 году,Atyrau,KZ06,155.2
2017,в процентах к 2005 году,Atyrau,KZ06,176.2
2018,в процентах к 2005 году,Atyrau,KZ06,195.6
2010,в процентах к 2005 году,Batys Kazakhstan,KZ07,119.1
2011,в процентах к 2005 году,Batys Kazakhstan,KZ07,123.4
2012,в процентах к 2005 году,Batys Kazakhstan,KZ07,127.8
2013,в процентах к 2005 году,Batys Kazakhstan,KZ07,130.7
2014,в процентах к 2005 году,Batys Kazakhstan,KZ07,136.1
2015,в процентах к 2005 году,Batys Kazakhstan,KZ07,133.9
2016,в процентах к 2005 году,Batys Kazakhstan,KZ07,136.2
2017,в процентах к 2005 году,Batys Kazakhstan,KZ07,139.3
2018,в процентах к 2005 году,Batys Kazakhstan,KZ07,137.2
2010,в процентах к 2005 году,Zhambyl,KZ17,126.7
2011,в процентах к 2005 году,Zhambyl,KZ17,142.0
2012,в процентах к 2005 году,Zhambyl,KZ17,154.2
2013,в процентах к 2005 году,Zhambyl,KZ17,157.1
2014,в процентах к 2005 году,Zhambyl,KZ17,155.7
2015,в процентах к 2005 году,Zhambyl,KZ17,154.1
2016,в процентах к 2005 году,Zhambyl,KZ17,156.9
2017,в процентах к 2005 году,Zhambyl,KZ17,162.2
2018,в процентах к 2005 году,Zhambyl,KZ17,167.6
2010,в процентах к 2005 году,Karagandy,KZ12,117.4
2011,в процентах к 2005 году,Karagandy,KZ12,124.0
2012,в процентах к 2005 году,Karagandy,KZ12,125.0
2013,в процентах к 2005 году,Karagandy,KZ12,133.8
2014,в процентах к 2005 году,Karagandy,KZ12,137.3
2015,в процентах к 2005 году,Karagandy,KZ12,140.2
2016,в процентах к 2005 году,Karagandy,KZ12,143.3
2017,в процентах к 2005 году,Karagandy,KZ12,148.9
2018,в процентах к 2005 году,Karagandy,KZ12,153.7
2010,в процентах к 2005 году,Kostanay,KZ13,126.5
2011,в процентах к 2005 году,Kostanay,KZ13,146.6
2012,в процентах к 2005 году,Kostanay,KZ13,137.2
2013,в процентах к 2005 году,Kostanay,KZ13,151.1
2014,в процентах к 2005 году,Kostanay,KZ13,154.3
2015,в процентах к 2005 году,Kostanay,KZ13,148.4
2016,в процентах к 2005 году,Kostanay,KZ13,145.6
2017,в процентах к 2005 году,Kostanay,KZ13,153.0
2018,в процентах к 2005 году,Kostanay,KZ13,162.6
2010,в процентах к 2005 году,Kyzylorda,KZ14,120.0
2011,в процентах к 2005 году,Kyzylorda,KZ14,124.9
2012,в процентах к 2005 году,Kyzylorda,KZ14,126.5
2013,в процентах к 2005 году,Kyzylorda,KZ14,129.7
2014,в процентах к 2005 году,Kyzylorda,KZ14,125.8
2015,в процентах к 2005 году,Kyzylorda,KZ14,118.6
2016,в процентах к 2005 году,Kyzylorda,KZ14,111.5
2017,в процентах к 2005 году,Kyzylorda,KZ14,110.6
2018,в процентах к 2005 году,Kyzylorda,KZ14,108.9
2010,в процентах к 2005 году,Mangistau,KZ09,96.9
2011,в процентах к 2005 году,Mangistau,KZ09,92.9
2012,в процентах к 2005 году,Mangistau,KZ09,90.1
2013,в процентах к 2005 году,Mangistau,KZ09,91.6
2014,в процентах к 2005 году,Mangistau,KZ09,92.1
2015,в процентах к 2005 году,Mangistau,KZ09,89.2
2016,в процентах к 2005 году,Mangistau,KZ09,86.6
2017,в процентах к 2005 году,Mangistau,KZ09,84.0
2018,в процентах к 2005 году,Mangistau,KZ09,82.8
2010,в процентах к 2005 году,Ontustik Kazakhstan,KZ10,114.4
2011,в процентах к 2005 году,Ontustik Kazakhstan,KZ10,118.4
2012,в процентах к 2005 году,Ontustik Kazakhstan,KZ10,120.5
2013,в процентах к 2005 году,Ontustik Kazakhstan,KZ10,121.6
2014,в процентах к 2005 году,Ontustik Kazakhstan,KZ10,122.0
2015,в процентах к 2005 году,Ontustik Kazakhstan,KZ10,121.4
2016,в процентах к 2005 году,Ontustik Kazakhstan,KZ10,121.8
2017,в процентах к 2005 году,Ontustik Kazakhstan,KZ10,124.0
2010,в процентах к 2005 году,Pavlodar,KZ11,139.3
2011,в процентах к 2005 году,Pavlodar,KZ11,154.1
2012,в процентах к 2005 году,Pavlodar,KZ11,166.3
2013,в процентах к 2005 году,Pavlodar,KZ11,165.8
2014,в процентах к 2005 году,Pavlodar,KZ11,166.5
2015,в процентах к 2005 году,Pavlodar,KZ11,166.3
2016,в процентах к 2005 году,Pavlodar,KZ11,165.1
2017,в процентах к 2005 году,Pavlodar,KZ11,172.2
2018,в процентах к 2005 году,Pavlodar,KZ11,183.0
2010,в процентах к 2005 году,Soltustik Kazakhstan,KZ16,131.5
2011,в процентах к 2005 году,Soltustik Kazakhstan,KZ16,154.2
2012,в процентах к 2005 году,Soltustik Kazakhstan,KZ16,147.1
2013,в процентах к 2005 году,Soltustik Kazakhstan,KZ16,159.5
2014,в процентах к 2005 году,Soltustik Kazakhstan,KZ16,169.9
2015,в процентах к 2005 году,Soltustik Kazakhstan,KZ16,172.6
2016,в процентах к 2005 году,Soltustik Kazakhstan,KZ16,175.2
2017,в процентах к 2005 году,Soltustik Kazakhstan,KZ16,182.4
2018,в процентах к 2005 году,Soltustik Kazakhstan,KZ16,189.7
2010,в процентах к 2005 году,Shygys Kazakhstan,KZ15,127.4
2011,в процентах к 2005 году,Shygys Kazakhstan,KZ15,137.2
2012,в процентах к 2005 году,Shygys Kazakhstan,KZ15,154.8
2013,в процентах к 2005 году,Shygys Kazakhstan,KZ15,166.1
2014,в процентах к 2005 году,Shygys Kazakhstan,KZ15,170.6
2015,в процентах к 2005 году,Shygys Kazakhstan,KZ15,170.4
2016,в процентах к 2005 году,Shygys Kazakhstan,KZ15,174.5
2017,в процентах к 2005 году,Shygys Kazakhstan,KZ15,178.9
2018,в процентах к 2005 году,Shygys Kazakhstan,KZ15,188.2
2010,в процентах к 2005 году,Nur-Sultan city,KZ05,108.5
2011,в процентах к 2005 году,Nur-Sultan city,KZ05,110.5
2012,в процентах к 2005 году,Nur-Sultan city,KZ05,120.0
2013,в процентах к 2005 году,Nur-Sultan city,KZ05,126.7
2014,в процентах к 2005 году,Nur-Sultan city,KZ05,132.4
2015,в процентах к 2005 году,Nur-Sultan city,KZ05,136.1
2016,в процентах к 2005 году,Nur-Sultan city,KZ05,130.4
2017,в процентах к 2005 году,Nur-Sultan city,KZ05,124.9
2018,в процентах к 2005 году,Nur-Sultan city,KZ05,118.9
2010,в процентах к 2005 году,Almaty city,KZ02,120.4
2011,в процентах к 2005 году,Almaty city,KZ02,128.9
2012,в процентах к 2005 году,Almaty city,KZ02,138.3
2013,в процентах к 2005 году,Almaty city,KZ02,155.7
2014,в процентах к 2005 году,Almaty city,KZ02,153.2
2015,в процентах к 2005 году,Almaty city,KZ02,154.7
2016,в процентах к 2005 году,Almaty city,KZ02,153.8
2017,в процентах к 2005 году,Almaty city,KZ02,153.6
2018,в процентах к 2005 году,Almaty city,KZ02,153.8
