Year,Units,Regions,Value
2010,в процентах к предыдущему году,,103.7
2011,в процентах к предыдущему году,,105.0
2011,в процентах к предыдущему году,Akmola,115.1
2011,в процентах к предыдущему году,Aktobe,101.8
2011,в процентах к предыдущему году,Almaty,102.3
2011,в процентах к предыдущему году,Atyrau,97.8
2011,в процентах к предыдущему году,Batys Kazakhstan,104.0
2011,в процентах к предыдущему году,Zhambyl,112.4
2011,в процентах к предыдущему году,Karagandy,106.5
2011,в процентах к предыдущему году,Kostanay,116.0
2011,в процентах к предыдущему году,Kyzylorda,99.0
2011,в процентах к предыдущему году,Mangistau,89.3
2011,в процентах к предыдущему году,Ontustik Kazakhstan,102.0
2011,в процентах к предыдущему году,Pavlodar,110.4
2011,в процентах к предыдущему году,Soltustik Kazakhstan,120.9
2011,в процентах к предыдущему году,Shygys Kazakhstan,108.8
2011,в процентах к предыдущему году,Nur-Sultan city,106.4
2011,в процентах к предыдущему году,Almaty city,106.0
2012,в процентах к предыдущему году,,102.5
2012,в процентах к предыдущему году,Akmola,94.6
2012,в процентах к предыдущему году,Aktobe,104.7
2012,в процентах к предыдущему году,Almaty,100.0
2012,в процентах к предыдущему году,Atyrau,94.7
2012,в процентах к предыдущему году,Batys Kazakhstan,105.1
2012,в процентах к предыдущему году,Zhambyl,110.0
2012,в процентах к предыдущему году,Karagandy,100.9
2012,в процентах к предыдущему году,Kostanay,93.5
2012,в процентах к предыдущему году,Kyzylorda,100.9
2012,в процентах к предыдущему году,Mangistau,90.0
2012,в процентах к предыдущему году,Ontustik Kazakhstan,100.5
2012,в процентах к предыдущему году,Pavlodar,108.9
2012,в процентах к предыдущему году,Soltustik Kazakhstan,98.5
2012,в процентах к предыдущему году,Shygys Kazakhstan,114.6
2012,в процентах к предыдущему году,Nur-Sultan city,111.0
2012,в процентах к предыдущему году,Almaty city,105.6
2013,в процентах к предыдущему году,,105.1
2013,в процентах к предыдущему году,Akmola,104.1
2013,в процентах к предыдущему году,Aktobe,103.7
2013,в процентах к предыдущему году,Almaty,108.1
2013,в процентах к предыдущему году,Atyrau,102.1
2013,в процентах к предыдущему году,Batys Kazakhstan,102.3
2013,в процентах к предыдущему году,Zhambyl,104.6
2013,в процентах к предыдущему году,Karagandy,106.7
2013,в процентах к предыдущему году,Kostanay,111.9
2013,в процентах к предыдущему году,Kyzylorda,101.9
2013,в процентах к предыдущему году,Mangistau,103.7
2013,в процентах к предыдущему году,Ontustik Kazakhstan,101.6
2013,в процентах к предыдущему году,Pavlodar,99.4
2013,в процентах к предыдущему году,Soltustik Kazakhstan,108.1
2013,в процентах к предыдущему году,Shygys Kazakhstan,107.5
2013,в процентах к предыдущему году,Nur-Sultan city,106.2
2013,в процентах к предыдущему году,Almaty city,113.3
2014,в процентах к предыдущему году,,104.6
2014,в процентах к предыдущему году,Akmola,103.7
2014,в процентах к предыдущему году,Aktobe,104.8
2014,в процентах к предыдущему году,Almaty,102.9
2014,в процентах к предыдущему году,Atyrau,99.3
2014,в процентах к предыдущему году,Batys Kazakhstan,104.8
2014,в процентах к предыдущему году,Zhambyl,104.0
2014,в процентах к предыдущему году,Karagandy,107.3
2014,в процентах к предыдущему году,Kostanay,103.9
2014,в процентах к предыдущему году,Kyzylorda,104.5
2014,в процентах к предыдущему году,Mangistau,107.8
2014,в процентах к предыдущему году,Ontustik Kazakhstan,104.0
2014,в процентах к предыдущему году,Pavlodar,99.9
2014,в процентах к предыдущему году,Soltustik Kazakhstan,110.9
2014,в процентах к предыдущему году,Shygys Kazakhstan,102.9
2014,в процентах к предыдущему году,Nur-Sultan city,104.1
2014,в процентах к предыдущему году,Almaty city,104.0
2015,в процентах к предыдущему году,,100.6
2015,в процентах к предыдущему году,Akmola,102.3
2015,в процентах к предыдущему году,Aktobe,95.0
2015,в процентах к предыдущему году,Almaty,108.0
2015,в процентах к предыдущему году,Atyrau,100.9
2015,в процентах к предыдущему году,Batys Kazakhstan,99.7
2015,в процентах к предыдущему году,Zhambyl,104.1
2015,в процентах к предыдущему году,Karagandy,101.2
2015,в процентах к предыдущему году,Kostanay,96.6
2015,в процентах к предыдущему году,Kyzylorda,97.1
2015,в процентах к предыдущему году,Mangistau,90.8
2015,в процентах к предыдущему году,Ontustik Kazakhstan,102.9
2015,в процентах к предыдущему году,Pavlodar,101.1
2015,в процентах к предыдущему году,Soltustik Kazakhstan,99.5
2015,в процентах к предыдущему году,Shygys Kazakhstan,101.7
2015,в процентах к предыдущему году,Nur-Sultan city,99.3
2015,в процентах к предыдущему году,Almaty city,95.6
2016,в процентах к предыдущему году,,100.2
2016,в процентах к предыдущему году,Akmola,101.7
2016,в процентах к предыдущему году,Aktobe,102.4
2016,в процентах к предыдущему году,Almaty,99.5
2016,в процентах к предыдущему году,Atyrau,104.0
2016,в процентах к предыдущему году,Batys Kazakhstan,101.9
2016,в процентах к предыдущему году,Zhambyl,103.1
2016,в процентах к предыдущему году,Karagandy,103.3
2016,в процентах к предыдущему году,Kostanay,97.2
2016,в процентах к предыдущему году,Kyzylorda,88.7
2016,в процентах к предыдущему году,Mangistau,99.6
2016,в процентах к предыдущему году,Ontustik Kazakhstan,101.0
2016,в процентах к предыдущему году,Pavlodar,100.7
2016,в процентах к предыдущему году,Soltustik Kazakhstan,102.8
2016,в процентах к предыдущему году,Shygys Kazakhstan,102.5
2016,в процентах к предыдущему году,Nur-Sultan city,102.5
2016,в процентах к предыдущему году,Almaty city,99.3
2017,в процентах к предыдущему году,,104.3
2017,в процентах к предыдущему году,Akmola,105.9
2017,в процентах к предыдущему году,Aktobe,106.3
2017,в процентах к предыдущему году,Almaty,103.7
2017,в процентах к предыдущему году,Atyrau,116.4
2017,в процентах к предыдущему году,Batys Kazakhstan,103.4
2017,в процентах к предыдущему году,Zhambyl,104.7
2017,в процентах к предыдущему году,Karagandy,107.9
2017,в процентах к предыдущему году,Kostanay,107.7
2017,в процентах к предыдущему году,Kyzylorda,96.7
2017,в процентах к предыдущему году,Mangistau,101.0
2017,в процентах к предыдущему году,Ontustik Kazakhstan,105.9
2017,в процентах к предыдущему году,Pavlodar,107.5
2017,в процентах к предыдущему году,Soltustik Kazakhstan,107.9
2017,в процентах к предыдущему году,Shygys Kazakhstan,101.9
2017,в процентах к предыдущему году,Nur-Sultan city,97.4
2017,в процентах к предыдущему году,Almaty city,102.1
2018,в процентах к предыдущему году,,103.1
2018,в процентах к предыдущему году,Akmola,103.0
2018,в процентах к предыдущему году,Aktobe,104.1
2018,в процентах к предыдущему году,Almaty,103.5
2018,в процентах к предыдущему году,Atyrau,108.6
2018,в процентах к предыдущему году,Batys Kazakhstan,97.9
2018,в процентах к предыдущему году,Zhambyl,102.5
2018,в процентах к предыдущему году,Karagandy,103.0
2018,в процентах к предыдущему году,Kostanay,109.8
2018,в процентах к предыдущему году,Kyzylorda,99.2
2018,в процентах к предыдущему году,Mangistau,92.3
2018,в процентах к предыдущему году,Pavlodar,105.6
2018,в процентах к предыдущему году,Soltustik Kazakhstan,102.2
2018,в процентах к предыдущему году,Turkistan,101.1
2018,в процентах к предыдущему году,Shygys Kazakhstan,110.3
2018,в процентах к предыдущему году,Nur-Sultan city,88.0
2018,в процентах к предыдущему году,Almaty city,102.0
2018,в процентах к предыдущему году,Shymkent city,110.8
2019,в процентах к предыдущему году,,103.7
2019,в процентах к предыдущему году,Akmola,104.6
2019,в процентах к предыдущему году,Aktobe,105.7
2019,в процентах к предыдущему году,Almaty,104.7
2019,в процентах к предыдущему году,Atyrau,106.7
2019,в процентах к предыдущему году,Batys Kazakhstan,98.9
2019,в процентах к предыдущему году,Zhambyl,105.9
2019,в процентах к предыдущему году,Karagandy,107.0
2019,в процентах к предыдущему году,Kostanay,105.1
2019,в процентах к предыдущему году,Kyzylorda,101.2
2019,в процентах к предыдущему году,Mangistau,99.6
2019,в процентах к предыдущему году,Pavlodar,103.7
2019,в процентах к предыдущему году,Soltustik Kazakhstan,105.7
2019,в процентах к предыдущему году,Turkistan,108.4
2019,в процентах к предыдущему году,Shygys Kazakhstan,105.1
2019,в процентах к предыдущему году,Nur-Sultan city,92.9
2019,в процентах к предыдущему году,Almaty city,103.0
2019,в процентах к предыдущему году,Shymkent city,97.1
