Year,Units,Регионы,Пол,Местность,Возраст,GeoCode,Value
2012,процент,,,,,,13.4
2013,процент,,,,,,13.0
2014,процент,,,,,,16.5
2015,процент,,,,,,14.4
2016,процент,,,,,,12.3
2017,процент,,,,,,9.8
2018,процент,,,,,,8.8
2012,процент,Акмолинская,,,,KZ03,10.9
2013,процент,Акмолинская,,,,KZ03,11.5
2014,процент,Акмолинская,,,,KZ03,15.7
2015,процент,Акмолинская,,,,KZ03,13.2
2016,процент,Акмолинская,,,,KZ03,11.4
2017,процент,Акмолинская,,,,KZ03,10.6
2018,процент,Акмолинская,,,,KZ03,9.7
2012,процент,Актюбинская,,,,KZ04,12.9
2013,процент,Актюбинская,,,,KZ04,12.1
2014,процент,Актюбинская,,,,KZ04,12.8
2015,процент,Актюбинская,,,,KZ04,11.1
2016,процент,Актюбинская,,,,KZ04,7.9
2017,процент,Актюбинская,,,,KZ04,2.3
2018,процент,Актюбинская,,,,KZ04,3.6
2012,процент,Алматинская,,,,KZ01,19.6
2013,процент,Алматинская,,,,KZ01,16.8
2014,процент,Алматинская,,,,KZ01,18.5
2015,процент,Алматинская,,,,KZ01,19.5
2016,процент,Алматинская,,,,KZ01,14.8
2017,процент,Алматинская,,,,KZ01,13.7
2018,процент,Алматинская,,,,KZ01,12.2
2012,процент,Атырауская,,,,KZ06,6.1
2013,процент,Атырауская,,,,KZ06,5.1
2014,процент,Атырауская,,,,KZ06,4.9
2015,процент,Атырауская,,,,KZ06,4.9
2016,процент,Атырауская,,,,KZ06,3.3
2017,процент,Атырауская,,,,KZ06,5.1
2018,процент,Атырауская,,,,KZ06,4.4
2012,процент,Западно-Казахстанская,,,,KZ07,3.9
2013,процент,Западно-Казахстанская,,,,KZ07,9.3
2014,процент,Западно-Казахстанская,,,,KZ07,12.5
2015,процент,Западно-Казахстанская,,,,KZ07,12.5
2016,процент,Западно-Казахстанская,,,,KZ07,11.2
2017,процент,Западно-Казахстанская,,,,KZ07,11.7
2018,процент,Западно-Казахстанская,,,,KZ07,11.8
2012,процент,Жамбылская,,,,KZ17,10.1
2013,процент,Жамбылская,,,,KZ17,25.1
2014,процент,Жамбылская,,,,KZ17,27.9
2015,процент,Жамбылская,,,,KZ17,19.8
2016,процент,Жамбылская,,,,KZ17,20.5
2017,процент,Жамбылская,,,,KZ17,10.5
2018,процент,Жамбылская,,,,KZ17,13.3
2012,процент,Карагандинская,,,,KZ12,18.4
2013,процент,Карагандинская,,,,KZ12,15.6
2014,процент,Карагандинская,,,,KZ12,17.8
2015,процент,Карагандинская,,,,KZ12,17.4
2016,процент,Карагандинская,,,,KZ12,15.0
2017,процент,Карагандинская,,,,KZ12,14.0
2018,процент,Карагандинская,,,,KZ12,15.5
2012,процент,Костанайская,,,,KZ13,10.4
2013,процент,Костанайская,,,,KZ13,11.8
2014,процент,Костанайская,,,,KZ13,13.0
2015,процент,Костанайская,,,,KZ13,18.8
2016,процент,Костанайская,,,,KZ13,16.2
2017,процент,Костанайская,,,,KZ13,9.1
2018,процент,Костанайская,,,,KZ13,7.6
2012,процент,Кызылординская,,,,KZ14,13.2
2013,процент,Кызылординская,,,,KZ14,11.2
2014,процент,Кызылординская,,,,KZ14,14.3
2015,процент,Кызылординская,,,,KZ14,17.9
2016,процент,Кызылординская,,,,KZ14,10.1
2017,процент,Кызылординская,,,,KZ14,8.3
2018,процент,Кызылординская,,,,KZ14,6.6
2012,процент,Мангистауская,,,,KZ09,2.4
2013,процент,Мангистауская,,,,KZ09,5.6
2014,процент,Мангистауская,,,,KZ09,6.8
2015,процент,Мангистауская,,,,KZ09,5.2
2016,процент,Мангистауская,,,,KZ09,2.4
2017,процент,Мангистауская,,,,KZ09,2.3
2018,процент,Мангистауская,,,,KZ09,2.8
2012,процент,Южно-Казахстанская,,,,KZ10,19.7
2013,процент,Южно-Казахстанская,,,,KZ10,16.0
2014,процент,Южно-Казахстанская,,,,KZ10,17.1
2015,процент,Южно-Казахстанская,,,,KZ10,10.0
2016,процент,Южно-Казахстанская,,,,KZ10,8.2
2017,процент,Южно-Казахстанская,,,,KZ10,4.8
2012,процент,Павлодарская,,,,KZ11,14.8
2013,процент,Павлодарская,,,,KZ11,14.7
2014,процент,Павлодарская,,,,KZ11,15.3
2015,процент,Павлодарская,,,,KZ11,10.4
2016,процент,Павлодарская,,,,KZ11,13.0
2017,процент,Павлодарская,,,,KZ11,9.4
2018,процент,Павлодарская,,,,KZ11,3.2
2012,процент,Северо-Казахстанская,,,,KZ16,13.9
2013,процент,Северо-Казахстанская,,,,KZ16,14.6
2014,процент,Северо-Казахстанская,,,,KZ16,17.7
2015,процент,Северо-Казахстанская,,,,KZ16,14.5
2016,процент,Северо-Казахстанская,,,,KZ16,10.1
2017,процент,Северо-Казахстанская,,,,KZ16,6.4
2018,процент,Северо-Казахстанская,,,,KZ16,7.0
2018,процент,Туркестанская,,,,KZ10,4.9
2012,процент,Восточно-Казахстанская,,,,KZ15,16.0
2013,процент,Восточно-Казахстанская,,,,KZ15,13.9
2014,процент,Восточно-Казахстанская,,,,KZ15,18.3
2015,процент,Восточно-Казахстанская,,,,KZ15,14.1
2016,процент,Восточно-Казахстанская,,,,KZ15,9.0
2017,процент,Восточно-Казахстанская,,,,KZ15,6.5
2018,процент,Восточно-Казахстанская,,,,KZ15,3.9
2012,процент,г_Нур-Султан,,,,KZ05,13.3
2013,процент,г_Нур-Султан,,,,KZ05,4.8
2014,процент,г_Нур-Султан,,,,KZ05,23.1
2015,процент,г_Нур-Султан,,,,KZ05,26.7
2016,процент,г_Нур-Султан,,,,KZ05,17.3
2017,процент,г_Нур-Султан,,,,KZ05,24.6
2018,процент,г_Нур-Султан,,,,KZ05,16.6
2012,процент,г_Алматы,,,,KZ02,9.9
2013,процент,г_Алматы,,,,KZ02,10.5
2014,процент,г_Алматы,,,,KZ02,14.8
2015,процент,г_Алматы,,,,KZ02,11.4
2016,процент,г_Алматы,,,,KZ02,17.2
2017,процент,г_Алматы,,,,KZ02,10.5
2018,процент,г_Алматы,,,,KZ02,10.9
2018,процент,г_Шымкент,,,,KZ18,4.4
2012,процент,,мужчины,,,,13.2
2013,процент,,мужчины,,,,13.1
2014,процент,,мужчины,,,,17.1
2015,процент,,мужчины,,,,15.0
2016,процент,,мужчины,,,,12.4
2017,процент,,мужчины,,,,10.0
2018,процент,,мужчины,,,,9.2
2012,процент,Акмолинская,мужчины,,,,11.9
2013,процент,Акмолинская,мужчины,,,,13.7
2014,процент,Акмолинская,мужчины,,,,18.3
2015,процент,Акмолинская,мужчины,,,,15.6
2016,процент,Акмолинская,мужчины,,,,13.6
2017,процент,Акмолинская,мужчины,,,,12.7
2018,процент,Акмолинская,мужчины,,,,11.2
2012,процент,Актюбинская,мужчины,,,,10.0
2013,процент,Актюбинская,мужчины,,,,13.4
2014,процент,Актюбинская,мужчины,,,,12.4
2015,процент,Актюбинская,мужчины,,,,10.5
2016,процент,Актюбинская,мужчины,,,,8.0
2017,процент,Актюбинская,мужчины,,,,2.6
2018,процент,Актюбинская,мужчины,,,,3.5
2012,процент,Алматинская,мужчины,,,,22.0
2013,процент,Алматинская,мужчины,,,,17.7
2014,процент,Алматинская,мужчины,,,,21.2
2015,процент,Алматинская,мужчины,,,,22.5
2016,процент,Алматинская,мужчины,,,,16.1
2017,процент,Алматинская,мужчины,,,,15.6
2018,процент,Алматинская,мужчины,,,,13.8
2012,процент,Атырауская,мужчины,,,,5.8
2013,процент,Атырауская,мужчины,,,,4.8
2014,процент,Атырауская,мужчины,,,,5.7
2015,процент,Атырауская,мужчины,,,,5.2
2016,процент,Атырауская,мужчины,,,,4.0
2017,процент,Атырауская,мужчины,,,,3.8
2018,процент,Атырауская,мужчины,,,,3.3
2012,процент,Западно-Казахстанская,мужчины,,,,3.7
2013,процент,Западно-Казахстанская,мужчины,,,,9.6
2014,процент,Западно-Казахстанская,мужчины,,,,13.3
2015,процент,Западно-Казахстанская,мужчины,,,,12.7
2016,процент,Западно-Казахстанская,мужчины,,,,10.4
2017,процент,Западно-Казахстанская,мужчины,,,,11.3
2018,процент,Западно-Казахстанская,мужчины,,,,11.7
2012,процент,Жамбылская,мужчины,,,,9.7
2013,процент,Жамбылская,мужчины,,,,25.4
2014,процент,Жамбылская,мужчины,,,,29.4
2015,процент,Жамбылская,мужчины,,,,22.3
2016,процент,Жамбылская,мужчины,,,,21.6
2017,процент,Жамбылская,мужчины,,,,12.3
2018,процент,Жамбылская,мужчины,,,,15.0
2012,процент,Карагандинская,мужчины,,,,16.5
2013,процент,Карагандинская,мужчины,,,,13.3
2014,процент,Карагандинская,мужчины,,,,16.4
2015,процент,Карагандинская,мужчины,,,,16.1
2016,процент,Карагандинская,мужчины,,,,12.8
2017,процент,Карагандинская,мужчины,,,,12.4
2018,процент,Карагандинская,мужчины,,,,15.2
2012,процент,Костанайская,мужчины,,,,9.1
2013,процент,Костанайская,мужчины,,,,10.4
2014,процент,Костанайская,мужчины,,,,12.2
2015,процент,Костанайская,мужчины,,,,16.6
2016,процент,Костанайская,мужчины,,,,16.3
2017,процент,Костанайская,мужчины,,,,9.6
2018,процент,Костанайская,мужчины,,,,9.8
2012,процент,Кызылординская,мужчины,,,,12.5
2013,процент,Кызылординская,мужчины,,,,12.1
2014,процент,Кызылординская,мужчины,,,,14.8
2015,процент,Кызылординская,мужчины,,,,19.7
2016,процент,Кызылординская,мужчины,,,,10.1
2017,процент,Кызылординская,мужчины,,,,8.6
2018,процент,Кызылординская,мужчины,,,,7.1
2012,процент,Мангистауская,мужчины,,,,2.3
2013,процент,Мангистауская,мужчины,,,,4.3
2014,процент,Мангистауская,мужчины,,,,5.2
2015,процент,Мангистауская,мужчины,,,,5.2
2016,процент,Мангистауская,мужчины,,,,2.5
2017,процент,Мангистауская,мужчины,,,,2.2
2018,процент,Мангистауская,мужчины,,,,2.3
2012,процент,Южно-Казахстанская,мужчины,,,,21.7
2013,процент,Южно-Казахстанская,мужчины,,,,18.1
2014,процент,Южно-Казахстанская,мужчины,,,,20.8
2015,процент,Южно-Казахстанская,мужчины,,,,12.5
2016,процент,Южно-Казахстанская,мужчины,,,,9.7
2017,процент,Южно-Казахстанская,мужчины,,,,5.5
2012,процент,Павлодарская,мужчины,,,,13.2
2013,процент,Павлодарская,мужчины,,,,11.8
2014,процент,Павлодарская,мужчины,,,,13.0
2015,процент,Павлодарская,мужчины,,,,7.2
2016,процент,Павлодарская,мужчины,,,,9.2
2017,процент,Павлодарская,мужчины,,,,7.6
2018,процент,Павлодарская,мужчины,,,,2.2
2012,процент,Северо-Казахстанская,мужчины,,,,11.9
2013,процент,Северо-Казахстанская,мужчины,,,,12.9
2014,процент,Северо-Казахстанская,мужчины,,,,19.4
2015,процент,Северо-Казахстанская,мужчины,,,,15.5
2016,процент,Северо-Казахстанская,мужчины,,,,9.7
2017,процент,Северо-Казахстанская,мужчины,,,,6.7
2018,процент,Северо-Казахстанская,мужчины,,,,7.2
2018,процент,Туркестанская,мужчины,,,,6.2
2012,процент,Восточно-Казахстанская,мужчины,,,,13.2
2013,процент,Восточно-Казахстанская,мужчины,,,,12.6
2014,процент,Восточно-Казахстанская,мужчины,,,,16.6
2015,процент,Восточно-Казахстанская,мужчины,,,,12.6
2016,процент,Восточно-Казахстанская,мужчины,,,,7.2
2017,процент,Восточно-Казахстанская,мужчины,,,,6.4
2018,процент,Восточно-Казахстанская,мужчины,,,,33.3
2012,процент,г_Нур-Султан,мужчины,,,,12.4
2013,процент,г_Нур-Султан,мужчины,,,,5.4
2014,процент,г_Нур-Султан,мужчины,,,,23.0
2015,процент,г_Нур-Султан,мужчины,,,,27.4
2016,процент,г_Нур-Султан,мужчины,,,,19.0
2017,процент,г_Нур-Султан,мужчины,,,,25.2
2018,процент,г_Нур-Султан,мужчины,,,,16.0
2012,процент,г_Алматы,мужчины,,,,10.6
2013,процент,г_Алматы,мужчины,,,,11.8
2014,процент,г_Алматы,мужчины,,,,15.4
2015,процент,г_Алматы,мужчины,,,,11.7
2016,процент,г_Алматы,мужчины,,,,17.5
2017,процент,г_Алматы,мужчины,,,,10.5
2018,процент,г_Алматы,мужчины,,,,11.4
2018,процент,г_Шымкент,мужчины,,,,4.5
2012,процент,,женщины,,,,13.7
2013,процент,,женщины,,,,12.8
2014,процент,,женщины,,,,15.8
2015,процент,,женщины,,,,13.8
2016,процент,,женщины,,,,12.3
2017,процент,,женщины,,,,9.6
2018,процент,,женщины,,,,8.7
2012,процент,Акмолинская,женщины,,,,9.9
2013,процент,Акмолинская,женщины,,,,9.5
2014,процент,Акмолинская,женщины,,,,13.3
2015,процент,Акмолинская,женщины,,,,11.2
2016,процент,Акмолинская,женщины,,,,9.5
2017,процент,Акмолинская,женщины,,,,8.7
2018,процент,Акмолинская,женщины,,,,7.6
2012,процент,Актюбинская,женщины,,,,15.8
2013,процент,Актюбинская,женщины,,,,10.8
2014,процент,Актюбинская,женщины,,,,13.2
2015,процент,Актюбинская,женщины,,,,11.7
2016,процент,Актюбинская,женщины,,,,7.8
2017,процент,Актюбинская,женщины,,,,2.0
2018,процент,Актюбинская,женщины,,,,3.8
2012,процент,Алматинская,женщины,,,,17.0
2013,процент,Алматинская,женщины,,,,15.8
2014,процент,Алматинская,женщины,,,,15.4
2015,процент,Алматинская,женщины,,,,16.0
2016,процент,Алматинская,женщины,,,,13.4
2017,процент,Алматинская,женщины,,,,11.8
2018,процент,Алматинская,женщины,,,,10.3
2012,процент,Атырауская,женщины,,,,6.5
2013,процент,Атырауская,женщины,,,,5.5
2014,процент,Атырауская,женщины,,,,3.9
2015,процент,Атырауская,женщины,,,,4.7
2016,процент,Атырауская,женщины,,,,2.5
2017,процент,Атырауская,женщины,,,,6.5
2018,процент,Атырауская,женщины,,,,5.9
2012,процент,Западно-Казахстанская,женщины,,,,4.2
2013,процент,Западно-Казахстанская,женщины,,,,9.0
2014,процент,Западно-Казахстанская,женщины,,,,11.7
2015,процент,Западно-Казахстанская,женщины,,,,12.2
2016,процент,Западно-Казахстанская,женщины,,,,12.0
2017,процент,Западно-Казахстанская,женщины,,,,12.2
2018,процент,Западно-Казахстанская,женщины,,,,13.5
2012,процент,Жамбылская,женщины,,,,10.5
2013,процент,Жамбылская,женщины,,,,24.8
2014,процент,Жамбылская,женщины,,,,26.3
2015,процент,Жамбылская,женщины,,,,17.1
2016,процент,Жамбылская,женщины,,,,19.3
2017,процент,Жамбылская,женщины,,,,8.5
2018,процент,Жамбылская,женщины,,,,12.2
2012,процент,Карагандинская,женщины,,,,20.5
2013,процент,Карагандинская,женщины,,,,17.8
2014,процент,Карагандинская,женщины,,,,19.4
2015,процент,Карагандинская,женщины,,,,18.7
2016,процент,Карагандинская,женщины,,,,17.3
2017,процент,Карагандинская,женщины,,,,15.9
2018,процент,Карагандинская,женщины,,,,18.5
2012,процент,Костанайская,женщины,,,,11.6
2013,процент,Костанайская,женщины,,,,13.0
2014,процент,Костанайская,женщины,,,,13.8
2015,процент,Костанайская,женщины,,,,20.9
2016,процент,Костанайская,женщины,,,,16.0
2017,процент,Костанайская,женщины,,,,8.6
2018,процент,Костанайская,женщины,,,,5.5
2012,процент,Кызылординская,женщины,,,,13.8
2013,процент,Кызылординская,женщины,,,,10.2
2014,процент,Кызылординская,женщины,,,,13.7
2015,процент,Кызылординская,женщины,,,,15.9
2016,процент,Кызылординская,женщины,,,,10.2
2017,процент,Кызылординская,женщины,,,,7.9
2018,процент,Кызылординская,женщины,,,,6.4
2012,процент,Мангистауская,женщины,,,,2.7
2013,процент,Мангистауская,женщины,,,,7.2
2014,процент,Мангистауская,женщины,,,,8.9
2015,процент,Мангистауская,женщины,,,,5.2
2016,процент,Мангистауская,женщины,,,,2.2
2017,процент,Мангистауская,женщины,,,,2.4
2018,процент,Мангистауская,женщины,,,,3.5
2012,процент,Южно-Казахстанская,женщины,,,,17.2
2013,процент,Южно-Казахстанская,женщины,,,,13.4
2014,процент,Южно-Казахстанская,женщины,,,,13.0
2015,процент,Южно-Казахстанская,женщины,,,,7.3
2016,процент,Южно-Казахстанская,женщины,,,,6.4
2017,процент,Южно-Казахстанская,женщины,,,,4.0
2012,процент,Павлодарская,женщины,,,,16.5
2013,процент,Павлодарская,женщины,,,,17.8
2014,процент,Павлодарская,женщины,,,,17.5
2015,процент,Павлодарская,женщины,,,,13.3
2016,процент,Павлодарская,женщины,,,,16.5
2017,процент,Павлодарская,женщины,,,,11.0
2018,процент,Павлодарская,женщины,,,,4.2
2012,процент,Северо-Казахстанская,женщины,,,,15.7
2013,процент,Северо-Казахстанская,женщины,,,,16.2
2014,процент,Северо-Казахстанская,женщины,,,,16.1
2015,процент,Северо-Казахстанская,женщины,,,,13.6
2016,процент,Северо-Казахстанская,женщины,,,,10.5
2017,процент,Северо-Казахстанская,женщины,,,,6.1
2018,процент,Северо-Казахстанская,женщины,,,,6.7
2018,процент,Туркестанская,женщины,,,,2.9
2012,процент,Восточно-Казахстанская,женщины,,,,18.9
2013,процент,Восточно-Казахстанская,женщины,,,,15.1
2014,процент,Восточно-Казахстанская,женщины,,,,20.1
2015,процент,Восточно-Казахстанская,женщины,,,,15.7
2016,процент,Восточно-Казахстанская,женщины,,,,10.8
2017,процент,Восточно-Казахстанская,женщины,,,,6.6
2018,процент,Восточно-Казахстанская,женщины,,,,4.4
2012,процент,г_Нур-Султан,женщины,,,,14.2
2013,процент,г_Нур-Султан,женщины,,,,4.3
2014,процент,г_Нур-Султан,женщины,,,,23.1
2015,процент,г_Нур-Султан,женщины,,,,25.9
2016,процент,г_Нур-Султан,женщины,,,,15.6
2017,процент,г_Нур-Султан,женщины,,,,23.9
2018,процент,г_Нур-Султан,женщины,,,,20.8
2012,процент,г_Алматы,женщины,,,,9.2
2013,процент,г_Алматы,женщины,,,,9.2
2014,процент,г_Алматы,женщины,,,,14.2
2015,процент,г_Алматы,женщины,,,,11.1
2016,процент,г_Алматы,женщины,,,,17.0
2017,процент,г_Алматы,женщины,,,,10.5
2018,процент,г_Алматы,женщины,,,,11.6
2018,процент,г_Шымкент,женщины,,,,4.5
2012,процент,,,город,,,14.1
2013,процент,,,город,,,12.9
2014,процент,,,город,,,17.9
2015,процент,,,город,,,15.5
2016,процент,,,город,,,14.0
2017,процент,,,город,,,10.7
2018,процент,,,город,,,9.6
2012,процент,Акмолинская,,город,,,12.7
2013,процент,Акмолинская,,город,,,11.5
2014,процент,Акмолинская,,город,,,16.5
2015,процент,Акмолинская,,город,,,14.4
2016,процент,Акмолинская,,город,,,12.1
2017,процент,Акмолинская,,город,,,10.4
2018,процент,Акмолинская,,город,,,10.4
2012,процент,Актюбинская,,город,,,12.4
2013,процент,Актюбинская,,город,,,11.0
2014,процент,Актюбинская,,город,,,13.0
2015,процент,Актюбинская,,город,,,11.8
2016,процент,Актюбинская,,город,,,7.9
2017,процент,Актюбинская,,город,,,2.0
2018,процент,Актюбинская,,город,,,3.2
2012,процент,Алматинская,,город,,,19.1
2013,процент,Алматинская,,город,,,11.7
2014,процент,Алматинская,,город,,,22.0
2015,процент,Алматинская,,город,,,16.8
2016,процент,Алматинская,,город,,,15.9
2017,процент,Алматинская,,город,,,14.5
2018,процент,Алматинская,,город,,,15.9
2012,процент,Атырауская,,город,,,3.2
2013,процент,Атырауская,,город,,,3.1
2014,процент,Атырауская,,город,,,2.5
2015,процент,Атырауская,,город,,,2.8
2016,процент,Атырауская,,город,,,2.2
2017,процент,Атырауская,,город,,,4.3
2018,процент,Атырауская,,город,,,4.0
2012,процент,Западно-Казахстанская,,город,,,5.1
2013,процент,Западно-Казахстанская,,город,,,10.4
2014,процент,Западно-Казахстанская,,город,,,12.6
2015,процент,Западно-Казахстанская,,город,,,12.5
2016,процент,Западно-Казахстанская,,город,,,11.3
2017,процент,Западно-Казахстанская,,город,,,12.3
2018,процент,Западно-Казахстанская,,город,,,12.3
2012,процент,Жамбылская,,город,,,12.0
2013,процент,Жамбылская,,город,,,30.3
2014,процент,Жамбылская,,город,,,37.6
2015,процент,Жамбылская,,город,,,23.6
2016,процент,Жамбылская,,город,,,24.9
2017,процент,Жамбылская,,город,,,10.3
2018,процент,Жамбылская,,город,,,16.3
2012,процент,Карагандинская,,город,,,20.4
2013,процент,Карагандинская,,город,,,17.2
2014,процент,Карагандинская,,город,,,19.0
2015,процент,Карагандинская,,город,,,18.9
2016,процент,Карагандинская,,город,,,16.3
2017,процент,Карагандинская,,город,,,15.2
2018,процент,Карагандинская,,город,,,17.1
2012,процент,Костанайская,,город,,,11.1
2013,процент,Костанайская,,город,,,12.7
2014,процент,Костанайская,,город,,,13.0
2015,процент,Костанайская,,город,,,22.1
2016,процент,Костанайская,,город,,,18.0
2017,процент,Костанайская,,город,,,8.4
2018,процент,Костанайская,,город,,,5.4
2012,процент,Кызылординская,,город,,,10.6
2013,процент,Кызылординская,,город,,,10.4
2014,процент,Кызылординская,,город,,,13.1
2015,процент,Кызылординская,,город,,,15.6
2016,процент,Кызылординская,,город,,,11.4
2017,процент,Кызылординская,,город,,,9.0
2018,процент,Кызылординская,,город,,,6.6
2012,процент,Мангистауская,,город,,,2.1
2013,процент,Мангистауская,,город,,,6.6
2014,процент,Мангистауская,,город,,,9.3
2015,процент,Мангистауская,,город,,,7.4
2016,процент,Мангистауская,,город,,,2.4
2017,процент,Мангистауская,,город,,,2.0
2018,процент,Мангистауская,,город,,,2.7
2012,процент,Южно-Казахстанская,,город,,,23.7
2013,процент,Южно-Казахстанская,,город,,,17.9
2014,процент,Южно-Казахстанская,,город,,,20.8
2015,процент,Южно-Казахстанская,,город,,,13.7
2016,процент,Южно-Казахстанская,,город,,,12.1
2017,процент,Южно-Казахстанская,,город,,,4.8
2012,процент,Павлодарская,,город,,,15.3
2013,процент,Павлодарская,,город,,,15.4
2014,процент,Павлодарская,,город,,,14.8
2015,процент,Павлодарская,,город,,,10.4
2016,процент,Павлодарская,,город,,,13.2
2017,процент,Павлодарская,,город,,,9.7
2018,процент,Павлодарская,,город,,,3.1
2012,процент,Северо-Казахстанская,,город,,,18.3
2013,процент,Северо-Казахстанская,,город,,,18.5
2014,процент,Северо-Казахстанская,,город,,,23.6
2015,процент,Северо-Казахстанская,,город,,,19.3
2016,процент,Северо-Казахстанская,,город,,,12.6
2017,процент,Северо-Казахстанская,,город,,,6.7
2018,процент,Северо-Казахстанская,,город,,,6.9
2018,процент,Туркестанская,,город,,,6.8
2012,процент,Восточно-Казахстанская,,город,,,16.7
2013,процент,Восточно-Казахстанская,,город,,,13.5
2014,процент,Восточно-Казахстанская,,город,,,19.5
2015,процент,Восточно-Казахстанская,,город,,,14.6
2016,процент,Восточно-Казахстанская,,город,,,10.4
2017,процент,Восточно-Казахстанская,,город,,,7.4
2018,процент,Восточно-Казахстанская,,город,,,4.4
2012,процент,г_Нур-Султан,,город,,,13.3
2013,процент,г_Нур-Султан,,город,,,4.8
2014,процент,г_Нур-Султан,,город,,,23.1
2015,процент,г_Нур-Султан,,город,,,26.7
2016,процент,г_Нур-Султан,,город,,,17.3
2017,процент,г_Нур-Султан,,город,,,24.6
2018,процент,г_Нур-Султан,,город,,,16.6
2012,процент,г_Алматы,,город,,,9.9
2013,процент,г_Алматы,,город,,,10.5
2014,процент,г_Алматы,,город,,,14.8
2015,процент,г_Алматы,,город,,,11.4
2016,процент,г_Алматы,,город,,,17.2
2017,процент,г_Алматы,,город,,,10.5
2018,процент,г_Алматы,,город,,,10.9
2018,процент,г_Шымкент,,город,,,4.4
2012,процент,,,село,,,12.1
2013,процент,,,село,,,13.1
2014,процент,,,село,,,13.7
2015,процент,,,село,,,12.2
2016,процент,,,село,,,9.1
2017,процент,,,село,,,8.1
2018,процент,,,село,,,6.5
2012,процент,Акмолинская,,село,,,7.9
2013,процент,Акмолинская,,село,,,11.5
2014,процент,Акмолинская,,село,,,14.2
2015,процент,Акмолинская,,село,,,11.3
2016,процент,Акмолинская,,село,,,10.3
2017,процент,Акмолинская,,село,,,10.8
2018,процент,Акмолинская,,село,,,6.0
2012,процент,Актюбинская,,село,,,14.2
2013,процент,Актюбинская,,село,,,14.7
2014,процент,Актюбинская,,село,,,12.3
2015,процент,Актюбинская,,село,,,9.4
2016,процент,Актюбинская,,село,,,8.0
2017,процент,Актюбинская,,село,,,3.0
2018,процент,Актюбинская,,село,,,4.7
2012,процент,Алматинская,,село,,,19.8
2013,процент,Алматинская,,село,,,18.7
2014,процент,Алматинская,,село,,,17.1
2015,процент,Алматинская,,село,,,20.5
2016,процент,Алматинская,,село,,,14.4
2017,процент,Алматинская,,село,,,13.4
2018,процент,Алматинская,,село,,,10.2
2012,процент,Атырауская,,село,,,9.3
2013,процент,Атырауская,,село,,,7.3
2014,процент,Атырауская,,село,,,7.4
2015,процент,Атырауская,,село,,,7.2
2016,процент,Атырауская,,село,,,4.4
2017,процент,Атырауская,,село,,,5.9
2018,процент,Атырауская,,село,,,5.0
2012,процент,Западно-Казахстанская,,село,,,2.0
2013,процент,Западно-Казахстанская,,село,,,7.6
2014,процент,Западно-Казахстанская,,село,,,12.3
2015,процент,Западно-Казахстанская,,село,,,12.4
2016,процент,Западно-Казахстанская,,село,,,11.1
2017,процент,Западно-Казахстанская,,село,,,10.8
2018,процент,Западно-Казахстанская,,село,,,11.6
2012,процент,Жамбылская,,село,,,8.0
2013,процент,Жамбылская,,село,,,19.7
2014,процент,Жамбылская,,село,,,14.5
2015,процент,Жамбылская,,село,,,15.7
2016,процент,Жамбылская,,село,,,16.0
2017,процент,Жамбылская,,село,,,10.7
2018,процент,Жамбылская,,село,,,9.7
2012,процент,Карагандинская,,село,,,7.9
2013,процент,Карагандинская,,село,,,6.2
2014,процент,Карагандинская,,село,,,12.0
2015,процент,Карагандинская,,село,,,9.5
2016,процент,Карагандинская,,село,,,8.8
2017,процент,Карагандинская,,село,,,8.6
2018,процент,Карагандинская,,село,,,8.2
2012,процент,Костанайская,,село,,,8.8
2013,процент,Костанайская,,село,,,9.5
2014,процент,Костанайская,,село,,,13.0
2015,процент,Костанайская,,село,,,11.1
2016,процент,Костанайская,,село,,,11.9
2017,процент,Костанайская,,село,,,10.3
2018,процент,Костанайская,,село,,,9.8
2012,процент,Кызылординская,,село,,,15.5
2013,процент,Кызылординская,,село,,,12.0
2014,процент,Кызылординская,,село,,,15.3
2015,процент,Кызылординская,,село,,,19.7
2016,процент,Кызылординская,,село,,,8.9
2017,процент,Кызылординская,,село,,,7.6
2018,процент,Кызылординская,,село,,,6.7
2012,процент,Мангистауская,,село,,,2.8
2013,процент,Мангистауская,,село,,,4.3
2014,процент,Мангистауская,,село,,,3.3
2015,процент,Мангистауская,,село,,,2.5
2016,процент,Мангистауская,,село,,,2.5
2017,процент,Мангистауская,,село,,,2.5
2018,процент,Мангистауская,,село,,,3.0
2012,процент,Южно-Казахстанская,,село,,,13.6
2013,процент,Южно-Казахстанская,,село,,,13.6
2014,процент,Южно-Казахстанская,,село,,,14.2
2015,процент,Южно-Казахстанская,,село,,,6.2
2016,процент,Южно-Казахстанская,,село,,,4.4
2017,процент,Южно-Казахстанская,,село,,,4.8
2012,процент,Павлодарская,,село,,,13.2
2013,процент,Павлодарская,,село,,,12.0
2014,процент,Павлодарская,,село,,,17.7
2015,процент,Павлодарская,,село,,,10.1
2016,процент,Павлодарская,,село,,,12.2
2017,процент,Павлодарская,,село,,,7.5
2018,процент,Павлодарская,,село,,,2.8
2012,процент,Северо-Казахстанская,,село,,,6.9
2013,процент,Северо-Казахстанская,,село,,,8.1
2014,процент,Северо-Казахстанская,,село,,,8.7
2015,процент,Северо-Казахстанская,,село,,,7.1
2016,процент,Северо-Казахстанская,,село,,,6.5
2017,процент,Северо-Казахстанская,,село,,,6.0
2018,процент,Северо-Казахстанская,,село,,,5.2
2018,процент,Туркестанская,,село,,,3.7
2012,процент,Восточно-Казахстанская,,село,,,14.0
2013,процент,Восточно-Казахстанская,,село,,,14.9
2014,процент,Восточно-Казахстанская,,село,,,15.1
2015,процент,Восточно-Казахстанская,,село,,,12.9
2016,процент,Восточно-Казахстанская,,село,,,5.6
2017,процент,Восточно-Казахстанская,,село,,,4.5
2018,процент,Восточно-Казахстанская,,село,,,2.1
2012,процент,,,,15,,0.0
2013,процент,,,,15,,0.0
2014,процент,,,,15,,21.3
2015,процент,,,,15,,79.2
2016,процент,,,,15,,0.0
2017,процент,,,,15,,0.0
2018,процент,,,,15,,0.0
2012,процент,,,,16-24,,18.7
2013,процент,,,,16-24,,17.0
2014,процент,,,,16-24,,20.5
2015,процент,,,,16-24,,17.4
2016,процент,,,,16-24,,16.3
2017,процент,,,,16-24,,11.8
2018,процент,,,,16-24,,10.5
2012,процент,,,,25-28,,13.2
2013,процент,,,,25-28,,13.7
2014,процент,,,,25-28,,16.7
2015,процент,,,,25-28,,15.1
2016,процент,,,,25-28,,12.4
2017,процент,,,,25-28,,9.7
2018,процент,,,,25-28,,8.8
2012,процент,,,,29-34,,13.5
2013,процент,,,,29-34,,13.5
2014,процент,,,,29-34,,15.9
2015,процент,,,,29-34,,14.0
2016,процент,,,,29-34,,11.4
2017,процент,,,,29-34,,10.4
2018,процент,,,,29-34,,9.0
2012,процент,,,,35-44,,12.7
2013,процент,,,,35-44,,12.6
2014,процент,,,,35-44,,16.0
2015,процент,,,,35-44,,14.3
2016,процент,,,,35-44,,12.1
2017,процент,,,,35-44,,10.3
2018,процент,,,,35-44,,8.9
2012,процент,,,,45-54,,11.7
2013,процент,,,,45-54,,11.1
2014,процент,,,,45-54,,14.6
2015,процент,,,,45-54,,13.4
2016,процент,,,,45-54,,10.8
2017,процент,,,,45-54,,8.3
2018,процент,,,,45-54,,8.1
2012,процент,,,,55-64,,12.2
2013,процент,,,,55-64,,11.0
2014,процент,,,,55-64,,15.8
2015,процент,,,,55-64,,11.9
2016,процент,,,,55-64,,12.1
2017,процент,,,,55-64,,8.3
2018,процент,,,,55-64,,7.6
2012,процент,,,,65 и старше,,17.2
2013,процент,,,,65 и старше,,27.0
2014,процент,,,,65 и старше,,40.4
2015,процент,,,,65 и старше,,18.2
2016,процент,,,,65 и старше,,27.0
2017,процент,,,,65 и старше,,12.5
2018,процент,,,,65 и старше,,13.8
2012,процент,Акмолинская,,,15,,0.0
2013,процент,Акмолинская,,,15,,0.0
2014,процент,Акмолинская,,,15,,0.0
2015,процент,Акмолинская,,,15,,48.4
2016,процент,Акмолинская,,,15,,0.0
2017,процент,Акмолинская,,,15,,0.0
2018,процент,Акмолинская,,,15,,0.0
2012,процент,Акмолинская,,,16-24,,11.2
2013,процент,Акмолинская,,,16-24,,15.2
2014,процент,Акмолинская,,,16-24,,20.1
2015,процент,Акмолинская,,,16-24,,15.2
2016,процент,Акмолинская,,,16-24,,12.8
2017,процент,Акмолинская,,,16-24,,12.5
2018,процент,Акмолинская,,,16-24,,13.0
2012,процент,Акмолинская,,,25-28,,11.1
2013,процент,Акмолинская,,,25-28,,14.8
2014,процент,Акмолинская,,,25-28,,17.2
2015,процент,Акмолинская,,,25-28,,14.8
2016,процент,Акмолинская,,,25-28,,11.7
2017,процент,Акмолинская,,,25-28,,11.3
2018,процент,Акмолинская,,,25-28,,7.5
2012,процент,Акмолинская,,,29-34,,12.2
2013,процент,Акмолинская,,,29-34,,9.6
2014,процент,Акмолинская,,,29-34,,14.5
2015,процент,Акмолинская,,,29-34,,14.0
2016,процент,Акмолинская,,,29-34,,10.5
2017,процент,Акмолинская,,,29-34,,10.4
2018,процент,Акмолинская,,,29-34,,10.2
2012,процент,Акмолинская,,,35-44,,11.8
2013,процент,Акмолинская,,,35-44,,8.5
2014,процент,Акмолинская,,,35-44,,16.4
2015,процент,Акмолинская,,,35-44,,14.6
2016,процент,Акмолинская,,,35-44,,11.9
2017,процент,Акмолинская,,,35-44,,10.7
2018,процент,Акмолинская,,,35-44,,9.7
2012,процент,Акмолинская,,,45-54,,11.0
2013,процент,Акмолинская,,,45-54,,13.6
2014,процент,Акмолинская,,,45-54,,14.0
2015,процент,Акмолинская,,,45-54,,11.3
2016,процент,Акмолинская,,,45-54,,10.6
2017,процент,Акмолинская,,,45-54,,10.1
2018,процент,Акмолинская,,,45-54,,8.5
2012,процент,Акмолинская,,,55-64,,7.1
2013,процент,Акмолинская,,,55-64,,8.9
2014,процент,Акмолинская,,,55-64,,13.2
2015,процент,Акмолинская,,,55-64,,10.0
2016,процент,Акмолинская,,,55-64,,11.3
2017,процент,Акмолинская,,,55-64,,8.6
2018,процент,Акмолинская,,,55-64,,10.2
2012,процент,Акмолинская,,,65 и старше,,0.0
2013,процент,Акмолинская,,,65 и старше,,6.5
2014,процент,Акмолинская,,,65 и старше,,3.4
2015,процент,Акмолинская,,,65 и старше,,19.9
2016,процент,Акмолинская,,,65 и старше,,15.9
2017,процент,Акмолинская,,,65 и старше,,14.1
2018,процент,Акмолинская,,,65 и старше,,14.4
2012,процент,Актюбинская,,,15,,0.0
2013,процент,Актюбинская,,,15,,0.0
2014,процент,Актюбинская,,,15,,0.0
2015,процент,Актюбинская,,,15,,0.0
2016,процент,Актюбинская,,,15,,0.0
2017,процент,Актюбинская,,,15,,0.0
2018,процент,Актюбинская,,,15,,0.0
2012,процент,Актюбинская,,,16-24,,27.3
2013,процент,Актюбинская,,,16-24,,18.4
2014,процент,Актюбинская,,,16-24,,16.8
2015,процент,Актюбинская,,,16-24,,14.4
2016,процент,Актюбинская,,,16-24,,11.8
2017,процент,Актюбинская,,,16-24,,2.0
2018,процент,Актюбинская,,,16-24,,6.3
2012,процент,Актюбинская,,,25-28,,13.1
2013,процент,Актюбинская,,,25-28,,13.8
2014,процент,Актюбинская,,,25-28,,14.5
2015,процент,Актюбинская,,,25-28,,10.4
2016,процент,Актюбинская,,,25-28,,7.4
2017,процент,Актюбинская,,,25-28,,3.1
2018,процент,Актюбинская,,,25-28,,3.2
2012,процент,Актюбинская,,,29-34,,10.6
2013,процент,Актюбинская,,,29-34,,11.7
2014,процент,Актюбинская,,,29-34,,12.6
2015,процент,Актюбинская,,,29-34,,14.0
2016,процент,Актюбинская,,,29-34,,6.7
2017,процент,Актюбинская,,,29-34,,1.7
2018,процент,Актюбинская,,,29-34,,3.1
2012,процент,Актюбинская,,,35-44,,8.8
2013,процент,Актюбинская,,,35-44,,9.3
2014,процент,Актюбинская,,,35-44,,12.7
2015,процент,Актюбинская,,,35-44,,11.2
2016,процент,Актюбинская,,,35-44,,8.1
2017,процент,Актюбинская,,,35-44,,2.3
2018,процент,Актюбинская,,,35-44,,4.1
2012,процент,Актюбинская,,,45-54,,10.5
2013,процент,Актюбинская,,,45-54,,11.3
2014,процент,Актюбинская,,,45-54,,11.1
2015,процент,Актюбинская,,,45-54,,8.8
2016,процент,Актюбинская,,,45-54,,7.3
2017,процент,Актюбинская,,,45-54,,2.7
2018,процент,Актюбинская,,,45-54,,3.2
2012,процент,Актюбинская,,,55-64,,23.8
2013,процент,Актюбинская,,,55-64,,11.5
2014,процент,Актюбинская,,,55-64,,8.0
2015,процент,Актюбинская,,,55-64,,5.4
2016,процент,Актюбинская,,,55-64,,8.0
2017,процент,Актюбинская,,,55-64,,2.2
2018,процент,Актюбинская,,,55-64,,3.7
2012,процент,Актюбинская,,,65 и старше,,100.0
2013,процент,Актюбинская,,,65 и старше,,22.0
2014,процент,Актюбинская,,,65 и старше,,4.8
2015,процент,Актюбинская,,,65 и старше,,2.2
2016,процент,Актюбинская,,,65 и старше,,4.1
2017,процент,Актюбинская,,,65 и старше,,0.0
2018,процент,Актюбинская,,,65 и старше,,1.7
2012,процент,Алматинская,,,15,,0.0
2013,процент,Алматинская,,,15,,0.0
2014,процент,Алматинская,,,15,,19.5
2015,процент,Алматинская,,,15,,0.0
2016,процент,Алматинская,,,15,,0.0
2017,процент,Алматинская,,,15,,0.0
2018,процент,Алматинская,,,15,,0.0
2012,процент,Алматинская,,,16-24,,25.1
2013,процент,Алматинская,,,16-24,,21.2
2014,процент,Алматинская,,,16-24,,17.8
2015,процент,Алматинская,,,16-24,,19.5
2016,процент,Алматинская,,,16-24,,16.4
2017,процент,Алматинская,,,16-24,,12.9
2018,процент,Алматинская,,,16-24,,13.0
2012,процент,Алматинская,,,25-28,,18.8
2013,процент,Алматинская,,,25-28,,24.6
2014,процент,Алматинская,,,25-28,,18.6
2015,процент,Алматинская,,,25-28,,18.0
2016,процент,Алматинская,,,25-28,,15.0
2017,процент,Алматинская,,,25-28,,13.5
2018,процент,Алматинская,,,25-28,,11.1
2012,процент,Алматинская,,,29-34,,21.2
2013,процент,Алматинская,,,29-34,,20.4
2014,процент,Алматинская,,,29-34,,21.3
2015,процент,Алматинская,,,29-34,,19.5
2016,процент,Алматинская,,,29-34,,14.0
2017,процент,Алматинская,,,29-34,,13.7
2018,процент,Алматинская,,,29-34,,13.2
2012,процент,Алматинская,,,35-44,,17.5
2013,процент,Алматинская,,,35-44,,16.5
2014,процент,Алматинская,,,35-44,,19.6
2015,процент,Алматинская,,,35-44,,20.7
2016,процент,Алматинская,,,35-44,,15.6
2017,процент,Алматинская,,,35-44,,15.2
2018,процент,Алматинская,,,35-44,,11.0
2012,процент,Алматинская,,,45-54,,18.2
2013,процент,Алматинская,,,45-54,,10.7
2014,процент,Алматинская,,,45-54,,17.1
2015,процент,Алматинская,,,45-54,,19.0
2016,процент,Алматинская,,,45-54,,14.8
2017,процент,Алматинская,,,45-54,,13.4
2018,процент,Алматинская,,,45-54,,11.2
2012,процент,Алматинская,,,55-64,,18.4
2013,процент,Алматинская,,,55-64,,8.1
2014,процент,Алматинская,,,55-64,,15.6
2015,процент,Алматинская,,,55-64,,19.0
2016,процент,Алматинская,,,55-64,,10.4
2017,процент,Алматинская,,,55-64,,11.6
2018,процент,Алматинская,,,55-64,,17.0
2012,процент,Алматинская,,,65 и старше,,32.4
2013,процент,Алматинская,,,65 и старше,,11.6
2014,процент,Алматинская,,,65 и старше,,16.2
2015,процент,Алматинская,,,65 и старше,,14.2
2016,процент,Алматинская,,,65 и старше,,8.8
2017,процент,Алматинская,,,65 и старше,,14.3
2018,процент,Алматинская,,,65 и старше,,24.5
2012,процент,Атырауская,,,15,,0.0
2013,процент,Атырауская,,,15,,0.0
2014,процент,Атырауская,,,15,,0.0
2015,процент,Атырауская,,,15,,0.0
2016,процент,Атырауская,,,15,,0.0
2017,процент,Атырауская,,,15,,0.0
2018,процент,Атырауская,,,15,,0.0
2012,процент,Атырауская,,,16-24,,10.1
2013,процент,Атырауская,,,16-24,,6.7
2014,процент,Атырауская,,,16-24,,9.5
2015,процент,Атырауская,,,16-24,,7.1
2016,процент,Атырауская,,,16-24,,5.3
2017,процент,Атырауская,,,16-24,,9.6
2018,процент,Атырауская,,,16-24,,5.9
2012,процент,Атырауская,,,25-28,,4.0
2013,процент,Атырауская,,,25-28,,4.7
2014,процент,Атырауская,,,25-28,,4.4
2015,процент,Атырауская,,,25-28,,4.3
2016,процент,Атырауская,,,25-28,,3.8
2017,процент,Атырауская,,,25-28,,4.2
2018,процент,Атырауская,,,25-28,,3.6
2012,процент,Атырауская,,,29-34,,7.2
2013,процент,Атырауская,,,29-34,,5.6
2014,процент,Атырауская,,,29-34,,3.6
2015,процент,Атырауская,,,29-34,,5.0
2016,процент,Атырауская,,,29-34,,2.2
2017,процент,Атырауская,,,29-34,,4.6
2018,процент,Атырауская,,,29-34,,3.8
2012,процент,Атырауская,,,35-44,,6.8
2013,процент,Атырауская,,,35-44,,7.1
2014,процент,Атырауская,,,35-44,,3.9
2015,процент,Атырауская,,,35-44,,4.3
2016,процент,Атырауская,,,35-44,,2.4
2017,процент,Атырауская,,,35-44,,5.9
2018,процент,Атырауская,,,35-44,,5.2
2012,процент,Атырауская,,,45-54,,3.3
2013,процент,Атырауская,,,45-54,,3.0
2014,процент,Атырауская,,,45-54,,4.8
2015,процент,Атырауская,,,45-54,,5.3
2016,процент,Атырауская,,,45-54,,2.9
2017,процент,Атырауская,,,45-54,,3.3
2018,процент,Атырауская,,,45-54,,4.5
2012,процент,Атырауская,,,55-64,,4.2
2013,процент,Атырауская,,,55-64,,1.8
2014,процент,Атырауская,,,55-64,,3.7
2015,процент,Атырауская,,,55-64,,2.5
2016,процент,Атырауская,,,55-64,,4.4
2017,процент,Атырауская,,,55-64,,3.4
2018,процент,Атырауская,,,55-64,,2.6
2012,процент,Атырауская,,,65 и старше,,0.0
2013,процент,Атырауская,,,65 и старше,,0.0
2014,процент,Атырауская,,,65 и старше,,9.7
2015,процент,Атырауская,,,65 и старше,,0.0
2016,процент,Атырауская,,,65 и старше,,0.0
2017,процент,Атырауская,,,65 и старше,,0.0
2018,процент,Атырауская,,,65 и старше,,2.4
2012,процент,Западно-Казахстанская,,,15,,0.0
2013,процент,Западно-Казахстанская,,,15,,0.0
2014,процент,Западно-Казахстанская,,,15,,0.0
2015,процент,Западно-Казахстанская,,,15,,0.0
2016,процент,Западно-Казахстанская,,,15,,0.0
2017,процент,Западно-Казахстанская,,,15,,0.0
2018,процент,Западно-Казахстанская,,,15,,0.0
2012,процент,Западно-Казахстанская,,,16-24,,2.5
2013,процент,Западно-Казахстанская,,,16-24,,10.6
2014,процент,Западно-Казахстанская,,,16-24,,13.9
2015,процент,Западно-Казахстанская,,,16-24,,17.0
2016,процент,Западно-Казахстанская,,,16-24,,13.6
2017,процент,Западно-Казахстанская,,,16-24,,15.2
2018,процент,Западно-Казахстанская,,,16-24,,14.9
2012,процент,Западно-Казахстанская,,,25-28,,2.6
2013,процент,Западно-Казахстанская,,,25-28,,9.1
2014,процент,Западно-Казахстанская,,,25-28,,11.6
2015,процент,Западно-Казахстанская,,,25-28,,13.3
2016,процент,Западно-Казахстанская,,,25-28,,11.2
2017,процент,Западно-Казахстанская,,,25-28,,12.7
2018,процент,Западно-Казахстанская,,,25-28,,13.2
2012,процент,Западно-Казахстанская,,,29-34,,3.7
2013,процент,Западно-Казахстанская,,,29-34,,10.1
2014,процент,Западно-Казахстанская,,,29-34,,12.1
2015,процент,Западно-Казахстанская,,,29-34,,12.4
2016,процент,Западно-Казахстанская,,,29-34,,10.9
2017,процент,Западно-Казахстанская,,,29-34,,11.8
2018,процент,Западно-Казахстанская,,,29-34,,10.3
2012,процент,Западно-Казахстанская,,,35-44,,5.7
2013,процент,Западно-Казахстанская,,,35-44,,9.2
2014,процент,Западно-Казахстанская,,,35-44,,13.7
2015,процент,Западно-Казахстанская,,,35-44,,11.3
2016,процент,Западно-Казахстанская,,,35-44,,11.8
2017,процент,Западно-Казахстанская,,,35-44,,12.2
2018,процент,Западно-Казахстанская,,,35-44,,11.6
2012,процент,Западно-Казахстанская,,,45-54,,4.8
2013,процент,Западно-Казахстанская,,,45-54,,9.8
2014,процент,Западно-Казахстанская,,,45-54,,11.7
2015,процент,Западно-Казахстанская,,,45-54,,10.9
2016,процент,Западно-Казахстанская,,,45-54,,9.1
2017,процент,Западно-Казахстанская,,,45-54,,9.7
2018,процент,Западно-Казахстанская,,,45-54,,11.5
2012,процент,Западно-Казахстанская,,,55-64,,0.8
2013,процент,Западно-Казахстанская,,,55-64,,3.3
2014,процент,Западно-Казахстанская,,,55-64,,9.2
2015,процент,Западно-Казахстанская,,,55-64,,10.9
2016,процент,Западно-Казахстанская,,,55-64,,11.3
2017,процент,Западно-Казахстанская,,,55-64,,8.9
2018,процент,Западно-Казахстанская,,,55-64,,10.0
2012,процент,Западно-Казахстанская,,,65 и старше,,0.0
2013,процент,Западно-Казахстанская,,,65 и старше,,0.0
2014,процент,Западно-Казахстанская,,,65 и старше,,0.0
2015,процент,Западно-Казахстанская,,,65 и старше,,0.0
2016,процент,Западно-Казахстанская,,,65 и старше,,0.0
2017,процент,Западно-Казахстанская,,,65 и старше,,0.0
2018,процент,Западно-Казахстанская,,,65 и старше,,0.0
2012,процент,Жамбылская,,,15,,0.0
2013,процент,Жамбылская,,,15,,0.0
2014,процент,Жамбылская,,,15,,0.0
2015,процент,Жамбылская,,,15,,83.5
2016,процент,Жамбылская,,,15,,0.0
2017,процент,Жамбылская,,,15,,0.0
2018,процент,Жамбылская,,,15,,0.0
2012,процент,Жамбылская,,,16-24,,8.4
2013,процент,Жамбылская,,,16-24,,35.5
2014,процент,Жамбылская,,,16-24,,36.9
2015,процент,Жамбылская,,,16-24,,28.1
2016,процент,Жамбылская,,,16-24,,33.1
2017,процент,Жамбылская,,,16-24,,15.1
2018,процент,Жамбылская,,,16-24,,16.2
2012,процент,Жамбылская,,,25-28,,13.1
2013,процент,Жамбылская,,,25-28,,18.5
2014,процент,Жамбылская,,,25-28,,29.9
2015,процент,Жамбылская,,,25-28,,17.6
2016,процент,Жамбылская,,,25-28,,15.7
2017,процент,Жамбылская,,,25-28,,11.1
2018,процент,Жамбылская,,,25-28,,13.4
2012,процент,Жамбылская,,,29-34,,10.5
2013,процент,Жамбылская,,,29-34,,21.0
2014,процент,Жамбылская,,,29-34,,22.4
2015,процент,Жамбылская,,,29-34,,17.4
2016,процент,Жамбылская,,,29-34,,17.0
2017,процент,Жамбылская,,,29-34,,9.9
2018,процент,Жамбылская,,,29-34,,12.8
2012,процент,Жамбылская,,,35-44,,12.4
2013,процент,Жамбылская,,,35-44,,23.6
2014,процент,Жамбылская,,,35-44,,24.2
2015,процент,Жамбылская,,,35-44,,19.2
2016,процент,Жамбылская,,,35-44,,17.8
2017,процент,Жамбылская,,,35-44,,8.5
2018,процент,Жамбылская,,,35-44,,14.2
2012,процент,Жамбылская,,,45-54,,8.7
2013,процент,Жамбылская,,,45-54,,21.7
2014,процент,Жамбылская,,,45-54,,22.1
2015,процент,Жамбылская,,,45-54,,17.0
2016,процент,Жамбылская,,,45-54,,15.3
2017,процент,Жамбылская,,,45-54,,8.7
2018,процент,Жамбылская,,,45-54,,12.0
2012,процент,Жамбылская,,,55-64,,5.9
2013,процент,Жамбылская,,,55-64,,36.9
2014,процент,Жамбылская,,,55-64,,41.0
2015,процент,Жамбылская,,,55-64,,22.5
2016,процент,Жамбылская,,,55-64,,32.6
2017,процент,Жамбылская,,,55-64,,10.3
2018,процент,Жамбылская,,,55-64,,11.1
2012,процент,Жамбылская,,,65 и старше,,0.0
2013,процент,Жамбылская,,,65 и старше,,97.2
2014,процент,Жамбылская,,,65 и старше,,72.7
2015,процент,Жамбылская,,,65 и старше,,67.1
2016,процент,Жамбылская,,,65 и старше,,60.1
2017,процент,Жамбылская,,,65 и старше,,16.6
2018,процент,Жамбылская,,,65 и старше,,4.3
2012,процент,Карагандинская,,,15,,0.0
2013,процент,Карагандинская,,,15,,0.0
2014,процент,Карагандинская,,,15,,0.0
2015,процент,Карагандинская,,,15,,100.0
2016,процент,Карагандинская,,,15,,0.0
2017,процент,Карагандинская,,,15,,0.0
2018,процент,Карагандинская,,,15,,0.0
2012,процент,Карагандинская,,,16-24,,32.0
2013,процент,Карагандинская,,,16-24,,23.3
2014,процент,Карагандинская,,,16-24,,27.9
2015,процент,Карагандинская,,,16-24,,25.5
2016,процент,Карагандинская,,,16-24,,24.9
2017,процент,Карагандинская,,,16-24,,21.2
2018,процент,Карагандинская,,,16-24,,19.0
2012,процент,Карагандинская,,,25-28,,18.3
2013,процент,Карагандинская,,,25-28,,15.5
2014,процент,Карагандинская,,,25-28,,18.4
2015,процент,Карагандинская,,,25-28,,19.7
2016,процент,Карагандинская,,,25-28,,18.4
2017,процент,Карагандинская,,,25-28,,14.6
2018,процент,Карагандинская,,,25-28,,14.8
2012,процент,Карагандинская,,,29-34,,18.3
2013,процент,Карагандинская,,,29-34,,15.7
2014,процент,Карагандинская,,,29-34,,18.6
2015,процент,Карагандинская,,,29-34,,17.4
2016,процент,Карагандинская,,,29-34,,14.9
2017,процент,Карагандинская,,,29-34,,14.0
2018,процент,Карагандинская,,,29-34,,16.5
2012,процент,Карагандинская,,,35-44,,15.1
2013,процент,Карагандинская,,,35-44,,14.8
2014,процент,Карагандинская,,,35-44,,15.9
2015,процент,Карагандинская,,,35-44,,17.1
2016,процент,Карагандинская,,,35-44,,13.9
2017,процент,Карагандинская,,,35-44,,12.9
2018,процент,Карагандинская,,,35-44,,15.3
2012,процент,Карагандинская,,,45-54,,13.4
2013,процент,Карагандинская,,,45-54,,13.1
2014,процент,Карагандинская,,,45-54,,14.7
2015,процент,Карагандинская,,,45-54,,14.4
2016,процент,Карагандинская,,,45-54,,10.3
2017,процент,Карагандинская,,,45-54,,12.2
2018,процент,Карагандинская,,,45-54,,14.3
2012,процент,Карагандинская,,,55-64,,19.6
2013,процент,Карагандинская,,,55-64,,12.9
2014,процент,Карагандинская,,,55-64,,15.6
2015,процент,Карагандинская,,,55-64,,13.2
2016,процент,Карагандинская,,,55-64,,12.1
2017,процент,Карагандинская,,,55-64,,12.9
2018,процент,Карагандинская,,,55-64,,13.3
2012,процент,Карагандинская,,,65 и старше,,27.5
2013,процент,Карагандинская,,,65 и старше,,26.6
2014,процент,Карагандинская,,,65 и старше,,22.2
2015,процент,Карагандинская,,,65 и старше,,20.6
2016,процент,Карагандинская,,,65 и старше,,38.0
2017,процент,Карагандинская,,,65 и старше,,33.0
2018,процент,Карагандинская,,,65 и старше,,27.8
2012,процент,Костанайская,,,15,,0.0
2013,процент,Костанайская,,,15,,0.0
2014,процент,Костанайская,,,15,,100.0
2015,процент,Костанайская,,,15,,0.0
2016,процент,Костанайская,,,15,,0.0
2017,процент,Костанайская,,,15,,0.0
2018,процент,Костанайская,,,15,,0.0
2012,процент,Костанайская,,,16-24,,19.8
2013,процент,Костанайская,,,16-24,,18.1
2014,процент,Костанайская,,,16-24,,19.6
2015,процент,Костанайская,,,16-24,,20.4
2016,процент,Костанайская,,,16-24,,21.6
2017,процент,Костанайская,,,16-24,,10.0
2018,процент,Костанайская,,,16-24,,9.3
2012,процент,Костанайская,,,25-28,,11.8
2013,процент,Костанайская,,,25-28,,12.2
2014,процент,Костанайская,,,25-28,,14.4
2015,процент,Костанайская,,,25-28,,20.4
2016,процент,Костанайская,,,25-28,,16.3
2017,процент,Костанайская,,,25-28,,11.4
2018,процент,Костанайская,,,25-28,,8.6
2012,процент,Костанайская,,,29-34,,10.3
2013,процент,Костанайская,,,29-34,,15.5
2014,процент,Костанайская,,,29-34,,12.0
2015,процент,Костанайская,,,29-34,,20.4
2016,процент,Костанайская,,,29-34,,16.6
2017,процент,Костанайская,,,29-34,,10.3
2018,процент,Костанайская,,,29-34,,7.8
2012,процент,Костанайская,,,35-44,,7.8
2013,процент,Костанайская,,,35-44,,10.3
2014,процент,Костанайская,,,35-44,,12.7
2015,процент,Костанайская,,,35-44,,19.5
2016,процент,Костанайская,,,35-44,,17.9
2017,процент,Костанайская,,,35-44,,8.6
2018,процент,Костанайская,,,35-44,,7.8
2012,процент,Костанайская,,,45-54,,8.4
2013,процент,Костанайская,,,45-54,,7.4
2014,процент,Костанайская,,,45-54,,11.2
2015,процент,Костанайская,,,45-54,,16.7
2016,процент,Костанайская,,,45-54,,14.3
2017,процент,Костанайская,,,45-54,,8.0
2018,процент,Костанайская,,,45-54,,6.3
2012,процент,Костанайская,,,55-64,,9.7
2013,процент,Костанайская,,,55-64,,12.4
2014,процент,Костанайская,,,55-64,,11.1
2015,процент,Костанайская,,,55-64,,15.0
2016,процент,Костанайская,,,55-64,,10.3
2017,процент,Костанайская,,,55-64,,7.5
2018,процент,Костанайская,,,55-64,,6.7
2012,процент,Костанайская,,,65 и старше,,26.1
2013,процент,Костанайская,,,65 и старше,,0.0
2014,процент,Костанайская,,,65 и старше,,27.6
2015,процент,Костанайская,,,65 и старше,,2.1
2016,процент,Костанайская,,,65 и старше,,6.1
2017,процент,Костанайская,,,65 и старше,,3.9
2018,процент,Костанайская,,,65 и старше,,13.8
2012,процент,Кызылординская,,,15,,0.0
2013,процент,Кызылординская,,,15,,0.0
2014,процент,Кызылординская,,,15,,0.0
2015,процент,Кызылординская,,,15,,0.0
2016,процент,Кызылординская,,,15,,0.0
2017,процент,Кызылординская,,,15,,0.0
2018,процент,Кызылординская,,,15,,0.0
2012,процент,Кызылординская,,,16-24,,17.6
2013,процент,Кызылординская,,,16-24,,18.6
2014,процент,Кызылординская,,,16-24,,22.6
2015,процент,Кызылординская,,,16-24,,23.3
2016,процент,Кызылординская,,,16-24,,12.6
2017,процент,Кызылординская,,,16-24,,13.1
2018,процент,Кызылординская,,,16-24,,12.1
2012,процент,Кызылординская,,,25-28,,11.9
2013,процент,Кызылординская,,,25-28,,8.9
2014,процент,Кызылординская,,,25-28,,12.6
2015,процент,Кызылординская,,,25-28,,17.9
2016,процент,Кызылординская,,,25-28,,10.2
2017,процент,Кызылординская,,,25-28,,9.4
2018,процент,Кызылординская,,,25-28,,7.3
2012,процент,Кызылординская,,,29-34,,15.7
2013,процент,Кызылординская,,,29-34,,12.6
2014,процент,Кызылординская,,,29-34,,12.7
2015,процент,Кызылординская,,,29-34,,15.9
2016,процент,Кызылординская,,,29-34,,11.3
2017,процент,Кызылординская,,,29-34,,9.1
2018,процент,Кызылординская,,,29-34,,7.2
2012,процент,Кызылординская,,,35-44,,12.4
2013,процент,Кызылординская,,,35-44,,8.9
2014,процент,Кызылординская,,,35-44,,14.1
2015,процент,Кызылординская,,,35-44,,18.8
2016,процент,Кызылординская,,,35-44,,9.5
2017,процент,Кызылординская,,,35-44,,7.2
2018,процент,Кызылординская,,,35-44,,4.9
2012,процент,Кызылординская,,,45-54,,10.5
2013,процент,Кызылординская,,,45-54,,10.3
2014,процент,Кызылординская,,,45-54,,11.0
2015,процент,Кызылординская,,,45-54,,15.8
2016,процент,Кызылординская,,,45-54,,9.3
2017,процент,Кызылординская,,,45-54,,5.7
2018,процент,Кызылординская,,,45-54,,3.9
2012,процент,Кызылординская,,,55-64,,10.5
2013,процент,Кызылординская,,,55-64,,8.6
2014,процент,Кызылординская,,,55-64,,8.5
2015,процент,Кызылординская,,,55-64,,11.6
2016,процент,Кызылординская,,,55-64,,5.4
2017,процент,Кызылординская,,,55-64,,4.3
2018,процент,Кызылординская,,,55-64,,3.5
2012,процент,Кызылординская,,,65 и старше,,0.0
2013,процент,Кызылординская,,,65 и старше,,0.0
2014,процент,Кызылординская,,,65 и старше,,0.0
2015,процент,Кызылординская,,,65 и старше,,0.0
2016,процент,Кызылординская,,,65 и старше,,0.0
2017,процент,Кызылординская,,,65 и старше,,0.0
2018,процент,Кызылординская,,,65 и старше,,0.0
2012,процент,Мангистауская,,,15,,0.0
2013,процент,Мангистауская,,,15,,0.0
2014,процент,Мангистауская,,,15,,0.0
2015,процент,Мангистауская,,,15,,0.0
2016,процент,Мангистауская,,,15,,0.0
2017,процент,Мангистауская,,,15,,0.0
2018,процент,Мангистауская,,,15,,0.0
2012,процент,Мангистауская,,,16-24,,1.8
2013,процент,Мангистауская,,,16-24,,8.6
2014,процент,Мангистауская,,,16-24,,10.8
2015,процент,Мангистауская,,,16-24,,9.4
2016,процент,Мангистауская,,,16-24,,1.4
2017,процент,Мангистауская,,,16-24,,4.6
2018,процент,Мангистауская,,,16-24,,4.2
2012,процент,Мангистауская,,,25-28,,2.1
2013,процент,Мангистауская,,,25-28,,5.8
2014,процент,Мангистауская,,,25-28,,5.6
2015,процент,Мангистауская,,,25-28,,4.8
2016,процент,Мангистауская,,,25-28,,2.4
2017,процент,Мангистауская,,,25-28,,2.4
2018,процент,Мангистауская,,,25-28,,3.0
2012,процент,Мангистауская,,,29-34,,1.4
2013,процент,Мангистауская,,,29-34,,7.5
2014,процент,Мангистауская,,,29-34,,5.7
2015,процент,Мангистауская,,,29-34,,3.8
2016,процент,Мангистауская,,,29-34,,2.1
2017,процент,Мангистауская,,,29-34,,2.3
2018,процент,Мангистауская,,,29-34,,2.9
2012,процент,Мангистауская,,,35-44,,3.2
2013,процент,Мангистауская,,,35-44,,4.3
2014,процент,Мангистауская,,,35-44,,7.3
2015,процент,Мангистауская,,,35-44,,5.9
2016,процент,Мангистауская,,,35-44,,3.0
2017,процент,Мангистауская,,,35-44,,1.8
2018,процент,Мангистауская,,,35-44,,2.9
2012,процент,Мангистауская,,,45-54,,3.6
2013,процент,Мангистауская,,,45-54,,4.5
2014,процент,Мангистауская,,,45-54,,6.7
2015,процент,Мангистауская,,,45-54,,4.5
2016,процент,Мангистауская,,,45-54,,2.1
2017,процент,Мангистауская,,,45-54,,2.2
2018,процент,Мангистауская,,,45-54,,2.1
2012,процент,Мангистауская,,,55-64,,2.3
2013,процент,Мангистауская,,,55-64,,2.5
2014,процент,Мангистауская,,,55-64,,4.0
2015,процент,Мангистауская,,,55-64,,2.4
2016,процент,Мангистауская,,,55-64,,3.5
2017,процент,Мангистауская,,,55-64,,1.7
2018,процент,Мангистауская,,,55-64,,1.8
2012,процент,Мангистауская,,,65 и старше,,0.0
2013,процент,Мангистауская,,,65 и старше,,0.0
2014,процент,Мангистауская,,,65 и старше,,0.0
2015,процент,Мангистауская,,,65 и старше,,7.7
2016,процент,Мангистауская,,,65 и старше,,0.0
2017,процент,Мангистауская,,,65 и старше,,0.0
2018,процент,Мангистауская,,,65 и старше,,0.0
2012,процент,Южно-Казахстанская,,,15,,0.0
2013,процент,Южно-Казахстанская,,,15,,0.0
2014,процент,Южно-Казахстанская,,,15,,100.0
2015,процент,Южно-Казахстанская,,,15,,0.0
2016,процент,Южно-Казахстанская,,,15,,0.0
2017,процент,Южно-Казахстанская,,,15,,0.0
2012,процент,Южно-Казахстанская,,,16-24,,24.9
2013,процент,Южно-Казахстанская,,,16-24,,19.8
2014,процент,Южно-Казахстанская,,,16-24,,19.2
2015,процент,Южно-Казахстанская,,,16-24,,10.6
2016,процент,Южно-Казахстанская,,,16-24,,12.6
2017,процент,Южно-Казахстанская,,,16-24,,4.7
2012,процент,Южно-Казахстанская,,,25-28,,17.8
2013,процент,Южно-Казахстанская,,,25-28,,16.5
2014,процент,Южно-Казахстанская,,,25-28,,17.2
2015,процент,Южно-Казахстанская,,,25-28,,9.7
2016,процент,Южно-Казахстанская,,,25-28,,8.0
2017,процент,Южно-Казахстанская,,,25-28,,5.3
2012,процент,Южно-Казахстанская,,,29-34,,19.3
2013,процент,Южно-Казахстанская,,,29-34,,14.3
2014,процент,Южно-Казахстанская,,,29-34,,16.9
2015,процент,Южно-Казахстанская,,,29-34,,7.7
2016,процент,Южно-Казахстанская,,,29-34,,6.4
2017,процент,Южно-Казахстанская,,,29-34,,4.7
2012,процент,Южно-Казахстанская,,,35-44,,19.6
2013,процент,Южно-Казахстанская,,,35-44,,18.2
2014,процент,Южно-Казахстанская,,,35-44,,16.5
2015,процент,Южно-Казахстанская,,,35-44,,10.3
2016,процент,Южно-Казахстанская,,,35-44,,8.8
2017,процент,Южно-Казахстанская,,,35-44,,5.0
2012,процент,Южно-Казахстанская,,,45-54,,18.2
2013,процент,Южно-Казахстанская,,,45-54,,14.1
2014,процент,Южно-Казахстанская,,,45-54,,16.7
2015,процент,Южно-Казахстанская,,,45-54,,10.3
2016,процент,Южно-Казахстанская,,,45-54,,6.8
2017,процент,Южно-Казахстанская,,,45-54,,3.9
2012,процент,Южно-Казахстанская,,,55-64,,18.0
2013,процент,Южно-Казахстанская,,,55-64,,12.3
2014,процент,Южно-Казахстанская,,,55-64,,16.5
2015,процент,Южно-Казахстанская,,,55-64,,15.4
2016,процент,Южно-Казахстанская,,,55-64,,8.1
2017,процент,Южно-Казахстанская,,,55-64,,5.7
2012,процент,Южно-Казахстанская,,,65 и старше,,48.8
2013,процент,Южно-Казахстанская,,,65 и старше,,0.0
2014,процент,Южно-Казахстанская,,,65 и старше,,0.0
2015,процент,Южно-Казахстанская,,,65 и старше,,0.0
2016,процент,Южно-Казахстанская,,,65 и старше,,73.8
2017,процент,Южно-Казахстанская,,,65 и старше,,0.0
2012,процент,Павлодарская,,,15,,0.0
2013,процент,Павлодарская,,,15,,0.0
2014,процент,Павлодарская,,,15,,0.0
2015,процент,Павлодарская,,,15,,0.0
2016,процент,Павлодарская,,,15,,0.0
2017,процент,Павлодарская,,,15,,0.0
2018,процент,Павлодарская,,,15,,0.0
2012,процент,Павлодарская,,,16-24,,17.2
2013,процент,Павлодарская,,,16-24,,14.5
2014,процент,Павлодарская,,,16-24,,19.6
2015,процент,Павлодарская,,,16-24,,13.7
2016,процент,Павлодарская,,,16-24,,22.2
2017,процент,Павлодарская,,,16-24,,10.6
2018,процент,Павлодарская,,,16-24,,3.4
2012,процент,Павлодарская,,,25-28,,12.3
2013,процент,Павлодарская,,,25-28,,16.3
2014,процент,Павлодарская,,,25-28,,14.7
2015,процент,Павлодарская,,,25-28,,7.8
2016,процент,Павлодарская,,,25-28,,13.2
2017,процент,Павлодарская,,,25-28,,10.2
2018,процент,Павлодарская,,,25-28,,2.8
2012,процент,Павлодарская,,,29-34,,21.2
2013,процент,Павлодарская,,,29-34,,18.5
2014,процент,Павлодарская,,,29-34,,15.1
2015,процент,Павлодарская,,,29-34,,13.0
2016,процент,Павлодарская,,,29-34,,12.4
2017,процент,Павлодарская,,,29-34,,7.6
2018,процент,Павлодарская,,,29-34,,2.2
2012,процент,Павлодарская,,,35-44,,13.6
2013,процент,Павлодарская,,,35-44,,13.6
2014,процент,Павлодарская,,,35-44,,15.4
2015,процент,Павлодарская,,,35-44,,8.1
2016,процент,Павлодарская,,,35-44,,11.1
2017,процент,Павлодарская,,,35-44,,9.6
2018,процент,Павлодарская,,,35-44,,4.3
2012,процент,Павлодарская,,,45-54,,13.0
2013,процент,Павлодарская,,,45-54,,14.3
2014,процент,Павлодарская,,,45-54,,14.3
2015,процент,Павлодарская,,,45-54,,12.5
2016,процент,Павлодарская,,,45-54,,12.2
2017,процент,Павлодарская,,,45-54,,8.6
2018,процент,Павлодарская,,,45-54,,2.8
2012,процент,Павлодарская,,,55-64,,12.4
2013,процент,Павлодарская,,,55-64,,9.8
2014,процент,Павлодарская,,,55-64,,15.6
2015,процент,Павлодарская,,,55-64,,8.1
2016,процент,Павлодарская,,,55-64,,14.6
2017,процент,Павлодарская,,,55-64,,12.2
2018,процент,Павлодарская,,,55-64,,3.8
2012,процент,Павлодарская,,,65 и старше,,36.4
2013,процент,Павлодарская,,,65 и старше,,65.8
2014,процент,Павлодарская,,,65 и старше,,8.1
2015,процент,Павлодарская,,,65 и старше,,2.3
2016,процент,Павлодарская,,,65 и старше,,13.2
2017,процент,Павлодарская,,,65 и старше,,0.0
2018,процент,Павлодарская,,,65 и старше,,0.0
2012,процент,Северо-Казахстанская,,,15,,0.0
2013,процент,Северо-Казахстанская,,,15,,0.0
2014,процент,Северо-Казахстанская,,,15,,0.0
2015,процент,Северо-Казахстанская,,,15,,0.0
2016,процент,Северо-Казахстанская,,,15,,0.0
2017,процент,Северо-Казахстанская,,,15,,0.0
2018,процент,Северо-Казахстанская,,,15,,0.0
2012,процент,Северо-Казахстанская,,,16-24,,18.0
2013,процент,Северо-Казахстанская,,,16-24,,24.7
2014,процент,Северо-Казахстанская,,,16-24,,23.5
2015,процент,Северо-Казахстанская,,,16-24,,26.6
2016,процент,Северо-Казахстанская,,,16-24,,13.0
2017,процент,Северо-Казахстанская,,,16-24,,14.1
2018,процент,Северо-Казахстанская,,,16-24,,9.9
2012,процент,Северо-Казахстанская,,,25-28,,12.8
2013,процент,Северо-Казахстанская,,,25-28,,18.7
2014,процент,Северо-Казахстанская,,,25-28,,18.9
2015,процент,Северо-Казахстанская,,,25-28,,15.0
2016,процент,Северо-Казахстанская,,,25-28,,12.6
2017,процент,Северо-Казахстанская,,,25-28,,5.0
2018,процент,Северо-Казахстанская,,,25-28,,8.3
2012,процент,Северо-Казахстанская,,,29-34,,18.5
2013,процент,Северо-Казахстанская,,,29-34,,20.1
2014,процент,Северо-Казахстанская,,,29-34,,20.9
2015,процент,Северо-Казахстанская,,,29-34,,16.6
2016,процент,Северо-Казахстанская,,,29-34,,10.0
2017,процент,Северо-Казахстанская,,,29-34,,4.9
2018,процент,Северо-Казахстанская,,,29-34,,7.0
2012,процент,Северо-Казахстанская,,,35-44,,12.3
2013,процент,Северо-Казахстанская,,,35-44,,10.0
2014,процент,Северо-Казахстанская,,,35-44,,16.2
2015,процент,Северо-Казахстанская,,,35-44,,13.4
2016,процент,Северо-Казахстанская,,,35-44,,8.3
2017,процент,Северо-Казахстанская,,,35-44,,6.4
2018,процент,Северо-Казахстанская,,,35-44,,7.5
2012,процент,Северо-Казахстанская,,,45-54,,11.5
2013,процент,Северо-Казахстанская,,,45-54,,9.2
2014,процент,Северо-Казахстанская,,,45-54,,14.5
2015,процент,Северо-Казахстанская,,,45-54,,11.5
2016,процент,Северо-Казахстанская,,,45-54,,9.9
2017,процент,Северо-Казахстанская,,,45-54,,6.0
2018,процент,Северо-Казахстанская,,,45-54,,5.1
2012,процент,Северо-Казахстанская,,,55-64,,13.2
2013,процент,Северо-Казахстанская,,,55-64,,13.4
2014,процент,Северо-Казахстанская,,,55-64,,15.7
2015,процент,Северо-Казахстанская,,,55-64,,8.9
2016,процент,Северо-Казахстанская,,,55-64,,9.1
2017,процент,Северо-Казахстанская,,,55-64,,5.4
2018,процент,Северо-Казахстанская,,,55-64,,6.0
2012,процент,Северо-Казахстанская,,,65 и старше,,0.0
2013,процент,Северо-Казахстанская,,,65 и старше,,0.0
2014,процент,Северо-Казахстанская,,,65 и старше,,0.0
2015,процент,Северо-Казахстанская,,,65 и старше,,0.0
2016,процент,Северо-Казахстанская,,,65 и старше,,0.0
2017,процент,Северо-Казахстанская,,,65 и старше,,0.0
2018,процент,Северо-Казахстанская,,,65 и старше,,46.1
2018,процент,Туркестанская,,,15,,0.0
2018,процент,Туркестанская,,,16-24,,5.6
2018,процент,Туркестанская,,,25-28,,5.2
2018,процент,Туркестанская,,,29-34,,4.4
2018,процент,Туркестанская,,,35-44,,4.3
2018,процент,Туркестанская,,,45-54,,6.0
2018,процент,Туркестанская,,,55-64,,3.2
2018,процент,Туркестанская,,,65 и старше,,0.0
2012,процент,Восточно-Казахстанская,,,15,,0.0
2013,процент,Восточно-Казахстанская,,,15,,0.0
2014,процент,Восточно-Казахстанская,,,15,,0.0
2015,процент,Восточно-Казахстанская,,,15,,0.0
2016,процент,Восточно-Казахстанская,,,15,,0.0
2017,процент,Восточно-Казахстанская,,,15,,0.0
2018,процент,Восточно-Казахстанская,,,15,,0.0
2012,процент,Восточно-Казахстанская,,,16-24,,19.0
2013,процент,Восточно-Казахстанская,,,16-24,,19.7
2014,процент,Восточно-Казахстанская,,,16-24,,27.6
2015,процент,Восточно-Казахстанская,,,16-24,,17.9
2016,процент,Восточно-Казахстанская,,,16-24,,11.8
2017,процент,Восточно-Казахстанская,,,16-24,,7.4
2018,процент,Восточно-Казахстанская,,,16-24,,4.5
2012,процент,Восточно-Казахстанская,,,25-28,,15.8
2013,процент,Восточно-Казахстанская,,,25-28,,12.5
2014,процент,Восточно-Казахстанская,,,25-28,,18.7
2015,процент,Восточно-Казахстанская,,,25-28,,17.3
2016,процент,Восточно-Казахстанская,,,25-28,,8.2
2017,процент,Восточно-Казахстанская,,,25-28,,5.4
2018,процент,Восточно-Казахстанская,,,25-28,,3.8
2012,процент,Восточно-Казахстанская,,,29-34,,14.6
2013,процент,Восточно-Казахстанская,,,29-34,,12.6
2014,процент,Восточно-Казахстанская,,,29-34,,16.0
2015,процент,Восточно-Казахстанская,,,29-34,,11.3
2016,процент,Восточно-Казахстанская,,,29-34,,6.3
2017,процент,Восточно-Казахстанская,,,29-34,,7.6
2018,процент,Восточно-Казахстанская,,,29-34,,3.3
2012,процент,Восточно-Казахстанская,,,35-44,,16.9
2013,процент,Восточно-Казахстанская,,,35-44,,16.7
2014,процент,Восточно-Казахстанская,,,35-44,,16.0
2015,процент,Восточно-Казахстанская,,,35-44,,13.4
2016,процент,Восточно-Казахстанская,,,35-44,,8.5
2017,процент,Восточно-Казахстанская,,,35-44,,5.9
2018,процент,Восточно-Казахстанская,,,35-44,,3.9
2012,процент,Восточно-Казахстанская,,,45-54,,15.8
2013,процент,Восточно-Казахстанская,,,45-54,,12.8
2014,процент,Восточно-Казахстанская,,,45-54,,17.1
2015,процент,Восточно-Казахстанская,,,45-54,,15.3
2016,процент,Восточно-Казахстанская,,,45-54,,11.7
2017,процент,Восточно-Казахстанская,,,45-54,,6.4
2018,процент,Восточно-Казахстанская,,,45-54,,4.2
2012,процент,Восточно-Казахстанская,,,55-64,,14.6
2013,процент,Восточно-Казахстанская,,,55-64,,9.2
2014,процент,Восточно-Казахстанская,,,55-64,,23.3
2015,процент,Восточно-Казахстанская,,,55-64,,10.8
2016,процент,Восточно-Казахстанская,,,55-64,,7.9
2017,процент,Восточно-Казахстанская,,,55-64,,6.4
2018,процент,Восточно-Казахстанская,,,55-64,,3.4
2012,процент,Восточно-Казахстанская,,,65 и старше,,0.0
2013,процент,Восточно-Казахстанская,,,65 и старше,,0.0
2014,процент,Восточно-Казахстанская,,,65 и старше,,57.2
2015,процент,Восточно-Казахстанская,,,65 и старше,,3.8
2016,процент,Восточно-Казахстанская,,,65 и старше,,4.2
2017,процент,Восточно-Казахстанская,,,65 и старше,,8.1
2018,процент,Восточно-Казахстанская,,,65 и старше,,3.7
2012,процент,г_Нур-Султан,,,15,,0.0
2013,процент,г_Нур-Султан,,,15,,0.0
2014,процент,г_Нур-Султан,,,15,,0.0
2015,процент,г_Нур-Султан,,,15,,0.0
2016,процент,г_Нур-Султан,,,15,,0.0
2017,процент,г_Нур-Султан,,,15,,0.0
2018,процент,г_Нур-Султан,,,15,,0.0
2012,процент,г_Нур-Султан,,,16-24,,24.9
2013,процент,г_Нур-Султан,,,16-24,,2.7
2014,процент,г_Нур-Султан,,,16-24,,37.8
2015,процент,г_Нур-Султан,,,16-24,,41.8
2016,процент,г_Нур-Султан,,,16-24,,18.5
2017,процент,г_Нур-Султан,,,16-24,,21.9
2018,процент,г_Нур-Султан,,,16-24,,15.4
2012,процент,г_Нур-Султан,,,25-28,,13.8
2013,процент,г_Нур-Султан,,,25-28,,6.4
2014,процент,г_Нур-Султан,,,25-28,,23.1
2015,процент,г_Нур-Султан,,,25-28,,28.8
2016,процент,г_Нур-Султан,,,25-28,,18.6
2017,процент,г_Нур-Султан,,,25-28,,22.5
2018,процент,г_Нур-Султан,,,25-28,,16.2
2012,процент,г_Нур-Султан,,,29-34,,11.3
2013,процент,г_Нур-Султан,,,29-34,,6.1
2014,процент,г_Нур-Султан,,,29-34,,20.7
2015,процент,г_Нур-Султан,,,29-34,,23.7
2016,процент,г_Нур-Султан,,,29-34,,18.9
2017,процент,г_Нур-Султан,,,29-34,,30.8
2018,процент,г_Нур-Султан,,,29-34,,22.7
2012,процент,г_Нур-Султан,,,35-44,,12.3
2013,процент,г_Нур-Султан,,,35-44,,4.6
2014,процент,г_Нур-Султан,,,35-44,,22.0
2015,процент,г_Нур-Султан,,,35-44,,25.0
2016,процент,г_Нур-Султан,,,35-44,,16.6
2017,процент,г_Нур-Султан,,,35-44,,30.9
2018,процент,г_Нур-Султан,,,35-44,,13.8
2012,процент,г_Нур-Султан,,,45-54,,9.7
2013,процент,г_Нур-Султан,,,45-54,,4.1
2014,процент,г_Нур-Султан,,,45-54,,21.4
2015,процент,г_Нур-Султан,,,45-54,,24.0
2016,процент,г_Нур-Султан,,,45-54,,14.4
2017,процент,г_Нур-Султан,,,45-54,,14.9
2018,процент,г_Нур-Султан,,,45-54,,14.9
2012,процент,г_Нур-Султан,,,55-64,,5.1
2013,процент,г_Нур-Султан,,,55-64,,2.7
2014,процент,г_Нур-Султан,,,55-64,,12.0
2015,процент,г_Нур-Султан,,,55-64,,18.2
2016,процент,г_Нур-Султан,,,55-64,,18.1
2017,процент,г_Нур-Султан,,,55-64,,9.5
2018,процент,г_Нур-Султан,,,55-64,,13.2
2012,процент,г_Нур-Султан,,,65 и старше,,0.0
2013,процент,г_Нур-Султан,,,65 и старше,,19.6
2014,процент,г_Нур-Султан,,,65 и старше,,35.6
2015,процент,г_Нур-Султан,,,65 и старше,,18.5
2016,процент,г_Нур-Султан,,,65 и старше,,6.0
2017,процент,г_Нур-Султан,,,65 и старше,,7.6
2018,процент,г_Нур-Султан,,,65 и старше,,0.0
2012,процент,г_Алматы,,,15,,0.0
2013,процент,г_Алматы,,,15,,0.0
2014,процент,г_Алматы,,,15,,0.0
2015,процент,г_Алматы,,,15,,0.0
2016,процент,г_Алматы,,,15,,0.0
2017,процент,г_Алматы,,,15,,0.0
2018,процент,г_Алматы,,,15,,0.0
2012,процент,г_Алматы,,,16-24,,13.9
2013,процент,г_Алматы,,,16-24,,13.3
2014,процент,г_Алматы,,,16-24,,16.8
2015,процент,г_Алматы,,,16-24,,12.2
2016,процент,г_Алматы,,,16-24,,19.2
2017,процент,г_Алматы,,,16-24,,11.9
2018,процент,г_Алматы,,,16-24,,12.0
2012,процент,г_Алматы,,,25-28,,9.9
2013,процент,г_Алматы,,,25-28,,12.9
2014,процент,г_Алматы,,,25-28,,14.0
2015,процент,г_Алматы,,,25-28,,13.6
2016,процент,г_Алматы,,,25-28,,19.9
2017,процент,г_Алматы,,,25-28,,8.9
2018,процент,г_Алматы,,,25-28,,11.1
2012,процент,г_Алматы,,,29-34,,10.5
2013,процент,г_Алматы,,,29-34,,10.9
2014,процент,г_Алматы,,,29-34,,14.5
2015,процент,г_Алматы,,,29-34,,12.1
2016,процент,г_Алматы,,,29-34,,17.8
2017,процент,г_Алматы,,,29-34,,11.3
2018,процент,г_Алматы,,,29-34,,11.1
2012,процент,г_Алматы,,,35-44,,9.0
2013,процент,г_Алматы,,,35-44,,9.8
2014,процент,г_Алматы,,,35-44,,16.1
2015,процент,г_Алматы,,,35-44,,11.1
2016,процент,г_Алматы,,,35-44,,16.5
2017,процент,г_Алматы,,,35-44,,10.3
2018,процент,г_Алматы,,,35-44,,11.9
2012,процент,г_Алматы,,,45-54,,7.8
2013,процент,г_Алматы,,,45-54,,8.0
2014,процент,г_Алматы,,,45-54,,12.1
2015,процент,г_Алматы,,,45-54,,10.5
2016,процент,г_Алматы,,,45-54,,14.2
2017,процент,г_Алматы,,,45-54,,9.8
2018,процент,г_Алматы,,,45-54,,10.3
2012,процент,г_Алматы,,,55-64,,9.1
2013,процент,г_Алматы,,,55-64,,8.0
2014,процент,г_Алматы,,,55-64,,13.3
2015,процент,г_Алматы,,,55-64,,8.4
2016,процент,г_Алматы,,,55-64,,16.6
2017,процент,г_Алматы,,,55-64,,11.0
2018,процент,г_Алматы,,,55-64,,6.5
2012,процент,г_Алматы,,,65 и старше,,28.6
2013,процент,г_Алматы,,,65 и старше,,33.7
2014,процент,г_Алматы,,,65 и старше,,29.7
2015,процент,г_Алматы,,,65 и старше,,9.8
2016,процент,г_Алматы,,,65 и старше,,21.0
2017,процент,г_Алматы,,,65 и старше,,1.3
2018,процент,г_Алматы,,,65 и старше,,5.7
2018,процент,г_Шымкент,,,15,,0.0
2018,процент,г_Шымкент,,,16-24,,4.6
2018,процент,г_Шымкент,,,25-28,,5.1
2018,процент,г_Шымкент,,,29-34,,2.2
2018,процент,г_Шымкент,,,35-44,,5.5
2018,процент,г_Шымкент,,,45-54,,6.1
2018,процент,г_Шымкент,,,55-64,,1.8
2018,процент,г_Шымкент,,,65 и старше,,0.0
