Year,UNIT_MEASURE,SEX,URBANISATION,SERIES,REF_AREA,Value
2011,PT,,,_L_KZ_010101_1A,,0.1
2011,PT,,,_L_KZ_010101_1B,,1.2
2011,PT,,,_L_KZ_010101_1C,,15.3
2011,PT,M,,_L_KZ_010101_1A,,0.1
2011,PT,M,,_L_KZ_010101_1B,,1.2
2011,PT,M,,_L_KZ_010101_1C,,15.9
2011,PT,F,,_L_KZ_010101_1A,,0.1
2011,PT,F,,_L_KZ_010101_1B,,1.2
2011,PT,F,,_L_KZ_010101_1C,,14.7
2011,PT,,U,_L_KZ_010101_1A,,0.0
2011,PT,,U,_L_KZ_010101_1B,,0.4
2011,PT,,U,_L_KZ_010101_1C,,9.0
2011,PT,,R,_L_KZ_010101_1A,,0.2
2011,PT,,R,_L_KZ_010101_1B,,2.1
2011,PT,,R,_L_KZ_010101_1C,,22.7
2011,PT,,,_L_KZ_010101_1A,KZAKM,0.2
2011,PT,,,_L_KZ_010101_1A,KZKAR,0.0
2011,PT,,,_L_KZ_010101_1A,KZKUS,0.1
2011,PT,,,_L_KZ_010101_1A,KZONT,0.4
2011,PT,,,_L_KZ_010101_1A,KZPAV,0.2
2011,PT,,,_L_KZ_010101_1A,KZSEV,0.2
2011,PT,,,_L_KZ_010101_1A,KZVOS,0.2
2011,PT,,,_L_KZ_010101_1A,KZNS,0.0
2011,PT,,,_L_KZ_010101_1B,KZAKM,2.1
2011,PT,,,_L_KZ_010101_1B,KZAKT,0.9
2011,PT,,,_L_KZ_010101_1B,KZALM,0.2
2011,PT,,,_L_KZ_010101_1B,KZATY,0.1
2011,PT,,,_L_KZ_010101_1B,KZZAP,0.8
2011,PT,,,_L_KZ_010101_1B,KZZHA,0.8
2011,PT,,,_L_KZ_010101_1B,KZKAR,0.9
2011,PT,,,_L_KZ_010101_1B,KZKUS,1.3
2011,PT,,,_L_KZ_010101_1B,KZKZY,0.7
2011,PT,,,_L_KZ_010101_1B,KZMAN,0.1
2011,PT,,,_L_KZ_010101_1B,KZONT,2.6
2011,PT,,,_L_KZ_010101_1B,KZPAV,1.5
2011,PT,,,_L_KZ_010101_1B,KZSEV,3.3
2011,PT,,,_L_KZ_010101_1B,KZVOS,2.0
2011,PT,,,_L_KZ_010101_1B,KZNS,0.1
2011,PT,,,_L_KZ_010101_1B,KZALA,0.1
2011,PT,,,_L_KZ_010101_1C,KZAKM,13.6
2011,PT,,,_L_KZ_010101_1C,KZAKT,13.1
2011,PT,,,_L_KZ_010101_1C,KZALM,6.2
2011,PT,,,_L_KZ_010101_1C,KZATY,6.2
2011,PT,,,_L_KZ_010101_1C,KZZAP,20.5
2011,PT,,,_L_KZ_010101_1C,KZZHA,24.5
2011,PT,,,_L_KZ_010101_1C,KZKAR,10.8
2011,PT,,,_L_KZ_010101_1C,KZKUS,15.6
2011,PT,,,_L_KZ_010101_1C,KZKZY,13.2
2011,PT,,,_L_KZ_010101_1C,KZMAN,4.6
2011,PT,,,_L_KZ_010101_1C,KZONT,32.7
2011,PT,,,_L_KZ_010101_1C,KZPAV,17.0
2011,PT,,,_L_KZ_010101_1C,KZSEV,21.9
2011,PT,,,_L_KZ_010101_1C,KZVOS,17.8
2011,PT,,,_L_KZ_010101_1C,KZNS,1.7
2011,PT,,,_L_KZ_010101_1C,KZALA,2.0
2011,PT,,U,_L_KZ_010101_1A,KZAKM,0.1
2011,PT,,U,_L_KZ_010101_1A,KZONT,0.2
2011,PT,,U,_L_KZ_010101_1A,KZNS,0.0
2011,PT,,U,_L_KZ_010101_1B,KZAKM,0.7
2011,PT,,U,_L_KZ_010101_1B,KZAKT,0.2
2011,PT,,U,_L_KZ_010101_1B,KZALM,0.7
2011,PT,,U,_L_KZ_010101_1B,KZZHA,1.3
2011,PT,,U,_L_KZ_010101_1B,KZKAR,0.3
2011,PT,,U,_L_KZ_010101_1B,KZKUS,0.4
2011,PT,,U,_L_KZ_010101_1B,KZKZY,0.2
2011,PT,,U,_L_KZ_010101_1B,KZONT,1.1
2011,PT,,U,_L_KZ_010101_1B,KZPAV,0.5
2011,PT,,U,_L_KZ_010101_1B,KZSEV,0.9
2011,PT,,U,_L_KZ_010101_1B,KZVOS,0.5
2011,PT,,U,_L_KZ_010101_1B,KZNS,0.1
2011,PT,,U,_L_KZ_010101_1B,KZALA,0.1
2011,PT,,U,_L_KZ_010101_1C,KZAKM,10.6
2011,PT,,U,_L_KZ_010101_1C,KZAKT,8.3
2011,PT,,U,_L_KZ_010101_1C,KZALM,5.3
2011,PT,,U,_L_KZ_010101_1C,KZATY,1.4
2011,PT,,U,_L_KZ_010101_1C,KZZAP,11.6
2011,PT,,U,_L_KZ_010101_1C,KZZHA,20.3
2011,PT,,U,_L_KZ_010101_1C,KZKAR,7.4
2011,PT,,U,_L_KZ_010101_1C,KZKUS,9.8
2011,PT,,U,_L_KZ_010101_1C,KZKZY,7.8
2011,PT,,U,_L_KZ_010101_1C,KZMAN,2.0
2011,PT,,U,_L_KZ_010101_1C,KZONT,20.9
2011,PT,,U,_L_KZ_010101_1C,KZPAV,12.7
2011,PT,,U,_L_KZ_010101_1C,KZSEV,13.9
2011,PT,,U,_L_KZ_010101_1C,KZVOS,11.5
2011,PT,,U,_L_KZ_010101_1C,KZNS,1.7
2011,PT,,U,_L_KZ_010101_1C,KZALA,2.0
2011,PT,,R,_L_KZ_010101_1A,KZAKM,0.3
2011,PT,,R,_L_KZ_010101_1A,KZKAR,0.2
2011,PT,,R,_L_KZ_010101_1A,KZKUS,0.1
2011,PT,,R,_L_KZ_010101_1A,KZONT,0.5
2011,PT,,R,_L_KZ_010101_1A,KZPAV,0.6
2011,PT,,R,_L_KZ_010101_1A,KZSEV,0.3
2011,PT,,R,_L_KZ_010101_1A,KZVOS,0.4
2011,PT,,R,_L_KZ_010101_1B,KZAKM,3.4
2011,PT,,R,_L_KZ_010101_1B,KZAKT,2.0
2011,PT,,R,_L_KZ_010101_1B,KZALM,0.1
2011,PT,,R,_L_KZ_010101_1B,KZATY,0.2
2011,PT,,R,_L_KZ_010101_1B,KZZAP,1.5
2011,PT,,R,_L_KZ_010101_1B,KZZHA,0.4
2011,PT,,R,_L_KZ_010101_1B,KZKAR,3.1
2011,PT,,R,_L_KZ_010101_1B,KZKUS,2.3
2011,PT,,R,_L_KZ_010101_1B,KZKZY,1.0
2011,PT,,R,_L_KZ_010101_1B,KZMAN,0.2
2011,PT,,R,_L_KZ_010101_1B,KZONT,3.5
2011,PT,,R,_L_KZ_010101_1B,KZPAV,3.7
2011,PT,,R,_L_KZ_010101_1B,KZSEV,5.0
2011,PT,,R,_L_KZ_010101_1B,KZVOS,4.2
2011,PT,,R,_L_KZ_010101_1C,KZAKM,16.2
2011,PT,,R,_L_KZ_010101_1C,KZAKT,20.9
2011,PT,,R,_L_KZ_010101_1C,KZALM,6.4
2011,PT,,R,_L_KZ_010101_1C,KZATY,10.7
2011,PT,,R,_L_KZ_010101_1C,KZZAP,28.8
2011,PT,,R,_L_KZ_010101_1C,KZZHA,27.1
2011,PT,,R,_L_KZ_010101_1C,KZKAR,22.9
2011,PT,,R,_L_KZ_010101_1C,KZKUS,21.4
2011,PT,,R,_L_KZ_010101_1C,KZKZY,16.6
2011,PT,,R,_L_KZ_010101_1C,KZMAN,7.3
2011,PT,,R,_L_KZ_010101_1C,KZONT,40.4
2011,PT,,R,_L_KZ_010101_1C,KZPAV,26.3
2011,PT,,R,_L_KZ_010101_1C,KZSEV,27.5
2011,PT,,R,_L_KZ_010101_1C,KZVOS,26.5
2012,PT,,,_L_KZ_010101_1A,,0.0
2012,PT,,,_L_KZ_010101_1B,,1.0
2012,PT,,,_L_KZ_010101_1C,,17.7
2012,PT,M,,_L_KZ_010101_1A,,0.0
2012,PT,M,,_L_KZ_010101_1B,,1.1
2012,PT,M,,_L_KZ_010101_1C,,18.4
2012,PT,F,,_L_KZ_010101_1A,,0.0
2012,PT,F,,_L_KZ_010101_1B,,1.0
2012,PT,F,,_L_KZ_010101_1C,,17.1
2012,PT,,U,_L_KZ_010101_1A,,0.0
2012,PT,,U,_L_KZ_010101_1B,,0.5
2012,PT,,U,_L_KZ_010101_1C,,11.6
2012,PT,,R,_L_KZ_010101_1A,,0.1
2012,PT,,R,_L_KZ_010101_1B,,1.7
2012,PT,,R,_L_KZ_010101_1C,,25.1
2012,PT,,,_L_KZ_010101_1A,KZAKM,0.3
2012,PT,,,_L_KZ_010101_1A,KZALM,0.1
2012,PT,,,_L_KZ_010101_1A,KZZHA,0.1
2012,PT,,,_L_KZ_010101_1A,KZKUS,0.1
2012,PT,,,_L_KZ_010101_1A,KZONT,0.0
2012,PT,,,_L_KZ_010101_1A,KZPAV,0.0
2012,PT,,,_L_KZ_010101_1A,KZSEV,0.1
2012,PT,,,_L_KZ_010101_1A,KZVOS,0.0
2012,PT,,,_L_KZ_010101_1B,KZAKM,1.5
2012,PT,,,_L_KZ_010101_1B,KZAKT,0.7
2012,PT,,,_L_KZ_010101_1B,KZALM,0.4
2012,PT,,,_L_KZ_010101_1B,KZZAP,0.4
2012,PT,,,_L_KZ_010101_1B,KZZHA,2.3
2012,PT,,,_L_KZ_010101_1B,KZKAR,0.7
2012,PT,,,_L_KZ_010101_1B,KZKUS,0.9
2012,PT,,,_L_KZ_010101_1B,KZKZY,0.5
2012,PT,,,_L_KZ_010101_1B,KZMAN,0.0
2012,PT,,,_L_KZ_010101_1B,KZONT,2.2
2012,PT,,,_L_KZ_010101_1B,KZPAV,1.3
2012,PT,,,_L_KZ_010101_1B,KZSEV,2.9
2012,PT,,,_L_KZ_010101_1B,KZVOS,1.0
2012,PT,,,_L_KZ_010101_1B,KZNS,0.1
2012,PT,,,_L_KZ_010101_1B,KZALA,0.1
2012,PT,,,_L_KZ_010101_1C,KZAKM,17.0
2012,PT,,,_L_KZ_010101_1C,KZAKT,15.2
2012,PT,,,_L_KZ_010101_1C,KZALM,8.8
2012,PT,,,_L_KZ_010101_1C,KZATY,6.3
2012,PT,,,_L_KZ_010101_1C,KZZAP,27.4
2012,PT,,,_L_KZ_010101_1C,KZZHA,36.4
2012,PT,,,_L_KZ_010101_1C,KZKAR,11.6
2012,PT,,,_L_KZ_010101_1C,KZKUS,17.0
2012,PT,,,_L_KZ_010101_1C,KZKZY,12.2
2012,PT,,,_L_KZ_010101_1C,KZMAN,4.0
2012,PT,,,_L_KZ_010101_1C,KZONT,40.9
2012,PT,,,_L_KZ_010101_1C,KZPAV,15.4
2012,PT,,,_L_KZ_010101_1C,KZSEV,20.1
2012,PT,,,_L_KZ_010101_1C,KZVOS,15.0
2012,PT,,,_L_KZ_010101_1C,KZNS,1.3
2012,PT,,,_L_KZ_010101_1C,KZALA,1.1
2012,PT,,U,_L_KZ_010101_1A,KZAKM,0.3
2012,PT,,U,_L_KZ_010101_1A,KZKUS,0.1
2012,PT,,U,_L_KZ_010101_1A,KZONT,0.1
2012,PT,,U,_L_KZ_010101_1B,KZAKM,1.4
2012,PT,,U,_L_KZ_010101_1B,KZAKT,0.3
2012,PT,,U,_L_KZ_010101_1B,KZZHA,2.6
2012,PT,,U,_L_KZ_010101_1B,KZKAR,0.2
2012,PT,,U,_L_KZ_010101_1B,KZKUS,0.3
2012,PT,,U,_L_KZ_010101_1B,KZKZY,0.3
2012,PT,,U,_L_KZ_010101_1B,KZMAN,0.1
2012,PT,,U,_L_KZ_010101_1B,KZONT,1.2
2012,PT,,U,_L_KZ_010101_1B,KZPAV,0.4
2012,PT,,U,_L_KZ_010101_1B,KZSEV,1.4
2012,PT,,U,_L_KZ_010101_1B,KZVOS,0.7
2012,PT,,U,_L_KZ_010101_1B,KZNS,0.1
2012,PT,,U,_L_KZ_010101_1B,KZALA,0.1
2012,PT,,U,_L_KZ_010101_1C,KZAKM,16.7
2012,PT,,U,_L_KZ_010101_1C,KZAKT,15.0
2012,PT,,U,_L_KZ_010101_1C,KZALM,10.1
2012,PT,,U,_L_KZ_010101_1C,KZATY,3.9
2012,PT,,U,_L_KZ_010101_1C,KZZAP,19.7
2012,PT,,U,_L_KZ_010101_1C,KZZHA,28.7
2012,PT,,U,_L_KZ_010101_1C,KZKAR,7.7
2012,PT,,U,_L_KZ_010101_1C,KZKUS,15.1
2012,PT,,U,_L_KZ_010101_1C,KZKZY,11.2
2012,PT,,U,_L_KZ_010101_1C,KZMAN,1.3
2012,PT,,U,_L_KZ_010101_1C,KZONT,28.2
2012,PT,,U,_L_KZ_010101_1C,KZPAV,11.7
2012,PT,,U,_L_KZ_010101_1C,KZSEV,15.4
2012,PT,,U,_L_KZ_010101_1C,KZVOS,12.2
2012,PT,,U,_L_KZ_010101_1C,KZNS,1.3
2012,PT,,U,_L_KZ_010101_1C,KZALA,1.1
2012,PT,,R,_L_KZ_010101_1A,KZAKM,0.3
2012,PT,,R,_L_KZ_010101_1A,KZALM,0.1
2012,PT,,R,_L_KZ_010101_1A,KZZHA,0.2
2012,PT,,R,_L_KZ_010101_1A,KZKUS,0.2
2012,PT,,R,_L_KZ_010101_1A,KZPAV,0.1
2012,PT,,R,_L_KZ_010101_1A,KZSEV,0.1
2012,PT,,R,_L_KZ_010101_1A,KZVOS,0.1
2012,PT,,R,_L_KZ_010101_1B,KZAKM,1.7
2012,PT,,R,_L_KZ_010101_1B,KZAKT,1.4
2012,PT,,R,_L_KZ_010101_1B,KZALM,0.6
2012,PT,,R,_L_KZ_010101_1B,KZZAP,0.8
2012,PT,,R,_L_KZ_010101_1B,KZZHA,2.1
2012,PT,,R,_L_KZ_010101_1B,KZKAR,2.8
2012,PT,,R,_L_KZ_010101_1B,KZKUS,1.4
2012,PT,,R,_L_KZ_010101_1B,KZKZY,0.5
2012,PT,,R,_L_KZ_010101_1B,KZONT,2.9
2012,PT,,R,_L_KZ_010101_1B,KZPAV,3.2
2012,PT,,R,_L_KZ_010101_1B,KZSEV,3.9
2012,PT,,R,_L_KZ_010101_1B,KZVOS,1.4
2012,PT,,R,_L_KZ_010101_1C,KZAKM,17.3
2012,PT,,R,_L_KZ_010101_1C,KZAKT,15.6
2012,PT,,R,_L_KZ_010101_1C,KZALM,8.4
2012,PT,,R,_L_KZ_010101_1C,KZATY,8.6
2012,PT,,R,_L_KZ_010101_1C,KZZAP,34.8
2012,PT,,R,_L_KZ_010101_1C,KZZHA,41.3
2012,PT,,R,_L_KZ_010101_1C,KZKAR,25.6
2012,PT,,R,_L_KZ_010101_1C,KZKUS,19.0
2012,PT,,R,_L_KZ_010101_1C,KZKZY,13.0
2012,PT,,R,_L_KZ_010101_1C,KZMAN,6.7
2012,PT,,R,_L_KZ_010101_1C,KZONT,49.0
2012,PT,,R,_L_KZ_010101_1C,KZPAV,23.7
2012,PT,,R,_L_KZ_010101_1C,KZSEV,23.4
2012,PT,,R,_L_KZ_010101_1C,KZVOS,18.9
2013,PT,,,_L_KZ_010101_1A,,0.0
2013,PT,,,_L_KZ_010101_1B,,0.7
2013,PT,,,_L_KZ_010101_1C,,13.6
2013,PT,M,,_L_KZ_010101_1A,,0.0
2013,PT,M,,_L_KZ_010101_1B,,0.7
2013,PT,M,,_L_KZ_010101_1C,,14.2
2013,PT,F,,_L_KZ_010101_1A,,0.0
2013,PT,F,,_L_KZ_010101_1B,,0.6
2013,PT,F,,_L_KZ_010101_1C,,13.1
2013,PT,,U,_L_KZ_010101_1A,,0.0
2013,PT,,U,_L_KZ_010101_1B,,0.3
2013,PT,,U,_L_KZ_010101_1C,,8.4
2013,PT,,R,_L_KZ_010101_1A,,0.0
2013,PT,,R,_L_KZ_010101_1B,,1.1
2013,PT,,R,_L_KZ_010101_1C,,20.0
2013,PT,,,_L_KZ_010101_1A,KZAKM,0.1
2013,PT,,,_L_KZ_010101_1A,KZKAR,0.2
2013,PT,,,_L_KZ_010101_1A,KZSEV,0.4
2013,PT,,,_L_KZ_010101_1B,KZAKM,1.5
2013,PT,,,_L_KZ_010101_1B,KZAKT,0.5
2013,PT,,,_L_KZ_010101_1B,KZALM,0.6
2013,PT,,,_L_KZ_010101_1B,KZZAP,0.4
2013,PT,,,_L_KZ_010101_1B,KZZHA,0.4
2013,PT,,,_L_KZ_010101_1B,KZKAR,0.9
2013,PT,,,_L_KZ_010101_1B,KZKUS,1.3
2013,PT,,,_L_KZ_010101_1B,KZKZY,0.3
2013,PT,,,_L_KZ_010101_1B,KZPAV,0.3
2013,PT,,,_L_KZ_010101_1B,KZSEV,2.2
2013,PT,,,_L_KZ_010101_1B,KZYUZ,1.6
2013,PT,,,_L_KZ_010101_1B,KZVOS,0.1
2013,PT,,,_L_KZ_010101_1B,KZNS,0.0
2013,PT,,,_L_KZ_010101_1B,KZALA,0.0
2013,PT,,,_L_KZ_010101_1B,KZSHY,0.6
2013,PT,,,_L_KZ_010101_1C,KZAKM,16.3
2013,PT,,,_L_KZ_010101_1C,KZAKT,12.8
2013,PT,,,_L_KZ_010101_1C,KZALM,4.3
2013,PT,,,_L_KZ_010101_1C,KZATY,6.8
2013,PT,,,_L_KZ_010101_1C,KZZAP,23.2
2013,PT,,,_L_KZ_010101_1C,KZZHA,15.1
2013,PT,,,_L_KZ_010101_1C,KZKAR,11.2
2013,PT,,,_L_KZ_010101_1C,KZKUS,15.0
2013,PT,,,_L_KZ_010101_1C,KZKZY,11.3
2013,PT,,,_L_KZ_010101_1C,KZMAN,3.1
2013,PT,,,_L_KZ_010101_1C,KZPAV,7.8
2013,PT,,,_L_KZ_010101_1C,KZSEV,20.0
2013,PT,,,_L_KZ_010101_1C,KZYUZ,38.4
2013,PT,,,_L_KZ_010101_1C,KZVOS,11.9
2013,PT,,,_L_KZ_010101_1C,KZNS,0.9
2013,PT,,,_L_KZ_010101_1C,KZALA,1.2
2013,PT,,,_L_KZ_010101_1C,KZSHY,17.3
2013,PT,,U,_L_KZ_010101_1A,KZSEV,1.0
2013,PT,,U,_L_KZ_010101_1B,KZAKM,1.3
2013,PT,,U,_L_KZ_010101_1B,KZAKT,0.4
2013,PT,,U,_L_KZ_010101_1B,KZALM,0.1
2013,PT,,U,_L_KZ_010101_1B,KZZHA,0.2
2013,PT,,U,_L_KZ_010101_1B,KZKAR,0.2
2013,PT,,U,_L_KZ_010101_1B,KZKUS,1.4
2013,PT,,U,_L_KZ_010101_1B,KZKZY,0.8
2013,PT,,U,_L_KZ_010101_1B,KZSEV,1.9
2013,PT,,U,_L_KZ_010101_1B,KZVOS,0.2
2013,PT,,U,_L_KZ_010101_1B,KZNS,0.0
2013,PT,,U,_L_KZ_010101_1B,KZALA,0.0
2013,PT,,U,_L_KZ_010101_1B,KZSHY,0.6
2013,PT,,U,_L_KZ_010101_1C,KZAKM,16.5
2013,PT,,U,_L_KZ_010101_1C,KZAKT,9.3
2013,PT,,U,_L_KZ_010101_1C,KZALM,5.8
2013,PT,,U,_L_KZ_010101_1C,KZATY,2.8
2013,PT,,U,_L_KZ_010101_1C,KZZAP,13.9
2013,PT,,U,_L_KZ_010101_1C,KZZHA,10.3
2013,PT,,U,_L_KZ_010101_1C,KZKAR,7.8
2013,PT,,U,_L_KZ_010101_1C,KZKUS,14.2
2013,PT,,U,_L_KZ_010101_1C,KZKZY,10.9
2013,PT,,U,_L_KZ_010101_1C,KZMAN,1.1
2013,PT,,U,_L_KZ_010101_1C,KZPAV,5.5
2013,PT,,U,_L_KZ_010101_1C,KZSEV,15.5
2013,PT,,U,_L_KZ_010101_1C,KZYUZ,23.8
2013,PT,,U,_L_KZ_010101_1C,KZVOS,9.0
2013,PT,,U,_L_KZ_010101_1C,KZNS,0.9
2013,PT,,U,_L_KZ_010101_1C,KZALA,1.2
2013,PT,,U,_L_KZ_010101_1C,KZSHY,17.3
2013,PT,,R,_L_KZ_010101_1A,KZAKM,0.2
2013,PT,,R,_L_KZ_010101_1A,KZKAR,0.7
2013,PT,,R,_L_KZ_010101_1A,KZSEV,0.1
2013,PT,,R,_L_KZ_010101_1B,KZAKM,1.6
2013,PT,,R,_L_KZ_010101_1B,KZAKT,0.7
2013,PT,,R,_L_KZ_010101_1B,KZALM,0.7
2013,PT,,R,_L_KZ_010101_1B,KZZAP,0.8
2013,PT,,R,_L_KZ_010101_1B,KZZHA,0.6
2013,PT,,R,_L_KZ_010101_1B,KZKAR,3.5
2013,PT,,R,_L_KZ_010101_1B,KZKUS,1.3
2013,PT,,R,_L_KZ_010101_1B,KZPAV,0.9
2013,PT,,R,_L_KZ_010101_1B,KZSEV,2.5
2013,PT,,R,_L_KZ_010101_1B,KZYUZ,2.1
2013,PT,,R,_L_KZ_010101_1B,KZVOS,0.1
2013,PT,,R,_L_KZ_010101_1C,KZAKM,16.1
2013,PT,,R,_L_KZ_010101_1C,KZAKT,18.3
2013,PT,,R,_L_KZ_010101_1C,KZALM,3.8
2013,PT,,R,_L_KZ_010101_1C,KZATY,10.7
2013,PT,,R,_L_KZ_010101_1C,KZZAP,32.2
2013,PT,,R,_L_KZ_010101_1C,KZZHA,18.3
2013,PT,,R,_L_KZ_010101_1C,KZKAR,23.5
2013,PT,,R,_L_KZ_010101_1C,KZKUS,16.0
2013,PT,,R,_L_KZ_010101_1C,KZKZY,11.6
2013,PT,,R,_L_KZ_010101_1C,KZMAN,5.1
2013,PT,,R,_L_KZ_010101_1C,KZPAV,13.1
2013,PT,,R,_L_KZ_010101_1C,KZSEV,23.2
2013,PT,,R,_L_KZ_010101_1C,KZYUZ,42.7
2013,PT,,R,_L_KZ_010101_1C,KZVOS,16.1
2014,PT,,,_L_KZ_010101_1A,,0.0
2014,PT,,,_L_KZ_010101_1B,,0.7
2014,PT,,,_L_KZ_010101_1C,,15.0
2014,PT,M,,_L_KZ_010101_1A,,0.0
2014,PT,M,,_L_KZ_010101_1B,,0.7
2014,PT,M,,_L_KZ_010101_1C,,15.7
2014,PT,F,,_L_KZ_010101_1A,,0.0
2014,PT,F,,_L_KZ_010101_1B,,0.6
2014,PT,F,,_L_KZ_010101_1C,,14.5
2014,PT,,U,_L_KZ_010101_1A,,0.0
2014,PT,,U,_L_KZ_010101_1B,,0.3
2014,PT,,U,_L_KZ_010101_1C,,9.3
2014,PT,,R,_L_KZ_010101_1A,,0.0
2014,PT,,R,_L_KZ_010101_1B,,1.1
2014,PT,,R,_L_KZ_010101_1C,,22.1
2014,PT,,,_L_KZ_010101_1A,KZAKM,0.1
2014,PT,,,_L_KZ_010101_1A,KZKAR,0.0
2014,PT,,,_L_KZ_010101_1A,KZYUZ,0.1
2014,PT,,,_L_KZ_010101_1B,KZAKM,0.8
2014,PT,,,_L_KZ_010101_1B,KZAKT,0.9
2014,PT,,,_L_KZ_010101_1B,KZALM,0.3
2014,PT,,,_L_KZ_010101_1B,KZZAP,1.3
2014,PT,,,_L_KZ_010101_1B,KZZHA,0.7
2014,PT,,,_L_KZ_010101_1B,KZKAR,0.6
2014,PT,,,_L_KZ_010101_1B,KZKUS,1.2
2014,PT,,,_L_KZ_010101_1B,KZKZY,0.6
2014,PT,,,_L_KZ_010101_1B,KZMAN,0.1
2014,PT,,,_L_KZ_010101_1B,KZPAV,0.2
2014,PT,,,_L_KZ_010101_1B,KZSEV,1.2
2014,PT,,,_L_KZ_010101_1B,KZYUZ,1.6
2014,PT,,,_L_KZ_010101_1B,KZVOS,0.6
2014,PT,,,_L_KZ_010101_1B,KZALA,0.1
2014,PT,,,_L_KZ_010101_1C,KZAKM,15.8
2014,PT,,,_L_KZ_010101_1C,KZAKT,13.0
2014,PT,,,_L_KZ_010101_1C,KZALM,5.8
2014,PT,,,_L_KZ_010101_1C,KZATY,10.7
2014,PT,,,_L_KZ_010101_1C,KZZAP,21.1
2014,PT,,,_L_KZ_010101_1C,KZZHA,24.7
2014,PT,,,_L_KZ_010101_1C,KZKAR,9.1
2014,PT,,,_L_KZ_010101_1C,KZKUS,15.3
2014,PT,,,_L_KZ_010101_1C,KZKZY,15.9
2014,PT,,,_L_KZ_010101_1C,KZMAN,4.2
2014,PT,,,_L_KZ_010101_1C,KZPAV,9.6
2014,PT,,,_L_KZ_010101_1C,KZSEV,19.1
2014,PT,,,_L_KZ_010101_1C,KZYUZ,41.9
2014,PT,,,_L_KZ_010101_1C,KZVOS,13.9
2014,PT,,,_L_KZ_010101_1C,KZNS,0.6
2014,PT,,,_L_KZ_010101_1C,KZALA,1.8
2014,PT,,,_L_KZ_010101_1C,KZSHY,13.4
2014,PT,,U,_L_KZ_010101_1A,KZYUZ,0.3
2014,PT,,U,_L_KZ_010101_1B,KZAKM,0.3
2014,PT,,U,_L_KZ_010101_1B,KZAKT,0.5
2014,PT,,U,_L_KZ_010101_1B,KZALM,0.5
2014,PT,,U,_L_KZ_010101_1B,KZZAP,0.3
2014,PT,,U,_L_KZ_010101_1B,KZZHA,0.8
2014,PT,,U,_L_KZ_010101_1B,KZKAR,0.1
2014,PT,,U,_L_KZ_010101_1B,KZKUS,0.4
2014,PT,,U,_L_KZ_010101_1B,KZKZY,1.0
2014,PT,,U,_L_KZ_010101_1B,KZPAV,0.2
2014,PT,,U,_L_KZ_010101_1B,KZSEV,0.5
2014,PT,,U,_L_KZ_010101_1B,KZYUZ,1.1
2014,PT,,U,_L_KZ_010101_1B,KZVOS,0.2
2014,PT,,U,_L_KZ_010101_1B,KZALA,0.1
2014,PT,,U,_L_KZ_010101_1C,KZAKM,15.9
2014,PT,,U,_L_KZ_010101_1C,KZAKT,10.8
2014,PT,,U,_L_KZ_010101_1C,KZALM,6.9
2014,PT,,U,_L_KZ_010101_1C,KZATY,3.8
2014,PT,,U,_L_KZ_010101_1C,KZZAP,11.6
2014,PT,,U,_L_KZ_010101_1C,KZZHA,18.2
2014,PT,,U,_L_KZ_010101_1C,KZKAR,6.2
2014,PT,,U,_L_KZ_010101_1C,KZKUS,10.6
2014,PT,,U,_L_KZ_010101_1C,KZKZY,15.3
2014,PT,,U,_L_KZ_010101_1C,KZMAN,1.0
2014,PT,,U,_L_KZ_010101_1C,KZPAV,7.9
2014,PT,,U,_L_KZ_010101_1C,KZSEV,14.1
2014,PT,,U,_L_KZ_010101_1C,KZYUZ,32.6
2014,PT,,U,_L_KZ_010101_1C,KZVOS,12.8
2014,PT,,U,_L_KZ_010101_1C,KZNS,0.6
2014,PT,,U,_L_KZ_010101_1C,KZALA,1.8
2014,PT,,U,_L_KZ_010101_1C,KZSHY,13.4
2014,PT,,R,_L_KZ_010101_1A,KZAKM,0.2
2014,PT,,R,_L_KZ_010101_1A,KZKAR,0.1
2014,PT,,R,_L_KZ_010101_1B,KZAKM,1.2
2014,PT,,R,_L_KZ_010101_1B,KZAKT,1.6
2014,PT,,R,_L_KZ_010101_1B,KZALM,0.3
2014,PT,,R,_L_KZ_010101_1B,KZZAP,2.4
2014,PT,,R,_L_KZ_010101_1B,KZZHA,0.6
2014,PT,,R,_L_KZ_010101_1B,KZKAR,2.7
2014,PT,,R,_L_KZ_010101_1B,KZKUS,2.0
2014,PT,,R,_L_KZ_010101_1B,KZKZY,0.4
2014,PT,,R,_L_KZ_010101_1B,KZMAN,0.1
2014,PT,,R,_L_KZ_010101_1B,KZPAV,0.3
2014,PT,,R,_L_KZ_010101_1B,KZSEV,1.8
2014,PT,,R,_L_KZ_010101_1B,KZYUZ,1.7
2014,PT,,R,_L_KZ_010101_1B,KZVOS,1.3
2014,PT,,R,_L_KZ_010101_1C,KZAKM,15.8
2014,PT,,R,_L_KZ_010101_1C,KZAKT,16.5
2014,PT,,R,_L_KZ_010101_1C,KZALM,5.5
2014,PT,,R,_L_KZ_010101_1C,KZATY,17.0
2014,PT,,R,_L_KZ_010101_1C,KZZAP,30.5
2014,PT,,R,_L_KZ_010101_1C,KZZHA,29.1
2014,PT,,R,_L_KZ_010101_1C,KZKAR,20.3
2014,PT,,R,_L_KZ_010101_1C,KZKUS,20.4
2014,PT,,R,_L_KZ_010101_1C,KZKZY,16.3
2014,PT,,R,_L_KZ_010101_1C,KZMAN,7.4
2014,PT,,R,_L_KZ_010101_1C,KZPAV,13.6
2014,PT,,R,_L_KZ_010101_1C,KZSEV,22.9
2014,PT,,R,_L_KZ_010101_1C,KZYUZ,44.7
2014,PT,,R,_L_KZ_010101_1C,KZVOS,15.6
2015,PT,,,_L_KZ_010101_1A,,0.0
2015,PT,,,_L_KZ_010101_1B,,0.7
2015,PT,,,_L_KZ_010101_1C,,16.1
2015,PT,M,,_L_KZ_010101_1A,,0.0
2015,PT,M,,_L_KZ_010101_1B,,0.7
2015,PT,M,,_L_KZ_010101_1C,,16.8
2015,PT,F,,_L_KZ_010101_1A,,0.0
2015,PT,F,,_L_KZ_010101_1B,,0.7
2015,PT,F,,_L_KZ_010101_1C,,15.6
2015,PT,,U,_L_KZ_010101_1B,,0.3
2015,PT,,U,_L_KZ_010101_1C,,10.1
2015,PT,,R,_L_KZ_010101_1A,,0.1
2015,PT,,R,_L_KZ_010101_1B,,1.2
2015,PT,,R,_L_KZ_010101_1C,,24.0
2015,PT,,,_L_KZ_010101_1A,KZAKM,0.0
2015,PT,,,_L_KZ_010101_1A,KZALM,0.1
2015,PT,,,_L_KZ_010101_1A,KZKAR,0.0
2015,PT,,,_L_KZ_010101_1A,KZKUS,0.1
2015,PT,,,_L_KZ_010101_1A,KZSEV,0.3
2015,PT,,,_L_KZ_010101_1A,KZVOS,0.0
2015,PT,,,_L_KZ_010101_1B,KZAKM,1.3
2015,PT,,,_L_KZ_010101_1B,KZAKT,0.8
2015,PT,,,_L_KZ_010101_1B,KZALM,0.3
2015,PT,,,_L_KZ_010101_1B,KZZAP,1.7
2015,PT,,,_L_KZ_010101_1B,KZZHA,1.0
2015,PT,,,_L_KZ_010101_1B,KZKAR,0.7
2015,PT,,,_L_KZ_010101_1B,KZKUS,1.0
2015,PT,,,_L_KZ_010101_1B,KZKZY,0.8
2015,PT,,,_L_KZ_010101_1B,KZMAN,0.1
2015,PT,,,_L_KZ_010101_1B,KZPAV,0.9
2015,PT,,,_L_KZ_010101_1B,KZSEV,2.0
2015,PT,,,_L_KZ_010101_1B,KZYUZ,0.7
2015,PT,,,_L_KZ_010101_1B,KZVOS,1.1
2015,PT,,,_L_KZ_010101_1B,KZNS,0.1
2015,PT,,,_L_KZ_010101_1C,KZAKM,16.2
2015,PT,,,_L_KZ_010101_1C,KZAKT,17.8
2015,PT,,,_L_KZ_010101_1C,KZALM,8.7
2015,PT,,,_L_KZ_010101_1C,KZATY,11.8
2015,PT,,,_L_KZ_010101_1C,KZZAP,21.3
2015,PT,,,_L_KZ_010101_1C,KZZHA,35.8
2015,PT,,,_L_KZ_010101_1C,KZKAR,12.1
2015,PT,,,_L_KZ_010101_1C,KZKUS,16.3
2015,PT,,,_L_KZ_010101_1C,KZKZY,26.7
2015,PT,,,_L_KZ_010101_1C,KZMAN,4.8
2015,PT,,,_L_KZ_010101_1C,KZPAV,10.9
2015,PT,,,_L_KZ_010101_1C,KZSEV,16.1
2015,PT,,,_L_KZ_010101_1C,KZYUZ,36.1
2015,PT,,,_L_KZ_010101_1C,KZVOS,13.1
2015,PT,,,_L_KZ_010101_1C,KZNS,0.8
2015,PT,,,_L_KZ_010101_1C,KZALA,2.1
2015,PT,,,_L_KZ_010101_1C,KZSHY,12.5
2015,PT,,U,_L_KZ_010101_1B,KZAKM,1.2
2015,PT,,U,_L_KZ_010101_1B,KZAKT,0.2
2015,PT,,U,_L_KZ_010101_1B,KZALM,0.7
2015,PT,,U,_L_KZ_010101_1B,KZZAP,0.1
2015,PT,,U,_L_KZ_010101_1B,KZZHA,1.2
2015,PT,,U,_L_KZ_010101_1B,KZKUS,0.2
2015,PT,,U,_L_KZ_010101_1B,KZKZY,0.5
2015,PT,,U,_L_KZ_010101_1B,KZPAV,0.6
2015,PT,,U,_L_KZ_010101_1B,KZSEV,1.3
2015,PT,,U,_L_KZ_010101_1B,KZVOS,0.4
2015,PT,,U,_L_KZ_010101_1B,KZNS,0.1
2015,PT,,U,_L_KZ_010101_1C,KZAKM,16.6
2015,PT,,U,_L_KZ_010101_1C,KZAKT,14.6
2015,PT,,U,_L_KZ_010101_1C,KZALM,9.0
2015,PT,,U,_L_KZ_010101_1C,KZATY,4.6
2015,PT,,U,_L_KZ_010101_1C,KZZAP,11.6
2015,PT,,U,_L_KZ_010101_1C,KZZHA,30.2
2015,PT,,U,_L_KZ_010101_1C,KZKAR,10.0
2015,PT,,U,_L_KZ_010101_1C,KZKUS,10.9
2015,PT,,U,_L_KZ_010101_1C,KZKZY,21.5
2015,PT,,U,_L_KZ_010101_1C,KZMAN,1.5
2015,PT,,U,_L_KZ_010101_1C,KZPAV,10.9
2015,PT,,U,_L_KZ_010101_1C,KZSEV,11.7
2015,PT,,U,_L_KZ_010101_1C,KZYUZ,25.2
2015,PT,,U,_L_KZ_010101_1C,KZVOS,7.2
2015,PT,,U,_L_KZ_010101_1C,KZNS,0.8
2015,PT,,U,_L_KZ_010101_1C,KZALA,2.1
2015,PT,,U,_L_KZ_010101_1C,KZSHY,12.5
2015,PT,,R,_L_KZ_010101_1A,KZAKM,0.0
2015,PT,,R,_L_KZ_010101_1A,KZALM,0.1
2015,PT,,R,_L_KZ_010101_1A,KZKAR,0.1
2015,PT,,R,_L_KZ_010101_1A,KZSEV,0.5
2015,PT,,R,_L_KZ_010101_1A,KZVOS,0.1
2015,PT,,R,_L_KZ_010101_1B,KZAKM,1.5
2015,PT,,R,_L_KZ_010101_1B,KZAKT,1.8
2015,PT,,R,_L_KZ_010101_1B,KZALM,0.2
2015,PT,,R,_L_KZ_010101_1B,KZZAP,3.2
2015,PT,,R,_L_KZ_010101_1B,KZZHA,0.9
2015,PT,,R,_L_KZ_010101_1B,KZKAR,3.3
2015,PT,,R,_L_KZ_010101_1B,KZKUS,2.0
2015,PT,,R,_L_KZ_010101_1B,KZKZY,1.0
2015,PT,,R,_L_KZ_010101_1B,KZMAN,0.1
2015,PT,,R,_L_KZ_010101_1B,KZPAV,1.4
2015,PT,,R,_L_KZ_010101_1B,KZSEV,2.6
2015,PT,,R,_L_KZ_010101_1B,KZYUZ,1.0
2015,PT,,R,_L_KZ_010101_1B,KZVOS,2.3
2015,PT,,R,_L_KZ_010101_1C,KZAKM,15.9
2015,PT,,R,_L_KZ_010101_1C,KZAKT,23.2
2015,PT,,R,_L_KZ_010101_1C,KZALM,8.7
2015,PT,,R,_L_KZ_010101_1C,KZATY,18.4
2015,PT,,R,_L_KZ_010101_1C,KZZAP,30.9
2015,PT,,R,_L_KZ_010101_1C,KZZHA,39.7
2015,PT,,R,_L_KZ_010101_1C,KZKAR,20.4
2015,PT,,R,_L_KZ_010101_1C,KZKUS,22.3
2015,PT,,R,_L_KZ_010101_1C,KZKZY,30.3
2015,PT,,R,_L_KZ_010101_1C,KZMAN,7.8
2015,PT,,R,_L_KZ_010101_1C,KZPAV,10.7
2015,PT,,R,_L_KZ_010101_1C,KZSEV,19.5
2015,PT,,R,_L_KZ_010101_1C,KZYUZ,40.3
2015,PT,,R,_L_KZ_010101_1C,KZVOS,21.9
2016,PT,,,_L_KZ_010101_1A,,0.0
2016,PT,,,_L_KZ_010101_1B,,0.5
2016,PT,,,_L_KZ_010101_1C,,13.7
2016,PT,M,,_L_KZ_010101_1A,,0.0
2016,PT,M,,_L_KZ_010101_1B,,0.5
2016,PT,M,,_L_KZ_010101_1C,,14.4
2016,PT,F,,_L_KZ_010101_1A,,0.0
2016,PT,F,,_L_KZ_010101_1B,,0.5
2016,PT,F,,_L_KZ_010101_1C,,13.1
2016,PT,,U,_L_KZ_010101_1A,,0.0
2016,PT,,U,_L_KZ_010101_1B,,0.2
2016,PT,,U,_L_KZ_010101_1C,,7.9
2016,PT,,R,_L_KZ_010101_1A,,0.0
2016,PT,,R,_L_KZ_010101_1B,,0.9
2016,PT,,R,_L_KZ_010101_1C,,21.5
2016,PT,,,_L_KZ_010101_1A,KZKAR,0.0
2016,PT,,,_L_KZ_010101_1A,KZSEV,0.4
2016,PT,,,_L_KZ_010101_1A,KZYUZ,0.1
2016,PT,,,_L_KZ_010101_1B,KZAKM,0.8
2016,PT,,,_L_KZ_010101_1B,KZAKT,0.2
2016,PT,,,_L_KZ_010101_1B,KZZAP,0.9
2016,PT,,,_L_KZ_010101_1B,KZZHA,0.8
2016,PT,,,_L_KZ_010101_1B,KZKAR,0.4
2016,PT,,,_L_KZ_010101_1B,KZKUS,0.9
2016,PT,,,_L_KZ_010101_1B,KZKZY,0.4
2016,PT,,,_L_KZ_010101_1B,KZMAN,0.1
2016,PT,,,_L_KZ_010101_1B,KZPAV,0.3
2016,PT,,,_L_KZ_010101_1B,KZSEV,1.4
2016,PT,,,_L_KZ_010101_1B,KZYUZ,1.5
2016,PT,,,_L_KZ_010101_1B,KZVOS,0.3
2016,PT,,,_L_KZ_010101_1B,KZALA,0.1
2016,PT,,,_L_KZ_010101_1C,KZAKM,14.7
2016,PT,,,_L_KZ_010101_1C,KZAKT,13.2
2016,PT,,,_L_KZ_010101_1C,KZALM,5.7
2016,PT,,,_L_KZ_010101_1C,KZATY,9.4
2016,PT,,,_L_KZ_010101_1C,KZZAP,17.9
2016,PT,,,_L_KZ_010101_1C,KZZHA,33.1
2016,PT,,,_L_KZ_010101_1C,KZKAR,9.5
2016,PT,,,_L_KZ_010101_1C,KZKUS,15.9
2016,PT,,,_L_KZ_010101_1C,KZKZY,22.8
2016,PT,,,_L_KZ_010101_1C,KZMAN,3.3
2016,PT,,,_L_KZ_010101_1C,KZPAV,9.8
2016,PT,,,_L_KZ_010101_1C,KZSEV,13.1
2016,PT,,,_L_KZ_010101_1C,KZYUZ,34.5
2016,PT,,,_L_KZ_010101_1C,KZVOS,9.4
2016,PT,,,_L_KZ_010101_1C,KZNS,0.8
2016,PT,,,_L_KZ_010101_1C,KZALA,2.1
2016,PT,,,_L_KZ_010101_1C,KZSHY,5.1
2016,PT,,U,_L_KZ_010101_1A,KZSEV,0.4
2016,PT,,U,_L_KZ_010101_1B,KZAKM,0.8
2016,PT,,U,_L_KZ_010101_1B,KZZHA,0.8
2016,PT,,U,_L_KZ_010101_1B,KZKAR,0.1
2016,PT,,U,_L_KZ_010101_1B,KZKUS,0.3
2016,PT,,U,_L_KZ_010101_1B,KZKZY,0.8
2016,PT,,U,_L_KZ_010101_1B,KZSEV,1.0
2016,PT,,U,_L_KZ_010101_1B,KZYUZ,0.4
2016,PT,,U,_L_KZ_010101_1B,KZVOS,0.1
2016,PT,,U,_L_KZ_010101_1B,KZALA,0.1
2016,PT,,U,_L_KZ_010101_1C,KZAKM,12.8
2016,PT,,U,_L_KZ_010101_1C,KZAKT,11.2
2016,PT,,U,_L_KZ_010101_1C,KZALM,5.6
2016,PT,,U,_L_KZ_010101_1C,KZATY,2.7
2016,PT,,U,_L_KZ_010101_1C,KZZAP,10.3
2016,PT,,U,_L_KZ_010101_1C,KZZHA,26.3
2016,PT,,U,_L_KZ_010101_1C,KZKAR,7.8
2016,PT,,U,_L_KZ_010101_1C,KZKUS,11.5
2016,PT,,U,_L_KZ_010101_1C,KZKZY,20.3
2016,PT,,U,_L_KZ_010101_1C,KZMAN,1.2
2016,PT,,U,_L_KZ_010101_1C,KZPAV,8.3
2016,PT,,U,_L_KZ_010101_1C,KZSEV,10.2
2016,PT,,U,_L_KZ_010101_1C,KZYUZ,20.3
2016,PT,,U,_L_KZ_010101_1C,KZVOS,4.3
2016,PT,,U,_L_KZ_010101_1C,KZNS,0.8
2016,PT,,U,_L_KZ_010101_1C,KZALA,2.1
2016,PT,,U,_L_KZ_010101_1C,KZSHY,5.1
2016,PT,,R,_L_KZ_010101_1A,KZKAR,0.1
2016,PT,,R,_L_KZ_010101_1A,KZKUS,0.1
2016,PT,,R,_L_KZ_010101_1A,KZSEV,0.4
2016,PT,,R,_L_KZ_010101_1A,KZYUZ,0.1
2016,PT,,R,_L_KZ_010101_1B,KZAKM,0.9
2016,PT,,R,_L_KZ_010101_1B,KZAKT,0.5
2016,PT,,R,_L_KZ_010101_1B,KZZAP,1.7
2016,PT,,R,_L_KZ_010101_1B,KZZHA,0.8
2016,PT,,R,_L_KZ_010101_1B,KZKAR,1.8
2016,PT,,R,_L_KZ_010101_1B,KZKUS,1.7
2016,PT,,R,_L_KZ_010101_1B,KZKZY,0.1
2016,PT,,R,_L_KZ_010101_1B,KZMAN,0.1
2016,PT,,R,_L_KZ_010101_1B,KZPAV,1.1
2016,PT,,R,_L_KZ_010101_1B,KZSEV,1.7
2016,PT,,R,_L_KZ_010101_1B,KZYUZ,1.9
2016,PT,,R,_L_KZ_010101_1B,KZVOS,0.6
2016,PT,,R,_L_KZ_010101_1C,KZAKM,16.4
2016,PT,,R,_L_KZ_010101_1C,KZAKT,16.4
2016,PT,,R,_L_KZ_010101_1C,KZALM,5.8
2016,PT,,R,_L_KZ_010101_1C,KZATY,15.5
2016,PT,,R,_L_KZ_010101_1C,KZZAP,25.7
2016,PT,,R,_L_KZ_010101_1C,KZZHA,37.7
2016,PT,,R,_L_KZ_010101_1C,KZKAR,16.0
2016,PT,,R,_L_KZ_010101_1C,KZKUS,21.0
2016,PT,,R,_L_KZ_010101_1C,KZKZY,24.5
2016,PT,,R,_L_KZ_010101_1C,KZMAN,5.1
2016,PT,,R,_L_KZ_010101_1C,KZPAV,13.3
2016,PT,,R,_L_KZ_010101_1C,KZSEV,15.3
2016,PT,,R,_L_KZ_010101_1C,KZYUZ,40.1
2016,PT,,R,_L_KZ_010101_1C,KZVOS,17.1
2017,PT,,,_L_KZ_010101_1A,,0.0
2017,PT,,,_L_KZ_010101_1B,,0.5
2017,PT,,,_L_KZ_010101_1C,,11.4
2017,PT,M,,_L_KZ_010101_1A,,0.0
2017,PT,M,,_L_KZ_010101_1B,,0.5
2017,PT,M,,_L_KZ_010101_1C,,11.9
2017,PT,F,,_L_KZ_010101_1A,,0.0
2017,PT,F,,_L_KZ_010101_1B,,0.5
2017,PT,F,,_L_KZ_010101_1C,,11.0
2017,PT,,U,_L_KZ_010101_1A,,0.0
2017,PT,,U,_L_KZ_010101_1B,,0.2
2017,PT,,U,_L_KZ_010101_1C,,7.0
2017,PT,,R,_L_KZ_010101_1A,,0.1
2017,PT,,R,_L_KZ_010101_1B,,0.9
2017,PT,,R,_L_KZ_010101_1C,,17.3
2017,PT,,,_L_KZ_010101_1A,KZKAR,0.0
2017,PT,,,_L_KZ_010101_1A,KZSEV,0.1
2017,PT,,,_L_KZ_010101_1A,KZVOS,0.3
2017,PT,,,_L_KZ_010101_1B,KZAKM,0.8
2017,PT,,,_L_KZ_010101_1B,KZAKT,0.3
2017,PT,,,_L_KZ_010101_1B,KZZAP,0.7
2017,PT,,,_L_KZ_010101_1B,KZZHA,1.4
2017,PT,,,_L_KZ_010101_1B,KZKAR,0.5
2017,PT,,,_L_KZ_010101_1B,KZKUS,0.7
2017,PT,,,_L_KZ_010101_1B,KZKZY,0.1
2017,PT,,,_L_KZ_010101_1B,KZPAV,0.1
2017,PT,,,_L_KZ_010101_1B,KZSEV,1.1
2017,PT,,,_L_KZ_010101_1B,KZYUZ,0.9
2017,PT,,,_L_KZ_010101_1B,KZVOS,1.1
2017,PT,,,_L_KZ_010101_1B,KZALA,0.1
2017,PT,,,_L_KZ_010101_1C,KZAKM,11.5
2017,PT,,,_L_KZ_010101_1C,KZAKT,13.0
2017,PT,,,_L_KZ_010101_1C,KZALM,6.4
2017,PT,,,_L_KZ_010101_1C,KZATY,6.8
2017,PT,,,_L_KZ_010101_1C,KZZAP,17.0
2017,PT,,,_L_KZ_010101_1C,KZZHA,21.9
2017,PT,,,_L_KZ_010101_1C,KZKAR,8.7
2017,PT,,,_L_KZ_010101_1C,KZKUS,10.4
2017,PT,,,_L_KZ_010101_1C,KZKZY,18.7
2017,PT,,,_L_KZ_010101_1C,KZMAN,3.2
2017,PT,,,_L_KZ_010101_1C,KZPAV,6.6
2017,PT,,,_L_KZ_010101_1C,KZSEV,11.5
2017,PT,,,_L_KZ_010101_1C,KZYUZ,29.2
2017,PT,,,_L_KZ_010101_1C,KZVOS,9.0
2017,PT,,,_L_KZ_010101_1C,KZNS,0.8
2017,PT,,,_L_KZ_010101_1C,KZALA,1.5
2017,PT,,,_L_KZ_010101_1C,KZSHY,6.1
2017,PT,,U,_L_KZ_010101_1A,KZSEV,0.1
2017,PT,,U,_L_KZ_010101_1B,KZAKM,0.6
2017,PT,,U,_L_KZ_010101_1B,KZAKT,0.2
2017,PT,,U,_L_KZ_010101_1B,KZZHA,0.6
2017,PT,,U,_L_KZ_010101_1B,KZKAR,0.3
2017,PT,,U,_L_KZ_010101_1B,KZKUS,0.3
2017,PT,,U,_L_KZ_010101_1B,KZKZY,0.3
2017,PT,,U,_L_KZ_010101_1B,KZSEV,1.1
2017,PT,,U,_L_KZ_010101_1B,KZVOS,0.3
2017,PT,,U,_L_KZ_010101_1B,KZALA,0.1
2017,PT,,U,_L_KZ_010101_1C,KZAKM,10.2
2017,PT,,U,_L_KZ_010101_1C,KZAKT,12.0
2017,PT,,U,_L_KZ_010101_1C,KZALM,4.7
2017,PT,,U,_L_KZ_010101_1C,KZATY,2.5
2017,PT,,U,_L_KZ_010101_1C,KZZAP,10.4
2017,PT,,U,_L_KZ_010101_1C,KZZHA,18.4
2017,PT,,U,_L_KZ_010101_1C,KZKAR,6.8
2017,PT,,U,_L_KZ_010101_1C,KZKUS,7.7
2017,PT,,U,_L_KZ_010101_1C,KZKZY,15.9
2017,PT,,U,_L_KZ_010101_1C,KZMAN,0.8
2017,PT,,U,_L_KZ_010101_1C,KZPAV,5.0
2017,PT,,U,_L_KZ_010101_1C,KZSEV,10.3
2017,PT,,U,_L_KZ_010101_1C,KZYUZ,22.0
2017,PT,,U,_L_KZ_010101_1C,KZVOS,5.3
2017,PT,,U,_L_KZ_010101_1C,KZNS,0.8
2017,PT,,U,_L_KZ_010101_1C,KZALA,1.5
2017,PT,,U,_L_KZ_010101_1C,KZSHY,6.1
2017,PT,,R,_L_KZ_010101_1A,KZKAR,0.1
2017,PT,,R,_L_KZ_010101_1A,KZSEV,0.1
2017,PT,,R,_L_KZ_010101_1A,KZVOS,0.7
2017,PT,,R,_L_KZ_010101_1B,KZAKM,0.9
2017,PT,,R,_L_KZ_010101_1B,KZAKT,0.5
2017,PT,,R,_L_KZ_010101_1B,KZZAP,1.5
2017,PT,,R,_L_KZ_010101_1B,KZZHA,1.9
2017,PT,,R,_L_KZ_010101_1B,KZKAR,1.2
2017,PT,,R,_L_KZ_010101_1B,KZKUS,1.2
2017,PT,,R,_L_KZ_010101_1B,KZPAV,0.3
2017,PT,,R,_L_KZ_010101_1B,KZSEV,1.0
2017,PT,,R,_L_KZ_010101_1B,KZYUZ,1.3
2017,PT,,R,_L_KZ_010101_1B,KZVOS,2.4
2017,PT,,R,_L_KZ_010101_1C,KZAKM,12.7
2017,PT,,R,_L_KZ_010101_1C,KZAKT,14.8
2017,PT,,R,_L_KZ_010101_1C,KZALM,6.9
2017,PT,,R,_L_KZ_010101_1C,KZATY,10.7
2017,PT,,R,_L_KZ_010101_1C,KZZAP,24.0
2017,PT,,R,_L_KZ_010101_1C,KZZHA,24.3
2017,PT,,R,_L_KZ_010101_1C,KZKAR,16.0
2017,PT,,R,_L_KZ_010101_1C,KZKUS,13.5
2017,PT,,R,_L_KZ_010101_1C,KZKZY,20.6
2017,PT,,R,_L_KZ_010101_1C,KZMAN,4.9
2017,PT,,R,_L_KZ_010101_1C,KZPAV,10.6
2017,PT,,R,_L_KZ_010101_1C,KZSEV,12.4
2017,PT,,R,_L_KZ_010101_1C,KZYUZ,32.3
2017,PT,,R,_L_KZ_010101_1C,KZVOS,14.7
2018,PT,,,_L_KZ_010101_1A,,0.0
2018,PT,,,_L_KZ_010101_1B,,0.3
2018,PT,,,_L_KZ_010101_1C,,8.5
2018,PT,M,,_L_KZ_010101_1A,,0.0
2018,PT,M,,_L_KZ_010101_1B,,0.3
2018,PT,M,,_L_KZ_010101_1C,,8.9
2018,PT,F,,_L_KZ_010101_1A,,0.0
2018,PT,F,,_L_KZ_010101_1B,,0.3
2018,PT,F,,_L_KZ_010101_1C,,8.2
2018,PT,,U,_L_KZ_010101_1B,,0.2
2018,PT,,U,_L_KZ_010101_1C,,5.0
2018,PT,,R,_L_KZ_010101_1A,,0.0
2018,PT,,R,_L_KZ_010101_1B,,0.4
2018,PT,,R,_L_KZ_010101_1C,,13.4
2018,PT,,,_L_KZ_010101_1A,KZALM,0.1
2018,PT,,,_L_KZ_010101_1A,KZKAR,0.0
2018,PT,,,_L_KZ_010101_1B,KZAKM,0.6
2018,PT,,,_L_KZ_010101_1B,KZAKT,0.2
2018,PT,,,_L_KZ_010101_1B,KZALM,0.1
2018,PT,,,_L_KZ_010101_1B,KZZAP,0.1
2018,PT,,,_L_KZ_010101_1B,KZZHA,0.2
2018,PT,,,_L_KZ_010101_1B,KZKAR,0.5
2018,PT,,,_L_KZ_010101_1B,KZKUS,1.0
2018,PT,,,_L_KZ_010101_1B,KZKZY,0.1
2018,PT,,,_L_KZ_010101_1B,KZMAN,0.2
2018,PT,,,_L_KZ_010101_1B,KZPAV,0.1
2018,PT,,,_L_KZ_010101_1B,KZSEV,0.5
2018,PT,,,_L_KZ_010101_1B,KZYUZ,0.5
2018,PT,,,_L_KZ_010101_1B,KZVOS,0.5
2018,PT,,,_L_KZ_010101_1B,KZNS,0.1
2018,PT,,,_L_KZ_010101_1B,KZALA,0.2
2018,PT,,,_L_KZ_010101_1B,KZSHY,0.5
2018,PT,,,_L_KZ_010101_1C,KZAKM,8.7
2018,PT,,,_L_KZ_010101_1C,KZAKT,12.0
2018,PT,,,_L_KZ_010101_1C,KZALM,4.7
2018,PT,,,_L_KZ_010101_1C,KZATY,5.2
2018,PT,,,_L_KZ_010101_1C,KZZAP,11.8
2018,PT,,,_L_KZ_010101_1C,KZZHA,13.8
2018,PT,,,_L_KZ_010101_1C,KZKAR,5.1
2018,PT,,,_L_KZ_010101_1C,KZKUS,10.5
2018,PT,,,_L_KZ_010101_1C,KZKZY,13.7
2018,PT,,,_L_KZ_010101_1C,KZMAN,4.1
2018,PT,,,_L_KZ_010101_1C,KZPAV,8.5
2018,PT,,,_L_KZ_010101_1C,KZSEV,8.4
2018,PT,,,_L_KZ_010101_1C,KZYUZ,21.7
2018,PT,,,_L_KZ_010101_1C,KZVOS,8.3
2018,PT,,,_L_KZ_010101_1C,KZNS,0.8
2018,PT,,,_L_KZ_010101_1C,KZALA,2.4
2018,PT,,,_L_KZ_010101_1C,KZSHY,3.8
2018,PT,,U,_L_KZ_010101_1B,KZAKM,0.5
2018,PT,,U,_L_KZ_010101_1B,KZAKT,0.1
2018,PT,,U,_L_KZ_010101_1B,KZKAR,0.5
2018,PT,,U,_L_KZ_010101_1B,KZKUS,0.7
2018,PT,,U,_L_KZ_010101_1B,KZSEV,0.8
2018,PT,,U,_L_KZ_010101_1B,KZYUZ,0.3
2018,PT,,U,_L_KZ_010101_1B,KZVOS,0.1
2018,PT,,U,_L_KZ_010101_1B,KZNS,0.1
2018,PT,,U,_L_KZ_010101_1B,KZALA,0.2
2018,PT,,U,_L_KZ_010101_1B,KZSHY,0.5
2018,PT,,U,_L_KZ_010101_1C,KZAKM,7.8
2018,PT,,U,_L_KZ_010101_1C,KZAKT,9.9
2018,PT,,U,_L_KZ_010101_1C,KZALM,4.5
2018,PT,,U,_L_KZ_010101_1C,KZATY,1.6
2018,PT,,U,_L_KZ_010101_1C,KZZAP,6.5
2018,PT,,U,_L_KZ_010101_1C,KZZHA,8.7
2018,PT,,U,_L_KZ_010101_1C,KZKAR,4.3
2018,PT,,U,_L_KZ_010101_1C,KZKUS,6.4
2018,PT,,U,_L_KZ_010101_1C,KZKZY,11.5
2018,PT,,U,_L_KZ_010101_1C,KZMAN,1.1
2018,PT,,U,_L_KZ_010101_1C,KZPAV,6.7
2018,PT,,U,_L_KZ_010101_1C,KZSEV,5.9
2018,PT,,U,_L_KZ_010101_1C,KZYUZ,16.5
2018,PT,,U,_L_KZ_010101_1C,KZVOS,4.6
2018,PT,,U,_L_KZ_010101_1C,KZNS,0.8
2018,PT,,U,_L_KZ_010101_1C,KZALA,2.4
2018,PT,,U,_L_KZ_010101_1C,KZSHY,3.8
2018,PT,,R,_L_KZ_010101_1A,KZALM,0.1
2018,PT,,R,_L_KZ_010101_1A,KZKAR,0.2
2018,PT,,R,_L_KZ_010101_1B,KZAKM,0.7
2018,PT,,R,_L_KZ_010101_1B,KZAKT,0.4
2018,PT,,R,_L_KZ_010101_1B,KZALM,0.1
2018,PT,,R,_L_KZ_010101_1B,KZZAP,0.1
2018,PT,,R,_L_KZ_010101_1B,KZZHA,0.3
2018,PT,,R,_L_KZ_010101_1B,KZKAR,0.5
2018,PT,,R,_L_KZ_010101_1B,KZKUS,1.4
2018,PT,,R,_L_KZ_010101_1B,KZKZY,0.2
2018,PT,,R,_L_KZ_010101_1B,KZMAN,0.3
2018,PT,,R,_L_KZ_010101_1B,KZPAV,0.3
2018,PT,,R,_L_KZ_010101_1B,KZSEV,0.3
2018,PT,,R,_L_KZ_010101_1B,KZYUZ,0.6
2018,PT,,R,_L_KZ_010101_1B,KZVOS,1.1
2018,PT,,R,_L_KZ_010101_1C,KZAKM,9.5
2018,PT,,R,_L_KZ_010101_1C,KZAKT,15.7
2018,PT,,R,_L_KZ_010101_1C,KZALM,4.8
2018,PT,,R,_L_KZ_010101_1C,KZATY,9.1
2018,PT,,R,_L_KZ_010101_1C,KZZAP,17.5
2018,PT,,R,_L_KZ_010101_1C,KZZHA,17.2
2018,PT,,R,_L_KZ_010101_1C,KZKAR,8.4
2018,PT,,R,_L_KZ_010101_1C,KZKUS,15.5
2018,PT,,R,_L_KZ_010101_1C,KZKZY,15.2
2018,PT,,R,_L_KZ_010101_1C,KZMAN,6.1
2018,PT,,R,_L_KZ_010101_1C,KZPAV,12.9
2018,PT,,R,_L_KZ_010101_1C,KZSEV,10.5
2018,PT,,R,_L_KZ_010101_1C,KZYUZ,22.9
2018,PT,,R,_L_KZ_010101_1C,KZVOS,14.1
2019,PT,,,_L_KZ_010101_1A,,0.0
2019,PT,,,_L_KZ_010101_1B,,0.2
2019,PT,,,_L_KZ_010101_1C,,6.2
2019,PT,M,,_L_KZ_010101_1A,,0.0
2019,PT,M,,_L_KZ_010101_1B,,0.2
2019,PT,M,,_L_KZ_010101_1C,,6.4
2019,PT,F,,_L_KZ_010101_1A,,0.0
2019,PT,F,,_L_KZ_010101_1B,,0.2
2019,PT,F,,_L_KZ_010101_1C,,5.9
2019,PT,,U,_L_KZ_010101_1A,,0.0
2019,PT,,U,_L_KZ_010101_1B,,0.1
2019,PT,,U,_L_KZ_010101_1C,,3.6
2019,PT,,R,_L_KZ_010101_1A,,0.0
2019,PT,,R,_L_KZ_010101_1B,,0.4
2019,PT,,R,_L_KZ_010101_1C,,9.7
2019,PT,,,_L_KZ_010101_1A,KZAKM,0.0
2019,PT,,,_L_KZ_010101_1A,KZKAR,0.1
2019,PT,,,_L_KZ_010101_1B,KZAKM,0.7
2019,PT,,,_L_KZ_010101_1B,KZAKT,0.2
2019,PT,,,_L_KZ_010101_1B,KZALM,0.2
2019,PT,,,_L_KZ_010101_1B,KZZHA,0.3
2019,PT,,,_L_KZ_010101_1B,KZKAR,0.4
2019,PT,,,_L_KZ_010101_1B,KZKUS,0.4
2019,PT,,,_L_KZ_010101_1B,KZKZY,0.2
2019,PT,,,_L_KZ_010101_1B,KZPAV,0.2
2019,PT,,,_L_KZ_010101_1B,KZSEV,0.5
2019,PT,,,_L_KZ_010101_1B,KZYUZ,0.2
2019,PT,,,_L_KZ_010101_1B,KZVOS,0.6
2019,PT,,,_L_KZ_010101_1B,KZALA,0.0
2019,PT,,,_L_KZ_010101_1C,KZAKM,6.2
2019,PT,,,_L_KZ_010101_1C,KZAKT,4.5
2019,PT,,,_L_KZ_010101_1C,KZALM,3.0
2019,PT,,,_L_KZ_010101_1C,KZATY,3.2
2019,PT,,,_L_KZ_010101_1C,KZZAP,7.3
2019,PT,,,_L_KZ_010101_1C,KZZHA,9.6
2019,PT,,,_L_KZ_010101_1C,KZKAR,3.9
2019,PT,,,_L_KZ_010101_1C,KZKUS,6.0
2019,PT,,,_L_KZ_010101_1C,KZKZY,10.4
2019,PT,,,_L_KZ_010101_1C,KZMAN,4.2
2019,PT,,,_L_KZ_010101_1C,KZPAV,6.4
2019,PT,,,_L_KZ_010101_1C,KZSEV,8.6
2019,PT,,,_L_KZ_010101_1C,KZYUZ,15.3
2019,PT,,,_L_KZ_010101_1C,KZVOS,7.9
2019,PT,,,_L_KZ_010101_1C,KZNS,0.6
2019,PT,,,_L_KZ_010101_1C,KZALA,2.4
2019,PT,,,_L_KZ_010101_1C,KZSHY,4.3
2019,PT,,U,_L_KZ_010101_1A,KZKAR,0.1
2019,PT,,U,_L_KZ_010101_1B,KZAKM,0.4
2019,PT,,U,_L_KZ_010101_1B,KZKAR,0.5
2019,PT,,U,_L_KZ_010101_1B,KZKUS,0.4
2019,PT,,U,_L_KZ_010101_1B,KZYUZ,0.5
2019,PT,,U,_L_KZ_010101_1B,KZALA,0.0
2019,PT,,U,_L_KZ_010101_1C,KZAKM,5.3
2019,PT,,U,_L_KZ_010101_1C,KZAKT,2.8
2019,PT,,U,_L_KZ_010101_1C,KZALM,1.8
2019,PT,,U,_L_KZ_010101_1C,KZATY,0.8
2019,PT,,U,_L_KZ_010101_1C,KZZAP,4.4
2019,PT,,U,_L_KZ_010101_1C,KZZHA,5.0
2019,PT,,U,_L_KZ_010101_1C,KZKAR,3.4
2019,PT,,U,_L_KZ_010101_1C,KZKUS,3.6
2019,PT,,U,_L_KZ_010101_1C,KZKZY,9.2
2019,PT,,U,_L_KZ_010101_1C,KZMAN,0.4
2019,PT,,U,_L_KZ_010101_1C,KZPAV,5.7
2019,PT,,U,_L_KZ_010101_1C,KZSEV,6.6
2019,PT,,U,_L_KZ_010101_1C,KZYUZ,11.4
2019,PT,,U,_L_KZ_010101_1C,KZVOS,3.9
2019,PT,,U,_L_KZ_010101_1C,KZNS,0.6
2019,PT,,U,_L_KZ_010101_1C,KZALA,2.4
2019,PT,,U,_L_KZ_010101_1C,KZSHY,4.3
2019,PT,,R,_L_KZ_010101_1A,KZAKM,0.1
2019,PT,,R,_L_KZ_010101_1B,KZAKM,0.9
2019,PT,,R,_L_KZ_010101_1B,KZAKT,0.7
2019,PT,,R,_L_KZ_010101_1B,KZALM,0.2
2019,PT,,R,_L_KZ_010101_1B,KZZHA,0.5
2019,PT,,R,_L_KZ_010101_1B,KZKAR,0.2
2019,PT,,R,_L_KZ_010101_1B,KZKUS,0.4
2019,PT,,R,_L_KZ_010101_1B,KZKZY,0.4
2019,PT,,R,_L_KZ_010101_1B,KZPAV,0.5
2019,PT,,R,_L_KZ_010101_1B,KZSEV,0.9
2019,PT,,R,_L_KZ_010101_1B,KZYUZ,0.1
2019,PT,,R,_L_KZ_010101_1B,KZVOS,1.5
2019,PT,,R,_L_KZ_010101_1C,KZAKM,7.0
2019,PT,,R,_L_KZ_010101_1C,KZAKT,8.6
2019,PT,,R,_L_KZ_010101_1C,KZALM,3.3
2019,PT,,R,_L_KZ_010101_1C,KZATY,5.9
2019,PT,,R,_L_KZ_010101_1C,KZZAP,10.4
2019,PT,,R,_L_KZ_010101_1C,KZZHA,12.6
2019,PT,,R,_L_KZ_010101_1C,KZKAR,5.9
2019,PT,,R,_L_KZ_010101_1C,KZKUS,8.9
2019,PT,,R,_L_KZ_010101_1C,KZKZY,11.3
2019,PT,,R,_L_KZ_010101_1C,KZMAN,6.7
2019,PT,,R,_L_KZ_010101_1C,KZPAV,7.8
2019,PT,,R,_L_KZ_010101_1C,KZSEV,10.3
2019,PT,,R,_L_KZ_010101_1C,KZYUZ,16.2
2019,PT,,R,_L_KZ_010101_1C,KZVOS,14.5
