Year,Units,скорость,Регионы,Value
2012,тыс_единиц,,,1571.7
2012,тыс_единиц,от 256 кБит/сек до менее 2 Мбит/сек,,470.2
2012,тыс_единиц,от 256 кБит/сек до менее 2 Мбит/сек,Акмолинская,19.5
2012,тыс_единиц,от 256 кБит/сек до менее 2 Мбит/сек,Актюбинская,14.8
2012,тыс_единиц,от 256 кБит/сек до менее 2 Мбит/сек,Алматинская,70.1
2012,тыс_единиц,от 256 кБит/сек до менее 2 Мбит/сек,Атырауская,9.3
2012,тыс_единиц,от 256 кБит/сек до менее 2 Мбит/сек,Западно-Казахстанская,11.6
2012,тыс_единиц,от 256 кБит/сек до менее 2 Мбит/сек,Жамбылская,14.0
2012,тыс_единиц,от 256 кБит/сек до менее 2 Мбит/сек,Карагандинская,96.1
2012,тыс_единиц,от 256 кБит/сек до менее 2 Мбит/сек,Костанайская,17.0
2012,тыс_единиц,от 256 кБит/сек до менее 2 Мбит/сек,Кызылординская,13.5
2012,тыс_единиц,от 256 кБит/сек до менее 2 Мбит/сек,Мангистауская,17.9
2012,тыс_единиц,от 256 кБит/сек до менее 2 Мбит/сек,Южно-Казахстанская,31.8
2012,тыс_единиц,от 256 кБит/сек до менее 2 Мбит/сек,Павлодарская,26.8
2012,тыс_единиц,от 256 кБит/сек до менее 2 Мбит/сек,Северо-Казахстанская,26.6
2012,тыс_единиц,от 256 кБит/сек до менее 2 Мбит/сек,Восточно-Казахстанская,16.9
2012,тыс_единиц,от 256 кБит/сек до менее 2 Мбит/сек,г_Нур-Султан,21.7
2012,тыс_единиц,от 256 кБит/сек до менее 2 Мбит/сек,г_Алматы,62.7
2012,тыс_единиц,от 2 Мбит/сек до менее 10 Мбит/сек,,720.8
2012,тыс_единиц,от 2 Мбит/сек до менее 10 Мбит/сек,Акмолинская,34.9
2012,тыс_единиц,от 2 Мбит/сек до менее 10 Мбит/сек,Актюбинская,38.5
2012,тыс_единиц,от 2 Мбит/сек до менее 10 Мбит/сек,Алматинская,4.5
2012,тыс_единиц,от 2 Мбит/сек до менее 10 Мбит/сек,Атырауская,40.3
2012,тыс_единиц,от 2 Мбит/сек до менее 10 Мбит/сек,Западно-Казахстанская,26.4
2012,тыс_единиц,от 2 Мбит/сек до менее 10 Мбит/сек,Жамбылская,24.3
2012,тыс_единиц,от 2 Мбит/сек до менее 10 Мбит/сек,Карагандинская,26.7
2012,тыс_единиц,от 2 Мбит/сек до менее 10 Мбит/сек,Костанайская,51.3
2012,тыс_единиц,от 2 Мбит/сек до менее 10 Мбит/сек,Кызылординская,15.6
2012,тыс_единиц,от 2 Мбит/сек до менее 10 Мбит/сек,Мангистауская,18.1
2012,тыс_единиц,от 2 Мбит/сек до менее 10 Мбит/сек,Южно-Казахстанская,24.9
2012,тыс_единиц,от 2 Мбит/сек до менее 10 Мбит/сек,Павлодарская,45.1
2012,тыс_единиц,от 2 Мбит/сек до менее 10 Мбит/сек,Северо-Казахстанская,27.4
2012,тыс_единиц,от 2 Мбит/сек до менее 10 Мбит/сек,Восточно-Казахстанская,71.8
2012,тыс_единиц,от 2 Мбит/сек до менее 10 Мбит/сек,г_Нур-Султан,75.2
2012,тыс_единиц,от 2 Мбит/сек до менее 10 Мбит/сек,г_Алматы,195.9
2012,тыс_единиц,выше 10 Мбит/сек,Акмолинская,6.3
2012,тыс_единиц,выше 10 Мбит/сек,Актюбинская,2.1
2012,тыс_единиц,выше 10 Мбит/сек,Алматинская,5.6
2012,тыс_единиц,выше 10 Мбит/сек,Атырауская,6.9
2012,тыс_единиц,выше 10 Мбит/сек,Западно-Казахстанская,2.0
2012,тыс_единиц,выше 10 Мбит/сек,Жамбылская,1.4
2012,тыс_единиц,выше 10 Мбит/сек,Карагандинская,16.4
2012,тыс_единиц,выше 10 Мбит/сек,Костанайская,10.9
2012,тыс_единиц,выше 10 Мбит/сек,Кызылординская,2.4
2012,тыс_единиц,выше 10 Мбит/сек,Мангистауская,2.5
2012,тыс_единиц,выше 10 Мбит/сек,Южно-Казахстанская,4.8
2012,тыс_единиц,выше 10 Мбит/сек,Павлодарская,9.6
2012,тыс_единиц,выше 10 Мбит/сек,Северо-Казахстанская,1.3
2012,тыс_единиц,выше 10 Мбит/сек,Восточно-Казахстанская,8.0
2012,тыс_единиц,выше 10 Мбит/сек,г_Нур-Султан,11.8
2012,тыс_единиц,выше 10 Мбит/сек,г_Алматы,243.6
2013,тыс_единиц,,,1958.8
2013,тыс_единиц,от 256 кБит/сек до менее 2 Мбит/сек,,294.0
2013,тыс_единиц,от 256 кБит/сек до менее 2 Мбит/сек,Акмолинская,20.9
2013,тыс_единиц,от 256 кБит/сек до менее 2 Мбит/сек,Актюбинская,15.8
2013,тыс_единиц,от 256 кБит/сек до менее 2 Мбит/сек,Алматинская,11.2
2013,тыс_единиц,от 256 кБит/сек до менее 2 Мбит/сек,Атырауская,10.2
2013,тыс_единиц,от 256 кБит/сек до менее 2 Мбит/сек,Западно-Казахстанская,10.1
2013,тыс_единиц,от 256 кБит/сек до менее 2 Мбит/сек,Жамбылская,13.1
2013,тыс_единиц,от 256 кБит/сек до менее 2 Мбит/сек,Карагандинская,23.2
2013,тыс_единиц,от 256 кБит/сек до менее 2 Мбит/сек,Костанайская,15.8
2013,тыс_единиц,от 256 кБит/сек до менее 2 Мбит/сек,Кызылординская,13.9
2013,тыс_единиц,от 256 кБит/сек до менее 2 Мбит/сек,Мангистауская,8.1
2013,тыс_единиц,от 256 кБит/сек до менее 2 Мбит/сек,Южно-Казахстанская,0.9
2013,тыс_единиц,от 256 кБит/сек до менее 2 Мбит/сек,Павлодарская,23.7
2013,тыс_единиц,от 256 кБит/сек до менее 2 Мбит/сек,Северо-Казахстанская,24.5
2013,тыс_единиц,от 256 кБит/сек до менее 2 Мбит/сек,Восточно-Казахстанская,22.4
2013,тыс_единиц,от 256 кБит/сек до менее 2 Мбит/сек,г_Нур-Султан,18.0
2013,тыс_единиц,от 256 кБит/сек до менее 2 Мбит/сек,г_Алматы,62.3
2013,тыс_единиц,от 2 Мбит/сек до менее 10 Мбит/сек,,906.6
2013,тыс_единиц,от 2 Мбит/сек до менее 10 Мбит/сек,Акмолинская,41.4
2013,тыс_единиц,от 2 Мбит/сек до менее 10 Мбит/сек,Актюбинская,40.5
2013,тыс_единиц,от 2 Мбит/сек до менее 10 Мбит/сек,Алматинская,83.1
2013,тыс_единиц,от 2 Мбит/сек до менее 10 Мбит/сек,Атырауская,45.9
2013,тыс_единиц,от 2 Мбит/сек до менее 10 Мбит/сек,Западно-Казахстанская,25.8
2013,тыс_единиц,от 2 Мбит/сек до менее 10 Мбит/сек,Жамбылская,31.0
2013,тыс_единиц,от 2 Мбит/сек до менее 10 Мбит/сек,Карагандинская,101.5
2013,тыс_единиц,от 2 Мбит/сек до менее 10 Мбит/сек,Костанайская,79.3
2013,тыс_единиц,от 2 Мбит/сек до менее 10 Мбит/сек,Кызылординская,21.7
2013,тыс_единиц,от 2 Мбит/сек до менее 10 Мбит/сек,Мангистауская,29.9
2013,тыс_единиц,от 2 Мбит/сек до менее 10 Мбит/сек,Южно-Казахстанская,1.0
2013,тыс_единиц,от 2 Мбит/сек до менее 10 Мбит/сек,Павлодарская,50.0
2013,тыс_единиц,от 2 Мбит/сек до менее 10 Мбит/сек,Северо-Казахстанская,33.8
2013,тыс_единиц,от 2 Мбит/сек до менее 10 Мбит/сек,Восточно-Казахстанская,66.4
2013,тыс_единиц,от 2 Мбит/сек до менее 10 Мбит/сек,г_Нур-Султан,79.0
2013,тыс_единиц,от 2 Мбит/сек до менее 10 Мбит/сек,г_Алматы,176.2
2013,тыс_единиц,выше 10 Мбит/сек,Акмолинская,11.6
2013,тыс_единиц,выше 10 Мбит/сек,Актюбинская,9.5
2013,тыс_единиц,выше 10 Мбит/сек,Алматинская,12.1
2013,тыс_единиц,выше 10 Мбит/сек,Атырауская,11.4
2013,тыс_единиц,выше 10 Мбит/сек,Западно-Казахстанская,7.4
2013,тыс_единиц,выше 10 Мбит/сек,Жамбылская,9.9
2013,тыс_единиц,выше 10 Мбит/сек,Карагандинская,36.3
2013,тыс_единиц,выше 10 Мбит/сек,Костанайская,5.6
2013,тыс_единиц,выше 10 Мбит/сек,Кызылординская,5.1
2013,тыс_единиц,выше 10 Мбит/сек,Мангистауская,11.1
2013,тыс_единиц,выше 10 Мбит/сек,Южно-Казахстанская,79.7
2013,тыс_единиц,выше 10 Мбит/сек,Павлодарская,17.7
2013,тыс_единиц,выше 10 Мбит/сек,Северо-Казахстанская,5.4
2013,тыс_единиц,выше 10 Мбит/сек,Восточно-Казахстанская,17.0
2013,тыс_единиц,выше 10 Мбит/сек,г_Нур-Султан,27.1
2013,тыс_единиц,выше 10 Мбит/сек,г_Алматы,396.5
2014,тыс_единиц,,,2093.2
2014,тыс_единиц,от 256 кБит/сек до менее 2 Мбит/сек,,264.2
2014,тыс_единиц,от 256 кБит/сек до менее 2 Мбит/сек,Акмолинская,16.4
2014,тыс_единиц,от 256 кБит/сек до менее 2 Мбит/сек,Актюбинская,9.8
2014,тыс_единиц,от 256 кБит/сек до менее 2 Мбит/сек,Алматинская,12.4
2014,тыс_единиц,от 256 кБит/сек до менее 2 Мбит/сек,Атырауская,7.1
2014,тыс_единиц,от 256 кБит/сек до менее 2 Мбит/сек,Западно-Казахстанская,10.2
2014,тыс_единиц,от 256 кБит/сек до менее 2 Мбит/сек,Жамбылская,12.9
2014,тыс_единиц,от 256 кБит/сек до менее 2 Мбит/сек,Карагандинская,15.6
2014,тыс_единиц,от 256 кБит/сек до менее 2 Мбит/сек,Костанайская,15.6
2014,тыс_единиц,от 256 кБит/сек до менее 2 Мбит/сек,Кызылординская,11.7
2014,тыс_единиц,от 256 кБит/сек до менее 2 Мбит/сек,Мангистауская,5.3
2014,тыс_единиц,от 256 кБит/сек до менее 2 Мбит/сек,Южно-Казахстанская,13.2
2014,тыс_единиц,от 256 кБит/сек до менее 2 Мбит/сек,Павлодарская,15.6
2014,тыс_единиц,от 256 кБит/сек до менее 2 Мбит/сек,Северо-Казахстанская,22.4
2014,тыс_единиц,от 256 кБит/сек до менее 2 Мбит/сек,Восточно-Казахстанская,12.8
2014,тыс_единиц,от 256 кБит/сек до менее 2 Мбит/сек,г_Нур-Султан,40.5
2014,тыс_единиц,от 256 кБит/сек до менее 2 Мбит/сек,г_Алматы,42.6
2014,тыс_единиц,от 2 Мбит/сек до менее 10 Мбит/сек,,881.4
2014,тыс_единиц,от 2 Мбит/сек до менее 10 Мбит/сек,Акмолинская,52.3
2014,тыс_единиц,от 2 Мбит/сек до менее 10 Мбит/сек,Актюбинская,45.8
2014,тыс_единиц,от 2 Мбит/сек до менее 10 Мбит/сек,Алматинская,76.9
2014,тыс_единиц,от 2 Мбит/сек до менее 10 Мбит/сек,Атырауская,44.7
2014,тыс_единиц,от 2 Мбит/сек до менее 10 Мбит/сек,Западно-Казахстанская,21.5
2014,тыс_единиц,от 2 Мбит/сек до менее 10 Мбит/сек,Жамбылская,30.1
2014,тыс_единиц,от 2 Мбит/сек до менее 10 Мбит/сек,Карагандинская,86.9
2014,тыс_единиц,от 2 Мбит/сек до менее 10 Мбит/сек,Костанайская,64.5
2014,тыс_единиц,от 2 Мбит/сек до менее 10 Мбит/сек,Кызылординская,20.9
2014,тыс_единиц,от 2 Мбит/сек до менее 10 Мбит/сек,Мангистауская,26.8
2014,тыс_единиц,от 2 Мбит/сек до менее 10 Мбит/сек,Южно-Казахстанская,47.9
2014,тыс_единиц,от 2 Мбит/сек до менее 10 Мбит/сек,Павлодарская,49.8
2014,тыс_единиц,от 2 Мбит/сек до менее 10 Мбит/сек,Северо-Казахстанская,37.5
2014,тыс_единиц,от 2 Мбит/сек до менее 10 Мбит/сек,Восточно-Казахстанская,65.2
2014,тыс_единиц,от 2 Мбит/сек до менее 10 Мбит/сек,г_Нур-Султан,44.6
2014,тыс_единиц,от 2 Мбит/сек до менее 10 Мбит/сек,г_Алматы,165.8
2014,тыс_единиц,выше 10 Мбит/сек,Акмолинская,16.8
2014,тыс_единиц,выше 10 Мбит/сек,Актюбинская,16.7
2014,тыс_единиц,выше 10 Мбит/сек,Алматинская,22.5
2014,тыс_единиц,выше 10 Мбит/сек,Атырауская,18.3
2014,тыс_единиц,выше 10 Мбит/сек,Западно-Казахстанская,12.2
2014,тыс_единиц,выше 10 Мбит/сек,Жамбылская,12.4
2014,тыс_единиц,выше 10 Мбит/сек,Карагандинская,55.4
2014,тыс_единиц,выше 10 Мбит/сек,Костанайская,24.1
2014,тыс_единиц,выше 10 Мбит/сек,Кызылординская,9.4
2014,тыс_единиц,выше 10 Мбит/сек,Мангистауская,21.0
2014,тыс_единиц,выше 10 Мбит/сек,Южно-Казахстанская,17.6
2014,тыс_единиц,выше 10 Мбит/сек,Павлодарская,29.3
2014,тыс_единиц,выше 10 Мбит/сек,Северо-Казахстанская,9.6
2014,тыс_единиц,выше 10 Мбит/сек,Восточно-Казахстанская,37.6
2014,тыс_единиц,выше 10 Мбит/сек,г_Нур-Султан,44.6
2014,тыс_единиц,выше 10 Мбит/сек,г_Алматы,509.5
2015,тыс_единиц,,,2301.0
2015,тыс_единиц,от 256 кБит/сек до менее 2 Мбит/сек,,271.6
2015,тыс_единиц,от 256 кБит/сек до менее 2 Мбит/сек,Акмолинская,14.0
2015,тыс_единиц,от 256 кБит/сек до менее 2 Мбит/сек,Актюбинская,11.5
2015,тыс_единиц,от 256 кБит/сек до менее 2 Мбит/сек,Алматинская,9.6
2015,тыс_единиц,от 256 кБит/сек до менее 2 Мбит/сек,Атырауская,7.0
2015,тыс_единиц,от 256 кБит/сек до менее 2 Мбит/сек,Западно-Казахстанская,8.2
2015,тыс_единиц,от 256 кБит/сек до менее 2 Мбит/сек,Жамбылская,10.6
2015,тыс_единиц,от 256 кБит/сек до менее 2 Мбит/сек,Карагандинская,15.6
2015,тыс_единиц,от 256 кБит/сек до менее 2 Мбит/сек,Костанайская,20.0
2015,тыс_единиц,от 256 кБит/сек до менее 2 Мбит/сек,Кызылординская,9.6
2015,тыс_единиц,от 256 кБит/сек до менее 2 Мбит/сек,Мангистауская,3.3
2015,тыс_единиц,от 256 кБит/сек до менее 2 Мбит/сек,Южно-Казахстанская,13.7
2015,тыс_единиц,от 256 кБит/сек до менее 2 Мбит/сек,Павлодарская,11.6
2015,тыс_единиц,от 256 кБит/сек до менее 2 Мбит/сек,Северо-Казахстанская,17.9
2015,тыс_единиц,от 256 кБит/сек до менее 2 Мбит/сек,Восточно-Казахстанская,9.2
2015,тыс_единиц,от 256 кБит/сек до менее 2 Мбит/сек,г_Нур-Султан,53.2
2015,тыс_единиц,от 256 кБит/сек до менее 2 Мбит/сек,г_Алматы,56.8
2015,тыс_единиц,от 2 Мбит/сек до менее 10 Мбит/сек,,767.1
2015,тыс_единиц,от 2 Мбит/сек до менее 10 Мбит/сек,Акмолинская,54.6
2015,тыс_единиц,от 2 Мбит/сек до менее 10 Мбит/сек,Актюбинская,40.4
2015,тыс_единиц,от 2 Мбит/сек до менее 10 Мбит/сек,Алматинская,79.6
2015,тыс_единиц,от 2 Мбит/сек до менее 10 Мбит/сек,Атырауская,42.5
2015,тыс_единиц,от 2 Мбит/сек до менее 10 Мбит/сек,Западно-Казахстанская,18.9
2015,тыс_единиц,от 2 Мбит/сек до менее 10 Мбит/сек,Жамбылская,26.9
2015,тыс_единиц,от 2 Мбит/сек до менее 10 Мбит/сек,Карагандинская,71.5
2015,тыс_единиц,от 2 Мбит/сек до менее 10 Мбит/сек,Костанайская,45.7
2015,тыс_единиц,от 2 Мбит/сек до менее 10 Мбит/сек,Кызылординская,19.3
2015,тыс_единиц,от 2 Мбит/сек до менее 10 Мбит/сек,Мангистауская,27.5
2015,тыс_единиц,от 2 Мбит/сек до менее 10 Мбит/сек,Южно-Казахстанская,42.8
2015,тыс_единиц,от 2 Мбит/сек до менее 10 Мбит/сек,Павлодарская,44.2
2015,тыс_единиц,от 2 Мбит/сек до менее 10 Мбит/сек,Северо-Казахстанская,37.9
2015,тыс_единиц,от 2 Мбит/сек до менее 10 Мбит/сек,Восточно-Казахстанская,58.9
2015,тыс_единиц,от 2 Мбит/сек до менее 10 Мбит/сек,г_Нур-Султан,44.3
2015,тыс_единиц,от 2 Мбит/сек до менее 10 Мбит/сек,г_Алматы,112.2
2015,тыс_единиц,выше 10 Мбит/сек,Акмолинская,22.3
2015,тыс_единиц,выше 10 Мбит/сек,Актюбинская,20.5
2015,тыс_единиц,выше 10 Мбит/сек,Алматинская,26.6
2015,тыс_единиц,выше 10 Мбит/сек,Атырауская,18.8
2015,тыс_единиц,выше 10 Мбит/сек,Западно-Казахстанская,14.8
2015,тыс_единиц,выше 10 Мбит/сек,Жамбылская,12.0
2015,тыс_единиц,выше 10 Мбит/сек,Карагандинская,64.7
2015,тыс_единиц,выше 10 Мбит/сек,Костанайская,37.2
2015,тыс_единиц,выше 10 Мбит/сек,Кызылординская,11.2
2015,тыс_единиц,выше 10 Мбит/сек,Мангистауская,23.9
2015,тыс_единиц,выше 10 Мбит/сек,Южно-Казахстанская,21.1
2015,тыс_единиц,выше 10 Мбит/сек,Павлодарская,39.4
2015,тыс_единиц,выше 10 Мбит/сек,Северо-Казахстанская,18.8
2015,тыс_единиц,выше 10 Мбит/сек,Восточно-Казахстанская,52.2
2015,тыс_единиц,выше 10 Мбит/сек,г_Нур-Султан,46.2
2015,тыс_единиц,выше 10 Мбит/сек,г_Алматы,580.9
2016,тыс_единиц,,,2349.9
2016,тыс_единиц,от 256 кБит/сек до менее 2 Мбит/сек,,197.4
2016,тыс_единиц,от 256 кБит/сек до менее 2 Мбит/сек,Акмолинская,4.0
2016,тыс_единиц,от 256 кБит/сек до менее 2 Мбит/сек,Актюбинская,11.1
2016,тыс_единиц,от 256 кБит/сек до менее 2 Мбит/сек,Алматинская,8.9
2016,тыс_единиц,от 256 кБит/сек до менее 2 Мбит/сек,Атырауская,6.2
2016,тыс_единиц,от 256 кБит/сек до менее 2 Мбит/сек,Западно-Казахстанская,4.3
2016,тыс_единиц,от 256 кБит/сек до менее 2 Мбит/сек,Жамбылская,3.6
2016,тыс_единиц,от 256 кБит/сек до менее 2 Мбит/сек,Карагандинская,8.2
2016,тыс_единиц,от 256 кБит/сек до менее 2 Мбит/сек,Костанайская,19.8
2016,тыс_единиц,от 256 кБит/сек до менее 2 Мбит/сек,Кызылординская,7.8
2016,тыс_единиц,от 256 кБит/сек до менее 2 Мбит/сек,Мангистауская,12.0
2016,тыс_единиц,от 256 кБит/сек до менее 2 Мбит/сек,Южно-Казахстанская,7.1
2016,тыс_единиц,от 256 кБит/сек до менее 2 Мбит/сек,Павлодарская,5.0
2016,тыс_единиц,от 256 кБит/сек до менее 2 Мбит/сек,Северо-Казахстанская,17.8
2016,тыс_единиц,от 256 кБит/сек до менее 2 Мбит/сек,Восточно-Казахстанская,28.5
2016,тыс_единиц,от 256 кБит/сек до менее 2 Мбит/сек,г_Нур-Султан,23.7
2016,тыс_единиц,от 256 кБит/сек до менее 2 Мбит/сек,г_Алматы,29.5
2016,тыс_единиц,от 2 Мбит/сек до менее 10 Мбит/сек,,837.7
2016,тыс_единиц,от 2 Мбит/сек до менее 10 Мбит/сек,Акмолинская,68.5
2016,тыс_единиц,от 2 Мбит/сек до менее 10 Мбит/сек,Актюбинская,42.0
2016,тыс_единиц,от 2 Мбит/сек до менее 10 Мбит/сек,Алматинская,104.6
2016,тыс_единиц,от 2 Мбит/сек до менее 10 Мбит/сек,Атырауская,44.7
2016,тыс_единиц,от 2 Мбит/сек до менее 10 Мбит/сек,Западно-Казахстанская,22.6
2016,тыс_единиц,от 2 Мбит/сек до менее 10 Мбит/сек,Жамбылская,37.1
2016,тыс_единиц,от 2 Мбит/сек до менее 10 Мбит/сек,Карагандинская,74.6
2016,тыс_единиц,от 2 Мбит/сек до менее 10 Мбит/сек,Костанайская,46.0
2016,тыс_единиц,от 2 Мбит/сек до менее 10 Мбит/сек,Кызылординская,24.8
2016,тыс_единиц,от 2 Мбит/сек до менее 10 Мбит/сек,Мангистауская,21.5
2016,тыс_единиц,от 2 Мбит/сек до менее 10 Мбит/сек,Южно-Казахстанская,60.0
2016,тыс_единиц,от 2 Мбит/сек до менее 10 Мбит/сек,Павлодарская,44.1
2016,тыс_единиц,от 2 Мбит/сек до менее 10 Мбит/сек,Северо-Казахстанская,39.7
2016,тыс_единиц,от 2 Мбит/сек до менее 10 Мбит/сек,Восточно-Казахстанская,53.0
2016,тыс_единиц,от 2 Мбит/сек до менее 10 Мбит/сек,г_Нур-Султан,58.5
2016,тыс_единиц,от 2 Мбит/сек до менее 10 Мбит/сек,г_Алматы,95.9
2016,тыс_единиц,выше 10 Мбит/сек,Акмолинская,24.7
2016,тыс_единиц,выше 10 Мбит/сек,Актюбинская,22.4
2016,тыс_единиц,выше 10 Мбит/сек,Алматинская,26.2
2016,тыс_единиц,выше 10 Мбит/сек,Атырауская,21.1
2016,тыс_единиц,выше 10 Мбит/сек,Западно-Казахстанская,15.0
2016,тыс_единиц,выше 10 Мбит/сек,Жамбылская,13.7
2016,тыс_единиц,выше 10 Мбит/сек,Карагандинская,73.0
2016,тыс_единиц,выше 10 Мбит/сек,Костанайская,39.0
2016,тыс_единиц,выше 10 Мбит/сек,Кызылординская,11.4
2016,тыс_единиц,выше 10 Мбит/сек,Мангистауская,27.2
2016,тыс_единиц,выше 10 Мбит/сек,Южно-Казахстанская,21.6
2016,тыс_единиц,выше 10 Мбит/сек,Павлодарская,50.1
2016,тыс_единиц,выше 10 Мбит/сек,Северо-Казахстанская,23.5
2016,тыс_единиц,выше 10 Мбит/сек,Восточно-Казахстанская,51.6
2016,тыс_единиц,выше 10 Мбит/сек,г_Нур-Султан,77.6
2016,тыс_единиц,выше 10 Мбит/сек,г_Алматы,728.9
2017,тыс_единиц,,,2576.0
2017,тыс_единиц,от 256 кБит/сек до менее 2 Мбит/сек,,71.3
2017,тыс_единиц,от 256 кБит/сек до менее 2 Мбит/сек,Акмолинская,3.8
2017,тыс_единиц,от 256 кБит/сек до менее 2 Мбит/сек,Актюбинская,3.2
2017,тыс_единиц,от 256 кБит/сек до менее 2 Мбит/сек,Алматинская,1.2
2017,тыс_единиц,от 256 кБит/сек до менее 2 Мбит/сек,Атырауская,4.2
2017,тыс_единиц,от 256 кБит/сек до менее 2 Мбит/сек,Западно-Казахстанская,1.6
2017,тыс_единиц,от 256 кБит/сек до менее 2 Мбит/сек,Жамбылская,0.8
2017,тыс_единиц,от 256 кБит/сек до менее 2 Мбит/сек,Карагандинская,1.6
2017,тыс_единиц,от 256 кБит/сек до менее 2 Мбит/сек,Костанайская,5.9
2017,тыс_единиц,от 256 кБит/сек до менее 2 Мбит/сек,Кызылординская,3.9
2017,тыс_единиц,от 256 кБит/сек до менее 2 Мбит/сек,Мангистауская,5.8
2017,тыс_единиц,от 256 кБит/сек до менее 2 Мбит/сек,Южно-Казахстанская,4.1
2017,тыс_единиц,от 256 кБит/сек до менее 2 Мбит/сек,Павлодарская,0.9
2017,тыс_единиц,от 256 кБит/сек до менее 2 Мбит/сек,Северо-Казахстанская,4.9
2017,тыс_единиц,от 256 кБит/сек до менее 2 Мбит/сек,Восточно-Казахстанская,3.0
2017,тыс_единиц,от 256 кБит/сек до менее 2 Мбит/сек,г_Нур-Султан,21.7
2017,тыс_единиц,от 256 кБит/сек до менее 2 Мбит/сек,г_Алматы,5.0
2017,тыс_единиц,от 2 Мбит/сек до менее 10 Мбит/сек,,987.3
2017,тыс_единиц,от 2 Мбит/сек до менее 10 Мбит/сек,Акмолинская,73.5
2017,тыс_единиц,от 2 Мбит/сек до менее 10 Мбит/сек,Актюбинская,49.5
2017,тыс_единиц,от 2 Мбит/сек до менее 10 Мбит/сек,Алматинская,123.2
2017,тыс_единиц,от 2 Мбит/сек до менее 10 Мбит/сек,Атырауская,49.0
2017,тыс_единиц,от 2 Мбит/сек до менее 10 Мбит/сек,Западно-Казахстанская,26.3
2017,тыс_единиц,от 2 Мбит/сек до менее 10 Мбит/сек,Жамбылская,41.7
2017,тыс_единиц,от 2 Мбит/сек до менее 10 Мбит/сек,Карагандинская,83.6
2017,тыс_единиц,от 2 Мбит/сек до менее 10 Мбит/сек,Костанайская,66.4
2017,тыс_единиц,от 2 Мбит/сек до менее 10 Мбит/сек,Кызылординская,33.9
2017,тыс_единиц,от 2 Мбит/сек до менее 10 Мбит/сек,Мангистауская,31.4
2017,тыс_единиц,от 2 Мбит/сек до менее 10 Мбит/сек,Южно-Казахстанская,71.5
2017,тыс_единиц,от 2 Мбит/сек до менее 10 Мбит/сек,Павлодарская,48.6
2017,тыс_единиц,от 2 Мбит/сек до менее 10 Мбит/сек,Северо-Казахстанская,51.5
2017,тыс_единиц,от 2 Мбит/сек до менее 10 Мбит/сек,Восточно-Казахстанская,77.7
2017,тыс_единиц,от 2 Мбит/сек до менее 10 Мбит/сек,г_Нур-Султан,50.0
2017,тыс_единиц,от 2 Мбит/сек до менее 10 Мбит/сек,г_Алматы,109.5
2017,тыс_единиц,выше 10 Мбит/сек,Акмолинская,26.6
2017,тыс_единиц,выше 10 Мбит/сек,Актюбинская,28.4
2017,тыс_единиц,выше 10 Мбит/сек,Алматинская,32.1
2017,тыс_единиц,выше 10 Мбит/сек,Атырауская,22.7
2017,тыс_единиц,выше 10 Мбит/сек,Западно-Казахстанская,16.0
2017,тыс_единиц,выше 10 Мбит/сек,Жамбылская,15.5
2017,тыс_единиц,выше 10 Мбит/сек,Карагандинская,75.0
2017,тыс_единиц,выше 10 Мбит/сек,Костанайская,36.6
2017,тыс_единиц,выше 10 Мбит/сек,Кызылординская,11.8
2017,тыс_единиц,выше 10 Мбит/сек,Мангистауская,31.1
2017,тыс_единиц,выше 10 Мбит/сек,Южно-Казахстанская,23.6
2017,тыс_единиц,выше 10 Мбит/сек,Павлодарская,54.6
2017,тыс_единиц,выше 10 Мбит/сек,Северо-Казахстанская,29.5
2017,тыс_единиц,выше 10 Мбит/сек,Восточно-Казахстанская,61.4
2017,тыс_единиц,выше 10 Мбит/сек,г_Нур-Султан,98.7
2017,тыс_единиц,выше 10 Мбит/сек,г_Алматы,860.7
2018,тыс_единиц,,,2461.3
2018,тыс_единиц,от 256 кБит/сек до менее 2 Мбит/сек,,67.4
2018,тыс_единиц,от 256 кБит/сек до менее 2 Мбит/сек,Акмолинская,3.8
2018,тыс_единиц,от 256 кБит/сек до менее 2 Мбит/сек,Актюбинская,2.4
2018,тыс_единиц,от 256 кБит/сек до менее 2 Мбит/сек,Алматинская,1.8
2018,тыс_единиц,от 256 кБит/сек до менее 2 Мбит/сек,Атырауская,2.7
2018,тыс_единиц,от 256 кБит/сек до менее 2 Мбит/сек,Западно-Казахстанская,1.9
2018,тыс_единиц,от 256 кБит/сек до менее 2 Мбит/сек,Жамбылская,1.8
2018,тыс_единиц,от 256 кБит/сек до менее 2 Мбит/сек,Карагандинская,5.2
2018,тыс_единиц,от 256 кБит/сек до менее 2 Мбит/сек,Костанайская,2.6
2018,тыс_единиц,от 256 кБит/сек до менее 2 Мбит/сек,Кызылординская,3.0
2018,тыс_единиц,от 256 кБит/сек до менее 2 Мбит/сек,Мангистауская,6.8
2018,тыс_единиц,от 256 кБит/сек до менее 2 Мбит/сек,Павлодарская,1.1
2018,тыс_единиц,от 256 кБит/сек до менее 2 Мбит/сек,Северо-Казахстанская,2.9
2018,тыс_единиц,от 256 кБит/сек до менее 2 Мбит/сек,Туркестанская,2.1
2018,тыс_единиц,от 256 кБит/сек до менее 2 Мбит/сек,Восточно-Казахстанская,1.1
2018,тыс_единиц,от 256 кБит/сек до менее 2 Мбит/сек,г_Нур-Султан,22.6
2018,тыс_единиц,от 256 кБит/сек до менее 2 Мбит/сек,г_Алматы,5.4
2018,тыс_единиц,от 256 кБит/сек до менее 2 Мбит/сек,г_Шымкент,0.2
2018,тыс_единиц,от 2 Мбит/сек до менее 10 Мбит/сек,,1020.8
2018,тыс_единиц,от 2 Мбит/сек до менее 10 Мбит/сек,Акмолинская,75.2
2018,тыс_единиц,от 2 Мбит/сек до менее 10 Мбит/сек,Актюбинская,50.8
2018,тыс_единиц,от 2 Мбит/сек до менее 10 Мбит/сек,Алматинская,129.6
2018,тыс_единиц,от 2 Мбит/сек до менее 10 Мбит/сек,Атырауская,51.9
2018,тыс_единиц,от 2 Мбит/сек до менее 10 Мбит/сек,Западно-Казахстанская,26.0
2018,тыс_единиц,от 2 Мбит/сек до менее 10 Мбит/сек,Жамбылская,45.1
2018,тыс_единиц,от 2 Мбит/сек до менее 10 Мбит/сек,Карагандинская,81.0
2018,тыс_единиц,от 2 Мбит/сек до менее 10 Мбит/сек,Костанайская,70.5
2018,тыс_единиц,от 2 Мбит/сек до менее 10 Мбит/сек,Кызылординская,38.6
2018,тыс_единиц,от 2 Мбит/сек до менее 10 Мбит/сек,Мангистауская,32.2
2018,тыс_единиц,от 2 Мбит/сек до менее 10 Мбит/сек,Павлодарская,47.9
2018,тыс_единиц,от 2 Мбит/сек до менее 10 Мбит/сек,Северо-Казахстанская,54.2
2018,тыс_единиц,от 2 Мбит/сек до менее 10 Мбит/сек,Туркестанская,49.5
2018,тыс_единиц,от 2 Мбит/сек до менее 10 Мбит/сек,Восточно-Казахстанская,84.3
2018,тыс_единиц,от 2 Мбит/сек до менее 10 Мбит/сек,г_Нур-Султан,44.9
2018,тыс_единиц,от 2 Мбит/сек до менее 10 Мбит/сек,г_Алматы,112.2
2018,тыс_единиц,от 2 Мбит/сек до менее 10 Мбит/сек,г_Шымкент,26.9
2018,тыс_единиц,выше 10 Мбит/сек,Акмолинская,28.0
2018,тыс_единиц,выше 10 Мбит/сек,Актюбинская,51.9
2018,тыс_единиц,выше 10 Мбит/сек,Алматинская,27.1
2018,тыс_единиц,выше 10 Мбит/сек,Атырауская,35.4
2018,тыс_единиц,выше 10 Мбит/сек,Западно-Казахстанская,39.4
2018,тыс_единиц,выше 10 Мбит/сек,Жамбылская,34.3
2018,тыс_единиц,выше 10 Мбит/сек,Карагандинская,170.9
2018,тыс_единиц,выше 10 Мбит/сек,Костанайская,83.5
2018,тыс_единиц,выше 10 Мбит/сек,Кызылординская,15.0
2018,тыс_единиц,выше 10 Мбит/сек,Мангистауская,39.5
2018,тыс_единиц,выше 10 Мбит/сек,Павлодарская,98.7
2018,тыс_единиц,выше 10 Мбит/сек,Северо-Казахстанская,48.7
2018,тыс_единиц,выше 10 Мбит/сек,Туркестанская,2.2
2018,тыс_единиц,выше 10 Мбит/сек,Восточно-Казахстанская,105.6
2018,тыс_единиц,выше 10 Мбит/сек,г_Нур-Султан,173.3
2018,тыс_единиц,выше 10 Мбит/сек,г_Алматы,276.4
2018,тыс_единиц,выше 10 Мбит/сек,г_Шымкент,46.5
2019,тыс_единиц,,,2511.2
2019,тыс_единиц,от 256 кБит/сек до менее 2 Мбит/сек,,52.7
2019,тыс_единиц,от 256 кБит/сек до менее 2 Мбит/сек,Акмолинская,2.6
2019,тыс_единиц,от 256 кБит/сек до менее 2 Мбит/сек,Актюбинская,1.5
2019,тыс_единиц,от 256 кБит/сек до менее 2 Мбит/сек,Алматинская,1.5
2019,тыс_единиц,от 256 кБит/сек до менее 2 Мбит/сек,Атырауская,1.7
2019,тыс_единиц,от 256 кБит/сек до менее 2 Мбит/сек,Западно-Казахстанская,1.2
2019,тыс_единиц,от 256 кБит/сек до менее 2 Мбит/сек,Жамбылская,0.9
2019,тыс_единиц,от 256 кБит/сек до менее 2 Мбит/сек,Карагандинская,4.1
2019,тыс_единиц,от 256 кБит/сек до менее 2 Мбит/сек,Костанайская,1.8
2019,тыс_единиц,от 256 кБит/сек до менее 2 Мбит/сек,Кызылординская,2.8
2019,тыс_единиц,от 256 кБит/сек до менее 2 Мбит/сек,Мангистауская,7.2
2019,тыс_единиц,от 256 кБит/сек до менее 2 Мбит/сек,Павлодарская,0.7
2019,тыс_единиц,от 256 кБит/сек до менее 2 Мбит/сек,Северо-Казахстанская,1.7
2019,тыс_единиц,от 256 кБит/сек до менее 2 Мбит/сек,Туркестанская,1.0
2019,тыс_единиц,от 256 кБит/сек до менее 2 Мбит/сек,Восточно-Казахстанская,0.8
2019,тыс_единиц,от 256 кБит/сек до менее 2 Мбит/сек,г_Нур-Султан,21.1
2019,тыс_единиц,от 256 кБит/сек до менее 2 Мбит/сек,г_Алматы,1.6
2019,тыс_единиц,от 256 кБит/сек до менее 2 Мбит/сек,г_Шымкент,0.5
2019,тыс_единиц,от 2 Мбит/сек до менее 10 Мбит/сек,,1006.1
2019,тыс_единиц,от 2 Мбит/сек до менее 10 Мбит/сек,Акмолинская,76.6
2019,тыс_единиц,от 2 Мбит/сек до менее 10 Мбит/сек,Актюбинская,49.9
2019,тыс_единиц,от 2 Мбит/сек до менее 10 Мбит/сек,Алматинская,132.1
2019,тыс_единиц,от 2 Мбит/сек до менее 10 Мбит/сек,Атырауская,50.4
2019,тыс_единиц,от 2 Мбит/сек до менее 10 Мбит/сек,Западно-Казахстанская,26.4
2019,тыс_единиц,от 2 Мбит/сек до менее 10 Мбит/сек,Жамбылская,46.2
2019,тыс_единиц,от 2 Мбит/сек до менее 10 Мбит/сек,Карагандинская,79.4
2019,тыс_единиц,от 2 Мбит/сек до менее 10 Мбит/сек,Костанайская,70.9
2019,тыс_единиц,от 2 Мбит/сек до менее 10 Мбит/сек,Кызылординская,41.2
2019,тыс_единиц,от 2 Мбит/сек до менее 10 Мбит/сек,Мангистауская,32.9
2019,тыс_единиц,от 2 Мбит/сек до менее 10 Мбит/сек,Павлодарская,45.3
2019,тыс_единиц,от 2 Мбит/сек до менее 10 Мбит/сек,Северо-Казахстанская,55.9
2019,тыс_единиц,от 2 Мбит/сек до менее 10 Мбит/сек,Туркестанская,51.5
2019,тыс_единиц,от 2 Мбит/сек до менее 10 Мбит/сек,Восточно-Казахстанская,83.9
2019,тыс_единиц,от 2 Мбит/сек до менее 10 Мбит/сек,г_Нур-Султан,38.5
2019,тыс_единиц,от 2 Мбит/сек до менее 10 Мбит/сек,г_Алматы,99.2
2019,тыс_единиц,от 2 Мбит/сек до менее 10 Мбит/сек,г_Шымкент,26.0
2019,тыс_единиц,выше 10 Мбит/сек,Акмолинская,29.9
2019,тыс_единиц,выше 10 Мбит/сек,Актюбинская,57.8
2019,тыс_единиц,выше 10 Мбит/сек,Алматинская,31.6
2019,тыс_единиц,выше 10 Мбит/сек,Атырауская,38.6
2019,тыс_единиц,выше 10 Мбит/сек,Западно-Казахстанская,41.8
2019,тыс_единиц,выше 10 Мбит/сек,Жамбылская,35.2
2019,тыс_единиц,выше 10 Мбит/сек,Карагандинская,174.4
2019,тыс_единиц,выше 10 Мбит/сек,Костанайская,87.3
2019,тыс_единиц,выше 10 Мбит/сек,Кызылординская,15.8
2019,тыс_единиц,выше 10 Мбит/сек,Мангистауская,44.9
2019,тыс_единиц,выше 10 Мбит/сек,Павлодарская,104.6
2019,тыс_единиц,выше 10 Мбит/сек,Северо-Казахстанская,47.9
2019,тыс_единиц,выше 10 Мбит/сек,Туркестанская,3.0
2019,тыс_единиц,выше 10 Мбит/сек,Восточно-Казахстанская,111.3
2019,тыс_единиц,выше 10 Мбит/сек,г_Нур-Султан,201.3
2019,тыс_единиц,выше 10 Мбит/сек,г_Алматы,295.2
2019,тыс_единиц,выше 10 Мбит/сек,г_Шымкент,47.2
