Year,UNIT_MEASURE,SEX,REF_AREA,URBANISATION,Value
2010,PER_1000_LIVE_BIRTHS,_T,,,11.520041772389428
2010,PER_1000_LIVE_BIRTHS,_T,KZAKM,,9.649892335911957
2010,PER_1000_LIVE_BIRTHS,_T,KZAKT,,12.109920819748487
2010,PER_1000_LIVE_BIRTHS,_T,KZALM,,8.588310233487821
2010,PER_1000_LIVE_BIRTHS,_T,KZATY,,11.838299589695296
2010,PER_1000_LIVE_BIRTHS,_T,KZZAP,,9.964830011723327
2010,PER_1000_LIVE_BIRTHS,_T,KZZHA,,11.08934443433849
2010,PER_1000_LIVE_BIRTHS,_T,KZKAR,,9.548574108018245
2010,PER_1000_LIVE_BIRTHS,_T,KZKUS,,9.2657478782216
2010,PER_1000_LIVE_BIRTHS,_T,KZKZY,,15.380005992210126
2010,PER_1000_LIVE_BIRTHS,_T,KZMAN,,13.865404125803176
2010,PER_1000_LIVE_BIRTHS,_T,KZONT,,12.794046435762164
2010,PER_1000_LIVE_BIRTHS,_T,KZPAV,,9.260763606823721
2010,PER_1000_LIVE_BIRTHS,_T,KZSEV,,8.714596949891071
2010,PER_1000_LIVE_BIRTHS,_T,KZVOS,,15.781435601561176
2010,PER_1000_LIVE_BIRTHS,_T,KZNS,,7.321994811184778
2010,PER_1000_LIVE_BIRTHS,_T,KZALA,,13.902486782847074
2010,PER_1000_LIVE_BIRTHS,_T,,U,12.345294459672733
2010,PER_1000_LIVE_BIRTHS,_T,KZAKM,U,10.18573996405033
2010,PER_1000_LIVE_BIRTHS,_T,KZAKT,U,12.733446519524618
2010,PER_1000_LIVE_BIRTHS,_T,KZALM,U,11.720126894606981
2010,PER_1000_LIVE_BIRTHS,_T,KZATY,U,10.25772534940377
2010,PER_1000_LIVE_BIRTHS,_T,KZZAP,U,9.71634540040746
2010,PER_1000_LIVE_BIRTHS,_T,KZZHA,U,12.209898406188836
2010,PER_1000_LIVE_BIRTHS,_T,KZKAR,U,9.920526171553847
2010,PER_1000_LIVE_BIRTHS,_T,KZKUS,U,8.645533141210375
2010,PER_1000_LIVE_BIRTHS,_T,KZKZY,U,16.242073645566805
2010,PER_1000_LIVE_BIRTHS,_T,KZMAN,U,15.186756054179778
2010,PER_1000_LIVE_BIRTHS,_T,KZONT,U,15.8311345646438
2010,PER_1000_LIVE_BIRTHS,_T,KZPAV,U,9.694619486185166
2010,PER_1000_LIVE_BIRTHS,_T,KZSEV,U,8.308764406325384
2010,PER_1000_LIVE_BIRTHS,_T,KZVOS,U,15.74264202600958
2010,PER_1000_LIVE_BIRTHS,_T,KZNS,U,7.321994811184778
2010,PER_1000_LIVE_BIRTHS,_T,KZALA,U,13.902486782847074
2010,PER_1000_LIVE_BIRTHS,_T,,R,10.612109685120773
2010,PER_1000_LIVE_BIRTHS,_T,KZAKM,R,9.039740747057822
2010,PER_1000_LIVE_BIRTHS,_T,KZAKT,R,11.104350471554609
2010,PER_1000_LIVE_BIRTHS,_T,KZALM,R,7.548494689721759
2010,PER_1000_LIVE_BIRTHS,_T,KZATY,R,13.582342954159591
2010,PER_1000_LIVE_BIRTHS,_T,KZZAP,R,10.249955044056824
2010,PER_1000_LIVE_BIRTHS,_T,KZZHA,R,10.41608332866663
2010,PER_1000_LIVE_BIRTHS,_T,KZKAR,R,8.247027234369007
2010,PER_1000_LIVE_BIRTHS,_T,KZKUS,R,9.92
2010,PER_1000_LIVE_BIRTHS,_T,KZKZY,R,14.677901603696654
2010,PER_1000_LIVE_BIRTHS,_T,KZMAN,R,12.573568753344036
2010,PER_1000_LIVE_BIRTHS,_T,KZONT,R,10.920404673109019
2010,PER_1000_LIVE_BIRTHS,_T,KZPAV,R,8.378511582060128
2010,PER_1000_LIVE_BIRTHS,_T,KZSEV,R,9.01803607214429
2010,PER_1000_LIVE_BIRTHS,_T,KZVOS,R,15.830375131919794
2010,PER_1000_LIVE_BIRTHS,M,,,13.049889797406935
2010,PER_1000_LIVE_BIRTHS,M,KZAKM,,11.886384686631676
2010,PER_1000_LIVE_BIRTHS,M,KZAKT,,14.568631914409288
2010,PER_1000_LIVE_BIRTHS,M,KZALM,,9.531136470487668
2010,PER_1000_LIVE_BIRTHS,M,KZATY,,13.338564142801099
2010,PER_1000_LIVE_BIRTHS,M,KZZAP,,10.421755414427619
2010,PER_1000_LIVE_BIRTHS,M,KZZHA,,13.187259078920677
2010,PER_1000_LIVE_BIRTHS,M,KZKAR,,10.510510510510512
2010,PER_1000_LIVE_BIRTHS,M,KZKUS,,12.271774917689314
2010,PER_1000_LIVE_BIRTHS,M,KZKZY,,16.536118363794607
2010,PER_1000_LIVE_BIRTHS,M,KZMAN,,13.454075032341526
2010,PER_1000_LIVE_BIRTHS,M,KZONT,,14.392602351537446
2010,PER_1000_LIVE_BIRTHS,M,KZPAV,,10.368479821343117
2010,PER_1000_LIVE_BIRTHS,M,KZSEV,,9.41492938802959
2010,PER_1000_LIVE_BIRTHS,M,KZVOS,,17.68809167912307
2010,PER_1000_LIVE_BIRTHS,M,KZNS,,8.692744901370776
2010,PER_1000_LIVE_BIRTHS,M,KZALA,,16.608787558508233
2010,PER_1000_LIVE_BIRTHS,M,,U,13.926846239953209
2010,PER_1000_LIVE_BIRTHS,M,KZAKM,U,12.135221034383127
2010,PER_1000_LIVE_BIRTHS,M,KZAKT,U,15.498154981549813
2010,PER_1000_LIVE_BIRTHS,M,KZALM,U,14.325163962720056
2010,PER_1000_LIVE_BIRTHS,M,KZATY,U,11.191245958716737
2010,PER_1000_LIVE_BIRTHS,M,KZZAP,U,8.335906143871565
2010,PER_1000_LIVE_BIRTHS,M,KZZHA,U,13.395249151634221
2010,PER_1000_LIVE_BIRTHS,M,KZKAR,U,11.385606874328678
2010,PER_1000_LIVE_BIRTHS,M,KZKUS,U,10.696733159872796
2010,PER_1000_LIVE_BIRTHS,M,KZKZY,U,17.69147788565264
2010,PER_1000_LIVE_BIRTHS,M,KZMAN,U,14.82059282371295
2010,PER_1000_LIVE_BIRTHS,M,KZONT,U,17.9718419515993
2010,PER_1000_LIVE_BIRTHS,M,KZPAV,U,9.52834683182468
2010,PER_1000_LIVE_BIRTHS,M,KZSEV,U,8.452192287374539
2010,PER_1000_LIVE_BIRTHS,M,KZVOS,U,16.831980763450556
2010,PER_1000_LIVE_BIRTHS,M,KZNS,U,8.692744901370776
2010,PER_1000_LIVE_BIRTHS,M,KZALA,U,16.608787558508233
2010,PER_1000_LIVE_BIRTHS,M,,R,12.084055266782176
2010,PER_1000_LIVE_BIRTHS,M,KZAKM,R,11.600928074245939
2010,PER_1000_LIVE_BIRTHS,M,KZAKT,R,13.0718954248366
2010,PER_1000_LIVE_BIRTHS,M,KZALM,R,7.9531897971936605
2010,PER_1000_LIVE_BIRTHS,M,KZATY,R,15.719801434087147
2010,PER_1000_LIVE_BIRTHS,M,KZZAP,R,12.749827705031011
2010,PER_1000_LIVE_BIRTHS,M,KZZHA,R,13.060513713539398
2010,PER_1000_LIVE_BIRTHS,M,KZKAR,R,7.468259895444362
2010,PER_1000_LIVE_BIRTHS,M,KZKUS,R,13.962147067949116
2010,PER_1000_LIVE_BIRTHS,M,KZKZY,R,15.597616543988785
2010,PER_1000_LIVE_BIRTHS,M,KZMAN,R,12.100926879505662
2010,PER_1000_LIVE_BIRTHS,M,KZONT,R,12.16956802063185
2010,PER_1000_LIVE_BIRTHS,M,KZPAV,R,12.071463061323032
2010,PER_1000_LIVE_BIRTHS,M,KZSEV,R,10.12461059190031
2010,PER_1000_LIVE_BIRTHS,M,KZVOS,R,18.74536005939124
2010,PER_1000_LIVE_BIRTHS,F,,,9.898605120161335
2010,PER_1000_LIVE_BIRTHS,F,KZAKM,,7.259528130671506
2010,PER_1000_LIVE_BIRTHS,F,KZAKT,,9.535160905840288
2010,PER_1000_LIVE_BIRTHS,F,KZALM,,7.591504744690464
2010,PER_1000_LIVE_BIRTHS,F,KZATY,,10.249307479224377
2010,PER_1000_LIVE_BIRTHS,F,KZZAP,,9.481123944147562
2010,PER_1000_LIVE_BIRTHS,F,KZZHA,,8.84122037828828
2010,PER_1000_LIVE_BIRTHS,F,KZKAR,,8.543283061633685
2010,PER_1000_LIVE_BIRTHS,F,KZKUS,,6.00551858464535
2010,PER_1000_LIVE_BIRTHS,F,KZKZY,,14.145585957666494
2010,PER_1000_LIVE_BIRTHS,F,KZMAN,,14.316087880935507
2010,PER_1000_LIVE_BIRTHS,F,KZONT,,11.112563733821414
2010,PER_1000_LIVE_BIRTHS,F,KZPAV,,8.111239860950173
2010,PER_1000_LIVE_BIRTHS,F,KZSEV,,7.981220657276997
2010,PER_1000_LIVE_BIRTHS,F,KZVOS,,13.790112749349525
2010,PER_1000_LIVE_BIRTHS,F,KZNS,,5.852842809364548
2010,PER_1000_LIVE_BIRTHS,F,KZALA,,10.985434128082023
2010,PER_1000_LIVE_BIRTHS,F,,U,10.667322897831227
2010,PER_1000_LIVE_BIRTHS,F,KZAKM,U,8.087091757387247
2010,PER_1000_LIVE_BIRTHS,F,KZAKT,U,9.84175993824778
2010,PER_1000_LIVE_BIRTHS,F,KZALM,U,9.002520705797624
2010,PER_1000_LIVE_BIRTHS,F,KZATY,U,9.2641609317099
2010,PER_1000_LIVE_BIRTHS,F,KZZAP,U,11.139401654996817
2010,PER_1000_LIVE_BIRTHS,F,KZZHA,U,10.91617933723197
2010,PER_1000_LIVE_BIRTHS,F,KZKAR,U,8.393956351426972
2010,PER_1000_LIVE_BIRTHS,F,KZKUS,U,6.381620931716657
2010,PER_1000_LIVE_BIRTHS,F,KZKZY,U,14.699127239320164
2010,PER_1000_LIVE_BIRTHS,F,KZMAN,U,15.59341611319665
2010,PER_1000_LIVE_BIRTHS,F,KZONT,U,13.560022026431716
2010,PER_1000_LIVE_BIRTHS,F,KZPAV,U,9.86679822397632
2010,PER_1000_LIVE_BIRTHS,F,KZSEV,U,8.161044613710555
2010,PER_1000_LIVE_BIRTHS,F,KZVOS,U,14.626635873749036
2010,PER_1000_LIVE_BIRTHS,F,KZNS,U,5.852842809364548
2010,PER_1000_LIVE_BIRTHS,F,KZALA,U,10.985434128082023
2010,PER_1000_LIVE_BIRTHS,F,,R,9.053817301021788
2010,PER_1000_LIVE_BIRTHS,F,KZAKM,R,6.324666198172874
2010,PER_1000_LIVE_BIRTHS,F,KZAKT,R,9.03990024937656
2010,PER_1000_LIVE_BIRTHS,F,KZALM,R,7.1187258687258685
2010,PER_1000_LIVE_BIRTHS,F,KZATY,R,11.330621731551425
2010,PER_1000_LIVE_BIRTHS,F,KZZAP,R,7.52162467092892
2010,PER_1000_LIVE_BIRTHS,F,KZZHA,R,7.613334871380782
2010,PER_1000_LIVE_BIRTHS,F,KZKAR,R,9.069400630914828
2010,PER_1000_LIVE_BIRTHS,F,KZKUS,R,5.61612157251404
2010,PER_1000_LIVE_BIRTHS,F,KZKZY,R,13.693490902269742
2010,PER_1000_LIVE_BIRTHS,F,KZMAN,R,13.084632516703785
2010,PER_1000_LIVE_BIRTHS,F,KZONT,R,9.613357507273264
2010,PER_1000_LIVE_BIRTHS,F,KZPAV,R,4.529441368897836
2010,PER_1000_LIVE_BIRTHS,F,KZSEV,R,7.844756399669695
2010,PER_1000_LIVE_BIRTHS,F,KZVOS,R,12.711022840119163
2011,PER_1000_LIVE_BIRTHS,_T,,,9.796345488207358
2011,PER_1000_LIVE_BIRTHS,_T,KZAKM,,10.019723865877713
2011,PER_1000_LIVE_BIRTHS,_T,KZAKT,,7.195862379132
2011,PER_1000_LIVE_BIRTHS,_T,KZALM,,7.858075750979538
2011,PER_1000_LIVE_BIRTHS,_T,KZATY,,11.752415774353617
2011,PER_1000_LIVE_BIRTHS,_T,KZZAP,,8.826496301277743
2011,PER_1000_LIVE_BIRTHS,_T,KZZHA,,9.554250773025744
2011,PER_1000_LIVE_BIRTHS,_T,KZKAR,,6.586801696101436
2011,PER_1000_LIVE_BIRTHS,_T,KZKUS,,7.768361581920903
2011,PER_1000_LIVE_BIRTHS,_T,KZKZY,,11.829613797902482
2011,PER_1000_LIVE_BIRTHS,_T,KZMAN,,12.627519283403833
2011,PER_1000_LIVE_BIRTHS,_T,KZONT,,10.22744427112162
2011,PER_1000_LIVE_BIRTHS,_T,KZPAV,,8.828996282527884
2011,PER_1000_LIVE_BIRTHS,_T,KZSEV,,7.038190838813892
2011,PER_1000_LIVE_BIRTHS,_T,KZVOS,,13.475208233395838
2011,PER_1000_LIVE_BIRTHS,_T,KZNS,,7.052896725440807
2011,PER_1000_LIVE_BIRTHS,_T,KZALA,,13.971025997221673
2011,PER_1000_LIVE_BIRTHS,_T,,U,10.994578710036988
2011,PER_1000_LIVE_BIRTHS,_T,KZAKM,U,11.19177253478524
2011,PER_1000_LIVE_BIRTHS,_T,KZAKT,U,6.889242183359831
2011,PER_1000_LIVE_BIRTHS,_T,KZALM,U,10.241017038933519
2011,PER_1000_LIVE_BIRTHS,_T,KZATY,U,11.31928181108509
2011,PER_1000_LIVE_BIRTHS,_T,KZZAP,U,7.763975155279502
2011,PER_1000_LIVE_BIRTHS,_T,KZZHA,U,12.126111560226354
2011,PER_1000_LIVE_BIRTHS,_T,KZKAR,U,6.494866959983238
2011,PER_1000_LIVE_BIRTHS,_T,KZKUS,U,8.79677948412107
2011,PER_1000_LIVE_BIRTHS,_T,KZKZY,U,12.01558778956484
2011,PER_1000_LIVE_BIRTHS,_T,KZMAN,U,14.065050860228558
2011,PER_1000_LIVE_BIRTHS,_T,KZONT,U,15.28765352294764
2011,PER_1000_LIVE_BIRTHS,_T,KZPAV,U,8.089679879810468
2011,PER_1000_LIVE_BIRTHS,_T,KZSEV,U,6.307490144546648
2011,PER_1000_LIVE_BIRTHS,_T,KZVOS,U,13.366188769414576
2011,PER_1000_LIVE_BIRTHS,_T,KZNS,U,7.052896725440807
2011,PER_1000_LIVE_BIRTHS,_T,KZALA,U,13.971025997221673
2011,PER_1000_LIVE_BIRTHS,_T,,R,8.447410449463838
2011,PER_1000_LIVE_BIRTHS,_T,KZAKM,R,8.741547088899884
2011,PER_1000_LIVE_BIRTHS,_T,KZAKT,R,7.732755954222085
2011,PER_1000_LIVE_BIRTHS,_T,KZALM,R,7.078265391615868
2011,PER_1000_LIVE_BIRTHS,_T,KZATY,R,12.18872870249017
2011,PER_1000_LIVE_BIRTHS,_T,KZZAP,R,10.080645161290322
2011,PER_1000_LIVE_BIRTHS,_T,KZZHA,R,7.93201133144476
2011,PER_1000_LIVE_BIRTHS,_T,KZKAR,R,6.924408540103866
2011,PER_1000_LIVE_BIRTHS,_T,KZKUS,R,6.625807520291534
2011,PER_1000_LIVE_BIRTHS,_T,KZKZY,R,11.671721349140705
2011,PER_1000_LIVE_BIRTHS,_T,KZMAN,R,11.216566005176878
2011,PER_1000_LIVE_BIRTHS,_T,KZONT,R,7.002801120448179
2011,PER_1000_LIVE_BIRTHS,_T,KZPAV,R,10.331063629960084
2011,PER_1000_LIVE_BIRTHS,_T,KZSEV,R,7.610037021801728
2011,PER_1000_LIVE_BIRTHS,_T,KZVOS,R,13.628262920641575
2011,PER_1000_LIVE_BIRTHS,M,,,11.120370852648575
2011,PER_1000_LIVE_BIRTHS,M,KZAKM,,10.747805025734179
2011,PER_1000_LIVE_BIRTHS,M,KZAKT,,9.18032786885246
2011,PER_1000_LIVE_BIRTHS,M,KZALM,,9.279267827634422
2011,PER_1000_LIVE_BIRTHS,M,KZATY,,13.309671694764864
2011,PER_1000_LIVE_BIRTHS,M,KZZAP,,9.751340809361288
2011,PER_1000_LIVE_BIRTHS,M,KZZHA,,10.375261065822274
2011,PER_1000_LIVE_BIRTHS,M,KZKAR,,7.678008567041137
2011,PER_1000_LIVE_BIRTHS,M,KZKUS,,8.805808744013596
2011,PER_1000_LIVE_BIRTHS,M,KZKZY,,13.771186440677965
2011,PER_1000_LIVE_BIRTHS,M,KZMAN,,13.306161591944376
2011,PER_1000_LIVE_BIRTHS,M,KZONT,,11.729918623689551
2011,PER_1000_LIVE_BIRTHS,M,KZPAV,,9.486523113988858
2011,PER_1000_LIVE_BIRTHS,M,KZSEV,,8.678237650200266
2011,PER_1000_LIVE_BIRTHS,M,KZVOS,,15.737372028090364
2011,PER_1000_LIVE_BIRTHS,M,KZNS,,7.539335664335664
2011,PER_1000_LIVE_BIRTHS,M,KZALA,,15.134230739980225
2011,PER_1000_LIVE_BIRTHS,M,,U,12.40099836880687
2011,PER_1000_LIVE_BIRTHS,M,KZAKM,U,11.928429423459244
2011,PER_1000_LIVE_BIRTHS,M,KZAKT,U,8.651399491094146
2011,PER_1000_LIVE_BIRTHS,M,KZALM,U,12.307692307692307
2011,PER_1000_LIVE_BIRTHS,M,KZATY,U,13.853258081067214
2011,PER_1000_LIVE_BIRTHS,M,KZZAP,U,8.035714285714285
2011,PER_1000_LIVE_BIRTHS,M,KZZHA,U,13.574660633484163
2011,PER_1000_LIVE_BIRTHS,M,KZKAR,U,7.714462044846739
2011,PER_1000_LIVE_BIRTHS,M,KZKUS,U,10.733971569480707
2011,PER_1000_LIVE_BIRTHS,M,KZKZY,U,13.00062906269658
2011,PER_1000_LIVE_BIRTHS,M,KZMAN,U,14.489194499017682
2011,PER_1000_LIVE_BIRTHS,M,KZONT,U,17.279434949864413
2011,PER_1000_LIVE_BIRTHS,M,KZPAV,U,9.73731884057971
2011,PER_1000_LIVE_BIRTHS,M,KZSEV,U,7.518796992481202
2011,PER_1000_LIVE_BIRTHS,M,KZVOS,U,15.17999132571924
2011,PER_1000_LIVE_BIRTHS,M,KZNS,U,7.539335664335664
2011,PER_1000_LIVE_BIRTHS,M,KZALA,U,15.134230739980225
2011,PER_1000_LIVE_BIRTHS,M,,R,9.675917715907076
2011,PER_1000_LIVE_BIRTHS,M,KZAKM,R,9.40032414910859
2011,PER_1000_LIVE_BIRTHS,M,KZAKT,R,10.138248847926267
2011,PER_1000_LIVE_BIRTHS,M,KZALM,R,8.281223593037012
2011,PER_1000_LIVE_BIRTHS,M,KZATY,R,12.778752192432975
2011,PER_1000_LIVE_BIRTHS,M,KZZAP,R,11.815252416756177
2011,PER_1000_LIVE_BIRTHS,M,KZZHA,R,8.354402550291303
2011,PER_1000_LIVE_BIRTHS,M,KZKAR,R,7.544322897019992
2011,PER_1000_LIVE_BIRTHS,M,KZKUS,R,6.609385327164573
2011,PER_1000_LIVE_BIRTHS,M,KZKZY,R,14.425645592163846
2011,PER_1000_LIVE_BIRTHS,M,KZMAN,R,12.177985948477753
2011,PER_1000_LIVE_BIRTHS,M,KZONT,R,8.218959463772743
2011,PER_1000_LIVE_BIRTHS,M,KZPAV,R,8.98876404494382
2011,PER_1000_LIVE_BIRTHS,M,KZSEV,R,9.603841536614645
2011,PER_1000_LIVE_BIRTHS,M,KZVOS,R,16.523867809057528
2011,PER_1000_LIVE_BIRTHS,F,,,8.389596015495298
2011,PER_1000_LIVE_BIRTHS,F,KZAKM,,9.22722029988466
2011,PER_1000_LIVE_BIRTHS,F,KZAKT,,5.093771706413522
2011,PER_1000_LIVE_BIRTHS,F,KZALM,,6.356596087559872
2011,PER_1000_LIVE_BIRTHS,F,KZATY,,10.098290022889456
2011,PER_1000_LIVE_BIRTHS,F,KZZAP,,7.835625979453249
2011,PER_1000_LIVE_BIRTHS,F,KZZHA,,8.680057388809182
2011,PER_1000_LIVE_BIRTHS,F,KZKAR,,5.453935224030877
2011,PER_1000_LIVE_BIRTHS,F,KZKUS,,6.697496412055494
2011,PER_1000_LIVE_BIRTHS,F,KZKZY,,9.758602978941962
2011,PER_1000_LIVE_BIRTHS,F,KZMAN,,11.895526247737264
2011,PER_1000_LIVE_BIRTHS,F,KZONT,,8.633429260325116
2011,PER_1000_LIVE_BIRTHS,F,KZPAV,,8.132674214638813
2011,PER_1000_LIVE_BIRTHS,F,KZSEV,,5.271986580397795
2011,PER_1000_LIVE_BIRTHS,F,KZVOS,,11.069114470842333
2011,PER_1000_LIVE_BIRTHS,F,KZNS,,6.541948812119822
2011,PER_1000_LIVE_BIRTHS,F,KZALA,,12.701311638718247
2011,PER_1000_LIVE_BIRTHS,F,,U,9.497510564411533
2011,PER_1000_LIVE_BIRTHS,F,KZAKM,U,10.35263668715626
2011,PER_1000_LIVE_BIRTHS,F,KZAKT,U,4.975124378109452
2011,PER_1000_LIVE_BIRTHS,F,KZALM,U,8.033595033777615
2011,PER_1000_LIVE_BIRTHS,F,KZATY,U,8.711721224920803
2011,PER_1000_LIVE_BIRTHS,F,KZZAP,U,7.467532467532468
2011,PER_1000_LIVE_BIRTHS,F,KZZHA,U,10.581028401707815
2011,PER_1000_LIVE_BIRTHS,F,KZKAR,U,5.229455709711846
2011,PER_1000_LIVE_BIRTHS,F,KZKUS,U,6.7484662576687136
2011,PER_1000_LIVE_BIRTHS,F,KZKZY,U,10.964421570821214
2011,PER_1000_LIVE_BIRTHS,F,KZMAN,U,13.621177075301974
2011,PER_1000_LIVE_BIRTHS,F,KZONT,U,13.193661738380962
2011,PER_1000_LIVE_BIRTHS,F,KZPAV,U,6.372433325466131
2011,PER_1000_LIVE_BIRTHS,F,KZSEV,U,4.972375690607733
2011,PER_1000_LIVE_BIRTHS,F,KZVOS,U,11.428571428571427
2011,PER_1000_LIVE_BIRTHS,F,KZNS,U,6.541948812119822
2011,PER_1000_LIVE_BIRTHS,F,KZALA,U,12.701311638718247
2011,PER_1000_LIVE_BIRTHS,F,,R,7.144871674344269
2011,PER_1000_LIVE_BIRTHS,F,KZAKM,R,8.059100067159166
2011,PER_1000_LIVE_BIRTHS,F,KZAKT,R,5.294300840859544
2011,PER_1000_LIVE_BIRTHS,F,KZALM,R,5.811884711184912
2011,PER_1000_LIVE_BIRTHS,F,KZATY,R,11.541632316570489
2011,PER_1000_LIVE_BIRTHS,F,KZZAP,R,8.261359369132558
2011,PER_1000_LIVE_BIRTHS,F,KZZHA,R,7.482754589033087
2011,PER_1000_LIVE_BIRTHS,F,KZKAR,R,6.2794348508634235
2011,PER_1000_LIVE_BIRTHS,F,KZKUS,R,6.642311524410495
2011,PER_1000_LIVE_BIRTHS,F,KZKZY,R,8.735282947208509
2011,PER_1000_LIVE_BIRTHS,F,KZMAN,R,10.14832162373146
2011,PER_1000_LIVE_BIRTHS,F,KZONT,R,5.705040871934606
2011,PER_1000_LIVE_BIRTHS,F,KZPAV,R,11.799410029498524
2011,PER_1000_LIVE_BIRTHS,F,KZSEV,R,5.5014811680067695
2011,PER_1000_LIVE_BIRTHS,F,KZVOS,R,10.567177054129829
2012,PER_1000_LIVE_BIRTHS,_T,,,9.025247079256886
2012,PER_1000_LIVE_BIRTHS,_T,KZAKM,,6.9211877651261435
2012,PER_1000_LIVE_BIRTHS,_T,KZAKT,,8.72523733743072
2012,PER_1000_LIVE_BIRTHS,_T,KZALM,,7.509333333333332
2012,PER_1000_LIVE_BIRTHS,_T,KZATY,,11.548825869369947
2012,PER_1000_LIVE_BIRTHS,_T,KZZAP,,7.082494969818914
2012,PER_1000_LIVE_BIRTHS,_T,KZZHA,,8.721339147559434
2012,PER_1000_LIVE_BIRTHS,_T,KZKAR,,6.895707524073773
2012,PER_1000_LIVE_BIRTHS,_T,KZKUS,,9.688000610267755
2012,PER_1000_LIVE_BIRTHS,_T,KZKZY,,13.006923837784374
2012,PER_1000_LIVE_BIRTHS,_T,KZMAN,,9.080188679245284
2012,PER_1000_LIVE_BIRTHS,_T,KZONT,,9.575650132960462
2012,PER_1000_LIVE_BIRTHS,_T,KZPAV,,6.527820951196767
2012,PER_1000_LIVE_BIRTHS,_T,KZSEV,,7.10927645912166
2012,PER_1000_LIVE_BIRTHS,_T,KZVOS,,12.65768655120804
2012,PER_1000_LIVE_BIRTHS,_T,KZNS,,6.987617530699277
2012,PER_1000_LIVE_BIRTHS,_T,KZALA,,9.76227736791117
2012,PER_1000_LIVE_BIRTHS,_T,,U,9.5173417414504
2012,PER_1000_LIVE_BIRTHS,_T,KZAKM,U,8.475793707800603
2012,PER_1000_LIVE_BIRTHS,_T,KZAKT,U,10.819560402112796
2012,PER_1000_LIVE_BIRTHS,_T,KZALM,U,8.548469823901522
2012,PER_1000_LIVE_BIRTHS,_T,KZATY,U,12.257026123560726
2012,PER_1000_LIVE_BIRTHS,_T,KZZAP,U,5.979291235234068
2012,PER_1000_LIVE_BIRTHS,_T,KZZHA,U,8.970156977747111
2012,PER_1000_LIVE_BIRTHS,_T,KZKAR,U,7.2783987522745
2012,PER_1000_LIVE_BIRTHS,_T,KZKUS,U,10.655964572377526
2012,PER_1000_LIVE_BIRTHS,_T,KZKZY,U,12.38919149845135
2012,PER_1000_LIVE_BIRTHS,_T,KZMAN,U,7.942417473318442
2012,PER_1000_LIVE_BIRTHS,_T,KZONT,U,11.06305628682462
2012,PER_1000_LIVE_BIRTHS,_T,KZPAV,U,6.693896074427048
2012,PER_1000_LIVE_BIRTHS,_T,KZSEV,U,7.660878447395301
2012,PER_1000_LIVE_BIRTHS,_T,KZVOS,U,13.537906137184114
2012,PER_1000_LIVE_BIRTHS,_T,KZNS,U,6.987617530699277
2012,PER_1000_LIVE_BIRTHS,_T,KZALA,U,9.76227736791117
2012,PER_1000_LIVE_BIRTHS,_T,,R,8.44556950452278
2012,PER_1000_LIVE_BIRTHS,_T,KZAKM,R,5.250154416306362
2012,PER_1000_LIVE_BIRTHS,_T,KZAKT,R,4.934464148033924
2012,PER_1000_LIVE_BIRTHS,_T,KZALM,R,7.163771782698923
2012,PER_1000_LIVE_BIRTHS,_T,KZATY,R,10.787055533359966
2012,PER_1000_LIVE_BIRTHS,_T,KZZAP,R,8.441091954022989
2012,PER_1000_LIVE_BIRTHS,_T,KZZHA,R,8.550053437833986
2012,PER_1000_LIVE_BIRTHS,_T,KZKAR,R,5.499715531955244
2012,PER_1000_LIVE_BIRTHS,_T,KZKUS,R,8.499065102838689
2012,PER_1000_LIVE_BIRTHS,_T,KZKZY,R,13.53965183752418
2012,PER_1000_LIVE_BIRTHS,_T,KZMAN,R,10.110087620759382
2012,PER_1000_LIVE_BIRTHS,_T,KZONT,R,8.590815712477433
2012,PER_1000_LIVE_BIRTHS,_T,KZPAV,R,6.1667488899851985
2012,PER_1000_LIVE_BIRTHS,_T,KZSEV,R,6.659729448491155
2012,PER_1000_LIVE_BIRTHS,_T,KZVOS,R,11.245963701146866
2012,PER_1000_LIVE_BIRTHS,M,,,10.101061736094426
2012,PER_1000_LIVE_BIRTHS,M,KZAKM,,6.472491909385114
2012,PER_1000_LIVE_BIRTHS,M,KZAKT,,9.094754653130288
2012,PER_1000_LIVE_BIRTHS,M,KZALM,,9.143528227497693
2012,PER_1000_LIVE_BIRTHS,M,KZATY,,11.541839166980305
2012,PER_1000_LIVE_BIRTHS,M,KZZAP,,9.16860916860917
2012,PER_1000_LIVE_BIRTHS,M,KZZHA,,10.084265782566652
2012,PER_1000_LIVE_BIRTHS,M,KZKAR,,7.5307173999207295
2012,PER_1000_LIVE_BIRTHS,M,KZKUS,,11.897590361445785
2012,PER_1000_LIVE_BIRTHS,M,KZKZY,,14.04041362299592
2012,PER_1000_LIVE_BIRTHS,M,KZMAN,,9.469915694652963
2012,PER_1000_LIVE_BIRTHS,M,KZONT,,10.638812321678998
2012,PER_1000_LIVE_BIRTHS,M,KZPAV,,8.158332074331469
2012,PER_1000_LIVE_BIRTHS,M,KZSEV,,8.292245629762439
2012,PER_1000_LIVE_BIRTHS,M,KZVOS,,13.942549974802619
2012,PER_1000_LIVE_BIRTHS,M,KZNS,,8.117045796171961
2012,PER_1000_LIVE_BIRTHS,M,KZALA,,10.747259088286206
2012,PER_1000_LIVE_BIRTHS,M,,U,10.562647754137117
2012,PER_1000_LIVE_BIRTHS,M,KZAKM,U,8.016032064128256
2012,PER_1000_LIVE_BIRTHS,M,KZAKT,U,10.96204188481675
2012,PER_1000_LIVE_BIRTHS,M,KZALM,U,9.764309764309765
2012,PER_1000_LIVE_BIRTHS,M,KZATY,U,13.116346854505709
2012,PER_1000_LIVE_BIRTHS,M,KZZAP,U,7.896221094190638
2012,PER_1000_LIVE_BIRTHS,M,KZZHA,U,8.771929824561402
2012,PER_1000_LIVE_BIRTHS,M,KZKAR,U,8.384685321749673
2012,PER_1000_LIVE_BIRTHS,M,KZKUS,U,14.309301045679693
2012,PER_1000_LIVE_BIRTHS,M,KZKZY,U,13.18771893674016
2012,PER_1000_LIVE_BIRTHS,M,KZMAN,U,8.011653313911145
2012,PER_1000_LIVE_BIRTHS,M,KZONT,U,12.642071354768126
2012,PER_1000_LIVE_BIRTHS,M,KZPAV,U,8.8339222614841
2012,PER_1000_LIVE_BIRTHS,M,KZSEV,U,7.299270072992702
2012,PER_1000_LIVE_BIRTHS,M,KZVOS,U,14.43355119825708
2012,PER_1000_LIVE_BIRTHS,M,KZNS,U,8.117045796171961
2012,PER_1000_LIVE_BIRTHS,M,KZALA,U,10.747259088286206
2012,PER_1000_LIVE_BIRTHS,M,,R,9.557931748133477
2012,PER_1000_LIVE_BIRTHS,M,KZAKM,R,4.841149773071104
2012,PER_1000_LIVE_BIRTHS,M,KZAKT,R,5.6818181818181825
2012,PER_1000_LIVE_BIRTHS,M,KZALM,R,8.937548877220424
2012,PER_1000_LIVE_BIRTHS,M,KZATY,R,9.859885832900883
2012,PER_1000_LIVE_BIRTHS,M,KZZAP,R,10.730356524749046
2012,PER_1000_LIVE_BIRTHS,M,KZZHA,R,10.964912280701752
2012,PER_1000_LIVE_BIRTHS,M,KZKAR,R,4.418262150220913
2012,PER_1000_LIVE_BIRTHS,M,KZKUS,R,8.982035928143713
2012,PER_1000_LIVE_BIRTHS,M,KZKZY,R,14.767932489451475
2012,PER_1000_LIVE_BIRTHS,M,KZMAN,R,10.792951541850222
2012,PER_1000_LIVE_BIRTHS,M,KZONT,R,9.315398514354547
2012,PER_1000_LIVE_BIRTHS,M,KZPAV,R,6.695361071257771
2012,PER_1000_LIVE_BIRTHS,M,KZSEV,R,9.140008309098462
2012,PER_1000_LIVE_BIRTHS,M,KZVOS,R,13.1521262604121
2012,PER_1000_LIVE_BIRTHS,F,,,7.890907130922224
2012,PER_1000_LIVE_BIRTHS,F,KZAKM,,7.380629612893507
2012,PER_1000_LIVE_BIRTHS,F,KZAKT,,8.326679593931791
2012,PER_1000_LIVE_BIRTHS,F,KZALM,,5.8177397646854505
2012,PER_1000_LIVE_BIRTHS,F,KZATY,,11.556139198949444
2012,PER_1000_LIVE_BIRTHS,F,KZZAP,,4.841402337228715
2012,PER_1000_LIVE_BIRTHS,F,KZZHA,,7.307637197306204
2012,PER_1000_LIVE_BIRTHS,F,KZKAR,,6.222147481711931
2012,PER_1000_LIVE_BIRTHS,F,KZKUS,,7.420003091667955
2012,PER_1000_LIVE_BIRTHS,F,KZKZY,,11.881392705858044
2012,PER_1000_LIVE_BIRTHS,F,KZMAN,,8.673653776653415
2012,PER_1000_LIVE_BIRTHS,F,KZONT,,8.440670091117937
2012,PER_1000_LIVE_BIRTHS,F,KZPAV,,4.800768122899664
2012,PER_1000_LIVE_BIRTHS,F,KZSEV,,5.869922517022776
2012,PER_1000_LIVE_BIRTHS,F,KZVOS,,11.32502831257078
2012,PER_1000_LIVE_BIRTHS,F,KZNS,,5.799240826655419
2012,PER_1000_LIVE_BIRTHS,F,KZALA,,8.709727146600894
2012,PER_1000_LIVE_BIRTHS,F,,U,8.416334661354579
2012,PER_1000_LIVE_BIRTHS,F,KZAKM,U,8.938869665513264
2012,PER_1000_LIVE_BIRTHS,F,KZAKT,U,10.66477070742979
2012,PER_1000_LIVE_BIRTHS,F,KZALM,U,7.29419937478291
2012,PER_1000_LIVE_BIRTHS,F,KZATY,U,11.363636363636365
2012,PER_1000_LIVE_BIRTHS,F,KZZAP,U,3.926306251887647
2012,PER_1000_LIVE_BIRTHS,F,KZZHA,U,9.16955017301038
2012,PER_1000_LIVE_BIRTHS,F,KZKAR,U,6.105398457583548
2012,PER_1000_LIVE_BIRTHS,F,KZKUS,U,6.9599109131403125
2012,PER_1000_LIVE_BIRTHS,F,KZKZY,U,11.529933481152993
2012,PER_1000_LIVE_BIRTHS,F,KZMAN,U,7.870017771007872
2012,PER_1000_LIVE_BIRTHS,F,KZONT,U,9.382076997735359
2012,PER_1000_LIVE_BIRTHS,F,KZPAV,U,4.433037797480168
2012,PER_1000_LIVE_BIRTHS,F,KZSEV,U,8.060182697474476
2012,PER_1000_LIVE_BIRTHS,F,KZVOS,U,12.606232294617564
2012,PER_1000_LIVE_BIRTHS,F,KZNS,U,5.799240826655419
2012,PER_1000_LIVE_BIRTHS,F,KZALA,U,8.709727146600894
2012,PER_1000_LIVE_BIRTHS,F,,R,7.2712322330553265
2012,PER_1000_LIVE_BIRTHS,F,KZAKM,R,5.676442762535478
2012,PER_1000_LIVE_BIRTHS,F,KZAKT,R,4.138809296402419
2012,PER_1000_LIVE_BIRTHS,F,KZALM,R,5.32561505065123
2012,PER_1000_LIVE_BIRTHS,F,KZATY,R,11.764705882352938
2012,PER_1000_LIVE_BIRTHS,F,KZZAP,R,5.972377752892871
2012,PER_1000_LIVE_BIRTHS,F,KZZHA,R,5.99168500855955
2012,PER_1000_LIVE_BIRTHS,F,KZKAR,R,6.64841611263199
2012,PER_1000_LIVE_BIRTHS,F,KZKUS,R,7.994438651372959
2012,PER_1000_LIVE_BIRTHS,F,KZKZY,R,12.188044109112012
2012,PER_1000_LIVE_BIRTHS,F,KZMAN,R,9.399358092618066
2012,PER_1000_LIVE_BIRTHS,F,KZONT,R,7.8158550201837995
2012,PER_1000_LIVE_BIRTHS,F,KZPAV,R,5.6036678553234855
2012,PER_1000_LIVE_BIRTHS,F,KZSEV,R,4.170141784820683
2012,PER_1000_LIVE_BIRTHS,F,KZVOS,R,9.278117221090746
2013,PER_1000_LIVE_BIRTHS,_T,,,7.134815212675853
2013,PER_1000_LIVE_BIRTHS,_T,KZAKM,,8.088978766430737
2013,PER_1000_LIVE_BIRTHS,_T,KZAKT,,7.463880151410142
2013,PER_1000_LIVE_BIRTHS,_T,KZALM,,5.611139762764312
2013,PER_1000_LIVE_BIRTHS,_T,KZATY,,5.726735138499844
2013,PER_1000_LIVE_BIRTHS,_T,KZZAP,,5.34465141869056
2013,PER_1000_LIVE_BIRTHS,_T,KZZHA,,9.278814527576776
2013,PER_1000_LIVE_BIRTHS,_T,KZKAR,,6.320907617504053
2013,PER_1000_LIVE_BIRTHS,_T,KZKUS,,6.677411927239236
2013,PER_1000_LIVE_BIRTHS,_T,KZKZY,,8.590017281691573
2013,PER_1000_LIVE_BIRTHS,_T,KZMAN,,6.331186551686497
2013,PER_1000_LIVE_BIRTHS,_T,KZONT,,7.953254341827625
2013,PER_1000_LIVE_BIRTHS,_T,KZPAV,,4.349484929416253
2013,PER_1000_LIVE_BIRTHS,_T,KZSEV,,5.957247985048474
2013,PER_1000_LIVE_BIRTHS,_T,KZVOS,,9.331872946330778
2013,PER_1000_LIVE_BIRTHS,_T,KZNS,,5.343441724515894
2013,PER_1000_LIVE_BIRTHS,_T,KZALA,,7.908901175350591
2013,PER_1000_LIVE_BIRTHS,_T,,U,7.622395323402567
2013,PER_1000_LIVE_BIRTHS,_T,KZAKM,U,9.506833036244801
2013,PER_1000_LIVE_BIRTHS,_T,KZAKT,U,7.524331397726343
2013,PER_1000_LIVE_BIRTHS,_T,KZALM,U,6.848743005094797
2013,PER_1000_LIVE_BIRTHS,_T,KZATY,U,6.306852637962401
2013,PER_1000_LIVE_BIRTHS,_T,KZZAP,U,5.428571428571429
2013,PER_1000_LIVE_BIRTHS,_T,KZZHA,U,13.869005010737295
2013,PER_1000_LIVE_BIRTHS,_T,KZKAR,U,6.272949816401469
2013,PER_1000_LIVE_BIRTHS,_T,KZKUS,U,6.886103842445944
2013,PER_1000_LIVE_BIRTHS,_T,KZKZY,U,8.973080757726821
2013,PER_1000_LIVE_BIRTHS,_T,KZMAN,U,6.055066834228264
2013,PER_1000_LIVE_BIRTHS,_T,KZONT,U,8.910037364672819
2013,PER_1000_LIVE_BIRTHS,_T,KZPAV,U,4.02729611813402
2013,PER_1000_LIVE_BIRTHS,_T,KZSEV,U,7.274616783580152
2013,PER_1000_LIVE_BIRTHS,_T,KZVOS,U,9.23754707596106
2013,PER_1000_LIVE_BIRTHS,_T,KZNS,U,5.343441724515894
2013,PER_1000_LIVE_BIRTHS,_T,KZALA,U,7.908901175350591
2013,PER_1000_LIVE_BIRTHS,_T,,R,6.560860838913157
2013,PER_1000_LIVE_BIRTHS,_T,KZAKM,R,6.530612244897959
2013,PER_1000_LIVE_BIRTHS,_T,KZAKT,R,7.3506891271056665
2013,PER_1000_LIVE_BIRTHS,_T,KZALM,R,5.205194235932278
2013,PER_1000_LIVE_BIRTHS,_T,KZATY,R,5.115089514066496
2013,PER_1000_LIVE_BIRTHS,_T,KZZAP,R,5.242005940940067
2013,PER_1000_LIVE_BIRTHS,_T,KZZHA,R,6.381656971819054
2013,PER_1000_LIVE_BIRTHS,_T,KZKAR,R,6.506309148264984
2013,PER_1000_LIVE_BIRTHS,_T,KZKUS,R,6.414701803051318
2013,PER_1000_LIVE_BIRTHS,_T,KZKZY,R,8.265239034469804
2013,PER_1000_LIVE_BIRTHS,_T,KZMAN,R,6.583760058522311
2013,PER_1000_LIVE_BIRTHS,_T,KZONT,R,7.339073390733907
2013,PER_1000_LIVE_BIRTHS,_T,KZPAV,R,5.040806529044646
2013,PER_1000_LIVE_BIRTHS,_T,KZSEV,R,4.881154499151103
2013,PER_1000_LIVE_BIRTHS,_T,KZVOS,R,9.483546617915906
2013,PER_1000_LIVE_BIRTHS,M,,,8.083516329603379
2013,PER_1000_LIVE_BIRTHS,M,KZAKM,,9.8098400241473
2013,PER_1000_LIVE_BIRTHS,M,KZAKT,,8.558465663023304
2013,PER_1000_LIVE_BIRTHS,M,KZALM,,6.965975437890075
2013,PER_1000_LIVE_BIRTHS,M,KZATY,,5.827364331674152
2013,PER_1000_LIVE_BIRTHS,M,KZZAP,,5.9790732436472345
2013,PER_1000_LIVE_BIRTHS,M,KZZHA,,9.32525144874442
2013,PER_1000_LIVE_BIRTHS,M,KZKAR,,6.9499289211814865
2013,PER_1000_LIVE_BIRTHS,M,KZKUS,,7.618763071407231
2013,PER_1000_LIVE_BIRTHS,M,KZKZY,,9.393346379647749
2013,PER_1000_LIVE_BIRTHS,M,KZMAN,,7.49024158666526
2013,PER_1000_LIVE_BIRTHS,M,KZONT,,9.041328323839537
2013,PER_1000_LIVE_BIRTHS,M,KZPAV,,5.5523085914669785
2013,PER_1000_LIVE_BIRTHS,M,KZSEV,,6.503700381251402
2013,PER_1000_LIVE_BIRTHS,M,KZVOS,,10.62473438164046
2013,PER_1000_LIVE_BIRTHS,M,KZNS,,5.708765150184437
2013,PER_1000_LIVE_BIRTHS,M,KZALA,,9.323843416370106
2013,PER_1000_LIVE_BIRTHS,M,,U,8.490016369639406
2013,PER_1000_LIVE_BIRTHS,M,KZAKM,U,10.93210586881473
2013,PER_1000_LIVE_BIRTHS,M,KZAKT,U,8.410028562361155
2013,PER_1000_LIVE_BIRTHS,M,KZALM,U,8.6011035378124
2013,PER_1000_LIVE_BIRTHS,M,KZATY,U,6.399620763214033
2013,PER_1000_LIVE_BIRTHS,M,KZZAP,U,6.202804746494068
2013,PER_1000_LIVE_BIRTHS,M,KZZHA,U,14.042995839112347
2013,PER_1000_LIVE_BIRTHS,M,KZKAR,U,6.252481143310837
2013,PER_1000_LIVE_BIRTHS,M,KZKUS,U,8.986928104575162
2013,PER_1000_LIVE_BIRTHS,M,KZKZY,U,8.624407072013799
2013,PER_1000_LIVE_BIRTHS,M,KZMAN,U,6.610841780520053
2013,PER_1000_LIVE_BIRTHS,M,KZONT,U,10.130335412934707
2013,PER_1000_LIVE_BIRTHS,M,KZPAV,U,5.1701852649719955
2013,PER_1000_LIVE_BIRTHS,M,KZSEV,U,8.995502248875562
2013,PER_1000_LIVE_BIRTHS,M,KZVOS,U,10.273972602739725
2013,PER_1000_LIVE_BIRTHS,M,KZNS,U,5.708765150184437
2013,PER_1000_LIVE_BIRTHS,M,KZALA,U,9.323843416370106
2013,PER_1000_LIVE_BIRTHS,M,,R,7.604645588651866
2013,PER_1000_LIVE_BIRTHS,M,KZAKM,R,8.571428571428571
2013,PER_1000_LIVE_BIRTHS,M,KZAKT,R,8.8339222614841
2013,PER_1000_LIVE_BIRTHS,M,KZALM,R,6.426391045895143
2013,PER_1000_LIVE_BIRTHS,M,KZATY,R,5.2264808362369335
2013,PER_1000_LIVE_BIRTHS,M,KZZAP,R,5.700871898054997
2013,PER_1000_LIVE_BIRTHS,M,KZZHA,R,6.381828015143322
2013,PER_1000_LIVE_BIRTHS,M,KZKAR,R,9.667440061871616
2013,PER_1000_LIVE_BIRTHS,M,KZKUS,R,5.956320317670418
2013,PER_1000_LIVE_BIRTHS,M,KZKZY,R,10.032246506628448
2013,PER_1000_LIVE_BIRTHS,M,KZMAN,R,8.297915401740537
2013,PER_1000_LIVE_BIRTHS,M,KZONT,R,8.337987712439162
2013,PER_1000_LIVE_BIRTHS,M,KZPAV,R,6.357856494096277
2013,PER_1000_LIVE_BIRTHS,M,KZSEV,R,4.4751830756712785
2013,PER_1000_LIVE_BIRTHS,M,KZVOS,R,11.198208286674133
2013,PER_1000_LIVE_BIRTHS,F,,,6.122459873067047
2013,PER_1000_LIVE_BIRTHS,F,KZAKM,,6.259027443428022
2013,PER_1000_LIVE_BIRTHS,F,KZAKT,,6.292085219119109
2013,PER_1000_LIVE_BIRTHS,F,KZALM,,4.187817258883249
2013,PER_1000_LIVE_BIRTHS,F,KZATY,,5.620848237097597
2013,PER_1000_LIVE_BIRTHS,F,KZZAP,,4.641140394496934
2013,PER_1000_LIVE_BIRTHS,F,KZZHA,,9.228550829127617
2013,PER_1000_LIVE_BIRTHS,F,KZKAR,,5.658179397570312
2013,PER_1000_LIVE_BIRTHS,F,KZKUS,,5.682715074980267
2013,PER_1000_LIVE_BIRTHS,F,KZKZY,,7.721599323037868
2013,PER_1000_LIVE_BIRTHS,F,KZMAN,,5.088770779147349
2013,PER_1000_LIVE_BIRTHS,F,KZONT,,6.797466398887688
2013,PER_1000_LIVE_BIRTHS,F,KZPAV,,3.034659000159719
2013,PER_1000_LIVE_BIRTHS,F,KZSEV,,5.363237445148708
2013,PER_1000_LIVE_BIRTHS,F,KZVOS,,7.956600361663654
2013,PER_1000_LIVE_BIRTHS,F,KZNS,,4.947668886774501
2013,PER_1000_LIVE_BIRTHS,F,KZALA,,6.409773018626048
2013,PER_1000_LIVE_BIRTHS,F,,U,6.695899502251718
2013,PER_1000_LIVE_BIRTHS,F,KZAKM,U,7.985257985257985
2013,PER_1000_LIVE_BIRTHS,F,KZAKT,U,6.582278481012657
2013,PER_1000_LIVE_BIRTHS,F,KZALM,U,4.990535191877473
2013,PER_1000_LIVE_BIRTHS,F,KZATY,U,6.209637357178341
2013,PER_1000_LIVE_BIRTHS,F,KZZAP,U,4.556500607533414
2013,PER_1000_LIVE_BIRTHS,F,KZZHA,U,13.683431952662726
2013,PER_1000_LIVE_BIRTHS,F,KZKAR,U,6.29458665547629
2013,PER_1000_LIVE_BIRTHS,F,KZKUS,U,4.736695458344943
2013,PER_1000_LIVE_BIRTHS,F,KZKZY,U,9.341535657325133
2013,PER_1000_LIVE_BIRTHS,F,KZMAN,U,5.456702253855278
2013,PER_1000_LIVE_BIRTHS,F,KZONT,U,7.603808516265539
2013,PER_1000_LIVE_BIRTHS,F,KZPAV,U,2.7926460321154294
2013,PER_1000_LIVE_BIRTHS,F,KZSEV,U,5.411255411255411
2013,PER_1000_LIVE_BIRTHS,F,KZVOS,U,8.120478369998523
2013,PER_1000_LIVE_BIRTHS,F,KZNS,U,4.947668886774501
2013,PER_1000_LIVE_BIRTHS,F,KZALA,U,6.409773018626048
2013,PER_1000_LIVE_BIRTHS,F,,R,5.4479770464762405
2013,PER_1000_LIVE_BIRTHS,F,KZAKM,R,4.369747899159663
2013,PER_1000_LIVE_BIRTHS,F,KZAKT,R,5.743458838544989
2013,PER_1000_LIVE_BIRTHS,F,KZALM,R,3.926187671770711
2013,PER_1000_LIVE_BIRTHS,F,KZATY,R,4.997369805365596
2013,PER_1000_LIVE_BIRTHS,F,KZZAP,R,4.742794600510763
2013,PER_1000_LIVE_BIRTHS,F,KZZHA,R,6.38147010163082
2013,PER_1000_LIVE_BIRTHS,F,KZKAR,R,3.2180209171359615
2013,PER_1000_LIVE_BIRTHS,F,KZKUS,R,6.919155134741442
2013,PER_1000_LIVE_BIRTHS,F,KZKZY,R,6.317867719644619
2013,PER_1000_LIVE_BIRTHS,F,KZMAN,R,4.753673292999134
2013,PER_1000_LIVE_BIRTHS,F,KZONT,R,6.283208231424474
2013,PER_1000_LIVE_BIRTHS,F,KZPAV,R,3.564154786150713
2013,PER_1000_LIVE_BIRTHS,F,KZSEV,R,5.323868677905945
2013,PER_1000_LIVE_BIRTHS,F,KZVOS,R,7.697690692792162
2014,PER_1000_LIVE_BIRTHS,_T,,,5.885166625345284
2014,PER_1000_LIVE_BIRTHS,_T,KZAKM,,5.6236819495430765
2014,PER_1000_LIVE_BIRTHS,_T,KZAKT,,5.757961783439491
2014,PER_1000_LIVE_BIRTHS,_T,KZALM,,5.197609099814086
2014,PER_1000_LIVE_BIRTHS,_T,KZATY,,4.637256696564768
2014,PER_1000_LIVE_BIRTHS,_T,KZZAP,,5.5981595092024525
2014,PER_1000_LIVE_BIRTHS,_T,KZZHA,,6.4568473006321625
2014,PER_1000_LIVE_BIRTHS,_T,KZKAR,,5.5392766828563405
2014,PER_1000_LIVE_BIRTHS,_T,KZKUS,,7.44339105226044
2014,PER_1000_LIVE_BIRTHS,_T,KZKZY,,6.9751449061793895
2014,PER_1000_LIVE_BIRTHS,_T,KZMAN,,4.817258351659858
2014,PER_1000_LIVE_BIRTHS,_T,KZONT,,6.550458044133253
2014,PER_1000_LIVE_BIRTHS,_T,KZPAV,,4.524192929990033
2014,PER_1000_LIVE_BIRTHS,_T,KZSEV,,5.111976630963973
2014,PER_1000_LIVE_BIRTHS,_T,KZVOS,,7.7552052600522625
2014,PER_1000_LIVE_BIRTHS,_T,KZNS,,4.027904659081472
2014,PER_1000_LIVE_BIRTHS,_T,KZALA,,6.0326233486114855
2014,PER_1000_LIVE_BIRTHS,_T,,U,6.3683405065052225
2014,PER_1000_LIVE_BIRTHS,_T,KZAKM,U,5.4733727810650885
2014,PER_1000_LIVE_BIRTHS,_T,KZAKT,U,6.695212144803425
2014,PER_1000_LIVE_BIRTHS,_T,KZALM,U,4.832448704745306
2014,PER_1000_LIVE_BIRTHS,_T,KZATY,U,5.03190967108493
2014,PER_1000_LIVE_BIRTHS,_T,KZZAP,U,6.686046511627908
2014,PER_1000_LIVE_BIRTHS,_T,KZZHA,U,10.763038151907596
2014,PER_1000_LIVE_BIRTHS,_T,KZKAR,U,5.155420773313116
2014,PER_1000_LIVE_BIRTHS,_T,KZKUS,U,7.610993657505285
2014,PER_1000_LIVE_BIRTHS,_T,KZKZY,U,8.181045473863152
2014,PER_1000_LIVE_BIRTHS,_T,KZMAN,U,5.5398653052357165
2014,PER_1000_LIVE_BIRTHS,_T,KZONT,U,7.488232777064612
2014,PER_1000_LIVE_BIRTHS,_T,KZPAV,U,4.231625835189308
2014,PER_1000_LIVE_BIRTHS,_T,KZSEV,U,4.641567818463125
2014,PER_1000_LIVE_BIRTHS,_T,KZVOS,U,8.814485821660401
2014,PER_1000_LIVE_BIRTHS,_T,KZNS,U,4.027904659081472
2014,PER_1000_LIVE_BIRTHS,_T,KZALA,U,6.0326233486114855
2014,PER_1000_LIVE_BIRTHS,_T,,R,5.275146185576356
2014,PER_1000_LIVE_BIRTHS,_T,KZAKM,R,5.791825252358099
2014,PER_1000_LIVE_BIRTHS,_T,KZAKT,R,3.9823008849557517
2014,PER_1000_LIVE_BIRTHS,_T,KZALM,R,5.3208556149732615
2014,PER_1000_LIVE_BIRTHS,_T,KZATY,R,4.247057395947094
2014,PER_1000_LIVE_BIRTHS,_T,KZZAP,R,4.383116883116883
2014,PER_1000_LIVE_BIRTHS,_T,KZZHA,R,3.74593731063736
2014,PER_1000_LIVE_BIRTHS,_T,KZKAR,R,7.02028081123245
2014,PER_1000_LIVE_BIRTHS,_T,KZKUS,R,7.233592095977419
2014,PER_1000_LIVE_BIRTHS,_T,KZKZY,R,5.938242280285037
2014,PER_1000_LIVE_BIRTHS,_T,KZMAN,R,4.144763445208248
2014,PER_1000_LIVE_BIRTHS,_T,KZONT,R,5.764011931728978
2014,PER_1000_LIVE_BIRTHS,_T,KZPAV,R,5.171140113272593
2014,PER_1000_LIVE_BIRTHS,_T,KZSEV,R,5.532503457814661
2014,PER_1000_LIVE_BIRTHS,_T,KZVOS,R,6.049939500604994
2014,PER_1000_LIVE_BIRTHS,M,,,6.512568284764479
2014,PER_1000_LIVE_BIRTHS,M,KZAKM,,7.0186145865120535
2014,PER_1000_LIVE_BIRTHS,M,KZAKT,,6.3328137178487935
2014,PER_1000_LIVE_BIRTHS,M,KZALM,,5.491530667491686
2014,PER_1000_LIVE_BIRTHS,M,KZATY,,4.71253534401508
2014,PER_1000_LIVE_BIRTHS,M,KZZAP,,6.096654275092938
2014,PER_1000_LIVE_BIRTHS,M,KZZHA,,6.818934127772262
2014,PER_1000_LIVE_BIRTHS,M,KZKAR,,6.869096869877449
2014,PER_1000_LIVE_BIRTHS,M,KZKUS,,7.507277462846638
2014,PER_1000_LIVE_BIRTHS,M,KZKZY,,7.1804691239827685
2014,PER_1000_LIVE_BIRTHS,M,KZMAN,,5.983772819472617
2014,PER_1000_LIVE_BIRTHS,M,KZONT,,7.439347990902197
2014,PER_1000_LIVE_BIRTHS,M,KZPAV,,4.179728317659353
2014,PER_1000_LIVE_BIRTHS,M,KZSEV,,6.162597771983884
2014,PER_1000_LIVE_BIRTHS,M,KZVOS,,8.42397971701971
2014,PER_1000_LIVE_BIRTHS,M,KZNS,,4.366106080206986
2014,PER_1000_LIVE_BIRTHS,M,KZALA,,6.9489544096635925
2014,PER_1000_LIVE_BIRTHS,M,,U,6.956763713520472
2014,PER_1000_LIVE_BIRTHS,M,KZAKM,U,7.778738115816767
2014,PER_1000_LIVE_BIRTHS,M,KZAKT,U,7.252812314979278
2014,PER_1000_LIVE_BIRTHS,M,KZALM,U,4.158324349299246
2014,PER_1000_LIVE_BIRTHS,M,KZATY,U,5.421970768505422
2014,PER_1000_LIVE_BIRTHS,M,KZZAP,U,6.495340299350466
2014,PER_1000_LIVE_BIRTHS,M,KZZHA,U,11.285909712722294
2014,PER_1000_LIVE_BIRTHS,M,KZKAR,U,6.0855908912446015
2014,PER_1000_LIVE_BIRTHS,M,KZKUS,U,7.685973099094152
2014,PER_1000_LIVE_BIRTHS,M,KZKZY,U,8.816895632561
2014,PER_1000_LIVE_BIRTHS,M,KZMAN,U,7.432575918454024
2014,PER_1000_LIVE_BIRTHS,M,KZONT,U,8.213658435788819
2014,PER_1000_LIVE_BIRTHS,M,KZPAV,U,3.4714688652636148
2014,PER_1000_LIVE_BIRTHS,M,KZSEV,U,5.3921568627450975
2014,PER_1000_LIVE_BIRTHS,M,KZVOS,U,9.389671361502348
2014,PER_1000_LIVE_BIRTHS,M,KZNS,U,4.366106080206986
2014,PER_1000_LIVE_BIRTHS,M,KZALA,U,6.9489544096635925
2014,PER_1000_LIVE_BIRTHS,M,,R,5.949757602468049
2014,PER_1000_LIVE_BIRTHS,M,KZAKM,R,6.162828413882583
2014,PER_1000_LIVE_BIRTHS,M,KZAKT,R,4.5610034207525665
2014,PER_1000_LIVE_BIRTHS,M,KZALM,R,5.938548928479215
2014,PER_1000_LIVE_BIRTHS,M,KZATY,R,4.003768252472916
2014,PER_1000_LIVE_BIRTHS,M,KZZAP,R,5.6532663316582905
2014,PER_1000_LIVE_BIRTHS,M,KZZHA,R,3.996975261963919
2014,PER_1000_LIVE_BIRTHS,M,KZKAR,R,9.912314144109796
2014,PER_1000_LIVE_BIRTHS,M,KZKUS,R,7.281553398058253
2014,PER_1000_LIVE_BIRTHS,M,KZKZY,R,5.747126436781608
2014,PER_1000_LIVE_BIRTHS,M,KZMAN,R,4.659289458357602
2014,PER_1000_LIVE_BIRTHS,M,KZONT,R,6.783369803063457
2014,PER_1000_LIVE_BIRTHS,M,KZPAV,R,5.741626794258371
2014,PER_1000_LIVE_BIRTHS,M,KZSEV,R,6.883891693437357
2014,PER_1000_LIVE_BIRTHS,M,KZVOS,R,6.9153394803017605
2014,PER_1000_LIVE_BIRTHS,F,,,5.218208966019644
2014,PER_1000_LIVE_BIRTHS,F,KZAKM,,4.160665706513042
2014,PER_1000_LIVE_BIRTHS,F,KZAKT,,5.127657301570345
2014,PER_1000_LIVE_BIRTHS,F,KZALM,,4.883095385888681
2014,PER_1000_LIVE_BIRTHS,F,KZATY,,4.5563852676876335
2014,PER_1000_LIVE_BIRTHS,F,KZZAP,,5.067300079176563
2014,PER_1000_LIVE_BIRTHS,F,KZZHA,,6.079027355623101
2014,PER_1000_LIVE_BIRTHS,F,KZKAR,,4.131548504379442
2014,PER_1000_LIVE_BIRTHS,F,KZKUS,,7.376523412443873
2014,PER_1000_LIVE_BIRTHS,F,KZKZY,,6.7588015736911125
2014,PER_1000_LIVE_BIRTHS,F,KZMAN,,3.5722017752760338
2014,PER_1000_LIVE_BIRTHS,F,KZONT,,5.607100651228283
2014,PER_1000_LIVE_BIRTHS,F,KZPAV,,4.888047934405551
2014,PER_1000_LIVE_BIRTHS,F,KZSEV,,4.003002251688766
2014,PER_1000_LIVE_BIRTHS,F,KZVOS,,7.044090790503522
2014,PER_1000_LIVE_BIRTHS,F,KZNS,,3.6708212395424282
2014,PER_1000_LIVE_BIRTHS,F,KZALA,,5.0441361916771745
2014,PER_1000_LIVE_BIRTHS,F,,U,5.740783677254813
2014,PER_1000_LIVE_BIRTHS,F,KZAKM,U,3.0404378230465183
2014,PER_1000_LIVE_BIRTHS,F,KZAKT,U,6.076531450156018
2014,PER_1000_LIVE_BIRTHS,F,KZALM,U,5.5464926590538335
2014,PER_1000_LIVE_BIRTHS,F,KZATY,U,4.6082949308755765
2014,PER_1000_LIVE_BIRTHS,F,KZZAP,U,6.888289907157833
2014,PER_1000_LIVE_BIRTHS,F,KZZHA,U,10.21505376344086
2014,PER_1000_LIVE_BIRTHS,F,KZKAR,U,4.167969157028238
2014,PER_1000_LIVE_BIRTHS,F,KZKUS,U,7.531865585168019
2014,PER_1000_LIVE_BIRTHS,F,KZKZY,U,7.497243660418963
2014,PER_1000_LIVE_BIRTHS,F,KZMAN,U,3.5579275072270398
2014,PER_1000_LIVE_BIRTHS,F,KZONT,U,6.709548630364866
2014,PER_1000_LIVE_BIRTHS,F,KZPAV,U,5.033173186913749
2014,PER_1000_LIVE_BIRTHS,F,KZSEV,U,3.808487486398259
2014,PER_1000_LIVE_BIRTHS,F,KZVOS,U,8.217270194986073
2014,PER_1000_LIVE_BIRTHS,F,KZNS,U,3.6708212395424282
2014,PER_1000_LIVE_BIRTHS,F,KZALA,U,5.0441361916771745
2014,PER_1000_LIVE_BIRTHS,F,,R,4.560936916759985
2014,PER_1000_LIVE_BIRTHS,F,KZAKM,R,5.405405405405406
2014,PER_1000_LIVE_BIRTHS,F,KZAKT,R,3.361858190709046
2014,PER_1000_LIVE_BIRTHS,F,KZALM,R,4.657610202384253
2014,PER_1000_LIVE_BIRTHS,F,KZATY,R,4.505632040050064
2014,PER_1000_LIVE_BIRTHS,F,KZZAP,R,3.0241935483870965
2014,PER_1000_LIVE_BIRTHS,F,KZZHA,R,3.4847122302158278
2014,PER_1000_LIVE_BIRTHS,F,KZKAR,R,3.992015968063872
2014,PER_1000_LIVE_BIRTHS,F,KZKUS,R,7.183908045977012
2014,PER_1000_LIVE_BIRTHS,F,KZKZY,R,6.136110078095946
2014,PER_1000_LIVE_BIRTHS,F,KZMAN,R,3.5857414047669267
2014,PER_1000_LIVE_BIRTHS,F,KZONT,R,4.692459861066385
2014,PER_1000_LIVE_BIRTHS,F,KZPAV,R,4.5662100456621
2014,PER_1000_LIVE_BIRTHS,F,KZSEV,R,4.168596572487263
2014,PER_1000_LIVE_BIRTHS,F,KZVOS,R,5.093771706413522
2015,PER_1000_LIVE_BIRTHS,_T,,,5.606613495023315
2015,PER_1000_LIVE_BIRTHS,_T,KZAKM,,4.181789490295093
2015,PER_1000_LIVE_BIRTHS,_T,KZAKT,,6.0560560560560575
2015,PER_1000_LIVE_BIRTHS,_T,KZALM,,5.065980308044287
2015,PER_1000_LIVE_BIRTHS,_T,KZATY,,4.749147588894301
2015,PER_1000_LIVE_BIRTHS,_T,KZZAP,,4.855865577308463
2015,PER_1000_LIVE_BIRTHS,_T,KZZHA,,6.44184736693889
2015,PER_1000_LIVE_BIRTHS,_T,KZKAR,,5.143696930111038
2015,PER_1000_LIVE_BIRTHS,_T,KZKUS,,6.891690813689404
2015,PER_1000_LIVE_BIRTHS,_T,KZKZY,,6.149311378767088
2015,PER_1000_LIVE_BIRTHS,_T,KZMAN,,4.610204610204612
2015,PER_1000_LIVE_BIRTHS,_T,KZONT,,6.376286577977946
2015,PER_1000_LIVE_BIRTHS,_T,KZPAV,,4.384934617492757
2015,PER_1000_LIVE_BIRTHS,_T,KZSEV,,3.4431874077717657
2015,PER_1000_LIVE_BIRTHS,_T,KZVOS,,6.377773894810415
2015,PER_1000_LIVE_BIRTHS,_T,KZNS,,4.515190939006658
2015,PER_1000_LIVE_BIRTHS,_T,KZALA,,6.2582239481369735
2015,PER_1000_LIVE_BIRTHS,_T,,U,6.226528732374407
2015,PER_1000_LIVE_BIRTHS,_T,KZAKM,U,5.632132799762857
2015,PER_1000_LIVE_BIRTHS,_T,KZAKT,U,6.032727546942161
2015,PER_1000_LIVE_BIRTHS,_T,KZALM,U,5.484174240050142
2015,PER_1000_LIVE_BIRTHS,_T,KZATY,U,4.999390318253871
2015,PER_1000_LIVE_BIRTHS,_T,KZZAP,U,6.157811828726906
2015,PER_1000_LIVE_BIRTHS,_T,KZZHA,U,10.494752623688157
2015,PER_1000_LIVE_BIRTHS,_T,KZKAR,U,5.4804343372259785
2015,PER_1000_LIVE_BIRTHS,_T,KZKUS,U,8.24598183088749
2015,PER_1000_LIVE_BIRTHS,_T,KZKZY,U,8.23045267489712
2015,PER_1000_LIVE_BIRTHS,_T,KZMAN,U,4.537650233014472
2015,PER_1000_LIVE_BIRTHS,_T,KZONT,U,6.79139580360446
2015,PER_1000_LIVE_BIRTHS,_T,KZPAV,U,4.581005586592179
2015,PER_1000_LIVE_BIRTHS,_T,KZSEV,U,4.124774426398557
2015,PER_1000_LIVE_BIRTHS,_T,KZVOS,U,7.526584725866593
2015,PER_1000_LIVE_BIRTHS,_T,KZNS,U,4.515190939006658
2015,PER_1000_LIVE_BIRTHS,_T,KZALA,U,6.2582239481369735
2015,PER_1000_LIVE_BIRTHS,_T,,R,4.843153196890556
2015,PER_1000_LIVE_BIRTHS,_T,KZAKM,R,2.6001040041601664
2015,PER_1000_LIVE_BIRTHS,_T,KZAKT,R,6.173769010691161
2015,PER_1000_LIVE_BIRTHS,_T,KZALM,R,4.649583365984903
2015,PER_1000_LIVE_BIRTHS,_T,KZATY,R,4.58601883986118
2015,PER_1000_LIVE_BIRTHS,_T,KZZAP,R,3.4746351633078527
2015,PER_1000_LIVE_BIRTHS,_T,KZZHA,R,3.807031110582357
2015,PER_1000_LIVE_BIRTHS,_T,KZKAR,R,4.054630815194195
2015,PER_1000_LIVE_BIRTHS,_T,KZKUS,R,5.502846299810248
2015,PER_1000_LIVE_BIRTHS,_T,KZKZY,R,4.491914553803153
2015,PER_1000_LIVE_BIRTHS,_T,KZMAN,R,4.714415231187671
2015,PER_1000_LIVE_BIRTHS,_T,KZONT,R,6.190788856580057
2015,PER_1000_LIVE_BIRTHS,_T,KZPAV,R,3.9380414807035966
2015,PER_1000_LIVE_BIRTHS,_T,KZSEV,R,3.0643513789581203
2015,PER_1000_LIVE_BIRTHS,_T,KZVOS,R,4.478334543694022
2015,PER_1000_LIVE_BIRTHS,M,,,6.405541402204674
2015,PER_1000_LIVE_BIRTHS,M,KZAKM,,4.134129536058797
2015,PER_1000_LIVE_BIRTHS,M,KZAKT,,6.9297401347449465
2015,PER_1000_LIVE_BIRTHS,M,KZALM,,6.321313561006639
2015,PER_1000_LIVE_BIRTHS,M,KZATY,,5.4399243140965
2015,PER_1000_LIVE_BIRTHS,M,KZZAP,,5.0822122571001485
2015,PER_1000_LIVE_BIRTHS,M,KZZHA,,7.024483393575666
2015,PER_1000_LIVE_BIRTHS,M,KZKAR,,6.354754150448804
2015,PER_1000_LIVE_BIRTHS,M,KZKUS,,7.8835657974530005
2015,PER_1000_LIVE_BIRTHS,M,KZKZY,,6.560908734821777
2015,PER_1000_LIVE_BIRTHS,M,KZMAN,,5.895872888977716
2015,PER_1000_LIVE_BIRTHS,M,KZONT,,7.377614888502821
2015,PER_1000_LIVE_BIRTHS,M,KZPAV,,4.917025199754149
2015,PER_1000_LIVE_BIRTHS,M,KZSEV,,3.2948929159802307
2015,PER_1000_LIVE_BIRTHS,M,KZVOS,,7.00076837701699
2015,PER_1000_LIVE_BIRTHS,M,KZNS,,5.108556832694764
2015,PER_1000_LIVE_BIRTHS,M,KZALA,,6.788447296963713
2015,PER_1000_LIVE_BIRTHS,M,,U,6.919108241979929
2015,PER_1000_LIVE_BIRTHS,M,KZAKM,U,4.862700228832952
2015,PER_1000_LIVE_BIRTHS,M,KZAKT,U,6.086074481959137
2015,PER_1000_LIVE_BIRTHS,M,KZALM,U,6.386861313868612
2015,PER_1000_LIVE_BIRTHS,M,KZATY,U,5.813953488372092
2015,PER_1000_LIVE_BIRTHS,M,KZZAP,U,5.8512120367790486
2015,PER_1000_LIVE_BIRTHS,M,KZZHA,U,11.649501941583654
2015,PER_1000_LIVE_BIRTHS,M,KZKAR,U,6.607267994794273
2015,PER_1000_LIVE_BIRTHS,M,KZKUS,U,9.617953513224686
2015,PER_1000_LIVE_BIRTHS,M,KZKZY,U,9.575353871773519
2015,PER_1000_LIVE_BIRTHS,M,KZMAN,U,4.727014890096903
2015,PER_1000_LIVE_BIRTHS,M,KZONT,U,7.874015748031495
2015,PER_1000_LIVE_BIRTHS,M,KZPAV,U,5.024027959807777
2015,PER_1000_LIVE_BIRTHS,M,KZSEV,U,3.966286564204264
2015,PER_1000_LIVE_BIRTHS,M,KZVOS,U,8.063432334363661
2015,PER_1000_LIVE_BIRTHS,M,KZNS,U,5.108556832694764
2015,PER_1000_LIVE_BIRTHS,M,KZALA,U,6.788447296963713
2015,PER_1000_LIVE_BIRTHS,M,,R,5.731852886196258
2015,PER_1000_LIVE_BIRTHS,M,KZAKM,R,3.2948929159802307
2015,PER_1000_LIVE_BIRTHS,M,KZAKT,R,8.598452278589853
2015,PER_1000_LIVE_BIRTHS,M,KZALM,R,6.29811056682995
2015,PER_1000_LIVE_BIRTHS,M,KZATY,R,5.0831792975970425
2015,PER_1000_LIVE_BIRTHS,M,KZZAP,R,4.19219606578523
2015,PER_1000_LIVE_BIRTHS,M,KZZHA,R,3.8901601830663615
2015,PER_1000_LIVE_BIRTHS,M,KZKAR,R,5.384615384615384
2015,PER_1000_LIVE_BIRTHS,M,KZKUS,R,5.60813179109709
2015,PER_1000_LIVE_BIRTHS,M,KZKZY,R,3.883136094674556
2015,PER_1000_LIVE_BIRTHS,M,KZMAN,R,6.7520775623268685
2015,PER_1000_LIVE_BIRTHS,M,KZONT,R,6.945371978095365
2015,PER_1000_LIVE_BIRTHS,M,KZPAV,R,4.66321243523316
2015,PER_1000_LIVE_BIRTHS,M,KZSEV,R,2.688172043010753
2015,PER_1000_LIVE_BIRTHS,M,KZVOS,R,5.1498127340823965
2015,PER_1000_LIVE_BIRTHS,F,,,4.7575414019993065
2015,PER_1000_LIVE_BIRTHS,F,KZAKM,,4.232459710239297
2015,PER_1000_LIVE_BIRTHS,F,KZAKT,,5.109489051094892
2015,PER_1000_LIVE_BIRTHS,F,KZALM,,3.7393386832486026
2015,PER_1000_LIVE_BIRTHS,F,KZATY,,4.016064257028112
2015,PER_1000_LIVE_BIRTHS,F,KZZAP,,4.614894971355825
2015,PER_1000_LIVE_BIRTHS,F,KZZHA,,5.820298290287377
2015,PER_1000_LIVE_BIRTHS,F,KZKAR,,3.8632737045435457
2015,PER_1000_LIVE_BIRTHS,F,KZKUS,,5.831848371942329
2015,PER_1000_LIVE_BIRTHS,F,KZKZY,,5.7052297939778125
2015,PER_1000_LIVE_BIRTHS,F,KZMAN,,3.2265003226500313
2015,PER_1000_LIVE_BIRTHS,F,KZONT,,5.3162005542957935
2015,PER_1000_LIVE_BIRTHS,F,KZPAV,,3.832029378891905
2015,PER_1000_LIVE_BIRTHS,F,KZSEV,,3.605459696111254
2015,PER_1000_LIVE_BIRTHS,F,KZVOS,,5.7250201270238845
2015,PER_1000_LIVE_BIRTHS,F,KZNS,,3.89924354675193
2015,PER_1000_LIVE_BIRTHS,F,KZALA,,5.683717820127048
2015,PER_1000_LIVE_BIRTHS,F,,U,5.488524410212316
2015,PER_1000_LIVE_BIRTHS,F,KZAKM,U,6.459550907413104
2015,PER_1000_LIVE_BIRTHS,F,KZAKT,U,5.9748427672955975
2015,PER_1000_LIVE_BIRTHS,F,KZALM,U,4.524886877828054
2015,PER_1000_LIVE_BIRTHS,F,KZATY,U,4.173827645470169
2015,PER_1000_LIVE_BIRTHS,F,KZZAP,U,6.482027106658809
2015,PER_1000_LIVE_BIRTHS,F,KZZHA,U,9.231905465288037
2015,PER_1000_LIVE_BIRTHS,F,KZKAR,U,4.299947561615102
2015,PER_1000_LIVE_BIRTHS,F,KZKUS,U,6.7409144196951924
2015,PER_1000_LIVE_BIRTHS,F,KZKZY,U,6.772009029345372
2015,PER_1000_LIVE_BIRTHS,F,KZMAN,U,4.333418302319653
2015,PER_1000_LIVE_BIRTHS,F,KZONT,U,5.633340625683657
2015,PER_1000_LIVE_BIRTHS,F,KZPAV,U,4.117108874656907
2015,PER_1000_LIVE_BIRTHS,F,KZSEV,U,4.296455424274973
2015,PER_1000_LIVE_BIRTHS,F,KZVOS,U,6.9592387444965205
2015,PER_1000_LIVE_BIRTHS,F,KZNS,U,3.89924354675193
2015,PER_1000_LIVE_BIRTHS,F,KZALA,U,5.683717820127048
2015,PER_1000_LIVE_BIRTHS,F,,R,3.8045033870813856
2015,PER_1000_LIVE_BIRTHS,F,KZAKM,R,1.7289073305670817
2015,PER_1000_LIVE_BIRTHS,F,KZAKT,R,3.4055727554179573
2015,PER_1000_LIVE_BIRTHS,F,KZALM,R,3.463350933969227
2015,PER_1000_LIVE_BIRTHS,F,KZATY,R,3.851091142490372
2015,PER_1000_LIVE_BIRTHS,F,KZZAP,R,2.4221453287197234
2015,PER_1000_LIVE_BIRTHS,F,KZZHA,R,3.6018729739464517
2015,PER_1000_LIVE_BIRTHS,F,KZKAR,R,2.1079258010118043
2015,PER_1000_LIVE_BIRTHS,F,KZKUS,R,4.708438971387179
2015,PER_1000_LIVE_BIRTHS,F,KZKZY,R,4.766633565044687
2015,PER_1000_LIVE_BIRTHS,F,KZMAN,R,2.4186046511627906
2015,PER_1000_LIVE_BIRTHS,F,KZONT,R,5.045314397832383
2015,PER_1000_LIVE_BIRTHS,F,KZPAV,R,3.1729243786356425
2015,PER_1000_LIVE_BIRTHS,F,KZSEV,R,2.968827313211281
2015,PER_1000_LIVE_BIRTHS,F,KZVOS,R,3.6249395843402614
2016,PER_1000_LIVE_BIRTHS,_T,,,5.156054245883391
2016,PER_1000_LIVE_BIRTHS,_T,KZAKM,,3.921254801536492
2016,PER_1000_LIVE_BIRTHS,_T,KZAKT,,5.5136830391016245
2016,PER_1000_LIVE_BIRTHS,_T,KZALM,,4.5799426032944135
2016,PER_1000_LIVE_BIRTHS,_T,KZATY,,4.84160191273162
2016,PER_1000_LIVE_BIRTHS,_T,KZZAP,,5.157766990291263
2016,PER_1000_LIVE_BIRTHS,_T,KZZHA,,4.6584403115109705
2016,PER_1000_LIVE_BIRTHS,_T,KZKAR,,5.093945720250521
2016,PER_1000_LIVE_BIRTHS,_T,KZKUS,,5.370219690805533
2016,PER_1000_LIVE_BIRTHS,_T,KZKZY,,6.0760282509347725
2016,PER_1000_LIVE_BIRTHS,_T,KZMAN,,5.607759927250682
2016,PER_1000_LIVE_BIRTHS,_T,KZONT,,5.9295816146140226
2016,PER_1000_LIVE_BIRTHS,_T,KZPAV,,4.360580353603425
2016,PER_1000_LIVE_BIRTHS,_T,KZSEV,,5.328827657915259
2016,PER_1000_LIVE_BIRTHS,_T,KZVOS,,5.846932542106641
2016,PER_1000_LIVE_BIRTHS,_T,KZNS,,3.627222122463638
2016,PER_1000_LIVE_BIRTHS,_T,KZALA,,5.20439061317184
2016,PER_1000_LIVE_BIRTHS,_T,,U,5.314911788134818
2016,PER_1000_LIVE_BIRTHS,_T,KZAKM,U,4.4596402556860415
2016,PER_1000_LIVE_BIRTHS,_T,KZAKT,U,6.0938452163315056
2016,PER_1000_LIVE_BIRTHS,_T,KZALM,U,5.400683027559369
2016,PER_1000_LIVE_BIRTHS,_T,KZATY,U,4.617871161394596
2016,PER_1000_LIVE_BIRTHS,_T,KZZAP,U,5.250403877221325
2016,PER_1000_LIVE_BIRTHS,_T,KZZHA,U,7.250221043324492
2016,PER_1000_LIVE_BIRTHS,_T,KZKAR,U,5.29485049833887
2016,PER_1000_LIVE_BIRTHS,_T,KZKUS,U,5.270655270655269
2016,PER_1000_LIVE_BIRTHS,_T,KZKZY,U,8.443386014288809
2016,PER_1000_LIVE_BIRTHS,_T,KZMAN,U,5.70515746234596
2016,PER_1000_LIVE_BIRTHS,_T,KZONT,U,5.333402040605998
2016,PER_1000_LIVE_BIRTHS,_T,KZPAV,U,4.202635165833712
2016,PER_1000_LIVE_BIRTHS,_T,KZSEV,U,4.235044997353096
2016,PER_1000_LIVE_BIRTHS,_T,KZVOS,U,6.0725982532751095
2016,PER_1000_LIVE_BIRTHS,_T,KZNS,U,3.627222122463638
2016,PER_1000_LIVE_BIRTHS,_T,KZALA,U,5.20439061317184
2016,PER_1000_LIVE_BIRTHS,_T,,R,4.942589917116568
2016,PER_1000_LIVE_BIRTHS,_T,KZAKM,R,3.29346507193621
2016,PER_1000_LIVE_BIRTHS,_T,KZAKT,R,4.366812227074235
2016,PER_1000_LIVE_BIRTHS,_T,KZALM,R,4.310007052738814
2016,PER_1000_LIVE_BIRTHS,_T,KZATY,R,5.0818046603867115
2016,PER_1000_LIVE_BIRTHS,_T,KZZAP,R,5.038220986796387
2016,PER_1000_LIVE_BIRTHS,_T,KZZHA,R,2.914758194039617
2016,PER_1000_LIVE_BIRTHS,_T,KZKAR,R,4.2680324370465215
2016,PER_1000_LIVE_BIRTHS,_T,KZKUS,R,5.502846299810248
2016,PER_1000_LIVE_BIRTHS,_T,KZKZY,R,3.8929926132960673
2016,PER_1000_LIVE_BIRTHS,_T,KZMAN,R,5.530371713508613
2016,PER_1000_LIVE_BIRTHS,_T,KZONT,R,6.47218835006097
2016,PER_1000_LIVE_BIRTHS,_T,KZPAV,R,4.725649776844316
2016,PER_1000_LIVE_BIRTHS,_T,KZSEV,R,6.3840653728294185
2016,PER_1000_LIVE_BIRTHS,_T,KZVOS,R,5.446623093681917
2016,PER_1000_LIVE_BIRTHS,M,,,5.872900208953639
2016,PER_1000_LIVE_BIRTHS,M,KZAKM,,3.873566780291292
2016,PER_1000_LIVE_BIRTHS,M,KZAKT,,6.380681260429959
2016,PER_1000_LIVE_BIRTHS,M,KZALM,,5.096647538508004
2016,PER_1000_LIVE_BIRTHS,M,KZATY,,4.753623188405797
2016,PER_1000_LIVE_BIRTHS,M,KZZAP,,6.783085582335112
2016,PER_1000_LIVE_BIRTHS,M,KZZHA,,5.569867019424912
2016,PER_1000_LIVE_BIRTHS,M,KZKAR,,5.945593744909595
2016,PER_1000_LIVE_BIRTHS,M,KZKUS,,5.322479649342517
2016,PER_1000_LIVE_BIRTHS,M,KZKZY,,6.7547432204231646
2016,PER_1000_LIVE_BIRTHS,M,KZMAN,,6.55192646195971
2016,PER_1000_LIVE_BIRTHS,M,KZONT,,6.930928079753145
2016,PER_1000_LIVE_BIRTHS,M,KZPAV,,4.422754308372731
2016,PER_1000_LIVE_BIRTHS,M,KZSEV,,6.329113924050633
2016,PER_1000_LIVE_BIRTHS,M,KZVOS,,7.2044902404289175
2016,PER_1000_LIVE_BIRTHS,M,KZNS,,4.0556604433256425
2016,PER_1000_LIVE_BIRTHS,M,KZALA,,5.629321422015542
2016,PER_1000_LIVE_BIRTHS,M,,U,6.048353129475192
2016,PER_1000_LIVE_BIRTHS,M,KZAKM,U,4.319032536711776
2016,PER_1000_LIVE_BIRTHS,M,KZAKT,U,7.204822820173504
2016,PER_1000_LIVE_BIRTHS,M,KZALM,U,6.713457430576748
2016,PER_1000_LIVE_BIRTHS,M,KZATY,U,4.239178937974119
2016,PER_1000_LIVE_BIRTHS,M,KZZAP,U,6.6649577031530365
2016,PER_1000_LIVE_BIRTHS,M,KZZHA,U,8.832698302736404
2016,PER_1000_LIVE_BIRTHS,M,KZKAR,U,6.19918699186992
2016,PER_1000_LIVE_BIRTHS,M,KZKUS,U,4.994450610432854
2016,PER_1000_LIVE_BIRTHS,M,KZKZY,U,9.872480460715757
2016,PER_1000_LIVE_BIRTHS,M,KZMAN,U,7.587592055344789
2016,PER_1000_LIVE_BIRTHS,M,KZONT,U,6.016907011437096
2016,PER_1000_LIVE_BIRTHS,M,KZPAV,U,3.8944180008654254
2016,PER_1000_LIVE_BIRTHS,M,KZSEV,U,4.624871531346352
2016,PER_1000_LIVE_BIRTHS,M,KZVOS,U,7.221638655462185
2016,PER_1000_LIVE_BIRTHS,M,KZNS,U,4.0556604433256425
2016,PER_1000_LIVE_BIRTHS,M,KZALA,U,5.629321422015542
2016,PER_1000_LIVE_BIRTHS,M,,R,5.637589958537164
2016,PER_1000_LIVE_BIRTHS,M,KZAKM,R,3.3545790003354576
2016,PER_1000_LIVE_BIRTHS,M,KZAKT,R,4.725339633786177
2016,PER_1000_LIVE_BIRTHS,M,KZALM,R,4.56506471355473
2016,PER_1000_LIVE_BIRTHS,M,KZATY,R,5.310161718561429
2016,PER_1000_LIVE_BIRTHS,M,KZZAP,R,6.935270805812419
2016,PER_1000_LIVE_BIRTHS,M,KZZHA,R,3.3764116893701246
2016,PER_1000_LIVE_BIRTHS,M,KZKAR,R,4.9220672682526665
2016,PER_1000_LIVE_BIRTHS,M,KZKUS,R,5.747126436781608
2016,PER_1000_LIVE_BIRTHS,M,KZKZY,R,3.8424591738712777
2016,PER_1000_LIVE_BIRTHS,M,KZMAN,R,5.7441253263707575
2016,PER_1000_LIVE_BIRTHS,M,KZONT,R,7.76566757493188
2016,PER_1000_LIVE_BIRTHS,M,KZPAV,R,5.684754521963824
2016,PER_1000_LIVE_BIRTHS,M,KZSEV,R,7.984031936127744
2016,PER_1000_LIVE_BIRTHS,M,KZVOS,R,7.1742652163850975
2016,PER_1000_LIVE_BIRTHS,F,,,4.3882545704524185
2016,PER_1000_LIVE_BIRTHS,F,KZAKM,,3.9721946375372386
2016,PER_1000_LIVE_BIRTHS,F,KZAKT,,4.591943226883741
2016,PER_1000_LIVE_BIRTHS,F,KZALM,,4.018699253670138
2016,PER_1000_LIVE_BIRTHS,F,KZATY,,4.9352251696483656
2016,PER_1000_LIVE_BIRTHS,F,KZZAP,,3.357314148681055
2016,PER_1000_LIVE_BIRTHS,F,KZZHA,,3.706934147405146
2016,PER_1000_LIVE_BIRTHS,F,KZKAR,,4.198080877313228
2016,PER_1000_LIVE_BIRTHS,F,KZKUS,,5.421890884445951
2016,PER_1000_LIVE_BIRTHS,F,KZKZY,,5.3324627271737945
2016,PER_1000_LIVE_BIRTHS,F,KZMAN,,4.59866220735786
2016,PER_1000_LIVE_BIRTHS,F,KZONT,,4.856837715506281
2016,PER_1000_LIVE_BIRTHS,F,KZPAV,,4.2932628797886405
2016,PER_1000_LIVE_BIRTHS,F,KZSEV,,4.273504273504274
2016,PER_1000_LIVE_BIRTHS,F,KZVOS,,4.371186595027775
2016,PER_1000_LIVE_BIRTHS,F,KZNS,,3.1748375664500883
2016,PER_1000_LIVE_BIRTHS,F,KZALA,,4.752294772475751
2016,PER_1000_LIVE_BIRTHS,F,,U,4.530674376919682
2016,PER_1000_LIVE_BIRTHS,F,KZAKM,U,4.609711124769515
2016,PER_1000_LIVE_BIRTHS,F,KZAKT,U,4.899636478583846
2016,PER_1000_LIVE_BIRTHS,F,KZALM,U,3.975484512174922
2016,PER_1000_LIVE_BIRTHS,F,KZATY,U,5.0239234449760755
2016,PER_1000_LIVE_BIRTHS,F,KZZAP,U,3.685851998865892
2016,PER_1000_LIVE_BIRTHS,F,KZZHA,U,5.59971098265896
2016,PER_1000_LIVE_BIRTHS,F,KZKAR,U,4.350594227504245
2016,PER_1000_LIVE_BIRTHS,F,KZKUS,U,5.562060889929741
2016,PER_1000_LIVE_BIRTHS,F,KZKZY,U,6.855575868372942
2016,PER_1000_LIVE_BIRTHS,F,KZMAN,U,3.7356992762082655
2016,PER_1000_LIVE_BIRTHS,F,KZONT,U,4.598438669660999
2016,PER_1000_LIVE_BIRTHS,F,KZPAV,U,4.543280726924916
2016,PER_1000_LIVE_BIRTHS,F,KZSEV,U,3.820960698689956
2016,PER_1000_LIVE_BIRTHS,F,KZVOS,U,4.829545454545454
2016,PER_1000_LIVE_BIRTHS,F,KZNS,U,3.1748375664500883
2016,PER_1000_LIVE_BIRTHS,F,KZALA,U,4.752294772475751
2016,PER_1000_LIVE_BIRTHS,F,,R,4.19648271679806
2016,PER_1000_LIVE_BIRTHS,F,KZAKM,R,3.2281205164992826
2016,PER_1000_LIVE_BIRTHS,F,KZAKT,R,3.993855606758832
2016,PER_1000_LIVE_BIRTHS,F,KZALM,R,4.032917325194833
2016,PER_1000_LIVE_BIRTHS,F,KZATY,R,4.840764331210191
2016,PER_1000_LIVE_BIRTHS,F,KZZAP,R,2.9325513196480935
2016,PER_1000_LIVE_BIRTHS,F,KZZHA,R,2.4324981756263684
2016,PER_1000_LIVE_BIRTHS,F,KZKAR,R,3.558718861209964
2016,PER_1000_LIVE_BIRTHS,F,KZKUS,R,5.2292839903459365
2016,PER_1000_LIVE_BIRTHS,F,KZKZY,R,3.9476418034489917
2016,PER_1000_LIVE_BIRTHS,F,KZMAN,R,5.298013245033113
2016,PER_1000_LIVE_BIRTHS,F,KZONT,R,5.091155934833204
2016,PER_1000_LIVE_BIRTHS,F,KZPAV,R,3.735325506937033
2016,PER_1000_LIVE_BIRTHS,F,KZSEV,R,4.7071129707112975
2016,PER_1000_LIVE_BIRTHS,F,KZVOS,R,3.5523978685612785
2017,PER_1000_LIVE_BIRTHS,_T,,,4.614848486401444
2017,PER_1000_LIVE_BIRTHS,_T,KZAKM,,3.8189648167709436
2017,PER_1000_LIVE_BIRTHS,_T,KZAKT,,4.389173372348208
2017,PER_1000_LIVE_BIRTHS,_T,KZALM,,4.682809685811487
2017,PER_1000_LIVE_BIRTHS,_T,KZATY,,4.378762999452655
2017,PER_1000_LIVE_BIRTHS,_T,KZZAP,,4.9766718506998435
2017,PER_1000_LIVE_BIRTHS,_T,KZZHA,,4.042770242188387
2017,PER_1000_LIVE_BIRTHS,_T,KZKAR,,4.710336326818101
2017,PER_1000_LIVE_BIRTHS,_T,KZKUS,,7.072256305385141
2017,PER_1000_LIVE_BIRTHS,_T,KZKZY,,3.9513197407934246
2017,PER_1000_LIVE_BIRTHS,_T,KZMAN,,5.056759545923633
2017,PER_1000_LIVE_BIRTHS,_T,KZONT,,5.051336262011167
2017,PER_1000_LIVE_BIRTHS,_T,KZPAV,,4.8232848232848236
2017,PER_1000_LIVE_BIRTHS,_T,KZSEV,,5.414918099363747
2017,PER_1000_LIVE_BIRTHS,_T,KZVOS,,4.60205739036275
2017,PER_1000_LIVE_BIRTHS,_T,KZNS,,3.430471070872825
2017,PER_1000_LIVE_BIRTHS,_T,KZALA,,4.264392324093817
2017,PER_1000_LIVE_BIRTHS,_T,,U,4.492014441451729
2017,PER_1000_LIVE_BIRTHS,_T,KZAKM,U,3.351104341203351
2017,PER_1000_LIVE_BIRTHS,_T,KZAKT,U,3.9963110974485088
2017,PER_1000_LIVE_BIRTHS,_T,KZALM,U,4.162412628602843
2017,PER_1000_LIVE_BIRTHS,_T,KZATY,U,4.246542101431691
2017,PER_1000_LIVE_BIRTHS,_T,KZZAP,U,5.5548028722395335
2017,PER_1000_LIVE_BIRTHS,_T,KZZHA,U,5.6133247446397325
2017,PER_1000_LIVE_BIRTHS,_T,KZKAR,U,4.904121666299316
2017,PER_1000_LIVE_BIRTHS,_T,KZKUS,U,6.633254716981133
2017,PER_1000_LIVE_BIRTHS,_T,KZKZY,U,3.982741453700631
2017,PER_1000_LIVE_BIRTHS,_T,KZMAN,U,3.8263911665026784
2017,PER_1000_LIVE_BIRTHS,_T,KZONT,U,5.009072554882568
2017,PER_1000_LIVE_BIRTHS,_T,KZPAV,U,5.487295717523558
2017,PER_1000_LIVE_BIRTHS,_T,KZSEV,U,5.0604441945459655
2017,PER_1000_LIVE_BIRTHS,_T,KZVOS,U,4.166372431325471
2017,PER_1000_LIVE_BIRTHS,_T,KZNS,U,3.430471070872825
2017,PER_1000_LIVE_BIRTHS,_T,KZALA,U,4.264392324093817
2017,PER_1000_LIVE_BIRTHS,_T,,R,4.785362420830403
2017,PER_1000_LIVE_BIRTHS,_T,KZAKM,R,4.353883664228492
2017,PER_1000_LIVE_BIRTHS,_T,KZAKT,R,5.223636957231473
2017,PER_1000_LIVE_BIRTHS,_T,KZALM,R,4.860756774176221
2017,PER_1000_LIVE_BIRTHS,_T,KZATY,R,4.511644921351055
2017,PER_1000_LIVE_BIRTHS,_T,KZZAP,R,4.197846322321591
2017,PER_1000_LIVE_BIRTHS,_T,KZZHA,R,2.948717948717949
2017,PER_1000_LIVE_BIRTHS,_T,KZKAR,R,3.9404553415061296
2017,PER_1000_LIVE_BIRTHS,_T,KZKUS,R,7.673667205169628
2017,PER_1000_LIVE_BIRTHS,_T,KZKZY,R,3.9227519613759814
2017,PER_1000_LIVE_BIRTHS,_T,KZMAN,R,6.156552330694812
2017,PER_1000_LIVE_BIRTHS,_T,KZONT,R,5.092824887104867
2017,PER_1000_LIVE_BIRTHS,_T,KZPAV,R,3.2948929159802307
2017,PER_1000_LIVE_BIRTHS,_T,KZSEV,R,5.7441253263707575
2017,PER_1000_LIVE_BIRTHS,_T,KZVOS,R,5.372985130576033
2017,PER_1000_LIVE_BIRTHS,M,,,5.149784888677412
2017,PER_1000_LIVE_BIRTHS,M,KZAKM,,3.6163522012578615
2017,PER_1000_LIVE_BIRTHS,M,KZAKT,,3.946170191237479
2017,PER_1000_LIVE_BIRTHS,M,KZALM,,5.287941948432916
2017,PER_1000_LIVE_BIRTHS,M,KZATY,,4.3611504007543616
2017,PER_1000_LIVE_BIRTHS,M,KZZAP,,5.432322317790856
2017,PER_1000_LIVE_BIRTHS,M,KZZHA,,4.985702764132268
2017,PER_1000_LIVE_BIRTHS,M,KZKAR,,5.602965261615378
2017,PER_1000_LIVE_BIRTHS,M,KZKUS,,9.156311314584695
2017,PER_1000_LIVE_BIRTHS,M,KZKZY,,4.072075740608775
2017,PER_1000_LIVE_BIRTHS,M,KZMAN,,5.865394174371209
2017,PER_1000_LIVE_BIRTHS,M,KZONT,,5.788996001668017
2017,PER_1000_LIVE_BIRTHS,M,KZPAV,,5.28169014084507
2017,PER_1000_LIVE_BIRTHS,M,KZSEV,,5.896542481908336
2017,PER_1000_LIVE_BIRTHS,M,KZVOS,,5.340103300358924
2017,PER_1000_LIVE_BIRTHS,M,KZNS,,3.4644385571632363
2017,PER_1000_LIVE_BIRTHS,M,KZALA,,4.643773677135525
2017,PER_1000_LIVE_BIRTHS,M,,U,4.742166044044146
2017,PER_1000_LIVE_BIRTHS,M,KZAKM,U,2.6354319180087846
2017,PER_1000_LIVE_BIRTHS,M,KZAKT,U,3.4023668639053253
2017,PER_1000_LIVE_BIRTHS,M,KZALM,U,4.5822514128608525
2017,PER_1000_LIVE_BIRTHS,M,KZATY,U,3.7209302325581404
2017,PER_1000_LIVE_BIRTHS,M,KZZAP,U,4.993429697766096
2017,PER_1000_LIVE_BIRTHS,M,KZZHA,U,6.670272219217595
2017,PER_1000_LIVE_BIRTHS,M,KZKAR,U,5.845421086815327
2017,PER_1000_LIVE_BIRTHS,M,KZKUS,U,7.751937984496124
2017,PER_1000_LIVE_BIRTHS,M,KZKZY,U,4.0851429800043
2017,PER_1000_LIVE_BIRTHS,M,KZMAN,U,4.046858359957401
2017,PER_1000_LIVE_BIRTHS,M,KZONT,U,5.286822471465982
2017,PER_1000_LIVE_BIRTHS,M,KZPAV,U,5.685694791903571
2017,PER_1000_LIVE_BIRTHS,M,KZSEV,U,4.489337822671157
2017,PER_1000_LIVE_BIRTHS,M,KZVOS,U,4.931506849315068
2017,PER_1000_LIVE_BIRTHS,M,KZNS,U,3.4644385571632363
2017,PER_1000_LIVE_BIRTHS,M,KZALA,U,4.643773677135525
2017,PER_1000_LIVE_BIRTHS,M,,R,5.715299964501242
2017,PER_1000_LIVE_BIRTHS,M,KZAKM,R,4.753820033955857
2017,PER_1000_LIVE_BIRTHS,M,KZAKT,R,5.123278898495037
2017,PER_1000_LIVE_BIRTHS,M,KZALM,R,5.526574040597076
2017,PER_1000_LIVE_BIRTHS,M,KZATY,R,5.019120458891012
2017,PER_1000_LIVE_BIRTHS,M,KZZAP,R,6.024096385542169
2017,PER_1000_LIVE_BIRTHS,M,KZZHA,R,3.830944142362827
2017,PER_1000_LIVE_BIRTHS,M,KZKAR,R,4.655099449851884
2017,PER_1000_LIVE_BIRTHS,M,KZKUS,R,11.014052411697683
2017,PER_1000_LIVE_BIRTHS,M,KZKZY,R,4.060324825986078
2017,PER_1000_LIVE_BIRTHS,M,KZMAN,R,7.457121551081282
2017,PER_1000_LIVE_BIRTHS,M,KZONT,R,6.284099766173033
2017,PER_1000_LIVE_BIRTHS,M,KZPAV,R,4.321988114532686
2017,PER_1000_LIVE_BIRTHS,M,KZSEV,R,7.1831708568496655
2017,PER_1000_LIVE_BIRTHS,M,KZVOS,R,6.063545961678389
2017,PER_1000_LIVE_BIRTHS,F,,,4.042311650557542
2017,PER_1000_LIVE_BIRTHS,F,KZAKM,,4.035648225996301
2017,PER_1000_LIVE_BIRTHS,F,KZAKT,,4.8622366288492715
2017,PER_1000_LIVE_BIRTHS,F,KZALM,,4.03125259745657
2017,PER_1000_LIVE_BIRTHS,F,KZATY,,4.397537379067723
2017,PER_1000_LIVE_BIRTHS,F,KZZAP,,4.492218835231831
2017,PER_1000_LIVE_BIRTHS,F,KZZHA,,3.0402245088868103
2017,PER_1000_LIVE_BIRTHS,F,KZKAR,,3.778677462887989
2017,PER_1000_LIVE_BIRTHS,F,KZKUS,,4.804270462633451
2017,PER_1000_LIVE_BIRTHS,F,KZKZY,,3.821795151779865
2017,PER_1000_LIVE_BIRTHS,F,KZMAN,,4.184100418410042
2017,PER_1000_LIVE_BIRTHS,F,KZONT,,4.264559677672544
2017,PER_1000_LIVE_BIRTHS,F,KZPAV,,4.327505625757314
2017,PER_1000_LIVE_BIRTHS,F,KZSEV,,4.923413566739606
2017,PER_1000_LIVE_BIRTHS,F,KZVOS,,3.8171492412252115
2017,PER_1000_LIVE_BIRTHS,F,KZNS,,3.3935817041682035
2017,PER_1000_LIVE_BIRTHS,F,KZALA,,3.8520289566314667
2017,PER_1000_LIVE_BIRTHS,F,,U,4.224414010821069
2017,PER_1000_LIVE_BIRTHS,F,KZAKM,U,4.126984126984127
2017,PER_1000_LIVE_BIRTHS,F,KZAKT,U,4.6385156749840055
2017,PER_1000_LIVE_BIRTHS,F,KZALM,U,3.7180730682185583
2017,PER_1000_LIVE_BIRTHS,F,KZATY,U,4.819888381532217
2017,PER_1000_LIVE_BIRTHS,F,KZZAP,U,6.152125279642059
2017,PER_1000_LIVE_BIRTHS,F,KZZHA,U,4.511278195488722
2017,PER_1000_LIVE_BIRTHS,F,KZKAR,U,3.9281705948372614
2017,PER_1000_LIVE_BIRTHS,F,KZKUS,U,5.452893062708269
2017,PER_1000_LIVE_BIRTHS,F,KZKZY,U,3.8742023701002735
2017,PER_1000_LIVE_BIRTHS,F,KZMAN,U,3.593890386343217
2017,PER_1000_LIVE_BIRTHS,F,KZONT,U,4.71148755955532
2017,PER_1000_LIVE_BIRTHS,F,KZPAV,U,5.268439538384347
2017,PER_1000_LIVE_BIRTHS,F,KZSEV,U,5.63380281690141
2017,PER_1000_LIVE_BIRTHS,F,KZVOS,U,3.3522810085993293
2017,PER_1000_LIVE_BIRTHS,F,KZNS,U,3.3935817041682035
2017,PER_1000_LIVE_BIRTHS,F,KZALA,U,3.8520289566314667
2017,PER_1000_LIVE_BIRTHS,F,,R,3.7893669602686777
2017,PER_1000_LIVE_BIRTHS,F,KZAKM,R,3.9327851269217016
2017,PER_1000_LIVE_BIRTHS,F,KZAKT,R,5.328005328005328
2017,PER_1000_LIVE_BIRTHS,F,KZALM,R,4.139628552248825
2017,PER_1000_LIVE_BIRTHS,F,KZATY,R,3.9830719442369933
2017,PER_1000_LIVE_BIRTHS,F,KZZAP,R,2.2581859239744078
2017,PER_1000_LIVE_BIRTHS,F,KZZHA,R,1.9978689397975489
2017,PER_1000_LIVE_BIRTHS,F,KZKAR,R,3.1746031746031744
2017,PER_1000_LIVE_BIRTHS,F,KZKUS,R,3.8809831824062098
2017,PER_1000_LIVE_BIRTHS,F,KZKZY,R,3.7735849056603774
2017,PER_1000_LIVE_BIRTHS,F,KZMAN,R,4.72376257958513
2017,PER_1000_LIVE_BIRTHS,F,KZONT,R,3.82785019656528
2017,PER_1000_LIVE_BIRTHS,F,KZPAV,R,2.2333891680625353
2017,PER_1000_LIVE_BIRTHS,F,KZSEV,R,4.253056884635832
2017,PER_1000_LIVE_BIRTHS,F,KZVOS,R,4.639175257731959
2018,PER_1000_LIVE_BIRTHS,_T,,,4.58
2018,PER_1000_LIVE_BIRTHS,_T,KZAKM,,3.38
2018,PER_1000_LIVE_BIRTHS,_T,KZAKT,,5.15
2018,PER_1000_LIVE_BIRTHS,_T,KZALM,,4.15
2018,PER_1000_LIVE_BIRTHS,_T,KZATY,,6.05
2018,PER_1000_LIVE_BIRTHS,_T,KZZAP,,3.98
2018,PER_1000_LIVE_BIRTHS,_T,KZZHA,,3.28
2018,PER_1000_LIVE_BIRTHS,_T,KZKAR,,4.88
2018,PER_1000_LIVE_BIRTHS,_T,KZKUS,,6.19
2018,PER_1000_LIVE_BIRTHS,_T,KZKZY,,4.95
2018,PER_1000_LIVE_BIRTHS,_T,KZMAN,,5.53
2018,PER_1000_LIVE_BIRTHS,_T,KZPAV,,3.46
2018,PER_1000_LIVE_BIRTHS,_T,KZSEV,,6.12
2018,PER_1000_LIVE_BIRTHS,_T,KZYUZ,,4.14
2018,PER_1000_LIVE_BIRTHS,_T,KZVOS,,4.94
2018,PER_1000_LIVE_BIRTHS,_T,KZNS,,3.43
2018,PER_1000_LIVE_BIRTHS,_T,KZALA,,5.74
2018,PER_1000_LIVE_BIRTHS,_T,KZSHY,,4.74
2018,PER_1000_LIVE_BIRTHS,_T,,U,4.89
2018,PER_1000_LIVE_BIRTHS,_T,KZAKM,U,4.5
2018,PER_1000_LIVE_BIRTHS,_T,KZAKT,U,5.45
2018,PER_1000_LIVE_BIRTHS,_T,KZALM,U,4.0
2018,PER_1000_LIVE_BIRTHS,_T,KZATY,U,5.51
2018,PER_1000_LIVE_BIRTHS,_T,KZZAP,U,3.81
2018,PER_1000_LIVE_BIRTHS,_T,KZZHA,U,3.93
2018,PER_1000_LIVE_BIRTHS,_T,KZKAR,U,5.21
2018,PER_1000_LIVE_BIRTHS,_T,KZKUS,U,6.3
2018,PER_1000_LIVE_BIRTHS,_T,KZKZY,U,6.47
2018,PER_1000_LIVE_BIRTHS,_T,KZMAN,U,5.69
2018,PER_1000_LIVE_BIRTHS,_T,KZPAV,U,4.09
2018,PER_1000_LIVE_BIRTHS,_T,KZSEV,U,7.01
2018,PER_1000_LIVE_BIRTHS,_T,KZYUZ,U,4.08
2018,PER_1000_LIVE_BIRTHS,_T,KZVOS,U,5.63
2018,PER_1000_LIVE_BIRTHS,_T,KZNS,U,3.43
2018,PER_1000_LIVE_BIRTHS,_T,KZALA,U,5.74
2018,PER_1000_LIVE_BIRTHS,_T,KZSHY,U,4.74
2018,PER_1000_LIVE_BIRTHS,_T,,R,4.13
2018,PER_1000_LIVE_BIRTHS,_T,KZAKM,R,2.17
2018,PER_1000_LIVE_BIRTHS,_T,KZAKT,R,4.27
2018,PER_1000_LIVE_BIRTHS,_T,KZALM,R,4.19
2018,PER_1000_LIVE_BIRTHS,_T,KZATY,R,6.68
2018,PER_1000_LIVE_BIRTHS,_T,KZZAP,R,4.22
2018,PER_1000_LIVE_BIRTHS,_T,KZZHA,R,2.81
2018,PER_1000_LIVE_BIRTHS,_T,KZKAR,R,3.55
2018,PER_1000_LIVE_BIRTHS,_T,KZKUS,R,6.04
2018,PER_1000_LIVE_BIRTHS,_T,KZKZY,R,3.53
2018,PER_1000_LIVE_BIRTHS,_T,KZMAN,R,5.4
2018,PER_1000_LIVE_BIRTHS,_T,KZPAV,R,1.97
2018,PER_1000_LIVE_BIRTHS,_T,KZSEV,R,5.24
2018,PER_1000_LIVE_BIRTHS,_T,KZYUZ,R,4.16
2018,PER_1000_LIVE_BIRTHS,_T,KZVOS,R,3.66
2018,PER_1000_LIVE_BIRTHS,M,,,5.32
2018,PER_1000_LIVE_BIRTHS,M,KZAKM,,3.45
2018,PER_1000_LIVE_BIRTHS,M,KZAKT,,5.66
2018,PER_1000_LIVE_BIRTHS,M,KZALM,,4.8
2018,PER_1000_LIVE_BIRTHS,M,KZATY,,8.05
2018,PER_1000_LIVE_BIRTHS,M,KZZAP,,5.06
2018,PER_1000_LIVE_BIRTHS,M,KZZHA,,4.15
2018,PER_1000_LIVE_BIRTHS,M,KZKAR,,6.01
2018,PER_1000_LIVE_BIRTHS,M,KZKUS,,7.23
2018,PER_1000_LIVE_BIRTHS,M,KZKZY,,6.15
2018,PER_1000_LIVE_BIRTHS,M,KZMAN,,5.89
2018,PER_1000_LIVE_BIRTHS,M,KZPAV,,3.64
2018,PER_1000_LIVE_BIRTHS,M,KZSEV,,7.28
2018,PER_1000_LIVE_BIRTHS,M,KZYUZ,,4.84
2018,PER_1000_LIVE_BIRTHS,M,KZVOS,,5.9
2018,PER_1000_LIVE_BIRTHS,M,KZNS,,4.07
2018,PER_1000_LIVE_BIRTHS,M,KZALA,,6.13
2018,PER_1000_LIVE_BIRTHS,M,KZSHY,,5.11
2018,PER_1000_LIVE_BIRTHS,M,,U,5.62
2018,PER_1000_LIVE_BIRTHS,M,KZAKM,U,4.46
2018,PER_1000_LIVE_BIRTHS,M,KZAKT,U,6.76
2018,PER_1000_LIVE_BIRTHS,M,KZALM,U,4.39
2018,PER_1000_LIVE_BIRTHS,M,KZATY,U,6.05
2018,PER_1000_LIVE_BIRTHS,M,KZZAP,U,5.4
2018,PER_1000_LIVE_BIRTHS,M,KZZHA,U,5.24
2018,PER_1000_LIVE_BIRTHS,M,KZKAR,U,6.5
2018,PER_1000_LIVE_BIRTHS,M,KZKUS,U,7.85
2018,PER_1000_LIVE_BIRTHS,M,KZKZY,U,8.22
2018,PER_1000_LIVE_BIRTHS,M,KZMAN,U,5.93
2018,PER_1000_LIVE_BIRTHS,M,KZPAV,U,4.02
2018,PER_1000_LIVE_BIRTHS,M,KZSEV,U,7.07
2018,PER_1000_LIVE_BIRTHS,M,KZYUZ,U,4.26
2018,PER_1000_LIVE_BIRTHS,M,KZVOS,U,6.99
2018,PER_1000_LIVE_BIRTHS,M,KZNS,U,4.07
2018,PER_1000_LIVE_BIRTHS,M,KZALA,U,6.13
2018,PER_1000_LIVE_BIRTHS,M,KZSHY,U,5.11
2018,PER_1000_LIVE_BIRTHS,M,,R,4.88
2018,PER_1000_LIVE_BIRTHS,M,KZAKM,R,2.32
2018,PER_1000_LIVE_BIRTHS,M,KZAKT,R,2.38
2018,PER_1000_LIVE_BIRTHS,M,KZALM,R,4.94
2018,PER_1000_LIVE_BIRTHS,M,KZATY,R,10.44
2018,PER_1000_LIVE_BIRTHS,M,KZZAP,R,4.59
2018,PER_1000_LIVE_BIRTHS,M,KZZHA,R,3.35
2018,PER_1000_LIVE_BIRTHS,M,KZKAR,R,3.94
2018,PER_1000_LIVE_BIRTHS,M,KZKUS,R,6.38
2018,PER_1000_LIVE_BIRTHS,M,KZKZY,R,4.15
2018,PER_1000_LIVE_BIRTHS,M,KZMAN,R,5.86
2018,PER_1000_LIVE_BIRTHS,M,KZPAV,R,2.76
2018,PER_1000_LIVE_BIRTHS,M,KZSEV,R,7.48
2018,PER_1000_LIVE_BIRTHS,M,KZYUZ,R,5.04
2018,PER_1000_LIVE_BIRTHS,M,KZVOS,R,3.82
2018,PER_1000_LIVE_BIRTHS,F,,,3.79
2018,PER_1000_LIVE_BIRTHS,F,KZAKM,,3.31
2018,PER_1000_LIVE_BIRTHS,F,KZAKT,,4.61
2018,PER_1000_LIVE_BIRTHS,F,KZALM,,3.46
2018,PER_1000_LIVE_BIRTHS,F,KZATY,,3.9
2018,PER_1000_LIVE_BIRTHS,F,KZZAP,,2.84
2018,PER_1000_LIVE_BIRTHS,F,KZZHA,,2.36
2018,PER_1000_LIVE_BIRTHS,F,KZKAR,,3.65
2018,PER_1000_LIVE_BIRTHS,F,KZKUS,,5.1
2018,PER_1000_LIVE_BIRTHS,F,KZKZY,,3.67
2018,PER_1000_LIVE_BIRTHS,F,KZMAN,,5.14
2018,PER_1000_LIVE_BIRTHS,F,KZPAV,,3.27
2018,PER_1000_LIVE_BIRTHS,F,KZSEV,,4.88
2018,PER_1000_LIVE_BIRTHS,F,KZYUZ,,3.39
2018,PER_1000_LIVE_BIRTHS,F,KZVOS,,3.91
2018,PER_1000_LIVE_BIRTHS,F,KZNS,,2.75
2018,PER_1000_LIVE_BIRTHS,F,KZALA,,5.34
2018,PER_1000_LIVE_BIRTHS,F,KZSHY,,4.34
2018,PER_1000_LIVE_BIRTHS,F,,U,4.1
2018,PER_1000_LIVE_BIRTHS,F,KZAKM,U,4.55
2018,PER_1000_LIVE_BIRTHS,F,KZAKT,U,4.06
2018,PER_1000_LIVE_BIRTHS,F,KZALM,U,3.6
2018,PER_1000_LIVE_BIRTHS,F,KZATY,U,4.94
2018,PER_1000_LIVE_BIRTHS,F,KZZAP,U,2.15
2018,PER_1000_LIVE_BIRTHS,F,KZZHA,U,2.52
2018,PER_1000_LIVE_BIRTHS,F,KZKAR,U,3.77
2018,PER_1000_LIVE_BIRTHS,F,KZKUS,U,4.72
2018,PER_1000_LIVE_BIRTHS,F,KZKZY,U,4.54
2018,PER_1000_LIVE_BIRTHS,F,KZMAN,U,5.44
2018,PER_1000_LIVE_BIRTHS,F,KZPAV,U,4.17
2018,PER_1000_LIVE_BIRTHS,F,KZSEV,U,6.94
2018,PER_1000_LIVE_BIRTHS,F,KZYUZ,U,3.89
2018,PER_1000_LIVE_BIRTHS,F,KZVOS,U,4.14
2018,PER_1000_LIVE_BIRTHS,F,KZNS,U,2.75
2018,PER_1000_LIVE_BIRTHS,F,KZALA,U,5.34
2018,PER_1000_LIVE_BIRTHS,F,KZSHY,U,4.34
2018,PER_1000_LIVE_BIRTHS,F,,R,3.33
2018,PER_1000_LIVE_BIRTHS,F,KZAKM,R,2.02
2018,PER_1000_LIVE_BIRTHS,F,KZAKT,R,6.27
2018,PER_1000_LIVE_BIRTHS,F,KZALM,R,3.41
2018,PER_1000_LIVE_BIRTHS,F,KZATY,R,2.66
2018,PER_1000_LIVE_BIRTHS,F,KZZAP,R,3.81
2018,PER_1000_LIVE_BIRTHS,F,KZZHA,R,2.24
2018,PER_1000_LIVE_BIRTHS,F,KZKAR,R,3.14
2018,PER_1000_LIVE_BIRTHS,F,KZKUS,R,5.66
2018,PER_1000_LIVE_BIRTHS,F,KZKZY,R,2.88
2018,PER_1000_LIVE_BIRTHS,F,KZMAN,R,4.9
2018,PER_1000_LIVE_BIRTHS,F,KZPAV,R,1.15
2018,PER_1000_LIVE_BIRTHS,F,KZSEV,R,2.85
2018,PER_1000_LIVE_BIRTHS,F,KZYUZ,R,3.21
2018,PER_1000_LIVE_BIRTHS,F,KZVOS,R,3.48
2019,PER_1000_LIVE_BIRTHS,_T,,,4.807238199398474
2019,PER_1000_LIVE_BIRTHS,_T,KZAKM,,4.4027721157765995
2019,PER_1000_LIVE_BIRTHS,_T,KZAKT,,5.562875128092519
2019,PER_1000_LIVE_BIRTHS,_T,KZALM,,4.415666706269058
2019,PER_1000_LIVE_BIRTHS,_T,KZATY,,7.950530035335689
2019,PER_1000_LIVE_BIRTHS,_T,KZZAP,,4.722010662604721
2019,PER_1000_LIVE_BIRTHS,_T,KZZHA,,4.8444953958803305
2019,PER_1000_LIVE_BIRTHS,_T,KZKAR,,5.513588608144481
2019,PER_1000_LIVE_BIRTHS,_T,KZKUS,,6.114605171208946
2019,PER_1000_LIVE_BIRTHS,_T,KZKZY,,5.013697214038352
2019,PER_1000_LIVE_BIRTHS,_T,KZMAN,,5.572119849455008
2019,PER_1000_LIVE_BIRTHS,_T,KZPAV,,3.8068870046720886
2019,PER_1000_LIVE_BIRTHS,_T,KZSEV,,5.09313154831199
2019,PER_1000_LIVE_BIRTHS,_T,KZYUZ,,3.5164519717248552
2019,PER_1000_LIVE_BIRTHS,_T,KZVOS,,5.170678136725542
2019,PER_1000_LIVE_BIRTHS,_T,KZNS,,3.13195991091314
2019,PER_1000_LIVE_BIRTHS,_T,KZALA,,4.751078465663985
2019,PER_1000_LIVE_BIRTHS,_T,KZSHY,,5.8153792257838495
2019,PER_1000_LIVE_BIRTHS,_T,,U,5.261048201222566
2019,PER_1000_LIVE_BIRTHS,_T,KZAKM,U,5.10519801980198
2019,PER_1000_LIVE_BIRTHS,_T,KZAKT,U,5.462348809988295
2019,PER_1000_LIVE_BIRTHS,_T,KZALM,U,5.761186962354983
2019,PER_1000_LIVE_BIRTHS,_T,KZATY,U,8.214619943849433
2019,PER_1000_LIVE_BIRTHS,_T,KZZAP,U,5.0552081947585465
2019,PER_1000_LIVE_BIRTHS,_T,KZZHA,U,6.530958439355387
2019,PER_1000_LIVE_BIRTHS,_T,KZKAR,U,6.099221260142678
2019,PER_1000_LIVE_BIRTHS,_T,KZKUS,U,5.9163262431328345
2019,PER_1000_LIVE_BIRTHS,_T,KZKZY,U,4.786182499219644
2019,PER_1000_LIVE_BIRTHS,_T,KZMAN,U,7.252508159071679
2019,PER_1000_LIVE_BIRTHS,_T,KZPAV,U,4.5426642111724975
2019,PER_1000_LIVE_BIRTHS,_T,KZSEV,U,5.899705014749262
2019,PER_1000_LIVE_BIRTHS,_T,KZYUZ,U,4.017886073488431
2019,PER_1000_LIVE_BIRTHS,_T,KZVOS,U,5.509252719310637
2019,PER_1000_LIVE_BIRTHS,_T,KZNS,U,3.13195991091314
2019,PER_1000_LIVE_BIRTHS,_T,KZALA,U,4.751078465663985
2019,PER_1000_LIVE_BIRTHS,_T,KZSHY,U,5.8153792257838495
2019,PER_1000_LIVE_BIRTHS,_T,,R,4.1396931467809885
2019,PER_1000_LIVE_BIRTHS,_T,KZAKM,R,3.62006550594725
2019,PER_1000_LIVE_BIRTHS,_T,KZAKT,R,5.865102639296187
2019,PER_1000_LIVE_BIRTHS,_T,KZALM,R,3.9650022468346062
2019,PER_1000_LIVE_BIRTHS,_T,KZATY,R,7.605595545294037
2019,PER_1000_LIVE_BIRTHS,_T,KZZAP,R,4.27578834847675
2019,PER_1000_LIVE_BIRTHS,_T,KZZHA,R,3.540751426135991
2019,PER_1000_LIVE_BIRTHS,_T,KZKAR,R,3.2113037893384715
2019,PER_1000_LIVE_BIRTHS,_T,KZKUS,R,6.438261669349276
2019,PER_1000_LIVE_BIRTHS,_T,KZKZY,R,5.238290879211175
2019,PER_1000_LIVE_BIRTHS,_T,KZMAN,R,4.431314623338257
2019,PER_1000_LIVE_BIRTHS,_T,KZPAV,R,2.0509815411661294
2019,PER_1000_LIVE_BIRTHS,_T,KZSEV,R,4.30786904078116
2019,PER_1000_LIVE_BIRTHS,_T,KZYUZ,R,3.324484580842037
2019,PER_1000_LIVE_BIRTHS,_T,KZVOS,R,4.547817047817047
2019,PER_1000_LIVE_BIRTHS,M,,,5.532643074822869
2019,PER_1000_LIVE_BIRTHS,M,KZAKM,,4.873447571136613
2019,PER_1000_LIVE_BIRTHS,M,KZAKT,,5.573398828641602
2019,PER_1000_LIVE_BIRTHS,M,KZALM,,5.4495912806539515
2019,PER_1000_LIVE_BIRTHS,M,KZATY,,8.807588075880757
2019,PER_1000_LIVE_BIRTHS,M,KZZAP,,5.9679767103347885
2019,PER_1000_LIVE_BIRTHS,M,KZZHA,,5.941302791696493
2019,PER_1000_LIVE_BIRTHS,M,KZKAR,,5.9681697612732085
2019,PER_1000_LIVE_BIRTHS,M,KZKUS,,7.868628121792679
2019,PER_1000_LIVE_BIRTHS,M,KZKZY,,6.008411776487082
2019,PER_1000_LIVE_BIRTHS,M,KZMAN,,6.557688652347464
2019,PER_1000_LIVE_BIRTHS,M,KZPAV,,4.1528239202657815
2019,PER_1000_LIVE_BIRTHS,M,KZSEV,,7.038288288288287
2019,PER_1000_LIVE_BIRTHS,M,KZYUZ,,3.8852464703229614
2019,PER_1000_LIVE_BIRTHS,M,KZVOS,,5.238344683080146
2019,PER_1000_LIVE_BIRTHS,M,KZNS,,3.3962776796630894
2019,PER_1000_LIVE_BIRTHS,M,KZALA,,5.727246952083924
2019,PER_1000_LIVE_BIRTHS,M,KZSHY,,6.594153636981647
2019,PER_1000_LIVE_BIRTHS,M,,U,5.9156793750201775
2019,PER_1000_LIVE_BIRTHS,M,KZAKM,U,6.25
2019,PER_1000_LIVE_BIRTHS,M,KZAKT,U,5.549249590112248
2019,PER_1000_LIVE_BIRTHS,M,KZALM,U,6.524047944166287
2019,PER_1000_LIVE_BIRTHS,M,KZATY,U,7.9856258734278285
2019,PER_1000_LIVE_BIRTHS,M,KZZAP,U,6.346788525006347
2019,PER_1000_LIVE_BIRTHS,M,KZZHA,U,7.044560943643512
2019,PER_1000_LIVE_BIRTHS,M,KZKAR,U,6.730868799834317
2019,PER_1000_LIVE_BIRTHS,M,KZKUS,U,7.719878687620622
2019,PER_1000_LIVE_BIRTHS,M,KZKZY,U,4.8019207683073235
2019,PER_1000_LIVE_BIRTHS,M,KZMAN,U,8.687485325193707
2019,PER_1000_LIVE_BIRTHS,M,KZPAV,U,4.719207173194903
2019,PER_1000_LIVE_BIRTHS,M,KZSEV,U,8.422234699606964
2019,PER_1000_LIVE_BIRTHS,M,KZYUZ,U,4.7625015666123565
2019,PER_1000_LIVE_BIRTHS,M,KZVOS,U,5.698778833107191
2019,PER_1000_LIVE_BIRTHS,M,KZNS,U,3.3962776796630894
2019,PER_1000_LIVE_BIRTHS,M,KZALA,U,5.727246952083924
2019,PER_1000_LIVE_BIRTHS,M,KZSHY,U,6.594153636981647
2019,PER_1000_LIVE_BIRTHS,M,,R,4.968501129204802
2019,PER_1000_LIVE_BIRTHS,M,KZAKM,R,3.3322225924691766
2019,PER_1000_LIVE_BIRTHS,M,KZAKT,R,5.645464809936018
2019,PER_1000_LIVE_BIRTHS,M,KZALM,R,5.085790609267441
2019,PER_1000_LIVE_BIRTHS,M,KZATY,R,9.877826878086822
2019,PER_1000_LIVE_BIRTHS,M,KZZAP,R,5.4588877516206065
2019,PER_1000_LIVE_BIRTHS,M,KZZHA,R,5.0851767098906695
2019,PER_1000_LIVE_BIRTHS,M,KZKAR,R,2.9081844619858743
2019,PER_1000_LIVE_BIRTHS,M,KZKUS,R,8.111762054979721
2019,PER_1000_LIVE_BIRTHS,M,KZKZY,R,7.217321571772254
2019,PER_1000_LIVE_BIRTHS,M,KZMAN,R,5.109372505189207
2019,PER_1000_LIVE_BIRTHS,M,KZPAV,R,2.8058361391694717
2019,PER_1000_LIVE_BIRTHS,M,KZSEV,R,5.646527385657821
2019,PER_1000_LIVE_BIRTHS,M,KZYUZ,R,3.5495011511895624
2019,PER_1000_LIVE_BIRTHS,M,KZVOS,R,4.407443682664055
2019,PER_1000_LIVE_BIRTHS,F,,,4.030431559874815
2019,PER_1000_LIVE_BIRTHS,F,KZAKM,,3.895663956639567
2019,PER_1000_LIVE_BIRTHS,F,KZAKT,,5.551630160492581
2019,PER_1000_LIVE_BIRTHS,F,KZALM,,3.3135610554305583
2019,PER_1000_LIVE_BIRTHS,F,KZATY,,7.016248153618907
2019,PER_1000_LIVE_BIRTHS,F,KZZAP,,3.3546325878594248
2019,PER_1000_LIVE_BIRTHS,F,KZZHA,,3.6722515492311225
2019,PER_1000_LIVE_BIRTHS,F,KZKAR,,5.013673655423883
2019,PER_1000_LIVE_BIRTHS,F,KZKUS,,4.284184219921457
2019,PER_1000_LIVE_BIRTHS,F,KZKZY,,3.9525691699604737
2019,PER_1000_LIVE_BIRTHS,F,KZMAN,,4.528529737345275
2019,PER_1000_LIVE_BIRTHS,F,KZPAV,,3.4308414590104728
2019,PER_1000_LIVE_BIRTHS,F,KZSEV,,3.0120481927710845
2019,PER_1000_LIVE_BIRTHS,F,KZYUZ,,3.1214001709338186
2019,PER_1000_LIVE_BIRTHS,F,KZVOS,,5.096153846153847
2019,PER_1000_LIVE_BIRTHS,F,KZNS,,2.8542885685742827
2019,PER_1000_LIVE_BIRTHS,F,KZALA,,3.7185869369639537
2019,PER_1000_LIVE_BIRTHS,F,KZSHY,,4.987350921575714
2019,PER_1000_LIVE_BIRTHS,F,,U,4.559296812817941
2019,PER_1000_LIVE_BIRTHS,F,KZAKM,U,3.865979381443299
2019,PER_1000_LIVE_BIRTHS,F,KZAKT,U,5.369848301785474
2019,PER_1000_LIVE_BIRTHS,F,KZALM,U,4.934210526315789
2019,PER_1000_LIVE_BIRTHS,F,KZATY,U,8.463541666666666
2019,PER_1000_LIVE_BIRTHS,F,KZZAP,U,3.633314700950252
2019,PER_1000_LIVE_BIRTHS,F,KZZHA,U,5.979599015124867
2019,PER_1000_LIVE_BIRTHS,F,KZKAR,U,5.398575694923042
2019,PER_1000_LIVE_BIRTHS,F,KZKUS,U,4.032258064516129
2019,PER_1000_LIVE_BIRTHS,F,KZKZY,U,4.769130717537394
2019,PER_1000_LIVE_BIRTHS,F,KZMAN,U,5.7299451918286
2019,PER_1000_LIVE_BIRTHS,F,KZPAV,U,4.351164576401331
2019,PER_1000_LIVE_BIRTHS,F,KZSEV,U,3.107520198881293
2019,PER_1000_LIVE_BIRTHS,F,KZYUZ,U,3.2206119162640903
2019,PER_1000_LIVE_BIRTHS,F,KZVOS,U,5.3034767236299345
2019,PER_1000_LIVE_BIRTHS,F,KZNS,U,2.8542885685742827
2019,PER_1000_LIVE_BIRTHS,F,KZALA,U,3.7185869369639537
2019,PER_1000_LIVE_BIRTHS,F,KZSHY,U,4.987350921575714
2019,PER_1000_LIVE_BIRTHS,F,,R,3.2535204107569515
2019,PER_1000_LIVE_BIRTHS,F,KZAKM,R,3.928571428571429
2019,PER_1000_LIVE_BIRTHS,F,KZAKT,R,6.102522375915378
2019,PER_1000_LIVE_BIRTHS,F,KZALM,R,2.777021508303839
2019,PER_1000_LIVE_BIRTHS,F,KZATY,R,5.119453924914676
2019,PER_1000_LIVE_BIRTHS,F,KZZAP,R,2.9828486204325126
2019,PER_1000_LIVE_BIRTHS,F,KZZHA,R,1.895734597156398
2019,PER_1000_LIVE_BIRTHS,F,KZKAR,R,3.53356890459364
2019,PER_1000_LIVE_BIRTHS,F,KZKUS,R,4.694835680751174
2019,PER_1000_LIVE_BIRTHS,F,KZKZY,R,3.1592249368155016
2019,PER_1000_LIVE_BIRTHS,F,KZMAN,R,3.7143339523889916
2019,PER_1000_LIVE_BIRTHS,F,KZPAV,R,1.226241569589209
2019,PER_1000_LIVE_BIRTHS,F,KZSEV,R,2.9222676797194618
2019,PER_1000_LIVE_BIRTHS,F,KZYUZ,R,3.083406135978211
2019,PER_1000_LIVE_BIRTHS,F,KZVOS,R,4.706533776301217
