Year,UNIT_MEASURE,REF_AREA,URBANISATION,SEX,Value
2010,PER_100000_POP,,,,7.14
2010,PER_100000_POP,KZAKM,,,11.3
2010,PER_100000_POP,KZAKT,,,4.15
2010,PER_100000_POP,KZALM,,,6.96
2010,PER_100000_POP,KZATY,,,2.66
2010,PER_100000_POP,KZZAP,,,6.6
2010,PER_100000_POP,KZZHA,,,4.04
2010,PER_100000_POP,KZKAR,,,13.41
2010,PER_100000_POP,KZKUS,,,11.33
2010,PER_100000_POP,KZKZY,,,1.87
2010,PER_100000_POP,KZMAN,,,1.36
2010,PER_100000_POP,KZONT,,,2.76
2010,PER_100000_POP,KZPAV,,,13.82
2010,PER_100000_POP,KZSEV,,,2.03
2010,PER_100000_POP,KZVOS,,,10.16
2010,PER_100000_POP,KZNS,,,10.7
2010,PER_100000_POP,KZALA,,,8.99
2010,PER_100000_POP,,U,,8.68
2010,PER_100000_POP,KZAKM,U,,11.97
2010,PER_100000_POP,KZAKT,U,,3.18
2010,PER_100000_POP,KZALM,U,,9.42
2010,PER_100000_POP,KZATY,U,,2.79
2010,PER_100000_POP,KZZAP,U,,7.67
2010,PER_100000_POP,KZZHA,U,,5.93
2010,PER_100000_POP,KZKAR,U,,15.4
2010,PER_100000_POP,KZKUS,U,,10.17
2010,PER_100000_POP,KZKZY,U,,1.02
2010,PER_100000_POP,KZMAN,U,,1.47
2010,PER_100000_POP,KZONT,U,,4.51
2010,PER_100000_POP,KZPAV,U,,12.15
2010,PER_100000_POP,KZSEV,U,,2.52
2010,PER_100000_POP,KZVOS,U,,11.9
2010,PER_100000_POP,KZNS,U,,10.7
2010,PER_100000_POP,KZALA,U,,8.99
2010,PER_100000_POP,,R,,5.31
2010,PER_100000_POP,KZAKM,R,,10.72
2010,PER_100000_POP,KZAKT,R,,5.69
2010,PER_100000_POP,KZALM,R,,6.2
2010,PER_100000_POP,KZATY,R,,2.54
2010,PER_100000_POP,KZZAP,R,,5.64
2010,PER_100000_POP,KZZHA,R,,2.75
2010,PER_100000_POP,KZKAR,R,,6.38
2010,PER_100000_POP,KZKUS,R,,12.49
2010,PER_100000_POP,KZKZY,R,,2.49
2010,PER_100000_POP,KZMAN,R,,1.24
2010,PER_100000_POP,KZONT,R,,1.62
2010,PER_100000_POP,KZPAV,R,,17.45
2010,PER_100000_POP,KZSEV,R,,1.7
2010,PER_100000_POP,KZVOS,R,,7.77
2010,PER_100000_POP,,,M,10.58
2010,PER_100000_POP,KZAKM,,M,16.68
2010,PER_100000_POP,KZAKT,,M,5.12
2010,PER_100000_POP,KZALM,,M,10.11
2010,PER_100000_POP,KZATY,,M,4.66
2010,PER_100000_POP,KZZAP,,M,9.24
2010,PER_100000_POP,KZZHA,,M,5.92
2010,PER_100000_POP,KZKAR,,M,21.34
2010,PER_100000_POP,KZKUS,,M,16.34
2010,PER_100000_POP,KZKZY,,M,2.02
2010,PER_100000_POP,KZMAN,,M,1.97
2010,PER_100000_POP,KZONT,,M,3.83
2010,PER_100000_POP,KZPAV,,M,21.96
2010,PER_100000_POP,KZSEV,,M,2.49
2010,PER_100000_POP,KZVOS,,M,14.31
2010,PER_100000_POP,KZNS,,M,16.78
2010,PER_100000_POP,KZALA,,M,14.79
2010,PER_100000_POP,,U,M,13.32
2010,PER_100000_POP,KZAKM,U,M,16.9
2010,PER_100000_POP,KZAKT,U,M,4.06
2010,PER_100000_POP,KZALM,U,M,12.6
2010,PER_100000_POP,KZATY,U,M,5.02
2010,PER_100000_POP,KZZAP,U,M,10.53
2010,PER_100000_POP,KZZHA,U,M,8.07
2010,PER_100000_POP,KZKAR,U,M,25.39
2010,PER_100000_POP,KZKUS,U,M,14.87
2010,PER_100000_POP,KZKZY,U,M,1.4
2010,PER_100000_POP,KZMAN,U,M,1.51
2010,PER_100000_POP,KZONT,U,M,7.09
2010,PER_100000_POP,KZPAV,U,M,20.89
2010,PER_100000_POP,KZSEV,U,M,4.64
2010,PER_100000_POP,KZVOS,U,M,16.48
2010,PER_100000_POP,KZNS,U,M,16.78
2010,PER_100000_POP,KZALA,U,M,14.79
2010,PER_100000_POP,,R,M,7.48
2010,PER_100000_POP,KZAKM,R,M,16.49
2010,PER_100000_POP,KZAKT,R,M,6.71
2010,PER_100000_POP,KZALM,R,M,9.38
2010,PER_100000_POP,KZATY,R,M,4.34
2010,PER_100000_POP,KZZAP,R,M,8.16
2010,PER_100000_POP,KZZHA,R,M,4.53
2010,PER_100000_POP,KZKAR,R,M,8.05
2010,PER_100000_POP,KZKUS,R,M,17.72
2010,PER_100000_POP,KZKZY,R,M,2.45
2010,PER_100000_POP,KZMAN,R,M,2.46
2010,PER_100000_POP,KZONT,R,M,1.81
2010,PER_100000_POP,KZPAV,R,M,24.14
2010,PER_100000_POP,KZSEV,R,M,1.15
2010,PER_100000_POP,KZVOS,R,M,11.58
2010,PER_100000_POP,,,F,3.95
2010,PER_100000_POP,KZAKM,,F,6.31
2010,PER_100000_POP,KZAKT,,F,3.25
2010,PER_100000_POP,KZALM,,F,3.92
2010,PER_100000_POP,KZATY,,F,0.74
2010,PER_100000_POP,KZZAP,,F,4.14
2010,PER_100000_POP,KZZHA,,F,2.25
2010,PER_100000_POP,KZKAR,,F,6.32
2010,PER_100000_POP,KZKUS,,F,6.86
2010,PER_100000_POP,KZKZY,,F,1.72
2010,PER_100000_POP,KZMAN,,F,0.77
2010,PER_100000_POP,KZONT,,F,1.71
2010,PER_100000_POP,KZPAV,,F,6.59
2010,PER_100000_POP,KZSEV,,F,1.61
2010,PER_100000_POP,KZVOS,,F,6.4
2010,PER_100000_POP,KZNS,,F,4.92
2010,PER_100000_POP,KZALA,,F,4.08
2010,PER_100000_POP,,U,F,4.59
2010,PER_100000_POP,KZAKM,U,F,7.67
2010,PER_100000_POP,KZAKT,U,F,2.4
2010,PER_100000_POP,KZALM,U,F,6.56
2010,PER_100000_POP,KZATY,U,F,0.76
2010,PER_100000_POP,KZZAP,U,F,5.2
2010,PER_100000_POP,KZZHA,U,F,4.03
2010,PER_100000_POP,KZKAR,U,F,6.74
2010,PER_100000_POP,KZKUS,U,F,6.24
2010,PER_100000_POP,KZKZY,U,F,0.66
2010,PER_100000_POP,KZMAN,U,F,1.43
2010,PER_100000_POP,KZONT,U,F,2.12
2010,PER_100000_POP,KZPAV,U,F,4.71
2010,PER_100000_POP,KZSEV,U,F,0.77
2010,PER_100000_POP,KZVOS,U,F,8.02
2010,PER_100000_POP,KZNS,U,F,4.92
2010,PER_100000_POP,KZALA,U,F,4.08
2010,PER_100000_POP,,R,F,3.14
2010,PER_100000_POP,KZAKM,R,F,5.06
2010,PER_100000_POP,KZAKT,R,F,4.67
2010,PER_100000_POP,KZALM,R,F,3.07
2010,PER_100000_POP,KZATY,R,F,0.73
2010,PER_100000_POP,KZZAP,R,F,3.13
2010,PER_100000_POP,KZZHA,R,F,0.97
2010,PER_100000_POP,KZKAR,R,F,4.71
2010,PER_100000_POP,KZKUS,R,F,7.53
2010,PER_100000_POP,KZKZY,R,F,2.53
2010,PER_100000_POP,KZMAN,R,F,0.0
2010,PER_100000_POP,KZONT,R,F,1.44
2010,PER_100000_POP,KZPAV,R,F,10.92
2010,PER_100000_POP,KZSEV,R,F,2.23
2010,PER_100000_POP,KZVOS,R,F,4.03
2011,PER_100000_POP,,,,5.99
2011,PER_100000_POP,KZAKM,,,10.38
2011,PER_100000_POP,KZAKT,,,2.69
2011,PER_100000_POP,KZALM,,,5.66
2011,PER_100000_POP,KZATY,,,4.84
2011,PER_100000_POP,KZZAP,,,6.06
2011,PER_100000_POP,KZZHA,,,5.42
2011,PER_100000_POP,KZKAR,,,9.74
2011,PER_100000_POP,KZKUS,,,9.77
2011,PER_100000_POP,KZKZY,,,0.42
2011,PER_100000_POP,KZMAN,,,1.87
2011,PER_100000_POP,KZONT,,,1.77
2011,PER_100000_POP,KZPAV,,,8.97
2011,PER_100000_POP,KZSEV,,,1.7
2011,PER_100000_POP,KZVOS,,,7.45
2011,PER_100000_POP,KZNS,,,8.06
2011,PER_100000_POP,KZALA,,,10.62
2011,PER_100000_POP,,U,,7.33
2011,PER_100000_POP,KZAKM,U,,11.4
2011,PER_100000_POP,KZAKT,U,,2.49
2011,PER_100000_POP,KZALM,U,,8.61
2011,PER_100000_POP,KZATY,U,,6.22
2011,PER_100000_POP,KZZAP,U,,7.49
2011,PER_100000_POP,KZZHA,U,,6.15
2011,PER_100000_POP,KZKAR,U,,11.33
2011,PER_100000_POP,KZKUS,U,,9.44
2011,PER_100000_POP,KZKZY,U,,0.0
2011,PER_100000_POP,KZMAN,U,,1.43
2011,PER_100000_POP,KZONT,U,,2.95
2011,PER_100000_POP,KZPAV,U,,7.79
2011,PER_100000_POP,KZSEV,U,,0.42
2011,PER_100000_POP,KZVOS,U,,7.78
2011,PER_100000_POP,KZNS,U,,8.06
2011,PER_100000_POP,KZALA,U,,10.62
2011,PER_100000_POP,,R,,4.38
2011,PER_100000_POP,KZAKM,R,,9.48
2011,PER_100000_POP,KZAKT,R,,3.0
2011,PER_100000_POP,KZALM,R,,4.76
2011,PER_100000_POP,KZATY,R,,3.57
2011,PER_100000_POP,KZZAP,R,,4.73
2011,PER_100000_POP,KZZHA,R,,4.93
2011,PER_100000_POP,KZKAR,R,,4.06
2011,PER_100000_POP,KZKUS,R,,10.1
2011,PER_100000_POP,KZKZY,R,,0.74
2011,PER_100000_POP,KZMAN,R,,2.34
2011,PER_100000_POP,KZONT,R,,1.01
2011,PER_100000_POP,KZPAV,R,,11.56
2011,PER_100000_POP,KZSEV,R,,2.59
2011,PER_100000_POP,KZVOS,R,,6.99
2011,PER_100000_POP,,,M,8.74
2011,PER_100000_POP,KZAKM,,M,15.0
2011,PER_100000_POP,KZAKT,,M,3.19
2011,PER_100000_POP,KZALM,,M,8.94
2011,PER_100000_POP,KZATY,,M,5.7
2011,PER_100000_POP,KZZAP,,M,8.49
2011,PER_100000_POP,KZZHA,,M,7.01
2011,PER_100000_POP,KZKAR,,M,13.28
2011,PER_100000_POP,KZKUS,,M,14.68
2011,PER_100000_POP,KZKZY,,M,0.57
2011,PER_100000_POP,KZMAN,,M,2.26
2011,PER_100000_POP,KZONT,,M,2.18
2011,PER_100000_POP,KZPAV,,M,15.09
2011,PER_100000_POP,KZSEV,,M,1.07
2011,PER_100000_POP,KZVOS,,M,10.85
2011,PER_100000_POP,KZNS,,M,13.18
2011,PER_100000_POP,KZALA,,M,18.05
2011,PER_100000_POP,,U,M,11.33
2011,PER_100000_POP,KZAKM,U,M,16.25
2011,PER_100000_POP,KZAKT,U,M,3.09
2011,PER_100000_POP,KZALM,U,M,15.26
2011,PER_100000_POP,KZATY,U,M,8.14
2011,PER_100000_POP,KZZAP,U,M,11.04
2011,PER_100000_POP,KZZHA,U,M,9.04
2011,PER_100000_POP,KZKAR,U,M,15.86
2011,PER_100000_POP,KZKUS,U,M,15.26
2011,PER_100000_POP,KZKZY,U,M,0.0
2011,PER_100000_POP,KZMAN,U,M,0.74
2011,PER_100000_POP,KZONT,U,M,3.88
2011,PER_100000_POP,KZPAV,U,M,13.98
2011,PER_100000_POP,KZSEV,U,M,0.0
2011,PER_100000_POP,KZVOS,U,M,12.36
2011,PER_100000_POP,KZNS,U,M,13.18
2011,PER_100000_POP,KZALA,U,M,18.05
2011,PER_100000_POP,,R,M,5.82
2011,PER_100000_POP,KZAKM,R,M,13.96
2011,PER_100000_POP,KZAKT,R,M,3.34
2011,PER_100000_POP,KZALM,R,M,7.1
2011,PER_100000_POP,KZATY,R,M,3.56
2011,PER_100000_POP,KZZAP,R,M,6.3
2011,PER_100000_POP,KZZHA,R,M,5.73
2011,PER_100000_POP,KZKAR,R,M,4.72
2011,PER_100000_POP,KZKUS,R,M,14.13
2011,PER_100000_POP,KZKZY,R,M,0.97
2011,PER_100000_POP,KZMAN,R,M,3.85
2011,PER_100000_POP,KZONT,R,M,1.13
2011,PER_100000_POP,KZPAV,R,M,17.34
2011,PER_100000_POP,KZSEV,R,M,1.75
2011,PER_100000_POP,KZVOS,R,M,8.92
2011,PER_100000_POP,,,F,3.43
2011,PER_100000_POP,KZAKM,,F,6.07
2011,PER_100000_POP,KZAKT,,F,2.22
2011,PER_100000_POP,KZALM,,F,2.49
2011,PER_100000_POP,KZATY,,F,4.01
2011,PER_100000_POP,KZZAP,,F,3.8
2011,PER_100000_POP,KZZHA,,F,3.9
2011,PER_100000_POP,KZKAR,,F,6.57
2011,PER_100000_POP,KZKUS,,F,5.38
2011,PER_100000_POP,KZKZY,,F,0.28
2011,PER_100000_POP,KZMAN,,F,1.48
2011,PER_100000_POP,KZONT,,F,1.37
2011,PER_100000_POP,KZPAV,,F,3.54
2011,PER_100000_POP,KZSEV,,F,2.28
2011,PER_100000_POP,KZVOS,,F,4.37
2011,PER_100000_POP,KZNS,,F,3.23
2011,PER_100000_POP,KZALA,,F,4.37
2011,PER_100000_POP,,U,F,3.8
2011,PER_100000_POP,KZAKM,U,F,7.14
2011,PER_100000_POP,KZAKT,U,F,1.96
2011,PER_100000_POP,KZALM,U,F,2.59
2011,PER_100000_POP,KZATY,U,F,4.46
2011,PER_100000_POP,KZZAP,U,F,4.44
2011,PER_100000_POP,KZZHA,U,F,3.58
2011,PER_100000_POP,KZKAR,U,F,7.4
2011,PER_100000_POP,KZKUS,U,F,4.55
2011,PER_100000_POP,KZKZY,U,F,0.0
2011,PER_100000_POP,KZMAN,U,F,2.09
2011,PER_100000_POP,KZONT,U,F,2.09
2011,PER_100000_POP,KZPAV,U,F,2.53
2011,PER_100000_POP,KZSEV,U,F,0.76
2011,PER_100000_POP,KZVOS,U,F,3.88
2011,PER_100000_POP,KZNS,U,F,3.23
2011,PER_100000_POP,KZALA,U,F,4.37
2011,PER_100000_POP,,R,F,2.95
2011,PER_100000_POP,KZAKM,R,F,5.08
2011,PER_100000_POP,KZAKT,R,F,2.66
2011,PER_100000_POP,KZALM,R,F,2.46
2011,PER_100000_POP,KZATY,R,F,3.58
2011,PER_100000_POP,KZZAP,R,F,3.16
2011,PER_100000_POP,KZZHA,R,F,4.13
2011,PER_100000_POP,KZKAR,R,F,3.39
2011,PER_100000_POP,KZKUS,R,F,6.27
2011,PER_100000_POP,KZKZY,R,F,0.5
2011,PER_100000_POP,KZMAN,R,F,0.79
2011,PER_100000_POP,KZONT,R,F,0.89
2011,PER_100000_POP,KZPAV,R,F,5.92
2011,PER_100000_POP,KZSEV,R,F,3.4
2011,PER_100000_POP,KZVOS,R,F,5.08
2012,PER_100000_POP,,,,5.84
2012,PER_100000_POP,KZAKM,,,8.61
2012,PER_100000_POP,KZAKT,,,4.04
2012,PER_100000_POP,KZALM,,,5.91
2012,PER_100000_POP,KZATY,,,3.1
2012,PER_100000_POP,KZZAP,,,4.39
2012,PER_100000_POP,KZZHA,,,5.93
2012,PER_100000_POP,KZKAR,,,11.03
2012,PER_100000_POP,KZKUS,,,9.66
2012,PER_100000_POP,KZKZY,,,0.56
2012,PER_100000_POP,KZMAN,,,1.08
2012,PER_100000_POP,KZONT,,,1.89
2012,PER_100000_POP,KZPAV,,,7.48
2012,PER_100000_POP,KZSEV,,,3.61
2012,PER_100000_POP,KZVOS,,,7.31
2012,PER_100000_POP,KZNS,,,7.63
2012,PER_100000_POP,KZALA,,,9.1
2012,PER_100000_POP,,U,,7.15
2012,PER_100000_POP,KZAKM,U,,7.58
2012,PER_100000_POP,KZAKT,U,,5.12
2012,PER_100000_POP,KZALM,U,,8.25
2012,PER_100000_POP,KZATY,U,,2.65
2012,PER_100000_POP,KZZAP,U,,4.66
2012,PER_100000_POP,KZZHA,U,,7.29
2012,PER_100000_POP,KZKAR,U,,11.73
2012,PER_100000_POP,KZKUS,U,,11.59
2012,PER_100000_POP,KZKZY,U,,0.33
2012,PER_100000_POP,KZMAN,U,,1.05
2012,PER_100000_POP,KZONT,U,,3.09
2012,PER_100000_POP,KZPAV,U,,7.94
2012,PER_100000_POP,KZSEV,U,,5.44
2012,PER_100000_POP,KZVOS,U,,7.37
2012,PER_100000_POP,KZNS,U,,7.63
2012,PER_100000_POP,KZALA,U,,9.1
2012,PER_100000_POP,,R,,4.26
2012,PER_100000_POP,KZAKM,R,,9.51
2012,PER_100000_POP,KZAKT,R,,2.31
2012,PER_100000_POP,KZALM,R,,5.2
2012,PER_100000_POP,KZATY,R,,3.51
2012,PER_100000_POP,KZZAP,R,,4.13
2012,PER_100000_POP,KZZHA,R,,5.02
2012,PER_100000_POP,KZKAR,R,,8.49
2012,PER_100000_POP,KZKUS,R,,7.65
2012,PER_100000_POP,KZKZY,R,,0.73
2012,PER_100000_POP,KZMAN,R,,1.1
2012,PER_100000_POP,KZONT,R,,1.12
2012,PER_100000_POP,KZPAV,R,,6.47
2012,PER_100000_POP,KZSEV,R,,2.33
2012,PER_100000_POP,KZVOS,R,,7.23
2012,PER_100000_POP,,,M,8.86
2012,PER_100000_POP,KZAKM,,M,13.01
2012,PER_100000_POP,KZAKT,,M,5.51
2012,PER_100000_POP,KZALM,,M,8.34
2012,PER_100000_POP,KZATY,,M,4.46
2012,PER_100000_POP,KZZAP,,M,7.07
2012,PER_100000_POP,KZZHA,,M,8.27
2012,PER_100000_POP,KZKAR,,M,17.43
2012,PER_100000_POP,KZKUS,,M,14.69
2012,PER_100000_POP,KZKZY,,M,0.83
2012,PER_100000_POP,KZMAN,,M,1.81
2012,PER_100000_POP,KZONT,,M,2.74
2012,PER_100000_POP,KZPAV,,M,11.93
2012,PER_100000_POP,KZSEV,,M,5.41
2012,PER_100000_POP,KZVOS,,M,10.71
2012,PER_100000_POP,KZNS,,M,11.43
2012,PER_100000_POP,KZALA,,M,16.36
2012,PER_100000_POP,,U,M,11.07
2012,PER_100000_POP,KZAKM,U,M,11.83
2012,PER_100000_POP,KZAKT,U,M,6.53
2012,PER_100000_POP,KZALM,U,M,9.38
2012,PER_100000_POP,KZATY,U,M,3.17
2012,PER_100000_POP,KZZAP,U,M,7.93
2012,PER_100000_POP,KZZHA,U,M,9.97
2012,PER_100000_POP,KZKAR,U,M,18.8
2012,PER_100000_POP,KZKUS,U,M,17.07
2012,PER_100000_POP,KZKZY,U,M,0.67
2012,PER_100000_POP,KZMAN,U,M,1.44
2012,PER_100000_POP,KZONT,U,M,4.6
2012,PER_100000_POP,KZPAV,U,M,13.47
2012,PER_100000_POP,KZSEV,U,M,9.25
2012,PER_100000_POP,KZVOS,U,M,10.96
2012,PER_100000_POP,KZNS,U,M,11.43
2012,PER_100000_POP,KZALA,U,M,16.36
2012,PER_100000_POP,,R,M,6.36
2012,PER_100000_POP,KZAKM,R,M,13.99
2012,PER_100000_POP,KZAKT,R,M,3.96
2012,PER_100000_POP,KZALM,R,M,8.04
2012,PER_100000_POP,KZATY,R,M,5.59
2012,PER_100000_POP,KZZAP,R,M,6.32
2012,PER_100000_POP,KZZHA,R,M,7.21
2012,PER_100000_POP,KZKAR,R,M,12.84
2012,PER_100000_POP,KZKUS,R,M,12.37
2012,PER_100000_POP,KZKZY,R,M,0.95
2012,PER_100000_POP,KZMAN,R,M,2.18
2012,PER_100000_POP,KZONT,R,M,1.6
2012,PER_100000_POP,KZPAV,R,M,8.72
2012,PER_100000_POP,KZSEV,R,M,2.96
2012,PER_100000_POP,KZVOS,R,M,10.38
2012,PER_100000_POP,,,F,3.03
2012,PER_100000_POP,KZAKM,,F,4.49
2012,PER_100000_POP,KZAKT,,F,2.68
2012,PER_100000_POP,KZALM,,F,3.57
2012,PER_100000_POP,KZATY,,F,1.79
2012,PER_100000_POP,KZZAP,,F,1.89
2012,PER_100000_POP,KZZHA,,F,3.68
2012,PER_100000_POP,KZKAR,,F,5.29
2012,PER_100000_POP,KZKUS,,F,5.17
2012,PER_100000_POP,KZKZY,,F,0.28
2012,PER_100000_POP,KZMAN,,F,0.36
2012,PER_100000_POP,KZONT,,F,1.05
2012,PER_100000_POP,KZPAV,,F,3.53
2012,PER_100000_POP,KZSEV,,F,1.97
2012,PER_100000_POP,KZVOS,,F,4.24
2012,PER_100000_POP,KZNS,,F,4.07
2012,PER_100000_POP,KZALA,,F,3.02
2012,PER_100000_POP,,U,F,3.7
2012,PER_100000_POP,KZAKM,U,F,3.84
2012,PER_100000_POP,KZAKT,U,F,3.87
2012,PER_100000_POP,KZALM,U,F,7.23
2012,PER_100000_POP,KZATY,U,F,2.17
2012,PER_100000_POP,KZZAP,U,F,1.86
2012,PER_100000_POP,KZZHA,U,F,4.9
2012,PER_100000_POP,KZKAR,U,F,5.6
2012,PER_100000_POP,KZKUS,U,F,6.98
2012,PER_100000_POP,KZKZY,U,F,0.0
2012,PER_100000_POP,KZMAN,U,F,0.68
2012,PER_100000_POP,KZONT,U,F,1.68
2012,PER_100000_POP,KZPAV,U,F,3.23
2012,PER_100000_POP,KZSEV,U,F,2.29
2012,PER_100000_POP,KZVOS,U,F,4.32
2012,PER_100000_POP,KZNS,U,F,4.07
2012,PER_100000_POP,KZALA,U,F,3.02
2012,PER_100000_POP,,R,F,2.16
2012,PER_100000_POP,KZAKM,R,F,5.1
2012,PER_100000_POP,KZAKT,R,F,0.66
2012,PER_100000_POP,KZALM,R,F,2.41
2012,PER_100000_POP,KZATY,R,F,1.41
2012,PER_100000_POP,KZZAP,R,F,1.91
2012,PER_100000_POP,KZZHA,R,F,2.82
2012,PER_100000_POP,KZKAR,R,F,4.09
2012,PER_100000_POP,KZKUS,R,F,3.17
2012,PER_100000_POP,KZKZY,R,F,0.49
2012,PER_100000_POP,KZMAN,R,F,0.0
2012,PER_100000_POP,KZONT,R,F,0.63
2012,PER_100000_POP,KZPAV,R,F,4.27
2012,PER_100000_POP,KZSEV,R,F,1.73
2012,PER_100000_POP,KZVOS,R,F,4.11
2013,PER_100000_POP,,,,4.63
2013,PER_100000_POP,KZAKM,,,6.4
2013,PER_100000_POP,KZAKT,,,3.24
2013,PER_100000_POP,KZALM,,,4.17
2013,PER_100000_POP,KZATY,,,2.32
2013,PER_100000_POP,KZZAP,,,3.7
2013,PER_100000_POP,KZZHA,,,7.33
2013,PER_100000_POP,KZKAR,,,6.59
2013,PER_100000_POP,KZKUS,,,8.29
2013,PER_100000_POP,KZKZY,,,2.32
2013,PER_100000_POP,KZMAN,,,1.04
2013,PER_100000_POP,KZONT,,,3.14
2013,PER_100000_POP,KZPAV,,,3.2
2013,PER_100000_POP,KZSEV,,,3.63
2013,PER_100000_POP,KZVOS,,,3.66
2013,PER_100000_POP,KZNS,,,6.28
2013,PER_100000_POP,KZALA,,,6.84
2013,PER_100000_POP,,U,,5.55
2013,PER_100000_POP,KZAKM,U,,5.21
2013,PER_100000_POP,KZAKT,U,,2.22
2013,PER_100000_POP,KZALM,U,,7.69
2013,PER_100000_POP,KZATY,U,,2.25
2013,PER_100000_POP,KZZAP,U,,4.26
2013,PER_100000_POP,KZZHA,U,,12.26
2013,PER_100000_POP,KZKAR,U,,7.64
2013,PER_100000_POP,KZKUS,U,,9.05
2013,PER_100000_POP,KZKZY,U,,1.91
2013,PER_100000_POP,KZMAN,U,,1.03
2013,PER_100000_POP,KZONT,U,,4.72
2013,PER_100000_POP,KZPAV,U,,4.03
2013,PER_100000_POP,KZSEV,U,,2.5
2013,PER_100000_POP,KZVOS,U,,2.69
2013,PER_100000_POP,KZNS,U,,6.28
2013,PER_100000_POP,KZALA,U,,6.84
2013,PER_100000_POP,,R,,3.52
2013,PER_100000_POP,KZAKM,R,,7.46
2013,PER_100000_POP,KZAKT,R,,4.88
2013,PER_100000_POP,KZALM,R,,3.11
2013,PER_100000_POP,KZATY,R,,2.37
2013,PER_100000_POP,KZZAP,R,,3.17
2013,PER_100000_POP,KZZHA,R,,4.03
2013,PER_100000_POP,KZKAR,R,,2.73
2013,PER_100000_POP,KZKUS,R,,7.48
2013,PER_100000_POP,KZKZY,R,,2.62
2013,PER_100000_POP,KZMAN,R,,1.04
2013,PER_100000_POP,KZONT,R,,2.13
2013,PER_100000_POP,KZPAV,R,,1.31
2013,PER_100000_POP,KZSEV,R,,4.44
2013,PER_100000_POP,KZVOS,R,,5.04
2013,PER_100000_POP,,,M,6.87
2013,PER_100000_POP,KZAKM,,M,9.31
2013,PER_100000_POP,KZAKT,,M,4.14
2013,PER_100000_POP,KZALM,,M,5.59
2013,PER_100000_POP,KZATY,,M,3.27
2013,PER_100000_POP,KZZAP,,M,6.0
2013,PER_100000_POP,KZZHA,,M,8.91
2013,PER_100000_POP,KZKAR,,M,11.0
2013,PER_100000_POP,KZKUS,,M,13.23
2013,PER_100000_POP,KZKZY,,M,3.28
2013,PER_100000_POP,KZMAN,,M,1.74
2013,PER_100000_POP,KZONT,,M,4.1
2013,PER_100000_POP,KZPAV,,M,5.09
2013,PER_100000_POP,KZSEV,,M,5.81
2013,PER_100000_POP,KZVOS,,M,5.43
2013,PER_100000_POP,KZNS,,M,9.89
2013,PER_100000_POP,KZALA,,M,12.07
2013,PER_100000_POP,,U,M,8.74
2013,PER_100000_POP,KZAKM,U,M,8.04
2013,PER_100000_POP,KZAKT,U,M,2.57
2013,PER_100000_POP,KZALM,U,M,10.63
2013,PER_100000_POP,KZATY,U,M,3.93
2013,PER_100000_POP,KZZAP,U,M,8.51
2013,PER_100000_POP,KZZHA,U,M,15.19
2013,PER_100000_POP,KZKAR,U,M,12.65
2013,PER_100000_POP,KZKUS,U,M,15.46
2013,PER_100000_POP,KZKZY,U,M,2.62
2013,PER_100000_POP,KZMAN,U,M,2.12
2013,PER_100000_POP,KZONT,U,M,7.04
2013,PER_100000_POP,KZPAV,U,M,6.67
2013,PER_100000_POP,KZSEV,U,M,3.68
2013,PER_100000_POP,KZVOS,U,M,3.98
2013,PER_100000_POP,KZNS,U,M,9.89
2013,PER_100000_POP,KZALA,U,M,12.07
2013,PER_100000_POP,,R,M,4.74
2013,PER_100000_POP,KZAKM,R,M,10.37
2013,PER_100000_POP,KZAKT,R,M,6.51
2013,PER_100000_POP,KZALM,R,M,4.14
2013,PER_100000_POP,KZATY,R,M,2.7
2013,PER_100000_POP,KZZAP,R,M,3.78
2013,PER_100000_POP,KZZHA,R,M,4.95
2013,PER_100000_POP,KZKAR,R,M,5.42
2013,PER_100000_POP,KZKUS,R,M,11.02
2013,PER_100000_POP,KZKZY,R,M,3.75
2013,PER_100000_POP,KZMAN,R,M,1.38
2013,PER_100000_POP,KZONT,R,M,2.29
2013,PER_100000_POP,KZPAV,R,M,1.76
2013,PER_100000_POP,KZSEV,R,M,7.2
2013,PER_100000_POP,KZVOS,R,M,7.34
2013,PER_100000_POP,,,F,2.54
2013,PER_100000_POP,KZAKM,,F,3.69
2013,PER_100000_POP,KZAKT,,F,2.41
2013,PER_100000_POP,KZALM,,F,2.8
2013,PER_100000_POP,KZATY,,F,1.4
2013,PER_100000_POP,KZZAP,,F,1.56
2013,PER_100000_POP,KZZHA,,F,5.82
2013,PER_100000_POP,KZKAR,,F,2.64
2013,PER_100000_POP,KZKUS,,F,3.87
2013,PER_100000_POP,KZKZY,,F,1.36
2013,PER_100000_POP,KZMAN,,F,0.34
2013,PER_100000_POP,KZONT,,F,2.2
2013,PER_100000_POP,KZPAV,,F,1.51
2013,PER_100000_POP,KZSEV,,F,1.65
2013,PER_100000_POP,KZVOS,,F,2.05
2013,PER_100000_POP,KZNS,,F,2.91
2013,PER_100000_POP,KZALA,,F,2.46
2013,PER_100000_POP,,U,F,2.74
2013,PER_100000_POP,KZAKM,U,F,2.72
2013,PER_100000_POP,KZAKT,U,F,1.91
2013,PER_100000_POP,KZALM,U,F,5.03
2013,PER_100000_POP,KZATY,U,F,0.72
2013,PER_100000_POP,KZZAP,U,F,0.61
2013,PER_100000_POP,KZZHA,U,F,9.65
2013,PER_100000_POP,KZKAR,U,F,3.31
2013,PER_100000_POP,KZKUS,U,F,3.66
2013,PER_100000_POP,KZKZY,U,F,1.25
2013,PER_100000_POP,KZMAN,U,F,0.0
2013,PER_100000_POP,KZONT,U,F,2.56
2013,PER_100000_POP,KZPAV,U,F,1.78
2013,PER_100000_POP,KZSEV,U,F,1.52
2013,PER_100000_POP,KZVOS,U,F,1.58
2013,PER_100000_POP,KZNS,U,F,2.91
2013,PER_100000_POP,KZALA,U,F,2.46
2013,PER_100000_POP,,R,F,2.29
2013,PER_100000_POP,KZAKM,R,F,4.59
2013,PER_100000_POP,KZAKT,R,F,3.24
2013,PER_100000_POP,KZALM,R,F,2.1
2013,PER_100000_POP,KZATY,R,F,2.05
2013,PER_100000_POP,KZZAP,R,F,2.55
2013,PER_100000_POP,KZZHA,R,F,3.11
2013,PER_100000_POP,KZKAR,R,F,0.0
2013,PER_100000_POP,KZKUS,R,F,4.11
2013,PER_100000_POP,KZKZY,R,F,1.45
2013,PER_100000_POP,KZMAN,R,F,0.7
2013,PER_100000_POP,KZONT,R,F,1.96
2013,PER_100000_POP,KZPAV,R,F,0.86
2013,PER_100000_POP,KZSEV,R,F,1.75
2013,PER_100000_POP,KZVOS,R,F,2.77
2014,PER_100000_POP,,,,4.35
2014,PER_100000_POP,KZAKM,,,8.29
2014,PER_100000_POP,KZAKT,,,2.45
2014,PER_100000_POP,KZALM,,,3.74
2014,PER_100000_POP,KZATY,,,3.65
2014,PER_100000_POP,KZZAP,,,4.15
2014,PER_100000_POP,KZZHA,,,3.76
2014,PER_100000_POP,KZKAR,,,5.6
2014,PER_100000_POP,KZKUS,,,8.4
2014,PER_100000_POP,KZKZY,,,1.34
2014,PER_100000_POP,KZMAN,,,1.51
2014,PER_100000_POP,KZONT,,,4.13
2014,PER_100000_POP,KZPAV,,,3.98
2014,PER_100000_POP,KZSEV,,,3.31
2014,PER_100000_POP,KZVOS,,,3.87
2014,PER_100000_POP,KZNS,,,5.04
2014,PER_100000_POP,KZALA,,,5.15
2014,PER_100000_POP,,U,,4.75
2014,PER_100000_POP,KZAKM,U,,8.36
2014,PER_100000_POP,KZAKT,U,,2.18
2014,PER_100000_POP,KZALM,U,,3.47
2014,PER_100000_POP,KZATY,U,,2.97
2014,PER_100000_POP,KZZAP,U,,5.81
2014,PER_100000_POP,KZZHA,U,,3.64
2014,PER_100000_POP,KZKAR,U,,6.37
2014,PER_100000_POP,KZKUS,U,,7.21
2014,PER_100000_POP,KZKZY,U,,1.56
2014,PER_100000_POP,KZMAN,U,,1.43
2014,PER_100000_POP,KZONT,U,,5.7
2014,PER_100000_POP,KZPAV,U,,4.36
2014,PER_100000_POP,KZSEV,U,,2.89
2014,PER_100000_POP,KZVOS,U,,3.64
2014,PER_100000_POP,KZNS,U,,5.04
2014,PER_100000_POP,KZALA,U,,5.15
2014,PER_100000_POP,,R,,3.84
2014,PER_100000_POP,KZAKM,R,,8.22
2014,PER_100000_POP,KZAKT,R,,2.89
2014,PER_100000_POP,KZALM,R,,3.82
2014,PER_100000_POP,KZATY,R,,4.26
2014,PER_100000_POP,KZZAP,R,,2.52
2014,PER_100000_POP,KZZHA,R,,3.84
2014,PER_100000_POP,KZKAR,R,,2.75
2014,PER_100000_POP,KZKUS,R,,9.68
2014,PER_100000_POP,KZKZY,R,,1.18
2014,PER_100000_POP,KZMAN,R,,1.58
2014,PER_100000_POP,KZONT,R,,3.0
2014,PER_100000_POP,KZPAV,R,,3.09
2014,PER_100000_POP,KZSEV,R,,3.62
2014,PER_100000_POP,KZVOS,R,,4.21
2014,PER_100000_POP,,,M,6.29
2014,PER_100000_POP,KZAKM,,M,12.66
2014,PER_100000_POP,KZAKT,,M,3.81
2014,PER_100000_POP,KZALM,,M,5.21
2014,PER_100000_POP,KZATY,,M,3.55
2014,PER_100000_POP,KZZAP,,M,5.94
2014,PER_100000_POP,KZZHA,,M,5.79
2014,PER_100000_POP,KZKAR,,M,8.16
2014,PER_100000_POP,KZKUS,,M,10.57
2014,PER_100000_POP,KZKZY,,M,2.15
2014,PER_100000_POP,KZMAN,,M,1.01
2014,PER_100000_POP,KZONT,,M,5.55
2014,PER_100000_POP,KZPAV,,M,6.19
2014,PER_100000_POP,KZSEV,,M,4.75
2014,PER_100000_POP,KZVOS,,M,6.18
2014,PER_100000_POP,KZNS,,M,6.71
2014,PER_100000_POP,KZALA,,M,9.6
2014,PER_100000_POP,,U,M,7.34
2014,PER_100000_POP,KZAKM,U,M,12.93
2014,PER_100000_POP,KZAKT,U,M,3.77
2014,PER_100000_POP,KZALM,U,M,5.46
2014,PER_100000_POP,KZATY,U,M,4.66
2014,PER_100000_POP,KZZAP,U,M,10.46
2014,PER_100000_POP,KZZHA,U,M,5.29
2014,PER_100000_POP,KZKAR,U,M,9.54
2014,PER_100000_POP,KZKUS,U,M,10.03
2014,PER_100000_POP,KZKZY,U,M,2.55
2014,PER_100000_POP,KZMAN,U,M,0.0
2014,PER_100000_POP,KZONT,U,M,7.84
2014,PER_100000_POP,KZPAV,U,M,6.59
2014,PER_100000_POP,KZSEV,U,M,4.56
2014,PER_100000_POP,KZVOS,U,M,6.32
2014,PER_100000_POP,KZNS,U,M,6.71
2014,PER_100000_POP,KZALA,U,M,9.6
2014,PER_100000_POP,,R,M,5.04
2014,PER_100000_POP,KZAKM,R,M,12.43
2014,PER_100000_POP,KZAKT,R,M,3.87
2014,PER_100000_POP,KZALM,R,M,5.13
2014,PER_100000_POP,KZATY,R,M,2.61
2014,PER_100000_POP,KZZAP,R,M,1.88
2014,PER_100000_POP,KZZHA,R,M,6.11
2014,PER_100000_POP,KZKAR,R,M,3.41
2014,PER_100000_POP,KZKUS,R,M,11.11
2014,PER_100000_POP,KZKZY,R,M,1.85
2014,PER_100000_POP,KZMAN,R,M,1.9
2014,PER_100000_POP,KZONT,R,M,3.95
2014,PER_100000_POP,KZPAV,R,M,5.32
2014,PER_100000_POP,KZSEV,R,M,4.88
2014,PER_100000_POP,KZVOS,R,M,5.99
2014,PER_100000_POP,,,F,2.54
2014,PER_100000_POP,KZAKM,,F,4.2
2014,PER_100000_POP,KZAKT,,F,1.18
2014,PER_100000_POP,KZALM,,F,2.32
2014,PER_100000_POP,KZATY,,F,3.76
2014,PER_100000_POP,KZZAP,,F,2.47
2014,PER_100000_POP,KZZHA,,F,1.8
2014,PER_100000_POP,KZKAR,,F,3.31
2014,PER_100000_POP,KZKUS,,F,6.45
2014,PER_100000_POP,KZKZY,,F,0.54
2014,PER_100000_POP,KZMAN,,F,2.0
2014,PER_100000_POP,KZONT,,F,2.73
2014,PER_100000_POP,KZPAV,,F,2.01
2014,PER_100000_POP,KZSEV,,F,2.0
2014,PER_100000_POP,KZVOS,,F,1.78
2014,PER_100000_POP,KZNS,,F,3.48
2014,PER_100000_POP,KZALA,,F,1.4
2014,PER_100000_POP,,U,F,2.46
2014,PER_100000_POP,KZAKM,U,F,4.34
2014,PER_100000_POP,KZAKT,U,F,0.75
2014,PER_100000_POP,KZALM,U,F,1.65
2014,PER_100000_POP,KZATY,U,F,1.42
2014,PER_100000_POP,KZZAP,U,F,1.8
2014,PER_100000_POP,KZZHA,U,F,2.16
2014,PER_100000_POP,KZKAR,U,F,3.62
2014,PER_100000_POP,KZKUS,U,F,4.83
2014,PER_100000_POP,KZKZY,U,F,0.61
2014,PER_100000_POP,KZMAN,U,F,2.82
2014,PER_100000_POP,KZONT,U,F,3.68
2014,PER_100000_POP,KZPAV,U,F,2.46
2014,PER_100000_POP,KZSEV,U,F,1.51
2014,PER_100000_POP,KZVOS,U,F,1.35
2014,PER_100000_POP,KZNS,U,F,3.48
2014,PER_100000_POP,KZALA,U,F,1.4
2014,PER_100000_POP,,R,F,2.64
2014,PER_100000_POP,KZAKM,R,F,4.08
2014,PER_100000_POP,KZAKT,R,F,1.92
2014,PER_100000_POP,KZALM,R,F,2.53
2014,PER_100000_POP,KZATY,R,F,5.93
2014,PER_100000_POP,KZZAP,R,F,3.17
2014,PER_100000_POP,KZZHA,R,F,1.54
2014,PER_100000_POP,KZKAR,R,F,2.08
2014,PER_100000_POP,KZKUS,R,F,8.31
2014,PER_100000_POP,KZKZY,R,F,0.48
2014,PER_100000_POP,KZMAN,R,F,1.26
2014,PER_100000_POP,KZONT,R,F,2.02
2014,PER_100000_POP,KZPAV,R,F,0.88
2014,PER_100000_POP,KZSEV,R,F,2.38
2014,PER_100000_POP,KZVOS,R,F,2.45
2015,PER_100000_POP,,,,3.73
2015,PER_100000_POP,KZAKM,,,8.1
2015,PER_100000_POP,KZAKT,,,2.41
2015,PER_100000_POP,KZALM,,,5.53
2015,PER_100000_POP,KZATY,,,0.85
2015,PER_100000_POP,KZZAP,,,2.84
2015,PER_100000_POP,KZZHA,,,1.81
2015,PER_100000_POP,KZKAR,,,5.5
2015,PER_100000_POP,KZKUS,,,7.59
2015,PER_100000_POP,KZKZY,,,1.32
2015,PER_100000_POP,KZMAN,,,0.32
2015,PER_100000_POP,KZONT,,,2.38
2015,PER_100000_POP,KZPAV,,,0.92
2015,PER_100000_POP,KZSEV,,,2.45
2015,PER_100000_POP,KZVOS,,,3.58
2015,PER_100000_POP,KZNS,,,5.22
2015,PER_100000_POP,KZALA,,,5.2
2015,PER_100000_POP,,U,,4.02
2015,PER_100000_POP,KZAKM,U,,9.73
2015,PER_100000_POP,KZAKT,U,,2.52
2015,PER_100000_POP,KZALM,U,,8.33
2015,PER_100000_POP,KZATY,U,,1.08
2015,PER_100000_POP,KZZAP,U,,2.86
2015,PER_100000_POP,KZZHA,U,,1.57
2015,PER_100000_POP,KZKAR,U,,5.4
2015,PER_100000_POP,KZKUS,U,,7.55
2015,PER_100000_POP,KZKZY,U,,1.21
2015,PER_100000_POP,KZMAN,U,,0.37
2015,PER_100000_POP,KZONT,U,,2.69
2015,PER_100000_POP,KZPAV,U,,0.56
2015,PER_100000_POP,KZSEV,U,,0.81
2015,PER_100000_POP,KZVOS,U,,2.89
2015,PER_100000_POP,KZNS,U,,5.22
2015,PER_100000_POP,KZALA,U,,5.2
2015,PER_100000_POP,,R,,3.37
2015,PER_100000_POP,KZAKM,R,,6.65
2015,PER_100000_POP,KZAKT,R,,2.24
2015,PER_100000_POP,KZALM,R,,4.64
2015,PER_100000_POP,KZATY,R,,0.65
2015,PER_100000_POP,KZZAP,R,,2.82
2015,PER_100000_POP,KZZHA,R,,1.97
2015,PER_100000_POP,KZKAR,R,,5.88
2015,PER_100000_POP,KZKUS,R,,7.64
2015,PER_100000_POP,KZKZY,R,,1.4
2015,PER_100000_POP,KZMAN,R,,0.29
2015,PER_100000_POP,KZONT,R,,2.13
2015,PER_100000_POP,KZPAV,R,,1.78
2015,PER_100000_POP,KZSEV,R,,3.7
2015,PER_100000_POP,KZVOS,R,,4.61
2015,PER_100000_POP,,,M,5.25
2015,PER_100000_POP,KZAKM,,M,11.18
2015,PER_100000_POP,KZAKT,,M,2.75
2015,PER_100000_POP,KZALM,,M,7.14
2015,PER_100000_POP,KZATY,,M,1.04
2015,PER_100000_POP,KZZAP,,M,4.25
2015,PER_100000_POP,KZZHA,,M,2.21
2015,PER_100000_POP,KZKAR,,M,8.42
2015,PER_100000_POP,KZKUS,,M,11.02
2015,PER_100000_POP,KZKZY,,M,1.58
2015,PER_100000_POP,KZMAN,,M,0.33
2015,PER_100000_POP,KZONT,,M,2.93
2015,PER_100000_POP,KZPAV,,M,1.68
2015,PER_100000_POP,KZSEV,,M,3.68
2015,PER_100000_POP,KZVOS,,M,4.36
2015,PER_100000_POP,KZNS,,M,7.45
2015,PER_100000_POP,KZALA,,M,9.55
2015,PER_100000_POP,,U,M,6.06
2015,PER_100000_POP,KZAKM,U,M,12.83
2015,PER_100000_POP,KZAKT,U,M,3.27
2015,PER_100000_POP,KZALM,U,M,12.54
2015,PER_100000_POP,KZATY,U,M,1.5
2015,PER_100000_POP,KZZAP,U,M,4.8
2015,PER_100000_POP,KZZHA,U,M,2.37
2015,PER_100000_POP,KZKAR,U,M,8.47
2015,PER_100000_POP,KZKUS,U,M,11.3
2015,PER_100000_POP,KZKZY,U,M,1.24
2015,PER_100000_POP,KZMAN,U,M,0.0
2015,PER_100000_POP,KZONT,U,M,3.42
2015,PER_100000_POP,KZPAV,U,M,0.82
2015,PER_100000_POP,KZSEV,U,M,1.79
2015,PER_100000_POP,KZVOS,U,M,3.65
2015,PER_100000_POP,KZNS,U,M,7.45
2015,PER_100000_POP,KZALA,U,M,9.55
2015,PER_100000_POP,,R,M,4.26
2015,PER_100000_POP,KZAKM,R,M,9.79
2015,PER_100000_POP,KZAKT,R,M,1.92
2015,PER_100000_POP,KZALM,R,M,5.49
2015,PER_100000_POP,KZATY,R,M,0.64
2015,PER_100000_POP,KZZAP,R,M,3.74
2015,PER_100000_POP,KZZHA,R,M,2.12
2015,PER_100000_POP,KZKAR,R,M,8.23
2015,PER_100000_POP,KZKUS,R,M,10.74
2015,PER_100000_POP,KZKZY,R,M,1.83
2015,PER_100000_POP,KZMAN,R,M,0.58
2015,PER_100000_POP,KZONT,R,M,2.55
2015,PER_100000_POP,KZPAV,R,M,3.57
2015,PER_100000_POP,KZSEV,R,M,4.98
2015,PER_100000_POP,KZVOS,R,M,5.33
2015,PER_100000_POP,,,F,2.32
2015,PER_100000_POP,KZAKM,,F,5.23
2015,PER_100000_POP,KZAKT,,F,2.1
2015,PER_100000_POP,KZALM,,F,3.97
2015,PER_100000_POP,KZATY,,F,0.67
2015,PER_100000_POP,KZZAP,,F,1.53
2015,PER_100000_POP,KZZHA,,F,1.42
2015,PER_100000_POP,KZKAR,,F,2.89
2015,PER_100000_POP,KZKUS,,F,4.51
2015,PER_100000_POP,KZKZY,,F,1.05
2015,PER_100000_POP,KZMAN,,F,0.32
2015,PER_100000_POP,KZONT,,F,1.84
2015,PER_100000_POP,KZPAV,,F,0.25
2015,PER_100000_POP,KZSEV,,F,1.34
2015,PER_100000_POP,KZVOS,,F,2.87
2015,PER_100000_POP,KZNS,,F,3.13
2015,PER_100000_POP,KZALA,,F,1.54
2015,PER_100000_POP,,U,F,2.2
2015,PER_100000_POP,KZAKM,U,F,7.01
2015,PER_100000_POP,KZAKT,U,F,1.84
2015,PER_100000_POP,KZALM,U,F,4.49
2015,PER_100000_POP,KZATY,U,F,0.69
2015,PER_100000_POP,KZZAP,U,F,1.18
2015,PER_100000_POP,KZZHA,U,F,0.85
2015,PER_100000_POP,KZKAR,U,F,2.74
2015,PER_100000_POP,KZKUS,U,F,4.38
2015,PER_100000_POP,KZKZY,U,F,1.19
2015,PER_100000_POP,KZMAN,U,F,0.74
2015,PER_100000_POP,KZONT,U,F,2.0
2015,PER_100000_POP,KZPAV,U,F,0.35
2015,PER_100000_POP,KZSEV,U,F,0.0
2015,PER_100000_POP,KZVOS,U,F,2.23
2015,PER_100000_POP,KZNS,U,F,3.13
2015,PER_100000_POP,KZALA,U,F,1.54
2015,PER_100000_POP,,R,F,2.47
2015,PER_100000_POP,KZAKM,R,F,3.55
2015,PER_100000_POP,KZAKT,R,F,2.55
2015,PER_100000_POP,KZALM,R,F,3.8
2015,PER_100000_POP,KZATY,R,F,0.65
2015,PER_100000_POP,KZZAP,R,F,1.89
2015,PER_100000_POP,KZZHA,R,F,1.83
2015,PER_100000_POP,KZKAR,R,F,3.49
2015,PER_100000_POP,KZKUS,R,F,4.67
2015,PER_100000_POP,KZKZY,R,F,0.95
2015,PER_100000_POP,KZMAN,R,F,0.0
2015,PER_100000_POP,KZONT,R,F,1.69
2015,PER_100000_POP,KZPAV,R,F,0.0
2015,PER_100000_POP,KZSEV,R,F,2.44
2015,PER_100000_POP,KZVOS,R,F,3.89
2016,PER_100000_POP,,,,3.15
2016,PER_100000_POP,KZAKM,,,7.03
2016,PER_100000_POP,KZAKT,,,1.9
2016,PER_100000_POP,KZALM,,,4.02
2016,PER_100000_POP,KZATY,,,1.33
2016,PER_100000_POP,KZZAP,,,2.82
2016,PER_100000_POP,KZZHA,,,1.8
2016,PER_100000_POP,KZKAR,,,3.83
2016,PER_100000_POP,KZKUS,,,5.56
2016,PER_100000_POP,KZKZY,,,1.04
2016,PER_100000_POP,KZMAN,,,1.26
2016,PER_100000_POP,KZONT,,,2.8
2016,PER_100000_POP,KZPAV,,,1.98
2016,PER_100000_POP,KZSEV,,,3.18
2016,PER_100000_POP,KZVOS,,,2.58
2016,PER_100000_POP,KZNS,,,3.58
2016,PER_100000_POP,KZALA,,,3.94
2016,PER_100000_POP,,U,,3.09
2016,PER_100000_POP,KZAKM,U,,6.86
2016,PER_100000_POP,KZAKT,U,,1.9
2016,PER_100000_POP,KZALM,U,,4.86
2016,PER_100000_POP,KZATY,U,,1.74
2016,PER_100000_POP,KZZAP,U,,2.49
2016,PER_100000_POP,KZZHA,U,,0.67
2016,PER_100000_POP,KZKAR,U,,4.19
2016,PER_100000_POP,KZKUS,U,,3.42
2016,PER_100000_POP,KZKZY,U,,1.48
2016,PER_100000_POP,KZMAN,U,,1.1
2016,PER_100000_POP,KZONT,U,,2.95
2016,PER_100000_POP,KZPAV,U,,1.68
2016,PER_100000_POP,KZSEV,U,,2.41
2016,PER_100000_POP,KZVOS,U,,1.91
2016,PER_100000_POP,KZNS,U,,3.58
2016,PER_100000_POP,KZALA,U,,3.94
2016,PER_100000_POP,,R,,3.24
2016,PER_100000_POP,KZAKM,R,,7.19
2016,PER_100000_POP,KZAKT,R,,1.91
2016,PER_100000_POP,KZALM,R,,3.75
2016,PER_100000_POP,KZATY,R,,0.96
2016,PER_100000_POP,KZZAP,R,,3.14
2016,PER_100000_POP,KZZHA,R,,2.56
2016,PER_100000_POP,KZKAR,R,,2.45
2016,PER_100000_POP,KZKUS,R,,7.98
2016,PER_100000_POP,KZKZY,R,,0.69
2016,PER_100000_POP,KZMAN,R,,1.38
2016,PER_100000_POP,KZONT,R,,2.68
2016,PER_100000_POP,KZPAV,R,,2.69
2016,PER_100000_POP,KZSEV,R,,3.78
2016,PER_100000_POP,KZVOS,R,,3.6
2016,PER_100000_POP,,,M,4.43
2016,PER_100000_POP,KZAKM,,M,10.07
2016,PER_100000_POP,KZAKT,,M,3.45
2016,PER_100000_POP,KZALM,,M,5.99
2016,PER_100000_POP,KZATY,,M,2.71
2016,PER_100000_POP,KZZAP,,M,3.24
2016,PER_100000_POP,KZZHA,,M,2.2
2016,PER_100000_POP,KZKAR,,M,5.49
2016,PER_100000_POP,KZKUS,,M,8.39
2016,PER_100000_POP,KZKZY,,M,1.56
2016,PER_100000_POP,KZMAN,,M,1.58
2016,PER_100000_POP,KZONT,,M,2.88
2016,PER_100000_POP,KZPAV,,M,3.07
2016,PER_100000_POP,KZSEV,,M,3.7
2016,PER_100000_POP,KZVOS,,M,3.62
2016,PER_100000_POP,KZNS,,M,5.85
2016,PER_100000_POP,KZALA,,M,6.21
2016,PER_100000_POP,,U,M,4.59
2016,PER_100000_POP,KZAKM,U,M,9.74
2016,PER_100000_POP,KZAKT,U,M,4.01
2016,PER_100000_POP,KZALM,U,M,8.41
2016,PER_100000_POP,KZATY,U,M,3.63
2016,PER_100000_POP,KZZAP,U,M,2.69
2016,PER_100000_POP,KZZHA,U,M,0.94
2016,PER_100000_POP,KZKAR,U,M,5.68
2016,PER_100000_POP,KZKUS,U,M,5.59
2016,PER_100000_POP,KZKZY,U,M,2.43
2016,PER_100000_POP,KZMAN,U,M,0.73
2016,PER_100000_POP,KZONT,U,M,3.5
2016,PER_100000_POP,KZPAV,U,M,2.84
2016,PER_100000_POP,KZSEV,U,M,3.54
2016,PER_100000_POP,KZVOS,U,M,2.33
2016,PER_100000_POP,KZNS,U,M,5.85
2016,PER_100000_POP,KZALA,U,M,6.21
2016,PER_100000_POP,,R,M,4.23
2016,PER_100000_POP,KZAKM,R,M,10.35
2016,PER_100000_POP,KZAKT,R,M,2.55
2016,PER_100000_POP,KZALM,R,M,5.25
2016,PER_100000_POP,KZATY,R,M,1.9
2016,PER_100000_POP,KZZAP,R,M,3.74
2016,PER_100000_POP,KZZHA,R,M,3.0
2016,PER_100000_POP,KZKAR,R,M,4.84
2016,PER_100000_POP,KZKUS,R,M,11.35
2016,PER_100000_POP,KZKZY,R,M,0.91
2016,PER_100000_POP,KZMAN,R,M,2.23
2016,PER_100000_POP,KZONT,R,M,2.39
2016,PER_100000_POP,KZPAV,R,M,3.59
2016,PER_100000_POP,KZSEV,R,M,3.81
2016,PER_100000_POP,KZVOS,R,M,5.41
2016,PER_100000_POP,,,F,1.96
2016,PER_100000_POP,KZAKM,,F,4.19
2016,PER_100000_POP,KZAKT,,F,0.46
2016,PER_100000_POP,KZALM,,F,2.11
2016,PER_100000_POP,KZATY,,F,0.0
2016,PER_100000_POP,KZZAP,,F,2.42
2016,PER_100000_POP,KZZHA,,F,1.41
2016,PER_100000_POP,KZKAR,,F,2.33
2016,PER_100000_POP,KZKUS,,F,3.02
2016,PER_100000_POP,KZKZY,,F,0.52
2016,PER_100000_POP,KZMAN,,F,0.94
2016,PER_100000_POP,KZONT,,F,2.71
2016,PER_100000_POP,KZPAV,,F,1.0
2016,PER_100000_POP,KZSEV,,F,2.7
2016,PER_100000_POP,KZVOS,,F,1.65
2016,PER_100000_POP,KZNS,,F,1.46
2016,PER_100000_POP,KZALA,,F,2.03
2016,PER_100000_POP,,U,F,1.75
2016,PER_100000_POP,KZAKM,U,F,4.31
2016,PER_100000_POP,KZAKT,U,F,0.0
2016,PER_100000_POP,KZALM,U,F,1.62
2016,PER_100000_POP,KZATY,U,F,0.0
2016,PER_100000_POP,KZZAP,U,F,2.32
2016,PER_100000_POP,KZZHA,U,F,0.42
2016,PER_100000_POP,KZKAR,U,F,2.9
2016,PER_100000_POP,KZKUS,U,F,1.58
2016,PER_100000_POP,KZKZY,U,F,0.58
2016,PER_100000_POP,KZMAN,U,F,1.47
2016,PER_100000_POP,KZONT,U,F,2.42
2016,PER_100000_POP,KZPAV,U,F,0.69
2016,PER_100000_POP,KZSEV,U,F,1.47
2016,PER_100000_POP,KZVOS,U,F,1.55
2016,PER_100000_POP,KZNS,U,F,1.46
2016,PER_100000_POP,KZALA,U,F,2.03
2016,PER_100000_POP,,R,F,2.25
2016,PER_100000_POP,KZAKM,R,F,4.08
2016,PER_100000_POP,KZAKT,R,F,1.27
2016,PER_100000_POP,KZALM,R,F,2.27
2016,PER_100000_POP,KZATY,R,F,0.0
2016,PER_100000_POP,KZZAP,R,F,2.53
2016,PER_100000_POP,KZZHA,R,F,2.12
2016,PER_100000_POP,KZKAR,R,F,0.0
2016,PER_100000_POP,KZKUS,R,F,4.74
2016,PER_100000_POP,KZKZY,R,F,0.47
2016,PER_100000_POP,KZMAN,R,F,0.55
2016,PER_100000_POP,KZONT,R,F,2.96
2016,PER_100000_POP,KZPAV,R,F,1.79
2016,PER_100000_POP,KZSEV,R,F,3.75
2016,PER_100000_POP,KZVOS,R,F,1.8
2017,PER_100000_POP,,,,2.95
2017,PER_100000_POP,KZAKM,,,6.11
2017,PER_100000_POP,KZAKT,,,2.47
2017,PER_100000_POP,KZALM,,,3.9
2017,PER_100000_POP,KZATY,,,0.98
2017,PER_100000_POP,KZZAP,,,1.86
2017,PER_100000_POP,KZZHA,,,1.79
2017,PER_100000_POP,KZKAR,,,3.76
2017,PER_100000_POP,KZKUS,,,3.31
2017,PER_100000_POP,KZKZY,,,1.93
2017,PER_100000_POP,KZMAN,,,1.84
2017,PER_100000_POP,KZONT,,,2.58
2017,PER_100000_POP,KZPAV,,,0.93
2017,PER_100000_POP,KZSEV,,,2.85
2017,PER_100000_POP,KZVOS,,,2.74
2017,PER_100000_POP,KZNS,,,3.0
2017,PER_100000_POP,KZALA,,,4.28
2017,PER_100000_POP,,U,,3.12
2017,PER_100000_POP,KZAKM,U,,6.02
2017,PER_100000_POP,KZAKT,U,,2.6
2017,PER_100000_POP,KZALM,U,,4.68
2017,PER_100000_POP,KZATY,U,,0.68
2017,PER_100000_POP,KZZAP,U,,2.74
2017,PER_100000_POP,KZZHA,U,,1.57
2017,PER_100000_POP,KZKAR,U,,4.1
2017,PER_100000_POP,KZKUS,U,,2.76
2017,PER_100000_POP,KZKZY,U,,3.2
2017,PER_100000_POP,KZMAN,U,,2.21
2017,PER_100000_POP,KZONT,U,,3.1
2017,PER_100000_POP,KZPAV,U,,1.12
2017,PER_100000_POP,KZSEV,U,,1.2
2017,PER_100000_POP,KZVOS,U,,1.9
2017,PER_100000_POP,KZNS,U,,3.0
2017,PER_100000_POP,KZALA,U,,4.28
2017,PER_100000_POP,,R,,2.73
2017,PER_100000_POP,KZAKM,R,,6.19
2017,PER_100000_POP,KZAKT,R,,2.24
2017,PER_100000_POP,KZALM,R,,3.66
2017,PER_100000_POP,KZATY,R,,1.25
2017,PER_100000_POP,KZZAP,R,,0.95
2017,PER_100000_POP,KZZHA,R,,1.94
2017,PER_100000_POP,KZKAR,R,,2.48
2017,PER_100000_POP,KZKUS,R,,3.94
2017,PER_100000_POP,KZKZY,R,,0.92
2017,PER_100000_POP,KZMAN,R,,1.58
2017,PER_100000_POP,KZONT,R,,2.15
2017,PER_100000_POP,KZPAV,R,,0.45
2017,PER_100000_POP,KZSEV,R,,4.18
2017,PER_100000_POP,KZVOS,R,,4.04
2017,PER_100000_POP,,,M,4.08
2017,PER_100000_POP,KZAKM,,M,8.13
2017,PER_100000_POP,KZAKT,,M,4.61
2017,PER_100000_POP,KZALM,,M,5.36
2017,PER_100000_POP,KZATY,,M,1.65
2017,PER_100000_POP,KZZAP,,M,2.89
2017,PER_100000_POP,KZZHA,,M,2.55
2017,PER_100000_POP,KZKAR,,M,5.65
2017,PER_100000_POP,KZKUS,,M,4.33
2017,PER_100000_POP,KZKZY,,M,2.82
2017,PER_100000_POP,KZMAN,,M,3.39
2017,PER_100000_POP,KZONT,,M,2.7
2017,PER_100000_POP,KZPAV,,M,1.12
2017,PER_100000_POP,KZSEV,,M,2.61
2017,PER_100000_POP,KZVOS,,M,3.63
2017,PER_100000_POP,KZNS,,M,3.52
2017,PER_100000_POP,KZALA,,M,7.27
2017,PER_100000_POP,,U,M,4.56
2017,PER_100000_POP,KZAKM,U,M,9.15
2017,PER_100000_POP,KZAKT,U,M,4.7
2017,PER_100000_POP,KZALM,U,M,6.68
2017,PER_100000_POP,KZATY,U,M,0.71
2017,PER_100000_POP,KZZAP,U,M,4.59
2017,PER_100000_POP,KZZHA,U,M,2.83
2017,PER_100000_POP,KZKAR,U,M,6.25
2017,PER_100000_POP,KZKUS,U,M,3.7
2017,PER_100000_POP,KZKZY,U,M,4.16
2017,PER_100000_POP,KZMAN,U,M,3.67
2017,PER_100000_POP,KZONT,U,M,3.73
2017,PER_100000_POP,KZPAV,U,M,1.62
2017,PER_100000_POP,KZSEV,U,M,0.88
2017,PER_100000_POP,KZVOS,U,M,2.32
2017,PER_100000_POP,KZNS,U,M,3.52
2017,PER_100000_POP,KZALA,U,M,7.27
2017,PER_100000_POP,,R,M,3.47
2017,PER_100000_POP,KZAKM,R,M,7.26
2017,PER_100000_POP,KZAKT,R,M,4.47
2017,PER_100000_POP,KZALM,R,M,4.98
2017,PER_100000_POP,KZATY,R,M,2.48
2017,PER_100000_POP,KZZAP,R,M,1.26
2017,PER_100000_POP,KZZHA,R,M,2.37
2017,PER_100000_POP,KZKAR,R,M,3.5
2017,PER_100000_POP,KZKUS,R,M,5.0
2017,PER_100000_POP,KZKZY,R,M,1.81
2017,PER_100000_POP,KZMAN,R,M,3.18
2017,PER_100000_POP,KZONT,R,M,1.87
2017,PER_100000_POP,KZPAV,R,M,0.0
2017,PER_100000_POP,KZSEV,R,M,3.89
2017,PER_100000_POP,KZVOS,R,M,5.51
2017,PER_100000_POP,,,F,1.89
2017,PER_100000_POP,KZAKM,,F,4.21
2017,PER_100000_POP,KZAKT,,F,0.45
2017,PER_100000_POP,KZALM,,F,2.47
2017,PER_100000_POP,KZATY,,F,0.32
2017,PER_100000_POP,KZZAP,,F,0.9
2017,PER_100000_POP,KZZHA,,F,1.06
2017,PER_100000_POP,KZKAR,,F,2.06
2017,PER_100000_POP,KZKUS,,F,2.38
2017,PER_100000_POP,KZKZY,,F,1.03
2017,PER_100000_POP,KZMAN,,F,0.31
2017,PER_100000_POP,KZONT,,F,2.47
2017,PER_100000_POP,KZPAV,,F,0.75
2017,PER_100000_POP,KZSEV,,F,3.07
2017,PER_100000_POP,KZVOS,,F,1.93
2017,PER_100000_POP,KZNS,,F,2.5
2017,PER_100000_POP,KZALA,,F,1.76
2017,PER_100000_POP,,U,F,1.83
2017,PER_100000_POP,KZAKM,U,F,3.25
2017,PER_100000_POP,KZAKT,U,F,0.71
2017,PER_100000_POP,KZALM,U,F,2.86
2017,PER_100000_POP,KZATY,U,F,0.65
2017,PER_100000_POP,KZZAP,U,F,1.13
2017,PER_100000_POP,KZZHA,U,F,0.43
2017,PER_100000_POP,KZKAR,U,F,2.21
2017,PER_100000_POP,KZKUS,U,F,1.96
2017,PER_100000_POP,KZKZY,U,F,2.28
2017,PER_100000_POP,KZMAN,U,F,0.74
2017,PER_100000_POP,KZONT,U,F,2.51
2017,PER_100000_POP,KZPAV,U,F,0.7
2017,PER_100000_POP,KZSEV,U,F,1.46
2017,PER_100000_POP,KZVOS,U,F,1.54
2017,PER_100000_POP,KZNS,U,F,2.5
2017,PER_100000_POP,KZALA,U,F,1.76
2017,PER_100000_POP,,R,F,1.98
2017,PER_100000_POP,KZAKM,R,F,5.12
2017,PER_100000_POP,KZAKT,R,F,0.0
2017,PER_100000_POP,KZALM,R,F,2.35
2017,PER_100000_POP,KZATY,R,F,0.0
2017,PER_100000_POP,KZZAP,R,F,0.64
2017,PER_100000_POP,KZZHA,R,F,1.5
2017,PER_100000_POP,KZKAR,R,F,1.43
2017,PER_100000_POP,KZKUS,R,F,2.9
2017,PER_100000_POP,KZKZY,R,F,0.0
2017,PER_100000_POP,KZMAN,R,F,0.0
2017,PER_100000_POP,KZONT,R,F,2.43
2017,PER_100000_POP,KZPAV,R,F,0.9
2017,PER_100000_POP,KZSEV,R,F,4.47
2017,PER_100000_POP,KZVOS,R,F,2.57
2018,PER_100000_POP,,,,2.77
2018,PER_100000_POP,KZAKM,,,6.36
2018,PER_100000_POP,KZAKT,,,2.08
2018,PER_100000_POP,KZALM,,,3.45
2018,PER_100000_POP,KZATY,,,0.8
2018,PER_100000_POP,KZZAP,,,3.54
2018,PER_100000_POP,KZZHA,,,1.87
2018,PER_100000_POP,KZKAR,,,3.04
2018,PER_100000_POP,KZKUS,,,3.32
2018,PER_100000_POP,KZKZY,,,0.51
2018,PER_100000_POP,KZMAN,,,2.09
2018,PER_100000_POP,KZPAV,,,1.72
2018,PER_100000_POP,KZSEV,,,3.41
2018,PER_100000_POP,KZYUZ,,,2.52
2018,PER_100000_POP,KZVOS,,,2.9
2018,PER_100000_POP,KZNS,,,2.85
2018,PER_100000_POP,KZALA,,,3.06
2018,PER_100000_POP,KZSHY,,,2.55
2018,PER_100000_POP,,U,,2.84
2018,PER_100000_POP,KZAKM,U,,6.89
2018,PER_100000_POP,KZAKT,U,,2.3
2018,PER_100000_POP,KZALM,U,,5.42
2018,PER_100000_POP,KZATY,U,,0.31
2018,PER_100000_POP,KZZAP,U,,2.38
2018,PER_100000_POP,KZZHA,U,,2.24
2018,PER_100000_POP,KZKAR,U,,3.64
2018,PER_100000_POP,KZKUS,U,,3.37
2018,PER_100000_POP,KZKZY,U,,0.86
2018,PER_100000_POP,KZMAN,U,,3.33
2018,PER_100000_POP,KZPAV,U,,2.25
2018,PER_100000_POP,KZSEV,U,,0.79
2018,PER_100000_POP,KZYUZ,U,,2.31
2018,PER_100000_POP,KZVOS,U,,2.01
2018,PER_100000_POP,KZNS,U,,2.85
2018,PER_100000_POP,KZALA,U,,3.06
2018,PER_100000_POP,KZSHY,U,,2.55
2018,PER_100000_POP,,R,,2.67
2018,PER_100000_POP,KZAKM,R,,5.89
2018,PER_100000_POP,KZAKT,R,,1.57
2018,PER_100000_POP,KZALM,R,,2.87
2018,PER_100000_POP,KZATY,R,,1.34
2018,PER_100000_POP,KZZAP,R,,4.79
2018,PER_100000_POP,KZZHA,R,,1.63
2018,PER_100000_POP,KZKAR,R,,0.71
2018,PER_100000_POP,KZKUS,R,,3.25
2018,PER_100000_POP,KZKZY,R,,0.23
2018,PER_100000_POP,KZMAN,R,,1.25
2018,PER_100000_POP,KZPAV,R,,0.45
2018,PER_100000_POP,KZSEV,R,,5.59
2018,PER_100000_POP,KZYUZ,R,,2.58
2018,PER_100000_POP,KZVOS,R,,4.31
2018,PER_100000_POP,,,M,3.89
2018,PER_100000_POP,KZAKM,,M,9.49
2018,PER_100000_POP,KZAKT,,M,3.11
2018,PER_100000_POP,KZALM,,M,4.38
2018,PER_100000_POP,KZATY,,M,0.65
2018,PER_100000_POP,KZZAP,,M,5.08
2018,PER_100000_POP,KZZHA,,M,2.36
2018,PER_100000_POP,KZKAR,,M,4.74
2018,PER_100000_POP,KZKUS,,M,5.06
2018,PER_100000_POP,KZKZY,,M,0.51
2018,PER_100000_POP,KZMAN,,M,2.1
2018,PER_100000_POP,KZPAV,,M,3.08
2018,PER_100000_POP,KZSEV,,M,4.13
2018,PER_100000_POP,KZYUZ,,M,2.79
2018,PER_100000_POP,KZVOS,,M,4.25
2018,PER_100000_POP,KZNS,,M,4.14
2018,PER_100000_POP,KZALA,,M,4.91
2018,PER_100000_POP,KZSHY,,M,4.45
2018,PER_100000_POP,,U,M,4.34
2018,PER_100000_POP,KZAKM,U,M,11.58
2018,PER_100000_POP,KZAKT,U,M,3.45
2018,PER_100000_POP,KZALM,U,M,7.71
2018,PER_100000_POP,KZATY,U,M,0.0
2018,PER_100000_POP,KZZAP,U,M,4.48
2018,PER_100000_POP,KZZHA,U,M,3.31
2018,PER_100000_POP,KZKAR,U,M,5.66
2018,PER_100000_POP,KZKUS,U,M,5.05
2018,PER_100000_POP,KZKZY,U,M,1.17
2018,PER_100000_POP,KZMAN,U,M,3.7
2018,PER_100000_POP,KZPAV,U,M,4.47
2018,PER_100000_POP,KZSEV,U,M,0.87
2018,PER_100000_POP,KZYUZ,U,M,1.53
2018,PER_100000_POP,KZVOS,U,M,3.06
2018,PER_100000_POP,KZNS,U,M,4.14
2018,PER_100000_POP,KZALA,U,M,4.91
2018,PER_100000_POP,KZSHY,U,M,4.45
2018,PER_100000_POP,,R,M,3.3
2018,PER_100000_POP,KZAKM,R,M,7.72
2018,PER_100000_POP,KZAKT,R,M,2.34
2018,PER_100000_POP,KZALM,R,M,3.45
2018,PER_100000_POP,KZATY,R,M,1.32
2018,PER_100000_POP,KZZAP,R,M,5.68
2018,PER_100000_POP,KZZHA,R,M,1.76
2018,PER_100000_POP,KZKAR,R,M,1.41
2018,PER_100000_POP,KZKUS,R,M,5.08
2018,PER_100000_POP,KZKZY,R,M,0.0
2018,PER_100000_POP,KZMAN,R,M,1.01
2018,PER_100000_POP,KZPAV,R,M,0.0
2018,PER_100000_POP,KZSEV,R,M,6.6
2018,PER_100000_POP,KZYUZ,R,M,3.1
2018,PER_100000_POP,KZVOS,R,M,5.99
2018,PER_100000_POP,,,F,1.72
2018,PER_100000_POP,KZAKM,,F,3.42
2018,PER_100000_POP,KZAKT,,F,1.12
2018,PER_100000_POP,KZALM,,F,2.54
2018,PER_100000_POP,KZATY,,F,0.94
2018,PER_100000_POP,KZZAP,,F,2.09
2018,PER_100000_POP,KZZHA,,F,1.4
2018,PER_100000_POP,KZKAR,,F,1.52
2018,PER_100000_POP,KZKUS,,F,1.74
2018,PER_100000_POP,KZKZY,,F,0.51
2018,PER_100000_POP,KZMAN,,F,2.08
2018,PER_100000_POP,KZPAV,,F,0.5
2018,PER_100000_POP,KZSEV,,F,2.75
2018,PER_100000_POP,KZYUZ,,F,2.25
2018,PER_100000_POP,KZVOS,,F,1.66
2018,PER_100000_POP,KZNS,,F,1.64
2018,PER_100000_POP,KZALA,,F,1.51
2018,PER_100000_POP,KZSHY,,F,0.79
2018,PER_100000_POP,,U,F,1.5
2018,PER_100000_POP,KZAKM,U,F,2.71
2018,PER_100000_POP,KZAKT,U,F,1.26
2018,PER_100000_POP,KZALM,U,F,3.33
2018,PER_100000_POP,KZATY,U,F,0.59
2018,PER_100000_POP,KZZAP,U,F,0.56
2018,PER_100000_POP,KZZHA,U,F,1.28
2018,PER_100000_POP,KZKAR,U,F,1.88
2018,PER_100000_POP,KZKUS,U,F,1.95
2018,PER_100000_POP,KZKZY,U,F,0.56
2018,PER_100000_POP,KZMAN,U,F,2.96
2018,PER_100000_POP,KZPAV,U,F,0.35
2018,PER_100000_POP,KZSEV,U,F,0.73
2018,PER_100000_POP,KZYUZ,U,F,3.1
2018,PER_100000_POP,KZVOS,U,F,1.1
2018,PER_100000_POP,KZNS,U,F,1.64
2018,PER_100000_POP,KZALA,U,F,1.51
2018,PER_100000_POP,KZSHY,U,F,0.79
2018,PER_100000_POP,,R,F,2.04
2018,PER_100000_POP,KZAKM,R,F,4.08
2018,PER_100000_POP,KZAKT,R,F,0.79
2018,PER_100000_POP,KZALM,R,F,2.3
2018,PER_100000_POP,KZATY,R,F,1.35
2018,PER_100000_POP,KZZAP,R,F,3.87
2018,PER_100000_POP,KZZHA,R,F,1.49
2018,PER_100000_POP,KZKAR,R,F,0.0
2018,PER_100000_POP,KZKUS,R,F,1.48
2018,PER_100000_POP,KZKZY,R,F,0.46
2018,PER_100000_POP,KZMAN,R,F,1.49
2018,PER_100000_POP,KZPAV,R,F,0.9
2018,PER_100000_POP,KZSEV,R,F,4.58
2018,PER_100000_POP,KZYUZ,R,F,2.04
2018,PER_100000_POP,KZVOS,R,F,2.63
2019,PER_100000_POP,,,,2.3334105555391416
2019,PER_100000_POP,KZAKM,,,4.744726913853383
2019,PER_100000_POP,KZAKT,,,2.2840332372516685
2019,PER_100000_POP,KZALM,,,2.539894042458725
2019,PER_100000_POP,KZATY,,,0.4690904570582869
2019,PER_100000_POP,KZZAP,,,3.3609106234565584
2019,PER_100000_POP,KZZHA,,,0.7093648125791663
2019,PER_100000_POP,KZKAR,,,3.411465572868542
2019,PER_100000_POP,KZKUS,,,2.75649153757098
2019,PER_100000_POP,KZKZY,,,0.5006677656324122
2019,PER_100000_POP,KZMAN,,,1.1619504791230175
2019,PER_100000_POP,KZPAV,,,2.1248029577257173
2019,PER_100000_POP,KZSEV,,,2.7191843897062555
2019,PER_100000_POP,KZYUZ,,,1.5999976000036
2019,PER_100000_POP,KZVOS,,,2.40163835401896
2019,PER_100000_POP,KZNS,,,2.43842965130456
2019,PER_100000_POP,KZALA,,,2.704510009073366
2019,PER_100000_POP,KZSHY,,,3.4192426182215345
2019,PER_100000_POP,,U,,2.500122815073711
2019,PER_100000_POP,KZAKM,U,,4.8823497313271655
2019,PER_100000_POP,KZAKT,U,,2.7363986900698505
2019,PER_100000_POP,KZALM,U,,3.740530407211743
2019,PER_100000_POP,KZATY,U,,0.0
2019,PER_100000_POP,KZZAP,U,,2.9254436069549503
2019,PER_100000_POP,KZZHA,U,,0.6702869610194618
2019,PER_100000_POP,KZKAR,U,,3.461769538158949
2019,PER_100000_POP,KZKUS,U,,2.590363846491053
2019,PER_100000_POP,KZKZY,U,,0.5632739736444108
2019,PER_100000_POP,KZMAN,U,,1.8258103859397996
2019,PER_100000_POP,KZPAV,U,,1.8818375390834132
2019,PER_100000_POP,KZSEV,U,,1.5825946243217095
2019,PER_100000_POP,KZYUZ,U,,1.2579470806822095
2019,PER_100000_POP,KZVOS,U,,2.0013161596861937
2019,PER_100000_POP,KZNS,U,,2.43842965130456
2019,PER_100000_POP,KZALA,U,,2.704510009073366
2019,PER_100000_POP,KZSHY,U,,3.4192426182215345
2019,PER_100000_POP,,R,,2.0979370437760627
2019,PER_100000_POP,KZAKM,R,,4.621689073299988
2019,PER_100000_POP,KZAKT,R,,1.1792939567081189
2019,PER_100000_POP,KZALM,R,,2.197321339725655
2019,PER_100000_POP,KZATY,R,,1.0360421807306517
2019,PER_100000_POP,KZZAP,R,,3.836856846871044
2019,PER_100000_POP,KZZHA,R,,0.7350779182593355
2019,PER_100000_POP,KZKAR,R,,3.2142570155623615
2019,PER_100000_POP,KZKUS,R,,2.982549374749195
2019,PER_100000_POP,KZKZY,R,,0.4505864382493816
2019,PER_100000_POP,KZMAN,R,,0.723507855486541
2019,PER_100000_POP,KZPAV,R,,2.707391856616528
2019,PER_100000_POP,KZSEV,R,,3.680326813020996
2019,PER_100000_POP,KZYUZ,R,,1.6848358533069585
2019,PER_100000_POP,KZVOS,R,,3.0498207277253484
2019,PER_100000_POP,,,M,3.1090975649302712
2019,PER_100000_POP,KZAKM,,M,8.657186581919326
2019,PER_100000_POP,KZAKT,,M,3.29881749174412
2019,PER_100000_POP,KZALM,,M,2.6646047231599046
2019,PER_100000_POP,KZATY,,M,0.9513646533147924
2019,PER_100000_POP,KZZAP,,M,3.779075260283809
2019,PER_100000_POP,KZZHA,,M,1.2596622845415144
2019,PER_100000_POP,KZKAR,,M,4.892173439778873
2019,PER_100000_POP,KZKUS,,M,4.111727735901309
2019,PER_100000_POP,KZKZY,,M,0.7484908553129752
2019,PER_100000_POP,KZMAN,,M,2.0403642341638593
2019,PER_100000_POP,KZPAV,,M,3.0848487652892818
2019,PER_100000_POP,KZSEV,,M,4.168521974742546
2019,PER_100000_POP,KZYUZ,,M,1.4789923920631352
2019,PER_100000_POP,KZVOS,,M,3.3543923099031576
2019,PER_100000_POP,KZNS,,M,2.634649403440099
2019,PER_100000_POP,KZALA,,M,3.937582370748858
2019,PER_100000_POP,KZSHY,,M,3.857824937995616
2019,PER_100000_POP,,U,M,3.5783562243844447
2019,PER_100000_POP,KZAKM,U,M,9.141129904597076
2019,PER_100000_POP,KZAKT,U,M,4.38751919539648
2019,PER_100000_POP,KZALM,U,M,4.603627658594974
2019,PER_100000_POP,KZATY,U,M,0.0
2019,PER_100000_POP,KZZAP,U,M,3.7640327847255546
2019,PER_100000_POP,KZZHA,U,M,1.4103046257991725
2019,PER_100000_POP,KZKAR,U,M,5.074462863226636
2019,PER_100000_POP,KZKUS,U,M,3.896002701228539
2019,PER_100000_POP,KZKZY,U,M,1.1472461789531951
2019,PER_100000_POP,KZMAN,U,M,2.9262119089509158
2019,PER_100000_POP,KZPAV,U,M,3.669582625749461
2019,PER_100000_POP,KZSEV,U,M,3.478548227897087
2019,PER_100000_POP,KZYUZ,U,M,1.997727584872208
2019,PER_100000_POP,KZVOS,U,M,2.7994238276776486
2019,PER_100000_POP,KZNS,U,M,2.634649403440099
2019,PER_100000_POP,KZALA,U,M,3.937582370748858
2019,PER_100000_POP,KZSHY,U,M,3.857824937995616
2019,PER_100000_POP,,R,M,2.4873140506038856
2019,PER_100000_POP,KZAKM,R,M,8.247826568826824
2019,PER_100000_POP,KZAKT,R,M,0.7806431719093361
2019,PER_100000_POP,KZALM,R,M,2.1355080342208885
2019,PER_100000_POP,KZATY,R,M,2.052474942701741
2019,PER_100000_POP,KZZAP,R,M,3.794238448915322
2019,PER_100000_POP,KZZHA,R,M,1.1662334595295123
2019,PER_100000_POP,KZKAR,R,M,4.23320739541332
2019,PER_100000_POP,KZKUS,R,M,4.384871098492427
2019,PER_100000_POP,KZKZY,R,M,0.4415478902841802
2019,PER_100000_POP,KZMAN,R,M,1.4536257059169837
2019,PER_100000_POP,KZPAV,R,M,1.7965900720432617
2019,PER_100000_POP,KZSEV,R,M,4.7013942992235975
2019,PER_100000_POP,KZYUZ,R,M,1.3513903656923758
2019,PER_100000_POP,KZVOS,R,M,4.183806008325774
2019,PER_100000_POP,,,F,1.6037722400232788
2019,PER_100000_POP,KZAKM,,F,1.0538046298906414
2019,PER_100000_POP,KZAKT,,F,1.3296413624835042
2019,PER_100000_POP,KZALM,,F,2.417687414292981
2019,PER_100000_POP,KZATY,,F,0.0
2019,PER_100000_POP,KZZAP,,F,2.9669496642154716
2019,PER_100000_POP,KZZHA,,F,0.1748053105853356
2019,PER_100000_POP,KZKAR,,F,2.072965626083988
2019,PER_100000_POP,KZKUS,,F,1.530989970922126
2019,PER_100000_POP,KZKZY,,F,0.2511764476868533
2019,PER_100000_POP,KZMAN,,F,0.2895013773028025
2019,PER_100000_POP,KZPAV,,F,1.2612583069625245
2019,PER_100000_POP,KZSEV,,F,1.3900786610762337
2019,PER_100000_POP,KZYUZ,,F,1.7244894750349715
2019,PER_100000_POP,KZVOS,,F,1.5315950657576418
2019,PER_100000_POP,KZNS,,F,2.2573755404677978
2019,PER_100000_POP,KZALA,,F,1.6629738864188837
2019,PER_100000_POP,KZSHY,,F,3.012541587195192
2019,PER_100000_POP,,U,F,1.5370138702402238
2019,PER_100000_POP,KZAKM,U,F,1.0863690558638128
2019,PER_100000_POP,KZAKT,U,F,1.2309226226652858
2019,PER_100000_POP,KZALM,U,F,2.9503373921546316
2019,PER_100000_POP,KZATY,U,F,0.0
2019,PER_100000_POP,KZZAP,U,F,2.1926819240783884
2019,PER_100000_POP,KZZHA,U,F,0.0
2019,PER_100000_POP,KZKAR,U,F,2.0501080577788793
2019,PER_100000_POP,KZKUS,U,F,1.4768103849306269
2019,PER_100000_POP,KZKZY,U,F,0.0
2019,PER_100000_POP,KZMAN,U,F,0.7290994528108606
2019,PER_100000_POP,KZPAV,U,F,0.35
2019,PER_100000_POP,KZSEV,U,F,0.0
2019,PER_100000_POP,KZYUZ,U,F,0.5069824153149248
2019,PER_100000_POP,KZVOS,U,F,1.3143396647995742
2019,PER_100000_POP,KZNS,U,F,2.2573755404677978
2019,PER_100000_POP,KZALA,U,F,1.6629738864188837
2019,PER_100000_POP,KZSHY,U,F,3.012541587195192
2019,PER_100000_POP,,R,F,1.7039702900983205
2019,PER_100000_POP,KZAKM,R,F,1.0231356549986572
2019,PER_100000_POP,KZAKT,R,F,1.5836566632354103
2019,PER_100000_POP,KZALM,R,F,2.259078672414767
2019,PER_100000_POP,KZATY,R,F,0.0
2019,PER_100000_POP,KZZAP,R,F,3.8804435346960164
2019,PER_100000_POP,KZZHA,R,F,0.2965462738219329
2019,PER_100000_POP,KZKAR,R,F,2.1697308087309968
2019,PER_100000_POP,KZKUS,R,F,1.6097313626644272
2019,PER_100000_POP,KZKZY,R,F,0.4600027600165601
2019,PER_100000_POP,KZMAN,R,F,0.0
2019,PER_100000_POP,KZPAV,R,F,3.6266869761137333
2019,PER_100000_POP,KZSEV,R,F,2.6667644480297605
2019,PER_100000_POP,KZYUZ,R,F,2.0290316383098927
2019,PER_100000_POP,KZVOS,R,F,1.9105663874055463
