Year,Units,Value
2010,тонн СО2-экв/душу населения,18.56
2011,тонн СО2-экв/душу населения,17.78
2012,тонн СО2-экв/душу населения,18.11
2013,тонн СО2-экв/душу населения,18.5
2014,тонн СО2-экв/душу населения,19.81
2015,тонн СО2-экв/душу населения,20.25
2016,тонн СО2-экв/душу населения,20.12
2017,тонн СО2-экв/душу населения,21.26
2018,тонн СО2-экв/душу населения,21.96
