Year,Units,Доход,Пол,Местность,Регионы,GeoCode,Value
2011,процент,"1,9 долларов США по ППС в  день",,,,,0.1
2012,процент,"1,9 долларов США по ППС в  день",,,,,0.0
2013,процент,"1,9 долларов США по ППС в  день",,,,,0.0
2014,процент,"1,9 долларов США по ППС в  день",,,,,0.0
2015,процент,"1,9 долларов США по ППС в  день",,,,,0.0
2016,процент,"1,9 долларов США по ППС в  день",,,,,0.0
2017,процент,"1,9 долларов США по ППС в  день",,,,,0.0
2018,процент,"1,9 долларов США по ППС в  день",,,,,0.0
2011,процент,"3,2 долларов США по ППС в  день",,,,,1.2
2012,процент,"3,2 долларов США по ППС в  день",,,,,1.0
2013,процент,"3,2 долларов США по ППС в  день",,,,,0.6
2014,процент,"3,2 долларов США по ППС в  день",,,,,0.4
2015,процент,"3,2 долларов США по ППС в  день",,,,,0.6
2016,процент,"3,2 долларов США по ППС в  день",,,,,0.4
2017,процент,"3,2 долларов США по ППС в  день",,,,,0.4
2018,процент,"3,2 долларов США по ППС в  день",,,,,0.3
2011,процент,"5,5 долларов США по ППС в  день",,,,,15.3
2012,процент,"5,5 долларов США по ППС в  день",,,,,17.7
2013,процент,"5,5 долларов США по ППС в  день",,,,,12.2
2014,процент,"5,5 долларов США по ППС в  день",,,,,11.2
2015,процент,"5,5 долларов США по ППС в  день",,,,,13.9
2016,процент,"5,5 долларов США по ППС в  день",,,,,11.5
2017,процент,"5,5 долларов США по ППС в  день",,,,,9.7
2018,процент,"5,5 долларов США по ППС в  день",,,,,7.4
2011,процент,"1,9 долларов США по ППС в  день",мужчины,,,,0.1
2012,процент,"1,9 долларов США по ППС в  день",мужчины,,,,0.0
2013,процент,"1,9 долларов США по ППС в  день",мужчины,,,,0.0
2014,процент,"1,9 долларов США по ППС в  день",мужчины,,,,0.0
2015,процент,"1,9 долларов США по ППС в  день",мужчины,,,,0.0
2016,процент,"1,9 долларов США по ППС в  день",мужчины,,,,0.0
2017,процент,"1,9 долларов США по ППС в  день",мужчины,,,,0.0
2018,процент,"1,9 долларов США по ППС в  день",мужчины,,,,0.0
2011,процент,"3,2 долларов США по ППС в  день",мужчины,,,,1.2
2012,процент,"3,2 долларов США по ППС в  день",мужчины,,,,1.1
2013,процент,"3,2 долларов США по ППС в  день",мужчины,,,,0.6
2014,процент,"3,2 долларов США по ППС в  день",мужчины,,,,0.4
2015,процент,"3,2 долларов США по ППС в  день",мужчины,,,,0.6
2016,процент,"3,2 долларов США по ППС в  день",мужчины,,,,0.4
2017,процент,"3,2 долларов США по ППС в  день",мужчины,,,,0.3
2018,процент,"3,2 долларов США по ППС в  день",мужчины,,,,0.3
2011,процент,"5,5 долларов США по ППС в  день",мужчины,,,,15.9
2012,процент,"5,5 долларов США по ППС в  день",мужчины,,,,18.4
2013,процент,"5,5 долларов США по ППС в  день",мужчины,,,,12.6
2014,процент,"5,5 долларов США по ППС в  день",мужчины,,,,11.7
2015,процент,"5,5 долларов США по ППС в  день",мужчины,,,,14.5
2016,процент,"5,5 долларов США по ППС в  день",мужчины,,,,12.1
2017,процент,"5,5 долларов США по ППС в  день",мужчины,,,,10.0
2018,процент,"5,5 долларов США по ППС в  день",мужчины,,,,7.6
2011,процент,"1,9 долларов США по ППС в  день",женщины,,,,0.1
2012,процент,"1,9 долларов США по ППС в  день",женщины,,,,0.0
2013,процент,"1,9 долларов США по ППС в  день",женщины,,,,0.0
2014,процент,"1,9 долларов США по ППС в  день",женщины,,,,0.0
2015,процент,"1,9 долларов США по ППС в  день",женщины,,,,0.0
2016,процент,"1,9 долларов США по ППС в  день",женщины,,,,0.0
2017,процент,"1,9 долларов США по ППС в  день",женщины,,,,0.0
2018,процент,"1,9 долларов США по ППС в  день",женщины,,,,0.0
2011,процент,"3,2 долларов США по ППС в  день",женщины,,,,1.2
2012,процент,"3,2 долларов США по ППС в  день",женщины,,,,1.0
2013,процент,"3,2 долларов США по ППС в  день",женщины,,,,0.5
2014,процент,"3,2 долларов США по ППС в  день",женщины,,,,0.4
2015,процент,"3,2 долларов США по ППС в  день",женщины,,,,0.5
2016,процент,"3,2 долларов США по ППС в  день",женщины,,,,0.4
2017,процент,"3,2 долларов США по ППС в  день",женщины,,,,0.4
2018,процент,"3,2 долларов США по ППС в  день",женщины,,,,0.3
2011,процент,"5,5 долларов США по ППС в  день",женщины,,,,14.7
2012,процент,"5,5 долларов США по ППС в  день",женщины,,,,17.1
2013,процент,"5,5 долларов США по ППС в  день",женщины,,,,11.8
2014,процент,"5,5 долларов США по ППС в  день",женщины,,,,10.8
2015,процент,"5,5 долларов США по ППС в  день",женщины,,,,13.4
2016,процент,"5,5 долларов США по ППС в  день",женщины,,,,11.0
2017,процент,"5,5 долларов США по ППС в  день",женщины,,,,9.4
2018,процент,"5,5 долларов США по ППС в  день",женщины,,,,7.1
2011,процент,"1,9 долларов США по ППС в  день",,город,,,0.0
2012,процент,"1,9 долларов США по ППС в  день",,город,,,0.0
2013,процент,"1,9 долларов США по ППС в  день",,город,,,0.0
2014,процент,"1,9 долларов США по ППС в  день",,город,,,0.0
2017,процент,"1,9 долларов США по ППС в  день",,город,,,0.0
2011,процент,"3,2 долларов США по ППС в  день",,город,,,0.4
2012,процент,"3,2 долларов США по ППС в  день",,город,,,0.5
2013,процент,"3,2 долларов США по ППС в  день",,город,,,0.3
2014,процент,"3,2 долларов США по ППС в  день",,город,,,0.2
2015,процент,"3,2 долларов США по ППС в  день",,город,,,0.2
2016,процент,"3,2 долларов США по ППС в  день",,город,,,0.1
2017,процент,"3,2 долларов США по ППС в  день",,город,,,0.1
2018,процент,"3,2 долларов США по ППС в  день",,город,,,0.2
2011,процент,"5,5 долларов США по ППС в  день",,город,,,9.0
2012,процент,"5,5 долларов США по ППС в  день",,город,,,11.6
2013,процент,"5,5 долларов США по ППС в  день",,город,,,7.4
2014,процент,"5,5 долларов США по ППС в  день",,город,,,6.5
2015,процент,"5,5 долларов США по ППС в  день",,город,,,8.5
2016,процент,"5,5 долларов США по ППС в  день",,город,,,6.4
2017,процент,"5,5 долларов США по ППС в  день",,город,,,5.7
2018,процент,"5,5 долларов США по ППС в  день",,город,,,4.2
2011,процент,"1,9 долларов США по ППС в  день",,село,,,0.2
2012,процент,"1,9 долларов США по ППС в  день",,село,,,0.1
2013,процент,"1,9 долларов США по ППС в  день",,село,,,0.0
2014,процент,"1,9 долларов США по ППС в  день",,село,,,0.0
2015,процент,"1,9 долларов США по ППС в  день",,село,,,0.0
2016,процент,"1,9 долларов США по ППС в  день",,село,,,0.0
2017,процент,"1,9 долларов США по ППС в  день",,село,,,0.1
2018,процент,"1,9 долларов США по ППС в  день",,село,,,0.0
2011,процент,"3,2 долларов США по ППС в  день",,село,,,2.1
2012,процент,"3,2 долларов США по ППС в  день",,село,,,1.7
2013,процент,"3,2 долларов США по ППС в  день",,село,,,0.9
2014,процент,"3,2 долларов США по ППС в  день",,село,,,0.7
2015,процент,"3,2 долларов США по ППС в  день",,село,,,1.0
2016,процент,"3,2 долларов США по ППС в  день",,село,,,0.8
2017,процент,"3,2 долларов США по ППС в  день",,село,,,0.7
2018,процент,"3,2 долларов США по ППС в  день",,село,,,0.4
2011,процент,"5,5 долларов США по ППС в  день",,село,,,22.7
2012,процент,"5,5 долларов США по ППС в  день",,село,,,25.1
2013,процент,"5,5 долларов США по ППС в  день",,село,,,18.0
2014,процент,"5,5 долларов США по ППС в  день",,село,,,17.0
2015,процент,"5,5 долларов США по ППС в  день",,село,,,21.1
2016,процент,"5,5 долларов США по ППС в  день",,село,,,18.4
2017,процент,"5,5 долларов США по ППС в  день",,село,,,15.1
2018,процент,"5,5 долларов США по ППС в  день",,село,,,11.7
2011,процент,"1,9 долларов США по ППС в  день",,,Акмолинская,,0.2
2012,процент,"1,9 долларов США по ППС в  день",,,Акмолинская,,0.3
2013,процент,"1,9 долларов США по ППС в  день",,,Акмолинская,,0.0
2014,процент,"1,9 долларов США по ППС в  день",,,Акмолинская,,0.1
2012,процент,"1,9 долларов США по ППС в  день",,,Алматинская,,0.1
2015,процент,"1,9 долларов США по ППС в  день",,,Алматинская,,0.1
2018,процент,"1,9 долларов США по ППС в  день",,,Алматинская,,0.1
2012,процент,"1,9 долларов США по ППС в  день",,,Жамбылская,,0.1
2011,процент,"1,9 долларов США по ППС в  день",,,Карагандинская,,0.0
2013,процент,"1,9 долларов США по ППС в  день",,,Карагандинская,,0.1
2014,процент,"1,9 долларов США по ППС в  день",,,Карагандинская,,0.0
2015,процент,"1,9 долларов США по ППС в  день",,,Карагандинская,,0.0
2016,процент,"1,9 долларов США по ППС в  день",,,Карагандинская,,0.0
2017,процент,"1,9 долларов США по ППС в  день",,,Карагандинская,,0.0
2018,процент,"1,9 долларов США по ППС в  день",,,Карагандинская,,0.0
2011,процент,"1,9 долларов США по ППС в  день",,,Костанайская,,0.1
2012,процент,"1,9 долларов США по ППС в  день",,,Костанайская,,0.1
2016,процент,"1,9 долларов США по ППС в  день",,,Костанайская,,0.1
2011,процент,"1,9 долларов США по ППС в  день",,,Южно-Казахстанская,,0.4
2012,процент,"1,9 долларов США по ППС в  день",,,Южно-Казахстанская,,0.0
2011,процент,"1,9 долларов США по ППС в  день",,,Павлодарская,,0.2
2012,процент,"1,9 долларов США по ППС в  день",,,Павлодарская,,0.0
2011,процент,"1,9 долларов США по ППС в  день",,,Северо-Казахстанская,,0.2
2012,процент,"1,9 долларов США по ППС в  день",,,Северо-Казахстанская,,0.1
2013,процент,"1,9 долларов США по ППС в  день",,,Северо-Казахстанская,,0.4
2015,процент,"1,9 долларов США по ППС в  день",,,Северо-Казахстанская,,0.2
2016,процент,"1,9 долларов США по ППС в  день",,,Северо-Казахстанская,,0.2
2017,процент,"1,9 долларов США по ППС в  день",,,Северо-Казахстанская,,0.1
2014,процент,"1,9 долларов США по ППС в  день",,,Туркестанская,,0.1
2011,процент,"1,9 долларов США по ППС в  день",,,Восточно-Казахстанская,,0.2
2012,процент,"1,9 долларов США по ППС в  день",,,Восточно-Казахстанская,,0.0
2015,процент,"1,9 долларов США по ППС в  день",,,Восточно-Казахстанская,,0.0
2017,процент,"1,9 долларов США по ППС в  день",,,Восточно-Казахстанская,,0.3
2011,процент,"1,9 долларов США по ППС в  день",,,г.Нур-Султан,,0.0
2011,процент,"3,2 долларов США по ППС в  день",,,Акмолинская,,2.1
2012,процент,"3,2 долларов США по ППС в  день",,,Акмолинская,,1.5
2013,процент,"3,2 долларов США по ППС в  день",,,Акмолинская,,1.5
2014,процент,"3,2 долларов США по ППС в  день",,,Акмолинская,,0.7
2015,процент,"3,2 долларов США по ППС в  день",,,Акмолинская,,1.2
2016,процент,"3,2 долларов США по ППС в  день",,,Акмолинская,,0.8
2017,процент,"3,2 долларов США по ППС в  день",,,Акмолинская,,0.6
2018,процент,"3,2 долларов США по ППС в  день",,,Акмолинская,,0.6
2011,процент,"3,2 долларов США по ППС в  день",,,Актюбинская,,0.9
2012,процент,"3,2 долларов США по ППС в  день",,,Актюбинская,,0.7
2013,процент,"3,2 долларов США по ППС в  день",,,Актюбинская,,0.5
2014,процент,"3,2 долларов США по ППС в  день",,,Актюбинская,,0.7
2015,процент,"3,2 долларов США по ППС в  день",,,Актюбинская,,0.7
2016,процент,"3,2 долларов США по ППС в  день",,,Актюбинская,,0.1
2017,процент,"3,2 долларов США по ППС в  день",,,Актюбинская,,0.2
2018,процент,"3,2 долларов США по ППС в  день",,,Актюбинская,,0.2
2011,процент,"3,2 долларов США по ППС в  день",,,Алматинская,,0.2
2012,процент,"3,2 долларов США по ППС в  день",,,Алматинская,,0.4
2013,процент,"3,2 долларов США по ППС в  день",,,Алматинская,,0.5
2014,процент,"3,2 долларов США по ППС в  день",,,Алматинская,,0.2
2015,процент,"3,2 долларов США по ППС в  день",,,Алматинская,,0.2
2018,процент,"3,2 долларов США по ППС в  день",,,Алматинская,,0.1
2011,процент,"3,2 долларов США по ППС в  день",,,Атырауская,,0.1
2011,процент,"3,2 долларов США по ППС в  день",,,Западно-Казахстанская,,0.8
2012,процент,"3,2 долларов США по ППС в  день",,,Западно-Казахстанская,,0.4
2013,процент,"3,2 долларов США по ППС в  день",,,Западно-Казахстанская,,0.2
2014,процент,"3,2 долларов США по ППС в  день",,,Западно-Казахстанская,,0.7
2015,процент,"3,2 долларов США по ППС в  день",,,Западно-Казахстанская,,1.2
2016,процент,"3,2 долларов США по ППС в  день",,,Западно-Казахстанская,,0.7
2017,процент,"3,2 долларов США по ППС в  день",,,Западно-Казахстанская,,0.4
2018,процент,"3,2 долларов США по ППС в  день",,,Западно-Казахстанская,,0.1
2011,процент,"3,2 долларов США по ППС в  день",,,Жамбылская,,0.8
2012,процент,"3,2 долларов США по ППС в  день",,,Жамбылская,,2.3
2013,процент,"3,2 долларов США по ППС в  день",,,Жамбылская,,0.4
2014,процент,"3,2 долларов США по ППС в  день",,,Жамбылская,,0.4
2015,процент,"3,2 долларов США по ППС в  день",,,Жамбылская,,1.0
2016,процент,"3,2 долларов США по ППС в  день",,,Жамбылская,,0.8
2017,процент,"3,2 долларов США по ППС в  день",,,Жамбылская,,1.1
2018,процент,"3,2 долларов США по ППС в  день",,,Жамбылская,,0.2
2011,процент,"3,2 долларов США по ППС в  день",,,Карагандинская,,0.9
2012,процент,"3,2 долларов США по ППС в  день",,,Карагандинская,,0.7
2013,процент,"3,2 долларов США по ППС в  день",,,Карагандинская,,0.9
2014,процент,"3,2 долларов США по ППС в  день",,,Карагандинская,,0.4
2015,процент,"3,2 долларов США по ППС в  день",,,Карагандинская,,0.7
2016,процент,"3,2 долларов США по ППС в  день",,,Карагандинская,,0.4
2017,процент,"3,2 долларов США по ППС в  день",,,Карагандинская,,0.4
2018,процент,"3,2 долларов США по ППС в  день",,,Карагандинская,,0.5
2011,процент,"3,2 долларов США по ППС в  день",,,Костанайская,,1.3
2012,процент,"3,2 долларов США по ППС в  день",,,Костанайская,,0.9
2013,процент,"3,2 долларов США по ППС в  день",,,Костанайская,,1.2
2014,процент,"3,2 долларов США по ППС в  день",,,Костанайская,,1.1
2015,процент,"3,2 долларов США по ППС в  день",,,Костанайская,,0.8
2016,процент,"3,2 долларов США по ППС в  день",,,Костанайская,,0.9
2017,процент,"3,2 долларов США по ППС в  день",,,Костанайская,,0.5
2018,процент,"3,2 долларов США по ППС в  день",,,Костанайская,,1.0
2011,процент,"3,2 долларов США по ППС в  день",,,Кызылординская,,0.7
2012,процент,"3,2 долларов США по ППС в  день",,,Кызылординская,,0.5
2013,процент,"3,2 долларов США по ППС в  день",,,Кызылординская,,0.3
2014,процент,"3,2 долларов США по ППС в  день",,,Кызылординская,,0.2
2015,процент,"3,2 долларов США по ППС в  день",,,Кызылординская,,0.7
2016,процент,"3,2 долларов США по ППС в  день",,,Кызылординская,,0.2
2017,процент,"3,2 долларов США по ППС в  день",,,Кызылординская,,0.1
2018,процент,"3,2 долларов США по ППС в  день",,,Кызылординская,,0.0
2011,процент,"3,2 долларов США по ППС в  день",,,Мангистауская,,0.1
2012,процент,"3,2 долларов США по ППС в  день",,,Мангистауская,,0.0
2016,процент,"3,2 долларов США по ППС в  день",,,Мангистауская,,0.0
2018,процент,"3,2 долларов США по ППС в  день",,,Мангистауская,,0.2
2011,процент,"3,2 долларов США по ППС в  день",,,Южно-Казахстанская,,2.6
2012,процент,"3,2 долларов США по ППС в  день",,,Южно-Казахстанская,,2.2
2011,процент,"3,2 долларов США по ППС в  день",,,Павлодарская,,1.5
2012,процент,"3,2 долларов США по ППС в  день",,,Павлодарская,,1.3
2013,процент,"3,2 долларов США по ППС в  день",,,Павлодарская,,0.2
2014,процент,"3,2 долларов США по ППС в  день",,,Павлодарская,,0.2
2015,процент,"3,2 долларов США по ППС в  день",,,Павлодарская,,0.6
2016,процент,"3,2 долларов США по ППС в  день",,,Павлодарская,,0.3
2017,процент,"3,2 долларов США по ППС в  день",,,Павлодарская,,0.1
2018,процент,"3,2 долларов США по ППС в  день",,,Павлодарская,,0.1
2011,процент,"3,2 долларов США по ППС в  день",,,Северо-Казахстанская,,3.3
2012,процент,"3,2 долларов США по ППС в  день",,,Северо-Казахстанская,,2.9
2013,процент,"3,2 долларов США по ППС в  день",,,Северо-Казахстанская,,2.1
2014,процент,"3,2 долларов США по ППС в  день",,,Северо-Казахстанская,,1.0
2015,процент,"3,2 долларов США по ППС в  день",,,Северо-Казахстанская,,1.8
2016,процент,"3,2 долларов США по ППС в  день",,,Северо-Казахстанская,,1.2
2017,процент,"3,2 долларов США по ППС в  день",,,Северо-Казахстанская,,1.1
2018,процент,"3,2 долларов США по ППС в  день",,,Северо-Казахстанская,,0.5
2013,процент,"3,2 долларов США по ППС в  день",,,Туркестанская,,1.3
2014,процент,"3,2 долларов США по ППС в  день",,,Туркестанская,,0.8
2015,процент,"3,2 долларов США по ППС в  день",,,Туркестанская,,0.5
2016,процент,"3,2 долларов США по ППС в  день",,,Туркестанская,,1.3
2017,процент,"3,2 долларов США по ППС в  день",,,Туркестанская,,0.7
2018,процент,"3,2 долларов США по ППС в  день",,,Туркестанская,,0.4
2011,процент,"3,2 долларов США по ППС в  день",,,Восточно-Казахстанская,,2.0
2012,процент,"3,2 долларов США по ППС в  день",,,Восточно-Казахстанская,,1.0
2013,процент,"3,2 долларов США по ППС в  день",,,Восточно-Казахстанская,,0.0
2014,процент,"3,2 долларов США по ППС в  день",,,Восточно-Казахстанская,,0.5
2015,процент,"3,2 долларов США по ППС в  день",,,Восточно-Казахстанская,,1.1
2016,процент,"3,2 долларов США по ППС в  день",,,Восточно-Казахстанская,,0.3
2017,процент,"3,2 долларов США по ППС в  день",,,Восточно-Казахстанская,,0.9
2018,процент,"3,2 долларов США по ППС в  день",,,Восточно-Казахстанская,,0.4
2011,процент,"3,2 долларов США по ППС в  день",,,г.Нур-Султан,,0.1
2012,процент,"3,2 долларов США по ППС в  день",,,г.Нур-Султан,,0.1
2013,процент,"3,2 долларов США по ППС в  день",,,г.Нур-Султан,,0.0
2015,процент,"3,2 долларов США по ППС в  день",,,г.Нур-Султан,,0.1
2018,процент,"3,2 долларов США по ППС в  день",,,г.Нур-Султан,,0.1
2011,процент,"3,2 долларов США по ППС в  день",,,г.Алматы,,0.1
2012,процент,"3,2 долларов США по ППС в  день",,,г.Алматы,,0.1
2016,процент,"3,2 долларов США по ППС в  день",,,г.Алматы,,0.1
2017,процент,"3,2 долларов США по ППС в  день",,,г.Алматы,,0.1
2018,процент,"3,2 долларов США по ППС в  день",,,г.Алматы,,0.1
2013,процент,"3,2 долларов США по ППС в  день",,,г.Шымкент,,0.3
2018,процент,"3,2 долларов США по ППС в  день",,,г.Шымкент,,0.5
2011,процент,"5,5 долларов США по ППС в  день",,,Акмолинская,,13.6
2012,процент,"5,5 долларов США по ППС в  день",,,Акмолинская,,17.0
2013,процент,"5,5 долларов США по ППС в  день",,,Акмолинская,,15.1
2014,процент,"5,5 долларов США по ППС в  день",,,Акмолинская,,12.1
2015,процент,"5,5 долларов США по ППС в  день",,,Акмолинская,,14.6
2016,процент,"5,5 долларов США по ППС в  день",,,Акмолинская,,12.4
2017,процент,"5,5 долларов США по ППС в  день",,,Акмолинская,,9.2
2018,процент,"5,5 долларов США по ППС в  день",,,Акмолинская,,7.0
2011,процент,"5,5 долларов США по ППС в  день",,,Актюбинская,,13.1
2012,процент,"5,5 долларов США по ППС в  день",,,Актюбинская,,15.2
2013,процент,"5,5 долларов США по ППС в  день",,,Актюбинская,,11.8
2014,процент,"5,5 долларов США по ППС в  день",,,Актюбинская,,10.4
2015,процент,"5,5 долларов США по ППС в  день",,,Актюбинская,,15.7
2016,процент,"5,5 долларов США по ППС в  день",,,Актюбинская,,10.2
2017,процент,"5,5 долларов США по ППС в  день",,,Актюбинская,,10.7
2018,процент,"5,5 долларов США по ППС в  день",,,Актюбинская,,9.5
2011,процент,"5,5 долларов США по ППС в  день",,,Алматинская,,6.2
2012,процент,"5,5 долларов США по ППС в  день",,,Алматинская,,8.8
2013,процент,"5,5 долларов США по ППС в  день",,,Алматинская,,4.0
2014,процент,"5,5 долларов США по ППС в  день",,,Алматинская,,4.8
2015,процент,"5,5 долларов США по ППС в  день",,,Алматинская,,7.6
2016,процент,"5,5 долларов США по ППС в  день",,,Алматинская,,4.8
2017,процент,"5,5 долларов США по ППС в  день",,,Алматинская,,5.5
2018,процент,"5,5 долларов США по ППС в  день",,,Алматинская,,4.2
2011,процент,"5,5 долларов США по ППС в  день",,,Атырауская,,6.2
2012,процент,"5,5 долларов США по ППС в  день",,,Атырауская,,6.3
2013,процент,"5,5 долларов США по ППС в  день",,,Атырауская,,5.2
2014,процент,"5,5 долларов США по ППС в  день",,,Атырауская,,8.0
2015,процент,"5,5 долларов США по ППС в  день",,,Атырауская,,10.0
2016,процент,"5,5 долларов США по ППС в  день",,,Атырауская,,7.7
2017,процент,"5,5 долларов США по ППС в  день",,,Атырауская,,5.2
2018,процент,"5,5 долларов США по ППС в  день",,,Атырауская,,4.2
2011,процент,"5,5 долларов США по ППС в  день",,,Западно-Казахстанская,,20.5
2012,процент,"5,5 долларов США по ППС в  день",,,Западно-Казахстанская,,27.4
2013,процент,"5,5 долларов США по ППС в  день",,,Западно-Казахстанская,,21.6
2014,процент,"5,5 долларов США по ППС в  день",,,Западно-Казахстанская,,17.8
2015,процент,"5,5 долларов США по ППС в  день",,,Западно-Казахстанская,,18.7
2016,процент,"5,5 долларов США по ППС в  день",,,Западно-Казахстанская,,15.4
2017,процент,"5,5 долларов США по ППС в  день",,,Западно-Казахстанская,,14.5
2018,процент,"5,5 долларов США по ППС в  день",,,Западно-Казахстанская,,9.2
2011,процент,"5,5 долларов США по ППС в  день",,,Жамбылская,,24.5
2012,процент,"5,5 долларов США по ППС в  день",,,Жамбылская,,36.4
2013,процент,"5,5 долларов США по ППС в  день",,,Жамбылская,,11.7
2014,процент,"5,5 долларов США по ППС в  день",,,Жамбылская,,15.2
2015,процент,"5,5 долларов США по ППС в  день",,,Жамбылская,,31.8
2016,процент,"5,5 долларов США по ППС в  день",,,Жамбылская,,27.9
2017,процент,"5,5 долларов США по ППС в  день",,,Жамбылская,,18.3
2018,процент,"5,5 долларов США по ППС в  день",,,Жамбылская,,11.8
2011,процент,"5,5 долларов США по ППС в  день",,,Карагандинская,,10.8
2012,процент,"5,5 долларов США по ППС в  день",,,Карагандинская,,11.6
2013,процент,"5,5 долларов США по ППС в  день",,,Карагандинская,,10.2
2014,процент,"5,5 долларов США по ППС в  день",,,Карагандинская,,6.8
2015,процент,"5,5 долларов США по ППС в  день",,,Карагандинская,,10.7
2016,процент,"5,5 долларов США по ППС в  день",,,Карагандинская,,8.0
2017,процент,"5,5 долларов США по ППС в  день",,,Карагандинская,,7.4
2018,процент,"5,5 долларов США по ППС в  день",,,Карагандинская,,4.3
2011,процент,"5,5 долларов США по ППС в  день",,,Костанайская,,15.6
2012,процент,"5,5 долларов США по ППС в  день",,,Костанайская,,17.0
2013,процент,"5,5 долларов США по ППС в  день",,,Костанайская,,13.7
2014,процент,"5,5 долларов США по ППС в  день",,,Костанайская,,11.2
2015,процент,"5,5 долларов США по ППС в  день",,,Костанайская,,14.0
2016,процент,"5,5 долларов США по ППС в  день",,,Костанайская,,13.9
2017,процент,"5,5 долларов США по ППС в  день",,,Костанайская,,8.7
2018,процент,"5,5 долларов США по ППС в  день",,,Костанайская,,9.1
2011,процент,"5,5 долларов США по ППС в  день",,,Кызылординская,,13.2
2012,процент,"5,5 долларов США по ППС в  день",,,Кызылординская,,12.2
2013,процент,"5,5 долларов США по ППС в  день",,,Кызылординская,,9.8
2014,процент,"5,5 долларов США по ППС в  день",,,Кызылординская,,11.5
2015,процент,"5,5 долларов США по ППС в  день",,,Кызылординская,,22.6
2016,процент,"5,5 долларов США по ППС в  день",,,Кызылординская,,18.6
2017,процент,"5,5 долларов США по ППС в  день",,,Кызылординская,,14.8
2018,процент,"5,5 долларов США по ППС в  день",,,Кызылординская,,11.7
2011,процент,"5,5 долларов США по ППС в  день",,,Мангистауская,,4.6
2012,процент,"5,5 долларов США по ППС в  день",,,Мангистауская,,4.0
2013,процент,"5,5 долларов США по ППС в  день",,,Мангистауская,,2.9
2014,процент,"5,5 долларов США по ППС в  день",,,Мангистауская,,3.0
2015,процент,"5,5 долларов США по ППС в  день",,,Мангистауская,,3.6
2016,процент,"5,5 долларов США по ППС в  день",,,Мангистауская,,2.8
2017,процент,"5,5 долларов США по ППС в  день",,,Мангистауская,,3.2
2018,процент,"5,5 долларов США по ППС в  день",,,Мангистауская,,4.1
2011,процент,"5,5 долларов США по ППС в  день",,,Южно-Казахстанская,,32.7
2012,процент,"5,5 долларов США по ППС в  день",,,Южно-Казахстанская,,40.9
2011,процент,"5,5 долларов США по ППС в  день",,,Павлодарская,,17.0
2012,процент,"5,5 долларов США по ППС в  день",,,Павлодарская,,15.4
2013,процент,"5,5 долларов США по ППС в  день",,,Павлодарская,,6.9
2014,процент,"5,5 долларов США по ППС в  день",,,Павлодарская,,6.9
2015,процент,"5,5 долларов США по ППС в  день",,,Павлодарская,,9.4
2016,процент,"5,5 долларов США по ППС в  день",,,Павлодарская,,8.1
2017,процент,"5,5 долларов США по ППС в  день",,,Павлодарская,,5.7
2018,процент,"5,5 долларов США по ППС в  день",,,Павлодарская,,7.3
2011,процент,"5,5 долларов США по ППС в  день",,,Северо-Казахстанская,,21.9
2012,процент,"5,5 долларов США по ППС в  день",,,Северо-Казахстанская,,20.1
2013,процент,"5,5 долларов США по ППС в  день",,,Северо-Казахстанская,,18.2
2014,процент,"5,5 долларов США по ППС в  день",,,Северо-Казахстанская,,15.3
2015,процент,"5,5 долларов США по ППС в  день",,,Северо-Казахстанская,,14.7
2016,процент,"5,5 долларов США по ППС в  день",,,Северо-Казахстанская,,11.2
2017,процент,"5,5 долларов США по ППС в  день",,,Северо-Казахстанская,,9.9
2018,процент,"5,5 долларов США по ППС в  день",,,Северо-Казахстанская,,7.6
2013,процент,"5,5 долларов США по ППС в  день",,,Туркестанская,,34.7
2014,процент,"5,5 долларов США по ППС в  день",,,Туркестанская,,31.4
2015,процент,"5,5 долларов США по ППС в  день",,,Туркестанская,,30.8
2016,процент,"5,5 долларов США по ППС в  день",,,Туркестанская,,29.6
2017,процент,"5,5 долларов США по ППС в  день",,,Туркестанская,,25.6
2018,процент,"5,5 долларов США по ППС в  день",,,Туркестанская,,19.3
2011,процент,"5,5 долларов США по ППС в  день",,,Восточно-Казахстанская,,17.8
2012,процент,"5,5 долларов США по ППС в  день",,,Восточно-Казахстанская,,15.0
2013,процент,"5,5 долларов США по ППС в  день",,,Восточно-Казахстанская,,10.6
2014,процент,"5,5 долларов США по ППС в  день",,,Восточно-Казахстанская,,10.6
2015,процент,"5,5 долларов США по ППС в  день",,,Восточно-Казахстанская,,11.2
2016,процент,"5,5 долларов США по ППС в  день",,,Восточно-Казахстанская,,7.9
2017,процент,"5,5 долларов США по ППС в  день",,,Восточно-Казахстанская,,7.9
2018,процент,"5,5 долларов США по ППС в  день",,,Восточно-Казахстанская,,6.9
2011,процент,"5,5 долларов США по ППС в  день",,,г.Нур-Султан,,1.7
2012,процент,"5,5 долларов США по ППС в  день",,,г.Нур-Султан,,1.3
2013,процент,"5,5 долларов США по ППС в  день",,,г.Нур-Султан,,0.8
2014,процент,"5,5 долларов США по ППС в  день",,,г.Нур-Султан,,0.5
2015,процент,"5,5 долларов США по ППС в  день",,,г.Нур-Султан,,0.6
2016,процент,"5,5 долларов США по ППС в  день",,,г.Нур-Султан,,0.8
2017,процент,"5,5 долларов США по ППС в  день",,,г.Нур-Султан,,0.8
2018,процент,"5,5 долларов США по ППС в  день",,,г.Нур-Султан,,0.8
2011,процент,"5,5 долларов США по ППС в  день",,,г.Алматы,,2.0
2012,процент,"5,5 долларов США по ППС в  день",,,г.Алматы,,1.1
2013,процент,"5,5 долларов США по ППС в  день",,,г.Алматы,,1.1
2014,процент,"5,5 долларов США по ППС в  день",,,г.Алматы,,1.2
2015,процент,"5,5 долларов США по ППС в  день",,,г.Алматы,,1.6
2016,процент,"5,5 долларов США по ППС в  день",,,г.Алматы,,1.7
2017,процент,"5,5 долларов США по ППС в  день",,,г.Алматы,,1.3
2018,процент,"5,5 долларов США по ППС в  день",,,г.Алматы,,2.2
2013,процент,"5,5 долларов США по ППС в  день",,,г.Шымкент,,15.8
2014,процент,"5,5 долларов США по ППС в  день",,,г.Шымкент,,10.4
2015,процент,"5,5 долларов США по ППС в  день",,,г.Шымкент,,10.4
2016,процент,"5,5 долларов США по ППС в  день",,,г.Шымкент,,3.4
2017,процент,"5,5 долларов США по ППС в  день",,,г.Шымкент,,4.7
2018,процент,"5,5 долларов США по ППС в  день",,,г.Шымкент,,3.3
2011,процент,"1,9 долларов США по ППС в  день",,город,Акмолинская,,0.1
2012,процент,"1,9 долларов США по ППС в  день",,город,Акмолинская,,0.3
2012,процент,"1,9 долларов США по ППС в  день",,город,Костанайская,,0.1
2011,процент,"1,9 долларов США по ППС в  день",,город,Южно-Казахстанская,,0.2
2012,процент,"1,9 долларов США по ППС в  день",,город,Южно-Казахстанская,,0.1
2013,процент,"1,9 долларов США по ППС в  день",,город,Северо-Казахстанская,,1.0
2014,процент,"1,9 долларов США по ППС в  день",,город,Туркестанская,,0.3
2017,процент,"1,9 долларов США по ППС в  день",,город,Восточно-Казахстанская,,0.0
2011,процент,"1,9 долларов США по ППС в  день",,город,г.Нур-Султан,,0.0
2011,процент,"3,2 долларов США по ППС в  день",,город,Акмолинская,,0.7
2012,процент,"3,2 долларов США по ППС в  день",,город,Акмолинская,,1.4
2013,процент,"3,2 долларов США по ППС в  день",,город,Акмолинская,,1.3
2014,процент,"3,2 долларов США по ППС в  день",,город,Акмолинская,,0.2
2015,процент,"3,2 долларов США по ППС в  день",,город,Акмолинская,,1.2
2016,процент,"3,2 долларов США по ППС в  день",,город,Акмолинская,,0.6
2017,процент,"3,2 долларов США по ППС в  день",,город,Акмолинская,,0.5
2018,процент,"3,2 долларов США по ППС в  день",,город,Акмолинская,,0.4
2011,процент,"3,2 долларов США по ППС в  день",,город,Актюбинская,,0.2
2012,процент,"3,2 долларов США по ППС в  день",,город,Актюбинская,,0.3
2013,процент,"3,2 долларов США по ППС в  день",,город,Актюбинская,,0.4
2014,процент,"3,2 долларов США по ППС в  день",,город,Актюбинская,,0.4
2015,процент,"3,2 долларов США по ППС в  день",,город,Актюбинская,,0.2
2017,процент,"3,2 долларов США по ППС в  день",,город,Актюбинская,,0.2
2018,процент,"3,2 долларов США по ППС в  день",,город,Актюбинская,,0.1
2011,процент,"3,2 долларов США по ППС в  день",,город,Алматинская,,0.7
2013,процент,"3,2 долларов США по ППС в  день",,город,Алматинская,,0.1
2015,процент,"3,2 долларов США по ППС в  день",,город,Алматинская,,0.5
2011,процент,"3,2 долларов США по ППС в  день",,город,Жамбылская,,1.3
2012,процент,"3,2 долларов США по ППС в  день",,город,Жамбылская,,2.6
2013,процент,"3,2 долларов США по ППС в  день",,город,Жамбылская,,0.2
2014,процент,"3,2 долларов США по ППС в  день",,город,Жамбылская,,0.6
2015,процент,"3,2 долларов США по ППС в  день",,город,Жамбылская,,1.2
2016,процент,"3,2 долларов США по ППС в  день",,город,Жамбылская,,0.8
2017,процент,"3,2 долларов США по ППС в  день",,город,Жамбылская,,0.4
2011,процент,"3,2 долларов США по ППС в  день",,город,Карагандинская,,0.3
2012,процент,"3,2 долларов США по ППС в  день",,город,Карагандинская,,0.2
2013,процент,"3,2 долларов США по ППС в  день",,город,Карагандинская,,0.2
2016,процент,"3,2 долларов США по ППС в  день",,город,Карагандинская,,0.1
2017,процент,"3,2 долларов США по ППС в  день",,город,Карагандинская,,0.2
2018,процент,"3,2 долларов США по ППС в  день",,город,Карагандинская,,0.5
2011,процент,"3,2 долларов США по ППС в  день",,город,Костанайская,,0.4
2012,процент,"3,2 долларов США по ППС в  день",,город,Костанайская,,0.3
2013,процент,"3,2 долларов США по ППС в  день",,город,Костанайская,,1.4
2014,процент,"3,2 долларов США по ППС в  день",,город,Костанайская,,0.4
2015,процент,"3,2 долларов США по ППС в  день",,город,Костанайская,,0.2
2016,процент,"3,2 долларов США по ППС в  день",,город,Костанайская,,0.3
2018,процент,"3,2 долларов США по ППС в  день",,город,Костанайская,,0.7
2011,процент,"3,2 долларов США по ППС в  день",,город,Кызылординская,,0.2
2012,процент,"3,2 долларов США по ППС в  день",,город,Кызылординская,,0.3
2013,процент,"3,2 долларов США по ППС в  день",,город,Кызылординская,,0.7
2014,процент,"3,2 долларов США по ППС в  день",,город,Кызылординская,,0.4
2015,процент,"3,2 долларов США по ППС в  день",,город,Кызылординская,,0.3
2016,процент,"3,2 долларов США по ППС в  день",,город,Кызылординская,,0.4
2017,процент,"3,2 долларов США по ППС в  день",,город,Кызылординская,,0.2
2012,процент,"3,2 долларов США по ППС в  день",,город,Мангистауская,,0.1
2011,процент,"3,2 долларов США по ППС в  день",,город,Южно-Казахстанская,,1.1
2012,процент,"3,2 долларов США по ППС в  день",,город,Южно-Казахстанская,,1.2
2011,процент,"3,2 долларов США по ППС в  день",,город,Павлодарская,,0.5
2012,процент,"3,2 долларов США по ППС в  день",,город,Павлодарская,,0.4
2014,процент,"3,2 долларов США по ППС в  день",,город,Павлодарская,,0.2
2015,процент,"3,2 долларов США по ППС в  день",,город,Павлодарская,,0.4
2011,процент,"3,2 долларов США по ППС в  день",,город,Северо-Казахстанская,,0.9
2012,процент,"3,2 долларов США по ППС в  день",,город,Северо-Казахстанская,,1.4
2013,процент,"3,2 долларов США по ППС в  день",,город,Северо-Казахстанская,,1.9
2014,процент,"3,2 долларов США по ППС в  день",,город,Северо-Казахстанская,,0.3
2015,процент,"3,2 долларов США по ППС в  день",,город,Северо-Казахстанская,,1.2
2016,процент,"3,2 долларов США по ППС в  день",,город,Северо-Казахстанская,,0.7
2017,процент,"3,2 долларов США по ППС в  день",,город,Северо-Казахстанская,,1.1
2018,процент,"3,2 долларов США по ППС в  день",,город,Северо-Казахстанская,,0.7
2014,процент,"3,2 долларов США по ППС в  день",,город,Туркестанская,,0.8
2016,процент,"3,2 долларов США по ППС в  день",,город,Туркестанская,,0.4
2018,процент,"3,2 долларов США по ППС в  день",,город,Туркестанская,,0.3
2011,процент,"3,2 долларов США по ППС в  день",,город,Восточно-Казахстанская,,0.5
2012,процент,"3,2 долларов США по ППС в  день",,город,Восточно-Казахстанская,,0.7
2013,процент,"3,2 долларов США по ППС в  день",,город,Восточно-Казахстанская,,0.1
2014,процент,"3,2 долларов США по ППС в  день",,город,Восточно-Казахстанская,,0.1
2015,процент,"3,2 долларов США по ППС в  день",,город,Восточно-Казахстанская,,0.4
2016,процент,"3,2 долларов США по ППС в  день",,город,Восточно-Казахстанская,,0.1
2017,процент,"3,2 долларов США по ППС в  день",,город,Восточно-Казахстанская,,0.2
2018,процент,"3,2 долларов США по ППС в  день",,город,Восточно-Казахстанская,,0.1
2011,процент,"3,2 долларов США по ППС в  день",,город,г.Нур-Султан,,0.1
2012,процент,"3,2 долларов США по ППС в  день",,город,г.Нур-Султан,,0.1
2013,процент,"3,2 долларов США по ППС в  день",,город,г.Нур-Султан,,0.0
2015,процент,"3,2 долларов США по ППС в  день",,город,г.Нур-Султан,,0.1
2018,процент,"3,2 долларов США по ППС в  день",,город,г.Нур-Султан,,0.1
2011,процент,"3,2 долларов США по ППС в  день",,город,г.Алматы,,0.1
2012,процент,"3,2 долларов США по ППС в  день",,город,г.Алматы,,0.1
2016,процент,"3,2 долларов США по ППС в  день",,город,г.Алматы,,0.1
2017,процент,"3,2 долларов США по ППС в  день",,город,г.Алматы,,0.1
2018,процент,"3,2 долларов США по ППС в  день",,город,г.Алматы,,0.1
2013,процент,"3,2 долларов США по ППС в  день",,город,г.Шымкент,,0.3
2018,процент,"3,2 долларов США по ППС в  день",,город,г.Шымкент,,0.5
2011,процент,"5,5 долларов США по ППС в  день",,город,Акмолинская,,10.6
2012,процент,"5,5 долларов США по ППС в  день",,город,Акмолинская,,16.7
2013,процент,"5,5 долларов США по ППС в  день",,город,Акмолинская,,15.4
2014,процент,"5,5 долларов США по ППС в  день",,город,Акмолинская,,12.4
2015,процент,"5,5 долларов США по ППС в  день",,город,Акмолинская,,15.8
2016,процент,"5,5 долларов США по ППС в  день",,город,Акмолинская,,11.1
2017,процент,"5,5 долларов США по ППС в  день",,город,Акмолинская,,8.0
2018,процент,"5,5 долларов США по ППС в  день",,город,Акмолинская,,6.5
2011,процент,"5,5 долларов США по ППС в  день",,город,Актюбинская,,8.3
2012,процент,"5,5 долларов США по ППС в  день",,город,Актюбинская,,15.0
2013,процент,"5,5 долларов США по ППС в  день",,город,Актюбинская,,8.3
2014,процент,"5,5 долларов США по ППС в  день",,город,Актюбинская,,9.0
2015,процент,"5,5 долларов США по ППС в  день",,город,Актюбинская,,12.7
2016,процент,"5,5 долларов США по ППС в  день",,город,Актюбинская,,8.5
2017,процент,"5,5 долларов США по ППС в  день",,город,Актюбинская,,9.5
2018,процент,"5,5 долларов США по ППС в  день",,город,Актюбинская,,7.8
2011,процент,"5,5 долларов США по ППС в  день",,город,Алматинская,,5.3
2012,процент,"5,5 долларов США по ППС в  день",,город,Алматинская,,10.1
2013,процент,"5,5 долларов США по ППС в  день",,город,Алматинская,,5.7
2014,процент,"5,5 долларов США по ППС в  день",,город,Алматинская,,4.9
2015,процент,"5,5 долларов США по ППС в  день",,город,Алматинская,,7.2
2016,процент,"5,5 долларов США по ППС в  день",,город,Алматинская,,4.2
2017,процент,"5,5 долларов США по ППС в  день",,город,Алматинская,,3.4
2018,процент,"5,5 долларов США по ППС в  день",,город,Алматинская,,4.3
2011,процент,"5,5 долларов США по ППС в  день",,город,Атырауская,,1.4
2012,процент,"5,5 долларов США по ППС в  день",,город,Атырауская,,3.9
2013,процент,"5,5 долларов США по ППС в  день",,город,Атырауская,,1.6
2014,процент,"5,5 долларов США по ППС в  день",,город,Атырауская,,1.9
2015,процент,"5,5 долларов США по ППС в  день",,город,Атырауская,,3.7
2016,процент,"5,5 долларов США по ППС в  день",,город,Атырауская,,1.5
2017,процент,"5,5 долларов США по ППС в  день",,город,Атырауская,,2.0
2018,процент,"5,5 долларов США по ППС в  день",,город,Атырауская,,1.3
2011,процент,"5,5 долларов США по ППС в  день",,город,Западно-Казахстанская,,11.6
2012,процент,"5,5 долларов США по ППС в  день",,город,Западно-Казахстанская,,19.7
2013,процент,"5,5 долларов США по ППС в  день",,город,Западно-Казахстанская,,13.0
2014,процент,"5,5 долларов США по ППС в  день",,город,Западно-Казахстанская,,8.8
2015,процент,"5,5 долларов США по ППС в  день",,город,Западно-Казахстанская,,9.7
2016,процент,"5,5 долларов США по ППС в  день",,город,Западно-Казахстанская,,8.3
2017,процент,"5,5 долларов США по ППС в  день",,город,Западно-Казахстанская,,8.4
2018,процент,"5,5 долларов США по ППС в  день",,город,Западно-Казахстанская,,4.9
2011,процент,"5,5 долларов США по ППС в  день",,город,Жамбылская,,20.3
2012,процент,"5,5 долларов США по ППС в  день",,город,Жамбылская,,28.7
2013,процент,"5,5 долларов США по ППС в  день",,город,Жамбылская,,7.1
2014,процент,"5,5 долларов США по ППС в  день",,город,Жамбылская,,12.4
2015,процент,"5,5 долларов США по ППС в  день",,город,Жамбылская,,25.8
2016,процент,"5,5 долларов США по ППС в  день",,город,Жамбылская,,21.4
2017,процент,"5,5 долларов США по ППС в  день",,город,Жамбылская,,14.2
2018,процент,"5,5 долларов США по ППС в  день",,город,Жамбылская,,7.1
2011,процент,"5,5 долларов США по ППС в  день",,город,Карагандинская,,7.4
2012,процент,"5,5 долларов США по ППС в  день",,город,Карагандинская,,7.7
2013,процент,"5,5 долларов США по ППС в  день",,город,Карагандинская,,7.1
2014,процент,"5,5 долларов США по ППС в  день",,город,Карагандинская,,4.4
2015,процент,"5,5 долларов США по ППС в  день",,город,Карагандинская,,8.6
2016,процент,"5,5 долларов США по ППС в  день",,город,Карагандинская,,6.6
2017,процент,"5,5 долларов США по ППС в  день",,город,Карагандинская,,5.7
2018,процент,"5,5 долларов США по ППС в  день",,город,Карагандинская,,3.5
2011,процент,"5,5 долларов США по ППС в  день",,город,Костанайская,,9.8
2012,процент,"5,5 долларов США по ППС в  день",,город,Костанайская,,15.1
2013,процент,"5,5 долларов США по ППС в  день",,город,Костанайская,,12.8
2014,процент,"5,5 долларов США по ППС в  день",,город,Костанайская,,7.1
2015,процент,"5,5 долларов США по ППС в  день",,город,Костанайская,,8.5
2016,процент,"5,5 долларов США по ППС в  день",,город,Костанайская,,10.2
2017,процент,"5,5 долларов США по ППС в  день",,город,Костанайская,,5.9
2018,процент,"5,5 долларов США по ППС в  день",,город,Костанайская,,5.2
2011,процент,"5,5 долларов США по ППС в  день",,город,Кызылординская,,7.8
2012,процент,"5,5 долларов США по ППС в  день",,город,Кызылординская,,11.2
2013,процент,"5,5 долларов США по ППС в  день",,город,Кызылординская,,9.5
2014,процент,"5,5 долларов США по ППС в  день",,город,Кызылординская,,10.8
2015,процент,"5,5 долларов США по ППС в  день",,город,Кызылординская,,18.2
2016,процент,"5,5 долларов США по ППС в  день",,город,Кызылординская,,17.4
2017,процент,"5,5 долларов США по ППС в  день",,город,Кызылординская,,12.2
2018,процент,"5,5 долларов США по ППС в  день",,город,Кызылординская,,10.2
2011,процент,"5,5 долларов США по ППС в  день",,город,Мангистауская,,2.0
2012,процент,"5,5 долларов США по ППС в  день",,город,Мангистауская,,1.3
2013,процент,"5,5 долларов США по ППС в  день",,город,Мангистауская,,1.0
2014,процент,"5,5 долларов США по ППС в  день",,город,Мангистауская,,0.6
2015,процент,"5,5 долларов США по ППС в  день",,город,Мангистауская,,1.0
2016,процент,"5,5 долларов США по ППС в  день",,город,Мангистауская,,1.0
2017,процент,"5,5 долларов США по ППС в  день",,город,Мангистауская,,0.8
2018,процент,"5,5 долларов США по ППС в  день",,город,Мангистауская,,1.1
2011,процент,"5,5 долларов США по ППС в  день",,город,Южно-Казахстанская,,20.9
2012,процент,"5,5 долларов США по ППС в  день",,город,Южно-Казахстанская,,28.2
2011,процент,"5,5 долларов США по ППС в  день",,город,Павлодарская,,12.7
2012,процент,"5,5 долларов США по ППС в  день",,город,Павлодарская,,11.7
2013,процент,"5,5 долларов США по ППС в  день",,город,Павлодарская,,4.7
2014,процент,"5,5 долларов США по ППС в  день",,город,Павлодарская,,5.4
2015,процент,"5,5 долларов США по ППС в  день",,город,Павлодарская,,9.3
2016,процент,"5,5 долларов США по ППС в  день",,город,Павлодарская,,6.8
2017,процент,"5,5 долларов США по ППС в  день",,город,Павлодарская,,4.2
2018,процент,"5,5 долларов США по ППС в  день",,город,Павлодарская,,5.5
2011,процент,"5,5 долларов США по ППС в  день",,город,Северо-Казахстанская,,13.9
2012,процент,"5,5 долларов США по ППС в  день",,город,Северо-Казахстанская,,15.4
2013,процент,"5,5 долларов США по ППС в  день",,город,Северо-Казахстанская,,14.1
2014,процент,"5,5 долларов США по ППС в  день",,город,Северо-Казахстанская,,10.8
2015,процент,"5,5 долларов США по ППС в  день",,город,Северо-Казахстанская,,10.6
2016,процент,"5,5 долларов США по ППС в  день",,город,Северо-Казахстанская,,8.1
2017,процент,"5,5 долларов США по ППС в  день",,город,Северо-Казахстанская,,8.9
2018,процент,"5,5 долларов США по ППС в  день",,город,Северо-Казахстанская,,5.7
2013,процент,"5,5 долларов США по ППС в  день",,город,Туркестанская,,19.9
2014,процент,"5,5 долларов США по ППС в  день",,город,Туркестанская,,18.2
2015,процент,"5,5 долларов США по ППС в  день",,город,Туркестанская,,19.8
2016,процент,"5,5 долларов США по ППС в  день",,город,Туркестанская,,16.2
2017,процент,"5,5 долларов США по ППС в  день",,город,Туркестанская,,18.4
2018,процент,"5,5 долларов США по ППС в  день",,город,Туркестанская,,14.2
2011,процент,"5,5 долларов США по ППС в  день",,город,Восточно-Казахстанская,,11.5
2012,процент,"5,5 долларов США по ППС в  день",,город,Восточно-Казахстанская,,12.2
2013,процент,"5,5 долларов США по ППС в  день",,город,Восточно-Казахстанская,,8.1
2014,процент,"5,5 долларов США по ППС в  день",,город,Восточно-Казахстанская,,9.6
2015,процент,"5,5 долларов США по ППС в  день",,город,Восточно-Казахстанская,,6.1
2016,процент,"5,5 долларов США по ППС в  день",,город,Восточно-Казахстанская,,3.5
2017,процент,"5,5 долларов США по ППС в  день",,город,Восточно-Казахстанская,,4.3
2018,процент,"5,5 долларов США по ППС в  день",,город,Восточно-Казахстанская,,3.4
2011,процент,"5,5 долларов США по ППС в  день",,город,г.Нур-Султан,,1.7
2012,процент,"5,5 долларов США по ППС в  день",,город,г.Нур-Султан,,1.3
2013,процент,"5,5 долларов США по ППС в  день",,город,г.Нур-Султан,,0.8
2014,процент,"5,5 долларов США по ППС в  день",,город,г.Нур-Султан,,0.5
2015,процент,"5,5 долларов США по ППС в  день",,город,г.Нур-Султан,,0.6
2016,процент,"5,5 долларов США по ППС в  день",,город,г.Нур-Султан,,0.8
2017,процент,"5,5 долларов США по ППС в  день",,город,г.Нур-Султан,,0.8
2018,процент,"5,5 долларов США по ППС в  день",,город,г.Нур-Султан,,0.8
2011,процент,"5,5 долларов США по ППС в  день",,город,г.Алматы,,2.0
2012,процент,"5,5 долларов США по ППС в  день",,город,г.Алматы,,1.1
2013,процент,"5,5 долларов США по ППС в  день",,город,г.Алматы,,1.1
2014,процент,"5,5 долларов США по ППС в  день",,город,г.Алматы,,1.2
2015,процент,"5,5 долларов США по ППС в  день",,город,г.Алматы,,1.6
2016,процент,"5,5 долларов США по ППС в  день",,город,г.Алматы,,1.7
2017,процент,"5,5 долларов США по ППС в  день",,город,г.Алматы,,1.3
2018,процент,"5,5 долларов США по ППС в  день",,город,г.Алматы,,2.2
2013,процент,"5,5 долларов США по ППС в  день",,город,г.Шымкент,,15.8
2014,процент,"5,5 долларов США по ППС в  день",,город,г.Шымкент,,10.4
2015,процент,"5,5 долларов США по ППС в  день",,город,г.Шымкент,,10.4
2016,процент,"5,5 долларов США по ППС в  день",,город,г.Шымкент,,3.4
2017,процент,"5,5 долларов США по ППС в  день",,город,г.Шымкент,,4.7
2018,процент,"5,5 долларов США по ППС в  день",,город,г.Шымкент,,3.3
2011,процент,"1,9 долларов США по ППС в  день",,село,Акмолинская,,0.3
2012,процент,"1,9 долларов США по ППС в  день",,село,Акмолинская,,0.3
2013,процент,"1,9 долларов США по ППС в  день",,село,Акмолинская,,0.1
2014,процент,"1,9 долларов США по ППС в  день",,село,Акмолинская,,0.2
2012,процент,"1,9 долларов США по ППС в  день",,село,Алматинская,,0.1
2015,процент,"1,9 долларов США по ППС в  день",,село,Алматинская,,0.1
2018,процент,"1,9 долларов США по ППС в  день",,село,Алматинская,,0.1
2012,процент,"1,9 долларов США по ППС в  день",,село,Жамбылская,,0.2
2011,процент,"1,9 долларов США по ППС в  день",,село,Карагандинская,,0.2
2013,процент,"1,9 долларов США по ППС в  день",,село,Карагандинская,,0.6
2014,процент,"1,9 долларов США по ППС в  день",,село,Карагандинская,,0.1
2015,процент,"1,9 долларов США по ППС в  день",,село,Карагандинская,,0.1
2016,процент,"1,9 долларов США по ППС в  день",,село,Карагандинская,,0.1
2017,процент,"1,9 долларов США по ППС в  день",,село,Карагандинская,,0.1
2018,процент,"1,9 долларов США по ППС в  день",,село,Карагандинская,,0.2
2011,процент,"1,9 долларов США по ППС в  день",,село,Костанайская,,0.1
2012,процент,"1,9 долларов США по ППС в  день",,село,Костанайская,,0.2
2016,процент,"1,9 долларов США по ППС в  день",,село,Костанайская,,0.1
2011,процент,"1,9 долларов США по ППС в  день",,село,Южно-Казахстанская,,0.5
2011,процент,"1,9 долларов США по ППС в  день",,село,Павлодарская,,0.6
2012,процент,"1,9 долларов США по ППС в  день",,село,Павлодарская,,0.1
2011,процент,"1,9 долларов США по ППС в  день",,село,Северо-Казахстанская,,0.3
2012,процент,"1,9 долларов США по ППС в  день",,село,Северо-Казахстанская,,0.1
2013,процент,"1,9 долларов США по ППС в  день",,село,Северо-Казахстанская,,0.1
2015,процент,"1,9 долларов США по ППС в  день",,село,Северо-Казахстанская,,0.3
2016,процент,"1,9 долларов США по ППС в  день",,село,Северо-Казахстанская,,0.3
2017,процент,"1,9 долларов США по ППС в  день",,село,Северо-Казахстанская,,0.1
2011,процент,"1,9 долларов США по ППС в  день",,село,Восточно-Казахстанская,,0.4
2012,процент,"1,9 долларов США по ППС в  день",,село,Восточно-Казахстанская,,0.1
2015,процент,"1,9 долларов США по ППС в  день",,село,Восточно-Казахстанская,,0.1
2017,процент,"1,9 долларов США по ППС в  день",,село,Восточно-Казахстанская,,0.7
2011,процент,"3,2 долларов США по ППС в  день",,село,Акмолинская,,3.4
2012,процент,"3,2 долларов США по ППС в  день",,село,Акмолинская,,1.7
2013,процент,"3,2 долларов США по ППС в  день",,село,Акмолинская,,1.6
2014,процент,"3,2 долларов США по ППС в  день",,село,Акмолинская,,1.1
2015,процент,"3,2 долларов США по ППС в  день",,село,Акмолинская,,1.2
2016,процент,"3,2 долларов США по ППС в  день",,село,Акмолинская,,0.9
2017,процент,"3,2 долларов США по ППС в  день",,село,Акмолинская,,0.7
2018,процент,"3,2 долларов США по ППС в  день",,село,Акмолинская,,0.7
2011,процент,"3,2 долларов США по ППС в  день",,село,Актюбинская,,2.0
2012,процент,"3,2 долларов США по ППС в  день",,село,Актюбинская,,1.4
2013,процент,"3,2 долларов США по ППС в  день",,село,Актюбинская,,0.6
2014,процент,"3,2 долларов США по ППС в  день",,село,Актюбинская,,1.1
2015,процент,"3,2 долларов США по ППС в  день",,село,Актюбинская,,1.6
2016,процент,"3,2 долларов США по ППС в  день",,село,Актюбинская,,0.3
2017,процент,"3,2 долларов США по ППС в  день",,село,Актюбинская,,0.3
2018,процент,"3,2 долларов США по ППС в  день",,село,Актюбинская,,0.4
2011,процент,"3,2 долларов США по ППС в  день",,село,Алматинская,,0.1
2012,процент,"3,2 долларов США по ППС в  день",,село,Алматинская,,0.6
2013,процент,"3,2 долларов США по ППС в  день",,село,Алматинская,,0.6
2014,процент,"3,2 долларов США по ППС в  день",,село,Алматинская,,0.3
2015,процент,"3,2 долларов США по ППС в  день",,село,Алматинская,,0.1
2018,процент,"3,2 долларов США по ППС в  день",,село,Алматинская,,0.1
2011,процент,"3,2 долларов США по ППС в  день",,село,Атырауская,,0.2
2011,процент,"3,2 долларов США по ППС в  день",,село,Западно-Казахстанская,,1.5
2012,процент,"3,2 долларов США по ППС в  день",,село,Западно-Казахстанская,,0.8
2013,процент,"3,2 долларов США по ППС в  день",,село,Западно-Казахстанская,,0.4
2014,процент,"3,2 долларов США по ППС в  день",,село,Западно-Казахстанская,,1.5
2015,процент,"3,2 долларов США по ППС в  день",,село,Западно-Казахстанская,,2.5
2016,процент,"3,2 долларов США по ППС в  день",,село,Западно-Казахстанская,,1.4
2017,процент,"3,2 долларов США по ППС в  день",,село,Западно-Казахстанская,,0.8
2018,процент,"3,2 долларов США по ППС в  день",,село,Западно-Казахстанская,,0.1
2011,процент,"3,2 долларов США по ППС в  день",,село,Жамбылская,,0.4
2012,процент,"3,2 долларов США по ППС в  день",,село,Жамбылская,,2.1
2013,процент,"3,2 долларов США по ППС в  день",,село,Жамбылская,,0.5
2014,процент,"3,2 долларов США по ППС в  день",,село,Жамбылская,,0.2
2015,процент,"3,2 долларов США по ППС в  день",,село,Жамбылская,,0.9
2016,процент,"3,2 долларов США по ППС в  день",,село,Жамбылская,,0.8
2017,процент,"3,2 долларов США по ППС в  день",,село,Жамбылская,,1.5
2018,процент,"3,2 долларов США по ППС в  день",,село,Жамбылская,,0.3
2011,процент,"3,2 долларов США по ППС в  день",,село,Карагандинская,,3.1
2012,процент,"3,2 долларов США по ППС в  день",,село,Карагандинская,,2.8
2013,процент,"3,2 долларов США по ППС в  день",,село,Карагандинская,,3.5
2014,процент,"3,2 долларов США по ППС в  день",,село,Карагандинская,,2.1
2015,процент,"3,2 долларов США по ППС в  день",,село,Карагандинская,,3.1
2016,процент,"3,2 долларов США по ППС в  день",,село,Карагандинская,,1.6
2017,процент,"3,2 долларов США по ППС в  день",,село,Карагандинская,,1.0
2018,процент,"3,2 долларов США по ППС в  день",,село,Карагандинская,,0.5
2011,процент,"3,2 долларов США по ППС в  день",,село,Костанайская,,2.3
2012,процент,"3,2 долларов США по ППС в  день",,село,Костанайская,,1.4
2013,процент,"3,2 долларов США по ППС в  день",,село,Костанайская,,1.0
2014,процент,"3,2 долларов США по ППС в  день",,село,Костанайская,,1.8
2015,процент,"3,2 долларов США по ППС в  день",,село,Костанайская,,1.5
2016,процент,"3,2 долларов США по ППС в  день",,село,Костанайская,,1.7
2017,процент,"3,2 долларов США по ППС в  день",,село,Костанайская,,1.0
2018,процент,"3,2 долларов США по ППС в  день",,село,Костанайская,,1.3
2011,процент,"3,2 долларов США по ППС в  день",,село,Кызылординская,,1.0
2012,процент,"3,2 долларов США по ППС в  день",,село,Кызылординская,,0.5
2014,процент,"3,2 долларов США по ППС в  день",,село,Кызылординская,,0.1
2015,процент,"3,2 долларов США по ППС в  день",,село,Кызылординская,,0.9
2016,процент,"3,2 долларов США по ППС в  день",,село,Кызылординская,,0.1
2018,процент,"3,2 долларов США по ППС в  день",,село,Кызылординская,,0.1
2011,процент,"3,2 долларов США по ППС в  день",,село,Мангистауская,,0.2
2016,процент,"3,2 долларов США по ППС в  день",,село,Мангистауская,,0.1
2018,процент,"3,2 долларов США по ППС в  день",,село,Мангистауская,,0.3
2011,процент,"3,2 долларов США по ППС в  день",,село,Южно-Казахстанская,,3.5
2012,процент,"3,2 долларов США по ППС в  день",,село,Южно-Казахстанская,,2.9
2011,процент,"3,2 долларов США по ППС в  день",,село,Павлодарская,,3.7
2012,процент,"3,2 долларов США по ППС в  день",,село,Павлодарская,,3.2
2013,процент,"3,2 долларов США по ППС в  день",,село,Павлодарская,,0.6
2014,процент,"3,2 долларов США по ППС в  день",,село,Павлодарская,,0.1
2015,процент,"3,2 долларов США по ППС в  день",,село,Павлодарская,,1.0
2016,процент,"3,2 долларов США по ППС в  день",,село,Павлодарская,,1.1
2017,процент,"3,2 долларов США по ППС в  день",,село,Павлодарская,,0.2
2018,процент,"3,2 долларов США по ППС в  день",,село,Павлодарская,,0.2
2011,процент,"3,2 долларов США по ППС в  день",,село,Северо-Казахстанская,,5.0
2012,процент,"3,2 долларов США по ППС в  день",,село,Северо-Казахстанская,,3.9
2013,процент,"3,2 долларов США по ППС в  день",,село,Северо-Казахстанская,,2.2
2014,процент,"3,2 долларов США по ППС в  день",,село,Северо-Казахстанская,,1.6
2015,процент,"3,2 долларов США по ППС в  день",,село,Северо-Казахстанская,,2.3
2016,процент,"3,2 долларов США по ППС в  день",,село,Северо-Казахстанская,,1.6
2017,процент,"3,2 долларов США по ППС в  день",,село,Северо-Казахстанская,,1.0
2018,процент,"3,2 долларов США по ППС в  день",,село,Северо-Казахстанская,,0.3
2013,процент,"3,2 долларов США по ППС в  день",,село,Туркестанская,,1.6
2014,процент,"3,2 долларов США по ППС в  день",,село,Туркестанская,,0.8
2015,процент,"3,2 долларов США по ППС в  день",,село,Туркестанская,,0.7
2016,процент,"3,2 долларов США по ППС в  день",,село,Туркестанская,,1.7
2017,процент,"3,2 долларов США по ППС в  день",,село,Туркестанская,,0.9
2018,процент,"3,2 долларов США по ППС в  день",,село,Туркестанская,,0.5
2011,процент,"3,2 долларов США по ППС в  день",,село,Восточно-Казахстанская,,4.2
2012,процент,"3,2 долларов США по ППС в  день",,село,Восточно-Казахстанская,,1.4
2014,процент,"3,2 долларов США по ППС в  день",,село,Восточно-Казахстанская,,1.2
2015,процент,"3,2 долларов США по ППС в  день",,село,Восточно-Казахстанская,,2.1
2016,процент,"3,2 долларов США по ППС в  день",,село,Восточно-Казахстанская,,0.5
2017,процент,"3,2 долларов США по ППС в  день",,село,Восточно-Казахстанская,,2.0
2018,процент,"3,2 долларов США по ППС в  день",,село,Восточно-Казахстанская,,0.9
2011,процент,"5,5 долларов США по ППС в  день",,село,Акмолинская,,16.2
2012,процент,"5,5 долларов США по ППС в  день",,село,Акмолинская,,17.3
2013,процент,"5,5 долларов США по ППС в  день",,село,Акмолинская,,14.8
2014,процент,"5,5 долларов США по ППС в  день",,село,Акмолинская,,11.8
2015,процент,"5,5 долларов США по ППС в  день",,село,Акмолинская,,13.4
2016,процент,"5,5 долларов США по ППС в  день",,село,Акмолинская,,13.6
2017,процент,"5,5 долларов США по ППС в  день",,село,Акмолинская,,10.4
2018,процент,"5,5 долларов США по ППС в  день",,село,Акмолинская,,7.6
2011,процент,"5,5 долларов США по ППС в  день",,село,Актюбинская,,20.9
2012,процент,"5,5 долларов США по ППС в  день",,село,Актюбинская,,15.6
2013,процент,"5,5 долларов США по ППС в  день",,село,Актюбинская,,17.3
2014,процент,"5,5 долларов США по ППС в  день",,село,Актюбинская,,12.6
2015,процент,"5,5 долларов США по ППС в  день",,село,Актюбинская,,20.7
2016,процент,"5,5 долларов США по ППС в  день",,село,Актюбинская,,13.2
2017,процент,"5,5 долларов США по ППС в  день",,село,Актюбинская,,12.9
2018,процент,"5,5 долларов США по ППС в  день",,село,Актюбинская,,12.6
2011,процент,"5,5 долларов США по ППС в  день",,село,Алматинская,,6.4
2012,процент,"5,5 долларов США по ППС в  день",,село,Алматинская,,8.4
2013,процент,"5,5 долларов США по ППС в  день",,село,Алматинская,,3.5
2014,процент,"5,5 долларов США по ППС в  день",,село,Алматинская,,4.7
2015,процент,"5,5 долларов США по ППС в  день",,село,Алматинская,,7.7
2016,процент,"5,5 долларов США по ППС в  день",,село,Алматинская,,5.0
2017,процент,"5,5 долларов США по ППС в  день",,село,Алматинская,,6.1
2018,процент,"5,5 долларов США по ППС в  день",,село,Алматинская,,4.2
2011,процент,"5,5 долларов США по ППС в  день",,село,Атырауская,,10.7
2012,процент,"5,5 долларов США по ППС в  день",,село,Атырауская,,8.6
2013,процент,"5,5 долларов США по ППС в  день",,село,Атырауская,,8.6
2014,процент,"5,5 долларов США по ППС в  день",,село,Атырауская,,13.5
2015,процент,"5,5 долларов США по ППС в  день",,село,Атырауская,,15.7
2016,процент,"5,5 долларов США по ППС в  день",,село,Атырауская,,13.3
2017,процент,"5,5 долларов США по ППС в  день",,село,Атырауская,,8.1
2018,процент,"5,5 долларов США по ППС в  день",,село,Атырауская,,7.5
2011,процент,"5,5 долларов США по ППС в  день",,село,Западно-Казахстанская,,28.8
2012,процент,"5,5 долларов США по ППС в  день",,село,Западно-Казахстанская,,34.8
2013,процент,"5,5 долларов США по ППС в  день",,село,Западно-Казахстанская,,30.1
2014,процент,"5,5 долларов США по ППС в  день",,село,Западно-Казахстанская,,26.7
2015,процент,"5,5 долларов США по ППС в  день",,село,Западно-Казахстанская,,27.6
2016,процент,"5,5 долларов США по ППС в  день",,село,Западно-Казахстанская,,22.6
2017,процент,"5,5 долларов США по ППС в  день",,село,Западно-Казахстанская,,21.0
2018,процент,"5,5 долларов США по ППС в  день",,село,Западно-Казахстанская,,13.8
2011,процент,"5,5 долларов США по ППС в  день",,село,Жамбылская,,27.1
2012,процент,"5,5 долларов США по ППС в  день",,село,Жамбылская,,41.3
2013,процент,"5,5 долларов США по ППС в  день",,село,Жамбылская,,14.8
2014,процент,"5,5 долларов США по ППС в  день",,село,Жамбылская,,17.1
2015,процент,"5,5 долларов США по ППС в  день",,село,Жамбылская,,36.0
2016,процент,"5,5 долларов США по ППС в  день",,село,Жамбылская,,32.3
2017,процент,"5,5 долларов США по ППС в  день",,село,Жамбылская,,20.9
2018,процент,"5,5 долларов США по ППС в  день",,село,Жамбылская,,14.8
2011,процент,"5,5 долларов США по ППС в  день",,село,Карагандинская,,22.9
2012,процент,"5,5 долларов США по ППС в  день",,село,Карагандинская,,25.6
2013,процент,"5,5 долларов США по ППС в  день",,село,Карагандинская,,21.6
2014,процент,"5,5 долларов США по ППС в  день",,село,Карагандинская,,16.0
2015,процент,"5,5 долларов США по ППС в  день",,село,Карагандинская,,18.7
2016,процент,"5,5 долларов США по ППС в  день",,село,Карагандинская,,13.6
2017,процент,"5,5 долларов США по ППС в  день",,село,Карагандинская,,14.3
2018,процент,"5,5 долларов США по ППС в  день",,село,Карагандинская,,7.5
2011,процент,"5,5 долларов США по ППС в  день",,село,Костанайская,,21.4
2012,процент,"5,5 долларов США по ППС в  день",,село,Костанайская,,19.0
2013,процент,"5,5 долларов США по ППС в  день",,село,Костанайская,,14.6
2014,процент,"5,5 долларов США по ППС в  день",,село,Костанайская,,15.8
2015,процент,"5,5 долларов США по ППС в  день",,село,Костанайская,,20.1
2016,процент,"5,5 долларов США по ППС в  день",,село,Костанайская,,18.1
2017,процент,"5,5 долларов США по ППС в  день",,село,Костанайская,,11.9
2018,процент,"5,5 долларов США по ППС в  день",,село,Костанайская,,13.7
2011,процент,"5,5 долларов США по ППС в  день",,село,Кызылординская,,16.6
2012,процент,"5,5 долларов США по ППС в  день",,село,Кызылординская,,13.0
2013,процент,"5,5 долларов США по ППС в  день",,село,Кызылординская,,10.1
2014,процент,"5,5 долларов США по ППС в  день",,село,Кызылординская,,12.0
2015,процент,"5,5 долларов США по ППС в  день",,село,Кызылординская,,25.7
2016,процент,"5,5 долларов США по ППС в  день",,село,Кызылординская,,19.4
2017,процент,"5,5 долларов США по ППС в  день",,село,Кызылординская,,16.6
2018,процент,"5,5 долларов США по ППС в  день",,село,Кызылординская,,12.7
2011,процент,"5,5 долларов США по ППС в  день",,село,Мангистауская,,7.3
2012,процент,"5,5 долларов США по ППС в  день",,село,Мангистауская,,6.7
2013,процент,"5,5 долларов США по ППС в  день",,село,Мангистауская,,4.7
2014,процент,"5,5 долларов США по ППС в  день",,село,Мангистауская,,5.3
2015,процент,"5,5 долларов США по ППС в  день",,село,Мангистауская,,6.1
2016,процент,"5,5 долларов США по ППС в  день",,село,Мангистауская,,4.4
2017,процент,"5,5 долларов США по ППС в  день",,село,Мангистауская,,4.9
2018,процент,"5,5 долларов США по ППС в  день",,село,Мангистауская,,6.1
2011,процент,"5,5 долларов США по ППС в  день",,село,Южно-Казахстанская,,40.4
2012,процент,"5,5 долларов США по ППС в  день",,село,Южно-Казахстанская,,49.0
2011,процент,"5,5 долларов США по ППС в  день",,село,Павлодарская,,26.3
2012,процент,"5,5 долларов США по ППС в  день",,село,Павлодарская,,23.7
2013,процент,"5,5 долларов США по ППС в  день",,село,Павлодарская,,12.1
2014,процент,"5,5 долларов США по ППС в  день",,село,Павлодарская,,10.5
2015,процент,"5,5 долларов США по ППС в  день",,село,Павлодарская,,9.6
2016,процент,"5,5 долларов США по ППС в  день",,село,Павлодарская,,11.4
2017,процент,"5,5 долларов США по ППС в  день",,село,Павлодарская,,9.2
2018,процент,"5,5 долларов США по ППС в  день",,село,Павлодарская,,11.6
2011,процент,"5,5 долларов США по ППС в  день",,село,Северо-Казахстанская,,27.5
2012,процент,"5,5 долларов США по ППС в  день",,село,Северо-Казахстанская,,23.4
2013,процент,"5,5 долларов США по ППС в  день",,село,Северо-Казахстанская,,21.1
2014,процент,"5,5 долларов США по ППС в  день",,село,Северо-Казахстанская,,18.7
2015,процент,"5,5 долларов США по ППС в  день",,село,Северо-Казахстанская,,17.8
2016,процент,"5,5 долларов США по ППС в  день",,село,Северо-Казахстанская,,13.6
2017,процент,"5,5 долларов США по ППС в  день",,село,Северо-Казахстанская,,10.8
2018,процент,"5,5 долларов США по ППС в  день",,село,Северо-Казахстанская,,9.3
2013,процент,"5,5 долларов США по ППС в  день",,село,Туркестанская,,39.0
2014,процент,"5,5 долларов США по ППС в  день",,село,Туркестанская,,35.4
2015,процент,"5,5 долларов США по ППС в  день",,село,Туркестанская,,34.9
2016,процент,"5,5 долларов США по ППС в  день",,село,Туркестанская,,34.8
2017,процент,"5,5 долларов США по ППС в  день",,село,Туркестанская,,28.6
2018,процент,"5,5 долларов США по ППС в  день",,село,Туркестанская,,20.6
2011,процент,"5,5 долларов США по ППС в  день",,село,Восточно-Казахстанская,,26.5
2012,процент,"5,5 долларов США по ППС в  день",,село,Восточно-Казахстанская,,18.9
2013,процент,"5,5 долларов США по ППС в  день",,село,Восточно-Казахстанская,,14.2
2014,процент,"5,5 долларов США по ППС в  день",,село,Восточно-Казахстанская,,12.1
2015,процент,"5,5 долларов США по ППС в  день",,село,Восточно-Казахстанская,,18.9
2016,процент,"5,5 долларов США по ППС в  день",,село,Восточно-Казахстанская,,14.6
2017,процент,"5,5 долларов США по ППС в  день",,село,Восточно-Казахстанская,,13.5
2018,процент,"5,5 долларов США по ППС в  день",,село,Восточно-Казахстанская,,12.6
