Year,Units,Жертвы чрезвычайных ситуаций,Регионы,Пол,Value
2010,пострадало на 100 000 человек,,,,0.00145
2011,пострадало на 100 000 человек,,,,0.00011999999999999999
2012,пострадало на 100 000 человек,,,,0.0002
2013,пострадало на 100 000 человек,,,,0.00011999999999999999
2014,пострадало на 100 000 человек,,,,0.00018999999999999998
2015,пострадало на 100 000 человек,,,,8e-05
2016,пострадало на 100 000 человек,,,,8e-05
2017,пострадало на 100 000 человек,,,,0.00035
2018,пострадало на 100 000 человек,,,,8e-05
2010,погибло на 100 000 человек,,,,0.00053
2011,погибло на 100 000 человек,,,,5e-05
2012,погибло на 100 000 человек,,,,0.00015
2013,погибло на 100 000 человек,,,,2.9999999999999997e-05
2014,погибло на 100 000 человек,,,,9e-05
2015,погибло на 100 000 человек,,,,0.0
2016,погибло на 100 000 человек,,,,1e-05
2017,погибло на 100 000 человек,,,,0.00011
2018,погибло на 100 000 человек,,,,1e-05
2010,человек,пострадало,,,145.0
2011,человек,пострадало,,,12.0
2012,человек,пострадало,,,20.0
2013,человек,пострадало,,,12.0
2014,человек,пострадало,,,19.0
2015,человек,пострадало,,,8.0
2016,человек,пострадало,,,8.0
2017,человек,пострадало,,,35.0
2018,человек,пострадало,,,8.0
2010,человек,в том числе погибло,,,53.0
2011,человек,в том числе погибло,,,5.0
2012,человек,в том числе погибло,,,15.0
2013,человек,в том числе погибло,,,3.0
2014,человек,в том числе погибло,,,9.0
2015,человек,в том числе погибло,,,0.0
2016,человек,в том числе погибло,,,1.0
2017,человек,в том числе погибло,,,11.0
2018,человек,в том числе погибло,,,1.0
2017,человек,пострадало,Акмолинская,,2.0
2017,человек,пострадало,Акмолинская,мужчины,1.0
2017,человек,пострадало,Акмолинская,женщины,1.0
2010,человек,пострадало,Актюбинская,,3.0
2011,человек,пострадало,Актюбинская,,1.0
2012,человек,пострадало,Актюбинская,,1.0
2014,человек,пострадало,Актюбинская,,3.0
2010,человек,пострадало,Актюбинская,мужчины,2.0
2011,человек,пострадало,Актюбинская,мужчины,1.0
2012,человек,пострадало,Актюбинская,мужчины,1.0
2014,человек,пострадало,Актюбинская,мужчины,3.0
2010,человек,пострадало,Актюбинская,женщины,1.0
2010,человек,в том числе погибло,Актюбинская,,3.0
2011,человек,в том числе погибло,Актюбинская,,1.0
2012,человек,в том числе погибло,Актюбинская,,1.0
2014,человек,в том числе погибло,Актюбинская,,2.0
2010,человек,в том числе погибло,Актюбинская,мужчины,2.0
2011,человек,в том числе погибло,Актюбинская,мужчины,1.0
2012,человек,в том числе погибло,Актюбинская,мужчины,1.0
2014,человек,в том числе погибло,Актюбинская,мужчины,2.0
2010,человек,в том числе погибло,Актюбинская,женщины,1.0
2010,человек,пострадало,Алматинская,,138.0
2011,человек,пострадало,Алматинская,,1.0
2012,человек,пострадало,Алматинская,,1.0
2013,человек,пострадало,Алматинская,,1.0
2014,человек,пострадало,Алматинская,,2.0
2015,человек,пострадало,Алматинская,,1.0
2010,человек,пострадало,Алматинская,мужчины,1.0
2011,человек,пострадало,Алматинская,мужчины,1.0
2012,человек,пострадало,Алматинская,мужчины,1.0
2013,человек,пострадало,Алматинская,мужчины,1.0
2014,человек,пострадало,Алматинская,мужчины,2.0
2010,человек,пострадало,Алматинская,женщины,1.0
2010,человек,пострадало (нет возможности установить пол),Алматинская,,136.0
2010,человек,в том числе погибло,Алматинская,,46.0
2011,человек,в том числе погибло,Алматинская,,1.0
2012,человек,в том числе погибло,Алматинская,,1.0
2014,человек,в том числе погибло,Алматинская,,1.0
2011,человек,в том числе погибло,Алматинская,мужчины,1.0
2012,человек,в том числе погибло,Алматинская,мужчины,1.0
2014,человек,в том числе погибло,Алматинская,мужчины,1.0
2012,человек,пострадало,Атырауская,,3.0
2013,человек,пострадало,Атырауская,,1.0
2012,человек,пострадало,Атырауская,мужчины,2.0
2013,человек,пострадало,Атырауская,мужчины,1.0
2012,человек,пострадало,Атырауская,женщины,1.0
2012,человек,в том числе погибло,Атырауская,,3.0
2013,человек,в том числе погибло,Атырауская,,1.0
2010,человек,пострадало,Жамбылская,,1.0
2012,человек,пострадало,Жамбылская,,10.0
2013,человек,пострадало,Жамбылская,,8.0
2016,человек,пострадало,Жамбылская,,5.0
2017,человек,пострадало,Жамбылская,,27.0
2012,человек,пострадало,Жамбылская,мужчины,6.0
2013,человек,пострадало,Жамбылская,мужчины,8.0
2016,человек,пострадало,Жамбылская,мужчины,4.0
2017,человек,пострадало,Жамбылская,мужчины,26.0
2010,человек,пострадало,Жамбылская,женщины,1.0
2012,человек,пострадало,Жамбылская,женщины,1.0
2016,человек,пострадало,Жамбылская,женщины,1.0
2017,человек,пострадало,Жамбылская,женщины,1.0
2012,человек,пострадало (нет возможности установить пол),Жамбылская,,3.0
2012,человек,в том числе погибло,Жамбылская,,7.0
2017,человек,в том числе погибло,Жамбылская,,9.0
2012,человек,в том числе погибло,Жамбылская,мужчины,3.0
2017,человек,в том числе погибло,Жамбылская,мужчины,9.0
2012,человек,в том числе погибло,Жамбылская,женщины,1.0
2012,человек,в том числе погибло (нет возможности установить пол),Жамбылская,,3.0
2014,человек,пострадало,Карагандинская,,12.0
2014,человек,пострадало,Карагандинская,мужчины,1.0
2014,человек,пострадало,Карагандинская,женщины,1.0
2014,человек,пострадало (нет возможности установить пол),Карагандинская,,10.0
2014,человек,в том числе погибло,Карагандинская,,5.0
2014,человек,в том числе погибло,Карагандинская,мужчины,1.0
2014,человек,в том числе погибло,Карагандинская,женщины,1.0
2014,человек,в том числе погибло (нет возможности установить пол),Карагандинская,,3.0
2013,человек,пострадало,Костанайская,,1.0
2013,человек,пострадало,Костанайская,мужчины,1.0
2013,человек,в том числе погибло,Костанайская,,1.0
2013,человек,в том числе погибло,Костанайская,мужчины,1.0
2011,человек,пострадало,Кызылординская,,3.0
2012,человек,пострадало,Кызылординская,,1.0
2011,человек,пострадало,Кызылординская,мужчины,3.0
2012,человек,пострадало,Кызылординская,мужчины,1.0
2011,человек,в том числе погибло,Кызылординская,,1.0
2011,человек,в том числе погибло,Кызылординская,мужчины,1.0
2010,человек,пострадало,Мангистауская,,1.0
2012,человек,пострадало,Мангистауская,,1.0
2010,человек,пострадало,Мангистауская,мужчины,1.0
2012,человек,пострадало,Мангистауская,мужчины,1.0
2014,человек,пострадало,Южно-Казахстанская,,1.0
2014,человек,пострадало,Южно-Казахстанская,мужчины,1.0
2014,человек,в том числе погибло,Южно-Казахстанская,,1.0
2014,человек,в том числе погибло,Южно-Казахстанская,мужчины,1.0
2018,человек,пострадало,Павлодарская,,1.0
2018,человек,в том числе погибло,Павлодарская,,1.0
2010,человек,пострадало,Северо-Казахстанская,,5.0
2011,человек,пострадало,Северо-Казахстанская,,1.0
2012,человек,пострадало,Северо-Казахстанская,,2.0
2013,человек,пострадало,Северо-Казахстанская,,1.0
2016,человек,пострадало,Северо-Казахстанская,,1.0
2010,человек,пострадало,Северо-Казахстанская,мужчины,5.0
2011,человек,пострадало,Северо-Казахстанская,мужчины,1.0
2012,человек,пострадало,Северо-Казахстанская,мужчины,2.0
2013,человек,пострадало,Северо-Казахстанская,мужчины,1.0
2016,человек,пострадало,Северо-Казахстанская,женщины,1.0
2010,человек,в том числе погибло,Северо-Казахстанская,,5.0
2011,человек,в том числе погибло,Северо-Казахстанская,,1.0
2012,человек,в том числе погибло,Северо-Казахстанская,,2.0
2013,человек,в том числе погибло,Северо-Казахстанская,,1.0
2016,человек,в том числе погибло,Северо-Казахстанская,,1.0
2010,человек,в том числе погибло,Северо-Казахстанская,мужчины,5.0
2011,человек,в том числе погибло,Северо-Казахстанская,мужчины,1.0
2012,человек,в том числе погибло,Северо-Казахстанская,мужчины,2.0
2013,человек,в том числе погибло,Северо-Казахстанская,мужчины,1.0
2016,человек,в том числе погибло,Северо-Казахстанская,женщины,1.0
2012,человек,пострадало,Восточно-Казахстанская,,1.0
2015,человек,пострадало,Восточно-Казахстанская,,2.0
2016,человек,пострадало,Восточно-Казахстанская,,2.0
2017,человек,пострадало,Восточно-Казахстанская,,5.0
2018,человек,пострадало,Восточно-Казахстанская,,1.0
2017,человек,пострадало,Восточно-Казахстанская,мужчины,2.0
2018,человек,пострадало,Восточно-Казахстанская,мужчины,1.0
2015,человек,пострадало,Восточно-Казахстанская,женщины,2.0
2017,человек,пострадало,Восточно-Казахстанская,женщины,3.0
2016,человек,пострадало (нет возможности установить пол),Восточно-Казахстанская,,2.0
2012,человек,в том числе погибло,Восточно-Казахстанская,,1.0
2017,человек,в том числе погибло,Восточно-Казахстанская,,1.0
2018,человек,в том числе погибло,Восточно-Казахстанская,,1.0
2017,человек,в том числе погибло,Восточно-Казахстанская,мужчины,1.0
2018,человек,в том числе погибло,Восточно-Казахстанская,мужчины,1.0
2014,человек,пострадало,г. Нур-Султан,,1.0
2018,человек,пострадало,г. Нур-Султан,,6.0
2018,человек,пострадало,г. Нур-Султан,мужчины,4.0
2014,человек,пострадало,г. Нур-Султан,женщины,1.0
2018,человек,пострадало,г. Нур-Султан,женщины,2.0
2011,человек,пострадало,г. Алматы,,6.0
2015,человек,пострадало,г. Алматы,,6.0
2017,человек,пострадало,г. Алматы,,1.0
2011,человек,пострадало,г. Алматы,мужчины,5.0
2017,человек,пострадало,г. Алматы,мужчины,1.0
2011,человек,пострадало,г. Алматы,женщины,1.0
2015,человек,пострадало (нет возможности установить пол),г. Алматы,,6.0
2011,человек,в том числе погибло,г. Алматы,,1.0
