Year,Units,Расходы бюджета,Value
2010,процент,Отношение государственного долга к ВВП,14.4
2011,процент,Отношение государственного долга к ВВП,11.6
2012,процент,Отношение государственного долга к ВВП,12.3
2013,процент,Отношение государственного долга к ВВП,12.3
2014,процент,Отношение государственного долга к ВВП,14.3
2015,процент,Отношение государственного долга к ВВП,22.1
2016,процент,Отношение государственного долга к ВВП,24.3
2017,процент,Отношение государственного долга к ВВП,25.4
2018,процент,Отношение государственного долга к ВВП,25.8
