Year,Units,экология,Value
2012,процент,Доля переработки твердых бытовых отходов,1.0
2013,процент,Доля переработки твердых бытовых отходов,1.6
2014,процент,Доля переработки твердых бытовых отходов,2.2
2015,процент,Доля переработки твердых бытовых отходов,1.8
2016,процент,Доля переработки твердых бытовых отходов,2.6
2017,процент,Доля переработки твердых бытовых отходов,9.0
2018,процент,Доля переработки твердых бытовых отходов,11.5
