Year,UNIT_MEASURE,COMPOSITE_BREAKDOWN,Value
2010,млн.долларов США,Казахстан-получатель,1.0
2011,млн.долларов США,Казахстан-получатель,0.12
2012,млн.долларов США,Казахстан-получатель,0.53
2013,млн.долларов США,Казахстан-получатель,10.92
2014,млн.долларов США,Казахстан-получатель,0.22
2015,млн.долларов США,Казахстан-получатель,0.01
2016,млн.долларов США,Казахстан-получатель,2.4
2017,млн.долларов США,Казахстан-получатель,3.01
