Year,Units,Степень безопасности,Местность,Пол,возраст,Value
2016,процент,всего,,,,100.0
2016,процент,в полной безопасности,,,,42.4
2016,процент,достаточно безопасно,,,,48.7
2016,процент,не безопасно,,,,8.9
2016,процент,всего,город,,,100.0
2016,процент,в полной безопасности,город,,,38.0
2016,процент,достаточно безопасно,город,,,52.8
2016,процент,не безопасно,город,,,9.2
2016,процент,всего,село,,,100.0
2016,процент,в полной безопасности,село,,,48.5
2016,процент,достаточно безопасно,село,,,42.9
2016,процент,не безопасно,село,,,8.6
2016,процент,всего,,мужчины,,100.0
2016,процент,в полной безопасности,,мужчины,,48.2
2016,процент,достаточно безопасно,,мужчины,,45.4
2016,процент,не безопасно,,мужчины,,6.4
2016,процент,всего,,женщины,,100.0
2016,процент,в полной безопасности,,женщины,,37.1
2016,процент,достаточно безопасно,,женщины,,51.7
2016,процент,не безопасно,,женщины,,11.2
2016,процент,всего,,,15-19,100.0
2016,процент,в полной безопасности,,,15-19,41.6
2016,процент,достаточно безопасно,,,15-19,45.0
2016,процент,не безопасно,,,15-19,13.4
2016,процент,всего,,,20-24,100.0
2016,процент,в полной безопасности,,,20-24,47.8
2016,процент,достаточно безопасно,,,20-24,45.6
2016,процент,не безопасно,,,20-24,6.5
2016,процент,всего,,,25-29,100.0
2016,процент,в полной безопасности,,,25-29,44.5
2016,процент,достаточно безопасно,,,25-29,48.7
2016,процент,не безопасно,,,25-29,6.8
2016,процент,всего,,,30-34,100.0
2016,процент,в полной безопасности,,,30-34,44.5
2016,процент,достаточно безопасно,,,30-34,48.3
2016,процент,не безопасно,,,30-34,7.2
2016,процент,всего,,,35-39,100.0
2016,процент,в полной безопасности,,,35-39,41.9
2016,процент,достаточно безопасно,,,35-39,50.9
2016,процент,не безопасно,,,35-39,7.1
2016,процент,всего,,,40-44,100.0
2016,процент,в полной безопасности,,,40-44,41.1
2016,процент,достаточно безопасно,,,40-44,51.1
2016,процент,не безопасно,,,40-44,7.8
2016,процент,всего,,,45-49,100.0
2016,процент,в полной безопасности,,,45-49,45.0
2016,процент,достаточно безопасно,,,45-49,46.5
2016,процент,не безопасно,,,45-49,8.5
2016,процент,всего,,,50-54,100.0
2016,процент,в полной безопасности,,,50-54,42.7
2016,процент,достаточно безопасно,,,50-54,49.7
2016,процент,не безопасно,,,50-54,7.6
2016,процент,всего,,,55-59,100.0
2016,процент,в полной безопасности,,,55-59,41.5
2016,процент,достаточно безопасно,,,55-59,49.3
2016,процент,не безопасно,,,55-59,9.2
2016,процент,всего,,,60+,100.0
2016,процент,в полной безопасности,,,60+,35.0
2016,процент,достаточно безопасно,,,60+,51.1
2016,процент,не безопасно,,,60+,14.0
2019,процент,всего,,,,100.0
2019,процент,в полной безопасности,,,,49.6
2019,процент,достаточно безопасно,,,,42.8
2019,процент,не безопасно,,,,5.4
2019,процент,совсем не безопасно,,,,0.9
2019,процент,затруднились ответить,,,,1.2
2019,процент,всего,город,,,100.0
2019,процент,в полной безопасности,город,,,40.5
2019,процент,достаточно безопасно,город,,,50.4
2019,процент,не безопасно,город,,,6.5
2019,процент,совсем не безопасно,город,,,1.0
2019,процент,затруднились ответить,город,,,1.7
2019,процент,всего,село,,,100.0
2019,процент,в полной безопасности,село,,,62.9
2019,процент,достаточно безопасно,село,,,31.9
2019,процент,не безопасно,село,,,3.8
2019,процент,совсем не безопасно,село,,,0.9
2019,процент,затруднились ответить,село,,,0.5
2019,процент,всего,,мужчины,,100.0
2019,процент,в полной безопасности,,мужчины,,55.3
2019,процент,достаточно безопасно,,мужчины,,39.3
2019,процент,не безопасно,,мужчины,,3.6
2019,процент,совсем не безопасно,,мужчины,,0.8
2019,процент,затруднились ответить,,мужчины,,1.0
2019,процент,всего,,женщины,,100.0
2019,процент,в полной безопасности,,женщины,,44.6
2019,процент,достаточно безопасно,,женщины,,46.0
2019,процент,не безопасно,,женщины,,7.0
2019,процент,совсем не безопасно,,женщины,,1.0
2019,процент,затруднились ответить,,женщины,,1.4
2019,процент,всего,,,15-19,100.0
2019,процент,в полной безопасности,,,15-19,52.4
2019,процент,достаточно безопасно,,,15-19,41.6
2019,процент,не безопасно,,,15-19,4.3
2019,процент,совсем не безопасно,,,15-19,1.2
2019,процент,затруднились ответить,,,15-19,0.5
2019,процент,всего,,,20-24,100.0
2019,процент,в полной безопасности,,,20-24,55.7
2019,процент,достаточно безопасно,,,20-24,38.7
2019,процент,не безопасно,,,20-24,4.3
2019,процент,совсем не безопасно,,,20-24,0.6
2019,процент,затруднились ответить,,,20-24,0.6
2019,процент,всего,,,25-29,100.0
2019,процент,в полной безопасности,,,25-29,52.9
2019,процент,достаточно безопасно,,,25-29,40.8
2019,процент,не безопасно,,,25-29,4.5
2019,процент,совсем не безопасно,,,25-29,0.6
2019,процент,затруднились ответить,,,25-29,1.2
2019,процент,всего,,,30-34,100.0
2019,процент,в полной безопасности,,,30-34,51.6
2019,процент,достаточно безопасно,,,30-34,42.0
2019,процент,не безопасно,,,30-34,4.4
2019,процент,совсем не безопасно,,,30-34,0.7
2019,процент,затруднились ответить,,,30-34,1.2
2019,процент,всего,,,35-39,100.0
2019,процент,в полной безопасности,,,35-39,50.2
2019,процент,достаточно безопасно,,,35-39,43.4
2019,процент,не безопасно,,,35-39,4.6
2019,процент,совсем не безопасно,,,35-39,0.9
2019,процент,затруднились ответить,,,35-39,1.0
2019,процент,всего,,,40-44,100.0
2019,процент,в полной безопасности,,,40-44,51.3
2019,процент,достаточно безопасно,,,40-44,41.6
2019,процент,не безопасно,,,40-44,5.2
2019,процент,совсем не безопасно,,,40-44,0.7
2019,процент,затруднились ответить,,,40-44,1.1
2019,процент,всего,,,45-49,100.0
2019,процент,в полной безопасности,,,45-49,49.8
2019,процент,достаточно безопасно,,,45-49,43.4
2019,процент,не безопасно,,,45-49,5.3
2019,процент,совсем не безопасно,,,45-49,0.7
2019,процент,затруднились ответить,,,45-49,0.8
2019,процент,всего,,,50-54,100.0
2019,процент,в полной безопасности,,,50-54,49.3
2019,процент,достаточно безопасно,,,50-54,42.3
2019,процент,не безопасно,,,50-54,5.6
2019,процент,совсем не безопасно,,,50-54,1.3
2019,процент,затруднились ответить,,,50-54,1.5
2019,процент,всего,,,55-59,100.0
2019,процент,в полной безопасности,,,55-59,45.2
2019,процент,достаточно безопасно,,,55-59,46.2
2019,процент,не безопасно,,,55-59,5.8
2019,процент,совсем не безопасно,,,55-59,1.2
2019,процент,затруднились ответить,,,55-59,1.6
2019,процент,всего,,,60+,100.0
2019,процент,в полной безопасности,,,60+,41.4
2019,процент,достаточно безопасно,,,60+,46.7
2019,процент,не безопасно,,,60+,8.5
2019,процент,совсем не безопасно,,,60+,1.2
2019,процент,затруднились ответить,,,60+,2.1
