Year,Units,Местность,Регионы,Value
2010,процент,,,99.4
2011,процент,,,99.9
2012,процент,,,99.8
2013,процент,,,99.8
2014,процент,,,99.7
2015,процент,,,99.5
2016,процент,,,99.9
2017,процент,,,99.9
2018,процент,,,99.9
2010,процент,,Акмолинская,99.7
2011,процент,,Акмолинская,99.9
2012,процент,,Акмолинская,99.9
2013,процент,,Акмолинская,99.9
2014,процент,,Акмолинская,99.9
2015,процент,,Акмолинская,100.0
2016,процент,,Акмолинская,99.9
2017,процент,,Акмолинская,99.8
2010,процент,,Актюбинская,99.7
2011,процент,,Актюбинская,100.0
2012,процент,,Актюбинская,100.0
2013,процент,,Актюбинская,100.0
2014,процент,,Актюбинская,100.0
2015,процент,,Актюбинская,100.0
2016,процент,,Актюбинская,100.0
2017,процент,,Актюбинская,100.0
2010,процент,,Алматинская,99.8
2011,процент,,Алматинская,100.0
2012,процент,,Алматинская,100.0
2013,процент,,Алматинская,100.0
2014,процент,,Алматинская,100.0
2015,процент,,Алматинская,100.0
2016,процент,,Алматинская,100.0
2017,процент,,Алматинская,99.9
2010,процент,,Атырауская,99.5
2011,процент,,Атырауская,100.0
2012,процент,,Атырауская,99.9
2013,процент,,Атырауская,100.0
2014,процент,,Атырауская,99.9
2015,процент,,Атырауская,99.9
2016,процент,,Атырауская,99.9
2017,процент,,Атырауская,100.0
2010,процент,,Западно-Казахстанская,99.4
2011,процент,,Западно-Казахстанская,99.9
2012,процент,,Западно-Казахстанская,99.8
2013,процент,,Западно-Казахстанская,99.8
2014,процент,,Западно-Казахстанская,99.8
2015,процент,,Западно-Казахстанская,99.8
2016,процент,,Западно-Казахстанская,99.7
2017,процент,,Западно-Казахстанская,99.7
2010,процент,,Жамбылская,99.3
2011,процент,,Жамбылская,99.8
2012,процент,,Жамбылская,99.9
2013,процент,,Жамбылская,99.8
2014,процент,,Жамбылская,99.7
2015,процент,,Жамбылская,99.8
2016,процент,,Жамбылская,99.7
2017,процент,,Жамбылская,99.9
2010,процент,,Карагандинская,99.5
2011,процент,,Карагандинская,99.8
2012,процент,,Карагандинская,99.9
2013,процент,,Карагандинская,99.8
2014,процент,,Карагандинская,99.8
2015,процент,,Карагандинская,99.7
2016,процент,,Карагандинская,99.7
2017,процент,,Карагандинская,99.7
2010,процент,,Костанайская,99.3
2011,процент,,Костанайская,99.9
2012,процент,,Костанайская,99.9
2013,процент,,Костанайская,100.0
2014,процент,,Костанайская,99.9
2015,процент,,Костанайская,99.9
2016,процент,,Костанайская,100.0
2017,процент,,Костанайская,100.0
2010,процент,,Кызылординская,99.7
2011,процент,,Кызылординская,99.9
2012,процент,,Кызылординская,99.8
2013,процент,,Кызылординская,99.6
2014,процент,,Кызылординская,98.8
2015,процент,,Кызылординская,98.9
2016,процент,,Кызылординская,99.3
2017,процент,,Кызылординская,100.0
2010,процент,,Мангистауская,99.5
2011,процент,,Мангистауская,99.8
2012,процент,,Мангистауская,99.8
2013,процент,,Мангистауская,99.7
2014,процент,,Мангистауская,99.8
2015,процент,,Мангистауская,99.6
2016,процент,,Мангистауская,99.7
2017,процент,,Мангистауская,99.7
2010,процент,,Южно-Казахстанская,98.8
2011,процент,,Южно-Казахстанская,99.8
2012,процент,,Южно-Казахстанская,99.7
2013,процент,,Южно-Казахстанская,99.8
2014,процент,,Южно-Казахстанская,99.4
2015,процент,,Южно-Казахстанская,98.3
2016,процент,,Южно-Казахстанская,100.0
2017,процент,,Южно-Казахстанская,99.8
2010,процент,,Павлодарская,99.6
2011,процент,,Павлодарская,99.8
2012,процент,,Павлодарская,99.8
2013,процент,,Павлодарская,99.9
2014,процент,,Павлодарская,99.9
2015,процент,,Павлодарская,99.9
2016,процент,,Павлодарская,99.7
2017,процент,,Павлодарская,99.9
2010,процент,,Северо-Казахстанская,99.5
2011,процент,,Северо-Казахстанская,99.9
2012,процент,,Северо-Казахстанская,99.9
2013,процент,,Северо-Казахстанская,99.9
2014,процент,,Северо-Казахстанская,99.7
2015,процент,,Северо-Казахстанская,99.9
2016,процент,,Северо-Казахстанская,99.8
2017,процент,,Северо-Казахстанская,99.8
2010,процент,,Восточно-Казахстанская,99.2
2011,процент,,Восточно-Казахстанская,99.8
2012,процент,,Восточно-Казахстанская,99.8
2013,процент,,Восточно-Казахстанская,99.8
2014,процент,,Восточно-Казахстанская,99.9
2015,процент,,Восточно-Казахстанская,99.9
2016,процент,,Восточно-Казахстанская,99.9
2017,процент,,Восточно-Казахстанская,99.9
2010,процент,,г.Нур-Султан,99.3
2011,процент,,г.Нур-Султан,99.6
2012,процент,,г.Нур-Султан,99.6
2013,процент,,г.Нур-Султан,99.5
2014,процент,,г.Нур-Султан,99.7
2015,процент,,г.Нур-Султан,99.7
2016,процент,,г.Нур-Султан,99.8
2017,процент,,г.Нур-Султан,99.9
2010,процент,,г.Алматы,99.7
2011,процент,,г.Алматы,99.9
2012,процент,,г.Алматы,99.8
2013,процент,,г.Алматы,100.0
2014,процент,,г.Алматы,99.9
2015,процент,,г.Алматы,100.0
2016,процент,,г.Алматы,100.0
2017,процент,,г.Алматы,100.0
2010,процент,городская местность,,99.8
2011,процент,городская местность,,99.9
2012,процент,городская местность,,99.9
2013,процент,городская местность,,99.8
2014,процент,городская местность,,99.8
2015,процент,городская местность,,99.8
2016,процент,городская местность,,99.8
2017,процент,городская местность,,99.9
2010,процент,городская местность,Акмолинская,100.0
2011,процент,городская местность,Акмолинская,100.0
2012,процент,городская местность,Акмолинская,100.0
2013,процент,городская местность,Акмолинская,100.0
2014,процент,городская местность,Акмолинская,99.9
2015,процент,городская местность,Акмолинская,99.9
2016,процент,городская местность,Акмолинская,99.8
2017,процент,городская местность,Акмолинская,99.2
2010,процент,городская местность,Актюбинская,100.0
2011,процент,городская местность,Актюбинская,100.0
2012,процент,городская местность,Актюбинская,100.0
2013,процент,городская местность,Актюбинская,100.0
2014,процент,городская местность,Актюбинская,100.0
2015,процент,городская местность,Актюбинская,100.0
2016,процент,городская местность,Актюбинская,100.0
2017,процент,городская местность,Актюбинская,99.9
2010,процент,городская местность,Алматинская,100.0
2011,процент,городская местность,Алматинская,100.0
2012,процент,городская местность,Алматинская,100.0
2013,процент,городская местность,Алматинская,100.0
2014,процент,городская местность,Алматинская,100.0
2015,процент,городская местность,Алматинская,100.0
2016,процент,городская местность,Алматинская,99.9
2017,процент,городская местность,Алматинская,99.9
2010,процент,городская местность,Атырауская,100.0
2011,процент,городская местность,Атырауская,100.0
2012,процент,городская местность,Атырауская,99.9
2013,процент,городская местность,Атырауская,100.0
2014,процент,городская местность,Атырауская,99.9
2015,процент,городская местность,Атырауская,99.9
2016,процент,городская местность,Атырауская,99.9
2017,процент,городская местность,Атырауская,99.9
2010,процент,городская местность,Западно-Казахстанская,99.7
2011,процент,городская местность,Западно-Казахстанская,99.9
2012,процент,городская местность,Западно-Казахстанская,99.8
2013,процент,городская местность,Западно-Казахстанская,99.8
2014,процент,городская местность,Западно-Казахстанская,99.8
2015,процент,городская местность,Западно-Казахстанская,99.8
2016,процент,городская местность,Западно-Казахстанская,99.8
2017,процент,городская местность,Западно-Казахстанская,99.6
2010,процент,городская местность,Жамбылская,99.7
2011,процент,городская местность,Жамбылская,100.0
2012,процент,городская местность,Жамбылская,100.0
2013,процент,городская местность,Жамбылская,100.0
2014,процент,городская местность,Жамбылская,99.7
2015,процент,городская местность,Жамбылская,99.8
2016,процент,городская местность,Жамбылская,99.8
2017,процент,городская местность,Жамбылская,99.9
2010,процент,городская местность,Карагандинская,99.8
2011,процент,городская местность,Карагандинская,99.9
2012,процент,городская местность,Карагандинская,99.9
2013,процент,городская местность,Карагандинская,99.8
2014,процент,городская местность,Карагандинская,99.8
2015,процент,городская местность,Карагандинская,99.8
2016,процент,городская местность,Карагандинская,99.7
2017,процент,городская местность,Карагандинская,99.8
2010,процент,городская местность,Костанайская,99.6
2011,процент,городская местность,Костанайская,99.9
2012,процент,городская местность,Костанайская,100.0
2013,процент,городская местность,Костанайская,100.0
2014,процент,городская местность,Костанайская,100.0
2015,процент,городская местность,Костанайская,99.9
2016,процент,городская местность,Костанайская,100.0
2017,процент,городская местность,Костанайская,99.9
2010,процент,городская местность,Кызылординская,100.0
2011,процент,городская местность,Кызылординская,99.9
2012,процент,городская местность,Кызылординская,99.9
2013,процент,городская местность,Кызылординская,99.4
2014,процент,городская местность,Кызылординская,98.6
2015,процент,городская местность,Кызылординская,99.1
2016,процент,городская местность,Кызылординская,98.7
2017,процент,городская местность,Кызылординская,99.9
2010,процент,городская местность,Мангистауская,99.8
2011,процент,городская местность,Мангистауская,99.8
2012,процент,городская местность,Мангистауская,99.8
2013,процент,городская местность,Мангистауская,99.7
2014,процент,городская местность,Мангистауская,99.8
2015,процент,городская местность,Мангистауская,99.7
2016,процент,городская местность,Мангистауская,99.8
2017,процент,городская местность,Мангистауская,99.7
2010,процент,городская местность,Южно-Казахстанская,99.6
2011,процент,городская местность,Южно-Казахстанская,99.6
2012,процент,городская местность,Южно-Казахстанская,100.0
2013,процент,городская местность,Южно-Казахстанская,99.7
2014,процент,городская местность,Южно-Казахстанская,99.4
2015,процент,городская местность,Южно-Казахстанская,99.8
2016,процент,городская местность,Южно-Казахстанская,100.0
2017,процент,городская местность,Южно-Казахстанская,99.7
2010,процент,городская местность,Павлодарская,99.9
2011,процент,городская местность,Павлодарская,99.8
2012,процент,городская местность,Павлодарская,99.9
2013,процент,городская местность,Павлодарская,99.9
2014,процент,городская местность,Павлодарская,99.9
2015,процент,городская местность,Павлодарская,99.9
2016,процент,городская местность,Павлодарская,99.6
2017,процент,городская местность,Павлодарская,99.9
2010,процент,городская местность,Северо-Казахстанская,99.8
2011,процент,городская местность,Северо-Казахстанская,100.0
2012,процент,городская местность,Северо-Казахстанская,99.9
2013,процент,городская местность,Северо-Казахстанская,100.0
2014,процент,городская местность,Северо-Казахстанская,99.8
2015,процент,городская местность,Северо-Казахстанская,99.9
2016,процент,городская местность,Северо-Казахстанская,99.9
2017,процент,городская местность,Северо-Казахстанская,99.8
2010,процент,городская местность,Восточно-Казахстанская,99.8
2011,процент,городская местность,Восточно-Казахстанская,100.0
2012,процент,городская местность,Восточно-Казахстанская,99.8
2013,процент,городская местность,Восточно-Казахстанская,99.8
2014,процент,городская местность,Восточно-Казахстанская,99.9
2015,процент,городская местность,Восточно-Казахстанская,99.9
2016,процент,городская местность,Восточно-Казахстанская,99.9
2017,процент,городская местность,Восточно-Казахстанская,100.0
2010,процент,городская местность,г.Нур-Султан,99.7
2011,процент,городская местность,г.Нур-Султан,99.6
2012,процент,городская местность,г.Нур-Султан,99.6
2013,процент,городская местность,г.Нур-Султан,99.5
2014,процент,городская местность,г.Нур-Султан,99.7
2015,процент,городская местность,г.Нур-Султан,99.7
2016,процент,городская местность,г.Нур-Султан,100.0
2017,процент,городская местность,г.Нур-Султан,100.0
2010,процент,городская местность,г.Алматы,100.0
2011,процент,городская местность,г.Алматы,99.9
2013,процент,городская местность,г.Алматы,100.0
2014,процент,городская местность,г.Алматы,99.9
2015,процент,городская местность,г.Алматы,100.0
2016,процент,городская местность,г.Алматы,100.0
2017,процент,городская местность,г.Алматы,100.0
2010,процент,сельская местность,,99.7
2011,процент,сельская местность,,99.8
2012,процент,сельская местность,,99.5
2013,процент,сельская местность,,99.8
2014,процент,сельская местность,,99.5
2015,процент,сельская местность,,98.2
2016,процент,сельская местность,,99.9
2017,процент,сельская местность,,99.9
2010,процент,сельская местность,Акмолинская,99.9
2011,процент,сельская местность,Акмолинская,99.9
2012,процент,сельская местность,Акмолинская,99.9
2013,процент,сельская местность,Акмолинская,99.9
2014,процент,сельская местность,Акмолинская,100.0
2015,процент,сельская местность,Акмолинская,100.0
2016,процент,сельская местность,Акмолинская,100.0
2017,процент,сельская местность,Акмолинская,94.0
2010,процент,сельская местность,Актюбинская,99.9
2011,процент,сельская местность,Актюбинская,99.9
2012,процент,сельская местность,Актюбинская,99.9
2013,процент,сельская местность,Актюбинская,99.9
2014,процент,сельская местность,Актюбинская,99.9
2015,процент,сельская местность,Актюбинская,100.0
2016,процент,сельская местность,Актюбинская,99.9
2017,процент,сельская местность,Актюбинская,100.0
2010,процент,сельская местность,Алматинская,100.0
2011,процент,сельская местность,Алматинская,100.0
2012,процент,сельская местность,Алматинская,100.0
2013,процент,сельская местность,Алматинская,100.0
2014,процент,сельская местность,Алматинская,100.0
2015,процент,сельская местность,Алматинская,100.0
2016,процент,сельская местность,Алматинская,99.9
2017,процент,сельская местность,Алматинская,99.9
2010,процент,сельская местность,Атырауская,99.7
2011,процент,сельская местность,Атырауская,100.0
2012,процент,сельская местность,Атырауская,99.7
2013,процент,сельская местность,Атырауская,99.8
2014,процент,сельская местность,Атырауская,99.9
2015,процент,сельская местность,Атырауская,99.4
2016,процент,сельская местность,Атырауская,99.9
2017,процент,сельская местность,Атырауская,99.8
2010,процент,сельская местность,Западно-Казахстанская,99.8
2011,процент,сельская местность,Западно-Казахстанская,100.0
2012,процент,сельская местность,Западно-Казахстанская,99.7
2013,процент,сельская местность,Западно-Казахстанская,99.7
2014,процент,сельская местность,Западно-Казахстанская,99.6
2015,процент,сельская местность,Западно-Казахстанская,99.8
2016,процент,сельская местность,Западно-Казахстанская,99.9
2017,процент,сельская местность,Западно-Казахстанская,99.9
2010,процент,сельская местность,Жамбылская,99.6
2011,процент,сельская местность,Жамбылская,99.6
2012,процент,сельская местность,Жамбылская,99.7
2013,процент,сельская местность,Жамбылская,99.4
2014,процент,сельская местность,Жамбылская,99.6
2015,процент,сельская местность,Жамбылская,99.7
2016,процент,сельская местность,Жамбылская,99.9
2017,процент,сельская местность,Жамбылская,99.9
2010,процент,сельская местность,Карагандинская,99.4
2011,процент,сельская местность,Карагандинская,99.1
2012,процент,сельская местность,Карагандинская,99.5
2013,процент,сельская местность,Карагандинская,99.4
2014,процент,сельская местность,Карагандинская,99.6
2015,процент,сельская местность,Карагандинская,99.0
2016,процент,сельская местность,Карагандинская,99.7
2017,процент,сельская местность,Карагандинская,98.2
2010,процент,сельская местность,Костанайская,99.9
2011,процент,сельская местность,Костанайская,99.9
2012,процент,сельская местность,Костанайская,99.8
2013,процент,сельская местность,Костанайская,100.0
2014,процент,сельская местность,Костанайская,99.7
2015,процент,сельская местность,Костанайская,99.8
2016,процент,сельская местность,Костанайская,99.9
2017,процент,сельская местность,Костанайская,99.9
2010,процент,сельская местность,Кызылординская,99.8
2011,процент,сельская местность,Кызылординская,100.0
2012,процент,сельская местность,Кызылординская,99.7
2013,процент,сельская местность,Кызылординская,99.8
2014,процент,сельская местность,Кызылординская,99.0
2015,процент,сельская местность,Кызылординская,98.7
2016,процент,сельская местность,Кызылординская,99.8
2017,процент,сельская местность,Кызылординская,99.9
2010,процент,сельская местность,Мангистауская,100.0
2011,процент,сельская местность,Мангистауская,99.7
2012,процент,сельская местность,Мангистауская,99.8
2013,процент,сельская местность,Мангистауская,99.7
2014,процент,сельская местность,Мангистауская,99.5
2015,процент,сельская местность,Мангистауская,99.0
2016,процент,сельская местность,Мангистауская,100.0
2017,процент,сельская местность,Мангистауская,99.9
2010,процент,сельская местность,Южно-Казахстанская,99.6
2011,процент,сельская местность,Южно-Казахстанская,99.9
2012,процент,сельская местность,Южно-Казахстанская,99.1
2013,процент,сельская местность,Южно-Казахстанская,99.9
2014,процент,сельская местность,Южно-Казахстанская,99.3
2015,процент,сельская местность,Южно-Казахстанская,96.2
2016,процент,сельская местность,Южно-Казахстанская,99.1
2017,процент,сельская местность,Южно-Казахстанская,99.9
2010,процент,сельская местность,Павлодарская,99.9
2011,процент,сельская местность,Павлодарская,99.6
2012,процент,сельская местность,Павлодарская,99.1
2013,процент,сельская местность,Павлодарская,99.3
2014,процент,сельская местность,Павлодарская,99.8
2015,процент,сельская местность,Павлодарская,99.3
2016,процент,сельская местность,Павлодарская,99.9
2017,процент,сельская местность,Павлодарская,99.1
2010,процент,сельская местность,Северо-Казахстанская,99.9
2011,процент,сельская местность,Северо-Казахстанская,99.9
2012,процент,сельская местность,Северо-Казахстанская,99.9
2013,процент,сельская местность,Северо-Казахстанская,99.8
2014,процент,сельская местность,Северо-Казахстанская,99.4
2015,процент,сельская местность,Северо-Казахстанская,99.9
2016,процент,сельская местность,Северо-Казахстанская,99.7
2017,процент,сельская местность,Северо-Казахстанская,99.3
2010,процент,сельская местность,Восточно-Казахстанская,99.1
2011,процент,сельская местность,Восточно-Казахстанская,98.9
2012,процент,сельская местность,Восточно-Казахстанская,99.4
2013,процент,сельская местность,Восточно-Казахстанская,99.8
2014,процент,сельская местность,Восточно-Казахстанская,99.4
2015,процент,сельская местность,Восточно-Казахстанская,99.4
2016,процент,сельская местность,Восточно-Казахстанская,99.9
2017,процент,сельская местность,Восточно-Казахстанская,99.4
