Year,Units,Пол,Регионы,Value
2015,процент,,,99.8
2016,процент,,,95.9
2017,процент,,,99.2
2018,процент,,,93.8
2015,процент,мужчины,,100.0
2016,процент,мужчины,,98.78
2017,процент,мужчины,,99.8
2018,процент,мужчины,,91.7
2015,процент,женщины,,95.5
2016,процент,женщины,,92.9
2017,процент,женщины,,98.6
2018,процент,женщины,,96.3
2015,процент,,Акмолинская,100.0
2016,процент,,Акмолинская,100.0
2017,процент,,Акмолинская,100.0
2018,процент,,Акмолинская,100.0
2015,процент,мужчины,Акмолинская,100.0
2016,процент,мужчины,Акмолинская,100.0
2017,процент,мужчины,Акмолинская,100.0
2018,процент,мужчины,Акмолинская,100.0
2015,процент,женщины,Акмолинская,100.0
2016,процент,женщины,Акмолинская,100.0
2017,процент,женщины,Акмолинская,100.0
2018,процент,женщины,Акмолинская,100.0
2015,процент,,Актюбинская,100.0
2016,процент,,Актюбинская,100.0
2017,процент,,Актюбинская,100.0
2018,процент,,Актюбинская,100.0
2015,процент,мужчины,Актюбинская,100.0
2016,процент,мужчины,Актюбинская,100.0
2017,процент,мужчины,Актюбинская,100.0
2018,процент,мужчины,Актюбинская,100.0
2015,процент,женщины,Актюбинская,100.0
2016,процент,женщины,Актюбинская,100.0
2017,процент,женщины,Актюбинская,100.0
2018,процент,женщины,Актюбинская,100.0
2015,процент,,Алматинская,97.8
2016,процент,,Алматинская,100.0
2017,процент,,Алматинская,100.0
2018,процент,,Алматинская,100.0
2015,процент,мужчины,Алматинская,97.9
2016,процент,мужчины,Алматинская,100.0
2017,процент,мужчины,Алматинская,100.0
2018,процент,мужчины,Алматинская,100.0
2015,процент,женщины,Алматинская,97.7
2016,процент,женщины,Алматинская,100.0
2017,процент,женщины,Алматинская,100.0
2018,процент,женщины,Алматинская,100.0
2015,процент,,Атырауская,100.0
2016,процент,,Атырауская,100.0
2017,процент,,Атырауская,100.0
2018,процент,,Атырауская,100.0
2015,процент,мужчины,Атырауская,100.0
2016,процент,мужчины,Атырауская,100.0
2017,процент,мужчины,Атырауская,100.0
2018,процент,мужчины,Атырауская,100.0
2015,процент,женщины,Атырауская,100.0
2016,процент,женщины,Атырауская,100.0
2017,процент,женщины,Атырауская,100.0
2018,процент,женщины,Атырауская,100.0
2015,процент,,Западно-Казахстанская,100.0
2016,процент,,Западно-Казахстанская,100.0
2017,процент,,Западно-Казахстанская,100.0
2018,процент,,Западно-Казахстанская,100.0
2015,процент,мужчины,Западно-Казахстанская,100.0
2016,процент,мужчины,Западно-Казахстанская,100.0
2017,процент,мужчины,Западно-Казахстанская,100.0
2018,процент,мужчины,Западно-Казахстанская,100.0
2015,процент,женщины,Западно-Казахстанская,100.0
2016,процент,женщины,Западно-Казахстанская,100.0
2017,процент,женщины,Западно-Казахстанская,100.0
2018,процент,женщины,Западно-Казахстанская,100.0
2015,процент,,Жамбылская,100.0
2016,процент,,Жамбылская,100.0
2017,процент,,Жамбылская,100.0
2018,процент,,Жамбылская,91.3
2015,процент,мужчины,Жамбылская,100.0
2016,процент,мужчины,Жамбылская,100.0
2017,процент,мужчины,Жамбылская,100.0
2018,процент,мужчины,Жамбылская,100.0
2015,процент,женщины,Жамбылская,100.0
2016,процент,женщины,Жамбылская,100.0
2017,процент,женщины,Жамбылская,100.0
2018,процент,женщины,Жамбылская,82.2
2015,процент,,Карагандинская,100.0
2016,процент,,Карагандинская,96.8
2017,процент,,Карагандинская,100.0
2018,процент,,Карагандинская,100.0
2015,процент,мужчины,Карагандинская,100.0
2016,процент,мужчины,Карагандинская,97.2
2017,процент,мужчины,Карагандинская,100.0
2018,процент,мужчины,Карагандинская,100.0
2015,процент,женщины,Карагандинская,100.0
2016,процент,женщины,Карагандинская,96.3
2017,процент,женщины,Карагандинская,100.0
2018,процент,женщины,Карагандинская,100.0
2015,процент,,Костанайская,100.0
2016,процент,,Костанайская,100.0
2017,процент,,Костанайская,100.0
2018,процент,,Костанайская,100.0
2015,процент,мужчины,Костанайская,100.0
2016,процент,мужчины,Костанайская,100.0
2017,процент,мужчины,Костанайская,100.0
2018,процент,мужчины,Костанайская,100.0
2015,процент,женщины,Костанайская,100.0
2016,процент,женщины,Костанайская,100.0
2017,процент,женщины,Костанайская,100.0
2018,процент,женщины,Костанайская,100.0
2015,процент,,Кызылординская,100.0
2016,процент,,Кызылординская,100.0
2017,процент,,Кызылординская,100.0
2018,процент,,Кызылординская,100.0
2015,процент,мужчины,Кызылординская,100.0
2016,процент,мужчины,Кызылординская,100.0
2017,процент,мужчины,Кызылординская,100.0
2018,процент,мужчины,Кызылординская,100.0
2015,процент,женщины,Кызылординская,100.0
2016,процент,женщины,Кызылординская,100.0
2017,процент,женщины,Кызылординская,100.0
2018,процент,женщины,Кызылординская,100.0
2015,процент,,Мангистауская,100.0
2016,процент,,Мангистауская,100.0
2017,процент,,Мангистауская,100.0
2018,процент,,Мангистауская,100.0
2015,процент,мужчины,Мангистауская,100.0
2016,процент,мужчины,Мангистауская,100.0
2017,процент,мужчины,Мангистауская,100.0
2018,процент,мужчины,Мангистауская,100.0
2015,процент,женщины,Мангистауская,100.0
2016,процент,женщины,Мангистауская,100.0
2017,процент,женщины,Мангистауская,100.0
2018,процент,женщины,Мангистауская,100.0
2015,процент,,Южно-Казахстанская,99.5
2016,процент,,Южно-Казахстанская,88.1
2017,процент,,Южно-Казахстанская,100.0
2015,процент,мужчины,Южно-Казахстанская,99.04
2016,процент,мужчины,Южно-Казахстанская,85.98
2017,процент,мужчины,Южно-Казахстанская,100.0
2015,процент,женщины,Южно-Казахстанская,100.0
2016,процент,женщины,Южно-Казахстанская,90.5
2017,процент,женщины,Южно-Казахстанская,100.0
2018,процент,,Туркестанская,90.2
2018,процент,мужчины,Туркестанская,88.1
2018,процент,женщины,Туркестанская,92.5
2015,процент,,Павлодарская,100.0
2016,процент,,Павлодарская,100.0
2017,процент,,Павлодарская,100.0
2018,процент,,Павлодарская,100.0
2015,процент,мужчины,Павлодарская,100.0
2016,процент,мужчины,Павлодарская,100.0
2017,процент,мужчины,Павлодарская,100.0
2018,процент,мужчины,Павлодарская,100.0
2015,процент,женщины,Павлодарская,100.0
2016,процент,женщины,Павлодарская,100.0
2017,процент,женщины,Павлодарская,100.0
2018,процент,женщины,Павлодарская,100.0
2015,процент,,Северо-Казахстанская,100.0
2016,процент,,Северо-Казахстанская,100.0
2017,процент,,Северо-Казахстанская,96.1
2018,процент,,Северо-Казахстанская,100.0
2015,процент,мужчины,Северо-Казахстанская,100.0
2016,процент,мужчины,Северо-Казахстанская,100.0
2017,процент,мужчины,Северо-Казахстанская,94.0
2018,процент,мужчины,Северо-Казахстанская,100.0
2015,процент,женщины,Северо-Казахстанская,100.0
2016,процент,женщины,Северо-Казахстанская,100.0
2017,процент,женщины,Северо-Казахстанская,98.5
2018,процент,женщины,Северо-Казахстанская,100.0
2015,процент,,Восточно-Казахстанская,100.0
2016,процент,,Восточно-Казахстанская,100.0
2017,процент,,Восточно-Казахстанская,100.0
2018,процент,,Восточно-Казахстанская,100.0
2015,процент,мужчины,Восточно-Казахстанская,100.0
2016,процент,мужчины,Восточно-Казахстанская,100.0
2017,процент,мужчины,Восточно-Казахстанская,100.0
2018,процент,мужчины,Восточно-Казахстанская,100.0
2015,процент,женщины,Восточно-Казахстанская,100.0
2016,процент,женщины,Восточно-Казахстанская,100.0
2017,процент,женщины,Восточно-Казахстанская,100.0
2018,процент,женщины,Восточно-Казахстанская,100.0
2015,процент,,г.Нур-Султан,99.7
2016,процент,,г.Нур-Султан,84.9
2017,процент,,г.Нур-Султан,89.3
2018,процент,,г.Нур-Султан,66.7
2015,процент,мужчины,г.Нур-Султан,100.0
2016,процент,мужчины,г.Нур-Султан,92.79
2017,процент,мужчины,г.Нур-Султан,88.9
2018,процент,мужчины,г.Нур-Султан,67.9
2015,процент,женщины,г.Нур-Султан,82.8
2016,процент,женщины,г.Нур-Султан,77.9
2017,процент,женщины,г.Нур-Султан,89.7
2018,процент,женщины,г.Нур-Султан,65.5
2015,процент,,г.Алматы,99.8
2016,процент,,г.Алматы,89.5
2017,процент,,г.Алматы,95.4
2018,процент,,г.Алматы,80.2
2015,процент,мужчины,г.Алматы,100.0
2016,процент,мужчины,г.Алматы,97.81
2017,процент,мужчины,г.Алматы,100.0
2018,процент,мужчины,г.Алматы,78.4
2015,процент,женщины,г.Алматы,93.8
2016,процент,женщины,г.Алматы,82.0
2017,процент,женщины,г.Алматы,86.7
2018,процент,женщины,г.Алматы,82.2
2018,процент,,г.Шымкент,89.4
2018,процент,мужчины,г.Шымкент,88.2
2018,процент,женщины,г.Шымкент,90.8
