Year,UNIT_MEASURE,Пол,Регионы,Value
2015,процент,,,99.81213409838932
2015,процент,мужчины,,100.0
2015,процент,женщины,,95.54547647768395
2015,процент,,Акмолинская,100.0
2015,процент,,Актюбинская,100.0
2015,процент,,Алматинская,97.8
2015,процент,,Атырауская,100.0
2015,процент,,Западно-Казахстанская,100.0
2015,процент,,Жымбылская,100.0
2015,процент,,Карагандинская,100.0
2015,процент,,Костанайская,100.0
2015,процент,,Кызылординская,100.0
2015,процент,,Мангистауская,100.0
2015,процент,,Южно-Казахстанская,99.5
2015,процент,,Павлодарская,100.0
2015,процент,,Северо-Казахстанская,100.0
2015,процент,,Восточно-Казахстанская,100.0
2015,процент,,г.Нур-Султан,99.7
2015,процент,,г.Алматы,99.8
2015,процент,мужчины,Акмолинская,100.0
2015,процент,женщины,Акмолинская,100.0
2015,процент,мужчины,Актюбинская,100.0
2015,процент,женщины,Актюбинская,100.0
2015,процент,мужчины,Алматинская,97.94669047315394
2015,процент,женщины,Алматинская,97.69844146429865
2015,процент,мужчины,Атырауская,100.0
2015,процент,женщины,Атырауская,100.0
2015,процент,мужчины,Западно-Казахстанская,100.0
2015,процент,женщины,Западно-Казахстанская,100.0
2015,процент,мужчины,Жымбылская,100.0
2015,процент,женщины,Жымбылская,100.0
2015,процент,мужчины,Карагандинская,100.0
2015,процент,женщины,Карагандинская,100.0
2015,процент,мужчины,Костанайская,100.0
2015,процент,женщины,Костанайская,100.0
2015,процент,мужчины,Кызылординская,100.0
2015,процент,женщины,Кызылординская,100.0
2015,процент,мужчины,Мангистауская,100.0
2015,процент,женщины,Мангистауская,100.0
2015,процент,мужчины,Южно-Казахстанская,99.03708400854882
2015,процент,женщины,Южно-Казахстанская,100.0
2015,процент,мужчины,Павлодарская,100.0
2015,процент,женщины,Павлодарская,100.0
2015,процент,мужчины,Северо-Казахстанская,100.0
2015,процент,женщины,Северо-Казахстанская,100.0
2015,процент,мужчины,Восточно-Казахстанская,100.0
2015,процент,женщины,Восточно-Казахстанская,100.0
2015,процент,мужчины,г.Нур-Султан,100.0
2015,процент,женщины,г.Нур-Султан,82.83477036776353
2015,процент,мужчины,г.Алматы,100.0
2015,процент,женщины,г.Алматы,93.84175167952226
2016,процент,,,95.85777639042871
2016,процент,мужчины,,98.77800407331976
2016,процент,женщины,,92.88182559087204
2016,процент,,Акмолинская,100.0
2016,процент,,Актюбинская,100.0
2016,процент,,Алматинская,100.0
2016,процент,,Атырауская,100.0
2016,процент,,Западно-Казахстанская,100.0
2016,процент,,Жымбылская,100.0
2016,процент,,Карагандинская,96.8
2016,процент,,Костанайская,100.0
2016,процент,,Кызылординская,100.0
2016,процент,,Мангистауская,100.0
2016,процент,,Южно-Казахстанская,88.1
2016,процент,,Павлодарская,100.0
2016,процент,,Северо-Казахстанская,100.0
2016,процент,,Восточно-Казахстанская,100.0
2016,процент,,г.Нур-Султан,84.9
2016,процент,,г.Алматы,89.5
2016,процент,мужчины,Акмолинская,100.0
2016,процент,женщины,Акмолинская,100.0
2016,процент,мужчины,Актюбинская,100.0
2016,процент,женщины,Актюбинская,100.0
2016,процент,мужчины,Алматинская,100.0
2016,процент,женщины,Алматинская,100.0
2016,процент,мужчины,Атырауская,100.0
2016,процент,женщины,Атырауская,100.0
2016,процент,мужчины,Западно-Казахстанская,100.0
2016,процент,женщины,Западно-Казахстанская,100.0
2016,процент,мужчины,Жымбылская,100.0
2016,процент,женщины,Жымбылская,100.0
2016,процент,мужчины,Карагандинская,97.24794020215748
2016,процент,женщины,Карагандинская,96.27645560727144
2016,процент,мужчины,Костанайская,100.0
2016,процент,женщины,Костанайская,100.0
2016,процент,мужчины,Кызылординская,100.0
2016,процент,женщины,Кызылординская,100.0
2016,процент,мужчины,Мангистауская,100.0
2016,процент,женщины,Мангистауская,100.0
2016,процент,мужчины,Южно-Казахстанская,85.98361780991169
2016,процент,женщины,Южно-Казахстанская,90.45462462985545
2016,процент,мужчины,Павлодарская,100.0
2016,процент,женщины,Павлодарская,100.0
2016,процент,мужчины,Северо-Казахстанская,100.0
2016,процент,женщины,Северо-Казахстанская,100.0
2016,процент,мужчины,Восточно-Казахстанская,100.0
2016,процент,женщины,Восточно-Казахстанская,100.0
2016,процент,мужчины,г.Нур-Султан,92.79301438937401
2016,процент,женщины,г.Нур-Султан,77.94717629375134
2016,процент,мужчины,г.Алматы,97.80531260123095
2016,процент,женщины,г.Алматы,81.96733372572102
2017,процент,,,99.19755003760682
2017,процент,мужчины,,99.7766105174183
2017,процент,женщины,,98.59434698979565
2017,процент,,Акмолинская,100.0
2017,процент,,Актюбинская,100.0
2017,процент,,Алматинская,100.0
2017,процент,,Атырауская,100.0
2017,процент,,Западно-Казахстанская,100.0
2017,процент,,Жымбылская,100.0
2017,процент,,Карагандинская,100.0
2017,процент,,Костанайская,100.0
2017,процент,,Кызылординская,100.0
2017,процент,,Мангистауская,100.0
2017,процент,,Южно-Казахстанская,100.0
2017,процент,,Павлодарская,100.0
2017,процент,,Северо-Казахстанская,96.1
2017,процент,,Восточно-Казахстанская,100.0
2017,процент,,г.Нур-Султан,89.3
2017,процент,,г.Алматы,95.4
2017,процент,мужчины,Акмолинская,100.0
2017,процент,женщины,Акмолинская,100.0
2017,процент,мужчины,Актюбинская,100.0
2017,процент,женщины,Актюбинская,100.0
2017,процент,мужчины,Алматинская,100.0
2017,процент,женщины,Алматинская,100.0
2017,процент,мужчины,Атырауская,100.0
2017,процент,женщины,Атырауская,100.0
2017,процент,мужчины,Западно-Казахстанская,100.0
2017,процент,женщины,Западно-Казахстанская,100.0
2017,процент,мужчины,Жымбылская,100.0
2017,процент,женщины,Жымбылская,100.0
2017,процент,мужчины,Карагандинская,100.0
2017,процент,женщины,Карагандинская,100.0
2017,процент,мужчины,Костанайская,100.0
2017,процент,женщины,Костанайская,100.0
2017,процент,мужчины,Кызылординская,100.0
2017,процент,женщины,Кызылординская,100.0
2017,процент,мужчины,Мангистауская,100.0
2017,процент,женщины,Мангистауская,100.0
2017,процент,мужчины,Южно-Казахстанская,100.0
2017,процент,женщины,Южно-Казахстанская,100.0
2017,процент,мужчины,Павлодарская,100.0
2017,процент,женщины,Павлодарская,100.0
2017,процент,мужчины,Северо-Казахстанская,93.96976090014064
2017,процент,женщины,Северо-Казахстанская,98.4793917567027
2017,процент,мужчины,Восточно-Казахстанская,100.0
2017,процент,женщины,Восточно-Казахстанская,100.0
2017,процент,мужчины,г.Нур-Султан,88.93717182690567
2017,процент,женщины,г.Нур-Султан,89.72860538827257
2017,процент,мужчины,г.Алматы,100.0
2017,процент,женщины,г.Алматы,86.65784156622308
2018,процент,,,93.83096929119436
2018,процент,мужчины,,91.65236639043032
2018,процент,женщины,,96.26536706438978
2018,процент,,Акмолинская,100.0
2018,процент,,Актюбинская,100.0
2018,процент,,Алматинская,100.0
2018,процент,,Атырауская,100.0
2018,процент,,Западно-Казахстанская,100.0
2018,процент,,Жымбылская,91.3
2018,процент,,Карагандинская,100.0
2018,процент,,Костанайская,100.0
2018,процент,,Кызылординская,100.0
2018,процент,,Мангистауская,100.0
2018,процент,,Павлодарская,100.0
2018,процент,,Северо-Казахстанская,100.0
2018,процент,,Туркестанская,90.2
2018,процент,,Восточно-Казахстанская,100.0
2018,процент,,г.Нур-Султан,66.7
2018,процент,,г.Алматы,80.2
2018,процент,,г.Шымкент,89.4
2018,процент,мужчины,Акмолинская,100.0
2018,процент,женщины,Акмолинская,100.0
2018,процент,мужчины,Актюбинская,100.0
2018,процент,женщины,Актюбинская,100.0
2018,процент,мужчины,Алматинская,100.0
2018,процент,женщины,Алматинская,100.0
2018,процент,мужчины,Атырауская,100.0
2018,процент,женщины,Атырауская,100.0
2018,процент,мужчины,Западно-Казахстанская,100.0
2018,процент,женщины,Западно-Казахстанская,100.0
2018,процент,мужчины,Жымбылская,100.0
2018,процент,женщины,Жымбылская,82.1553362349047
2018,процент,мужчины,Карагандинская,100.0
2018,процент,женщины,Карагандинская,100.0
2018,процент,мужчины,Костанайская,100.0
2018,процент,женщины,Костанайская,100.0
2018,процент,мужчины,Кызылординская,100.0
2018,процент,женщины,Кызылординская,100.0
2018,процент,мужчины,Мангистауская,100.0
2018,процент,женщины,Мангистауская,100.0
2018,процент,мужчины,Туркестанская,88.08910636106104
2018,процент,женщины,Туркестанская,92.53446387960804
2018,процент,мужчины,Павлодарская,100.0
2018,процент,женщины,Павлодарская,100.0
2018,процент,мужчины,Северо-Казахстанская,100.0
2018,процент,женщины,Северо-Казахстанская,100.0
2018,процент,мужчины,Восточно-Казахстанская,100.0
2018,процент,женщины,Восточно-Казахстанская,100.0
2018,процент,мужчины,г.Нур-Султан,67.87322480083131
2018,процент,женщины,г.Нур-Султан,65.53822521564457
2018,процент,мужчины,г.Алматы,78.37239759743484
2018,процент,женщины,г.Алматы,82.22153273347813
2018,процент,мужчины,г.Шымкент,88.21177032350485
2018,процент,женщины,г.Шымкент,90.77813589423141
2019,процент,,,98.3
2019,процент,мужчины,,98.3
2019,процент,женщины,,98.7
2019,процент,,Акмолинская,100.0
2019,процент,,Актюбинская,100.0
2019,процент,,Алматинская,100.0
2019,процент,,Атырауская,100.0
2019,процент,,Западно-Казахстанская,100.0
2019,процент,,Жымбылская,100.0
2019,процент,,Карагандинская,100.0
2019,процент,,Костанайская,100.0
2019,процент,,Кызылординская,100.0
2019,процент,,Мангистауская,100.0
2019,процент,,Павлодарская,100.0
2019,процент,,Северо-Казахстанская,100.0
2019,процент,,Туркестанская,100.0
2019,процент,,Восточно-Казахстанская,100.0
2019,процент,,г.Нур-Султан,98.6
2019,процент,,г.Алматы,81.4
2019,процент,,г.Шымкент,100.0
2019,процент,мужчины,Акмолинская,100.0
2019,процент,женщины,Акмолинская,100.0
2019,процент,мужчины,Актюбинская,100.0
2019,процент,женщины,Актюбинская,100.0
2019,процент,мужчины,Алматинская,100.0
2019,процент,женщины,Алматинская,100.0
2019,процент,мужчины,Атырауская,100.0
2019,процент,женщины,Атырауская,100.0
2019,процент,мужчины,Западно-Казахстанская,100.0
2019,процент,женщины,Западно-Казахстанская,100.0
2019,процент,мужчины,Жымбылская,100.0
2019,процент,женщины,Жымбылская,100.0
2019,процент,мужчины,Карагандинская,100.0
2019,процент,женщины,Карагандинская,100.0
2019,процент,мужчины,Костанайская,100.0
2019,процент,женщины,Костанайская,100.0
2019,процент,мужчины,Кызылординская,100.0
2019,процент,женщины,Кызылординская,100.0
2019,процент,мужчины,Мангистауская,100.0
2019,процент,женщины,Мангистауская,100.0
2019,процент,мужчины,Туркестанская,100.0
2019,процент,женщины,Туркестанская,100.0
2019,процент,мужчины,Павлодарская,100.0
2019,процент,женщины,Павлодарская,100.0
2019,процент,мужчины,Северо-Казахстанская,100.0
2019,процент,женщины,Северо-Казахстанская,100.0
2019,процент,мужчины,Восточно-Казахстанская,100.0
2019,процент,женщины,Восточно-Казахстанская,100.0
2019,процент,мужчины,г.Нур-Султан,97.3
2019,процент,женщины,г.Нур-Султан,98.5
2019,процент,мужчины,г.Алматы,79.4
2019,процент,женщины,г.Алматы,83.6
2019,процент,мужчины,г.Шымкент,100.0
2019,процент,женщины,г.Шымкент,100.0
