Year,Units,Образование,Местность,Регионы,Квинтиль индекса благосостояния,национальность,GeoCode,Value
2010,процент,начальное образование,,,,,,1.0
2015,процент,начальное образование,,,,,,1.0
2010,процент,среднее образование,,,,,,1.0
2015,процент,среднее образование,,,,,,1.0
2015,процент,основное среднее образование,,,,,,1.0
2015,процент,общее среднее образование,,,,,,1.01
2010,процент,начальное,городская местность,,,,,96.6
2015,процент,начальное,городская местность,,,,,0.99
2010,процент,начальное,сельская местность,,,,,97.6
2015,процент,начальное,сельская местность,,,,,1.0
2010,процент,начальное,,Акмолинская,,,,0.99
2015,процент,начальное,,Акмолинская,,,,0.99
2010,процент,начальное,,Актюбинская,,,,1.01
2015,процент,начальное,,Актюбинская,,,,1.01
2010,процент,начальное,,Алматинская,,,,1.01
2015,процент,начальное,,Алматинская,,,,1.0
2010,процент,начальное,,Атырауская,,,,1.0
2015,процент,начальное,,Атырауская,,,,0.94
2010,процент,начальное,,Западно-Казахстанская,,,,0.99
2015,процент,начальное,,Западно-Казахстанская,,,,0.99
2010,процент,начальное,,Жамбылская,,,,0.99
2015,процент,начальное,,Жамбылская,,,,1.0
2010,процент,начальное,,Карагандинская,,,,1.0
2015,процент,начальное,,Карагандинская,,,,1.01
2010,процент,начальное,,Костанайская,,,,0.99
2015,процент,начальное,,Костанайская,,,,1.01
2010,процент,начальное,,Кызылординская,,,,1.01
2015,процент,начальное,,Кызылординская,,,,0.99
2010,процент,начальное,,Мангистауская,,,,1.0
2015,процент,начальное,,Мангистауская,,,,1.01
2010,процент,начальное,,Южно-Казахстанская,,,,1.0
2015,процент,начальное,,Южно-Казахстанская,,,,1.0
2010,процент,начальное,,Павлодарская,,,,1.0
2015,процент,начальное,,Павлодарская,,,,1.01
2010,процент,начальное,,Северо-Казахстанская,,,,1.01
2015,процент,начальное,,Северо-Казахстанская,,,,1.01
2010,процент,начальное,,Восточно-Казахстанская,,,,1.0
2015,процент,начальное,,Восточно-Казахстанская,,,,1.0
2010,процент,начальное,,г.Нур-Султан,,,,1.0
2015,процент,начальное,,г.Нур-Султан,,,,1.02
2010,процент,начальное,,г.Алматы,,,,1.0
2015,процент,начальное,,г.Алматы,,,,0.98
2010,процент,начальное/незаконченное среднее,,,,,,1.05
2010,процент,основное среднее,,,,,,1.0
2015,процент,основное среднее,,,,,,0.99
2015,процент,общее среднее,,,,,,0.99
2010,процент,техническое и профессиональное,,,,,,1.0
2015,процент,техническое и профессиональное,,,,,,1.0
2010,процент,высшее,,,,,,0.99
2015,процент,высшее,,,,,,1.0
2010,процент,начальное,,,беднейший,,,1.0
2015,процент,начальное,,,беднейший,,,1.01
2010,процент,начальное,,,второй,,,1.01
2015,процент,начальное,,,второй,,,1.0
2010,процент,начальное,,,средний,,,0.99
2015,процент,начальное,,,средний,,,1.0
2010,процент,начальное,,,четвертый,,,1.0
2015,процент,начальное,,,четвертый,,,1.0
2010,процент,начальное,,,богатейший,,,1.0
2015,процент,начальное,,,богатейший,,,0.99
2010,процент,начальное,,,,казахи,,1.0
2015,процент,начальное,,,,казахи,,1.0
2010,процент,начальное,,,,русские,,1.0
2015,процент,начальное,,,,русские,,0.99
2010,процент,начальное,,,,другие,,1.0
2015,процент,начальное,,,,другие,,1.0
2015,процент,основное среднее,городская местность,,,,,1.0
2015,процент,основное среднее,сельская местность,,,,,1.0
2015,процент,основное среднее,,Акмолинская,,,,1.0
2015,процент,основное среднее,,Актюбинская,,,,1.0
2015,процент,основное среднее,,Алматинская,,,,1.02
2015,процент,основное среднее,,Атырауская,,,,1.0
2015,процент,основное среднее,,Западно-Казахстанская,,,,1.01
2015,процент,основное среднее,,Жамбылская,,,,0.99
2015,процент,основное среднее,,Карагандинская,,,,1.01
2015,процент,основное среднее,,Костанайская,,,,1.0
2015,процент,основное среднее,,Кызылординская,,,,1.0
2015,процент,основное среднее,,Мангистауская,,,,1.0
2015,процент,основное среднее,,Южно-Казахстанская,,,,0.99
2015,процент,основное среднее,,Павлодарская,,,,0.99
2015,процент,основное среднее,,Северо-Казахстанская,,,,1.01
2015,процент,основное среднее,,Восточно-Казахстанская,,,,1.0
2015,процент,основное среднее,,г.Нур-Султан,,,,1.01
2015,процент,основное среднее,,г.Алматы,,,,1.02
2015,процент,основное среднее,,,,,,1.0
2015,процент,общее среднее,,,,,,1.01
2015,процент,техническое и профессиональное,,,,,,1.0
2015,процент,высшее,,,,,,0.99
2015,процент,основное среднее,,,беднейший,,,0.99
2015,процент,основное среднее,,,второй,,,1.01
2015,процент,основное среднее,,,средний,,,1.0
2015,процент,основное среднее,,,четвертый,,,1.0
2015,процент,основное среднее,,,богатейший,,,1.0
2015,процент,основное среднее,,,,казахи,,1.0
2015,процент,основное среднее,,,,русские,,1.01
2015,процент,основное среднее,,,,другие,,1.0
2010,процент,среднее,городская местность,,,,,0.99
2015,процент,среднее,городская местность,,,,,1.0
2010,процент,среднее,сельская местность,,,,,1.01
2015,процент,среднее,сельская местность,,,,,0.0
2010,процент,среднее,,Акмолинская,,,,1.02
2015,процент,среднее,,Акмолинская,,,,1.0
2010,процент,среднее,,Актюбинская,,,,1.0
2015,процент,среднее,,Актюбинская,,,,1.0
2010,процент,среднее,,Алматинская,,,,1.03
2015,процент,среднее,,Алматинская,,,,1.0
2010,процент,среднее,,Атырауская,,,,1.01
2015,процент,среднее,,Атырауская,,,,0.0
2010,процент,среднее,,Западно-Казахстанская,,,,1.01
2010,процент,среднее,,Жамбылская,,,,1.0
2015,процент,среднее,,Жамбылская,,,,0.0
2010,процент,среднее,,Карагандинская,,,,1.0
2010,процент,среднее,,Костанайская,,,,1.0
2015,процент,среднее,,Костанайская,,,,1.0
2010,процент,среднее,,Кызылординская,,,,1.01
2015,процент,среднее,,Кызылординская,,,,0.0
2010,процент,среднее,,Мангистауская,,,,0.99
2015,процент,среднее,,Мангистауская,,,,1.0
2010,процент,среднее,,Южно-Казахстанская,,,,0.99
2015,процент,среднее,,Южно-Казахстанская,,,,0.0
2010,процент,среднее,,Павлодарская,,,,1.0
2010,процент,среднее,,Северо-Казахстанская,,,,0.98
2015,процент,среднее,,Северо-Казахстанская,,,,1.0
2010,процент,среднее,,Восточно-Казахстанская,,,,0.97
2010,процент,среднее,,г.Нур-Султан,,,,1.01
2015,процент,среднее,,г.Нур-Султан,,,,1.0
2010,процент,среднее,,г.Алматы,,,,0.99
2015,процент,среднее,,г.Алматы,,,,1.0
2010,процент,начальное/незаконченное среднее,,,,,,1.02
2015,процент,основное среднее,,,,,,0.0
2010,процент,общее среднее,,,,,,1.01
2015,процент,общее среднее,,,,,,1.0
2010,процент,техническое и профессиональное,,,,,,1.0
2015,процент,техническое и профессиональное,,,,,,1.0
2010,процент,высшее,,,,,,1.02
2015,процент,высшее,,,,,,1.0
2015,процент,невозможно определить,,,,,,1.0
2010,процент,среднее,,,беднейший,,,1.01
2015,процент,среднее,,,беднейший,,,1.0
2010,процент,среднее,,,второй,,,1.0
2015,процент,среднее,,,второй,,,1.0
2010,процент,среднее,,,средний,,,0.99
2015,процент,среднее,,,средний,,,0.0
2010,процент,среднее,,,четвертый,,,1.0
2015,процент,среднее,,,четвертый,,,1.0
2010,процент,среднее,,,богатейший,,,1.0
2015,процент,среднее,,,богатейший,,,1.0
2010,процент,среднее,,,,казахи,,1.0
2015,процент,среднее,,,,казахи,,1.0
2010,процент,среднее,,,,русские,,0.99
2015,процент,среднее,,,,русские,,1.0
2010,процент,среднее,,,,другие,,1.01
2015,процент,среднее,,,,другие,,1.0
