Year,Units,Обеспеченность школ,Местность,Регионы,Value
2015,процент,базовыми источниками питьевой воды,,,100.0
2016,процент,базовыми источниками питьевой воды,,,100.0
2017,процент,базовыми источниками питьевой воды,,,100.0
2018,процент,базовыми источниками питьевой воды,,,100.0
2019,процент,доступом к Интернету для учебных целей,,,94.06596377399296
2019,процент,доступом к Интернету для учебных целей,,Акмолинская,100.0
2019,процент,доступом к Интернету для учебных целей,,Актюбинская,97.12918660287079
2019,процент,доступом к Интернету для учебных целей,,Алматинская,91.78255372945637
2019,процент,доступом к Интернету для учебных целей,,Атырауская,93.71980676328505
2019,процент,доступом к Интернету для учебных целей,,Западно-Казахстанская,86.92307692307692
2019,процент,доступом к Интернету для учебных целей,,Жамбылская,99.78308026030369
2019,процент,доступом к Интернету для учебных целей,,Карагандинская,97.39292364990688
2019,процент,доступом к Интернету для учебных целей,,Костанайская,91.47286821705427
2019,процент,доступом к Интернету для учебных целей,,Кызылординская,98.08917197452229
2019,процент,доступом к Интернету для учебных целей,,Мангистауская,100.0
2019,процент,доступом к Интернету для учебных целей,,Павлодарская,99.45652173913044
2019,процент,доступом к Интернету для учебных целей,,Северо-Казахстанская,90.74074074074076
2019,процент,доступом к Интернету для учебных целей,,Туркестанская,83.04347826086956
2019,процент,доступом к Интернету для учебных целей,,Восточно-Казахстанская,99.1163475699558
2019,процент,доступом к Интернету для учебных целей,,г.Нур-Султан,94.91525423728814
2019,процент,доступом к Интернету для учебных целей,,г.Алматы,98.6206896551724
2019,процент,доступом к Интернету для учебных целей,,г.Шымкент,91.90751445086704
2019,процент,доступом к Интернету для учебных целей,город,,96.68717463322292
2019,процент,доступом к Интернету для учебных целей,город,Акмолинская,100.0
2019,процент,доступом к Интернету для учебных целей,город,Актюбинская,97.77777777777777
2019,процент,доступом к Интернету для учебных целей,город,Алматинская,96.39639639639641
2019,процент,доступом к Интернету для учебных целей,город,Атырауская,96.05263157894736
2019,процент,доступом к Интернету для учебных целей,город,Западно-Казахстанская,93.24324324324324
2019,процент,доступом к Интернету для учебных целей,город,Жамбылская,99.05660377358492
2019,процент,доступом к Интернету для учебных целей,город,Карагандинская,97.8813559322034
2019,процент,доступом к Интернету для учебных целей,город,Костанайская,97.979797979798
2019,процент,доступом к Интернету для учебных целей,город,Кызылординская,93.67088607594937
2019,процент,доступом к Интернету для учебных целей,город,Мангистауская,100.0
2019,процент,доступом к Интернету для учебных целей,город,Павлодарская,97.87234042553192
2019,процент,доступом к Интернету для учебных целей,город,Северо-Казахстанская,98.4375
2019,процент,доступом к Интернету для учебных целей,город,Туркестанская,90.24390243902441
2019,процент,доступом к Интернету для учебных целей,город,Восточно-Казахстанская,98.34254143646407
2019,процент,доступом к Интернету для учебных целей,город,г.Нур-Султан,94.91525423728814
2019,процент,доступом к Интернету для учебных целей,город,г.Алматы,98.6206896551724
2019,процент,доступом к Интернету для учебных целей,город,г.Шымкент,91.90751445086704
2019,процент,доступом к Интернету для учебных целей,село,,93.01797540208136
2019,процент,доступом к Интернету для учебных целей,село,Акмолинская,100.0
2019,процент,доступом к Интернету для учебных целей,село,Актюбинская,96.81978798586573
2019,процент,доступом к Интернету для учебных целей,село,Алматинская,91.02941176470587
2019,процент,доступом к Интернету для учебных целей,село,Атырауская,92.36641221374045
2019,процент,доступом к Интернету для учебных целей,село,Западно-Казахстанская,85.44303797468355
2019,процент,доступом к Интернету для учебных целей,село,Жамбылская,100.0
2019,процент,доступом к Интернету для учебных целей,село,Карагандинская,97.00996677740864
2019,процент,доступом к Интернету для учебных целей,село,Костанайская,89.92805755395683
2019,процент,доступом к Интернету для учебных целей,село,Кызылординская,99.57446808510642
2019,процент,доступом к Интернету для учебных целей,село,Мангистауская,100.0
2019,процент,доступом к Интернету для учебных целей,село,Павлодарская,100.0
2019,процент,доступом к Интернету для учебных целей,село,Северо-Казахстанская,89.57345971563981
2019,процент,доступом к Интернету для учебных целей,село,Туркестанская,81.93224592220828
2019,процент,доступом к Интернету для учебных целей,село,Восточно-Казахстанская,99.3975903614458
2019,процент,базовыми источниками питьевой воды,,,100.0
2019,процент,раздельными минимально оборудованными туалетами,,Акмолинская,100.0
2019,процент,раздельными минимально оборудованными туалетами,,Актюбинская,100.0
2019,процент,раздельными минимально оборудованными туалетами,,Алматинская,100.0
2019,процент,раздельными минимально оборудованными туалетами,,Атырауская,100.0
2019,процент,раздельными минимально оборудованными туалетами,,Западно-Казахстанская,100.0
2019,процент,раздельными минимально оборудованными туалетами,,Жамбылская,100.0
2019,процент,раздельными минимально оборудованными туалетами,,Карагандинская,100.0
2019,процент,раздельными минимально оборудованными туалетами,,Костанайская,100.0
2019,процент,раздельными минимально оборудованными туалетами,,Кызылординская,100.0
2019,процент,раздельными минимально оборудованными туалетами,,Мангистауская,100.0
2019,процент,раздельными минимально оборудованными туалетами,,Павлодарская,100.0
2019,процент,раздельными минимально оборудованными туалетами,,Северо-Казахстанская,100.0
2019,процент,раздельными минимально оборудованными туалетами,,Туркестанская,100.0
2019,процент,раздельными минимально оборудованными туалетами,,Восточно-Казахстанская,100.0
2019,процент,раздельными минимально оборудованными туалетами,,г.Нур-Султан,100.0
2019,процент,раздельными минимально оборудованными туалетами,,г.Алматы,100.0
2019,процент,раздельными минимально оборудованными туалетами,,г.Шымкент,100.0
2019,процент,наличие теплых и надворных туалетов,,,41.57880508245472
2019,процент,наличие теплых и надворных туалетов,,Акмолинская,75.13043478260869
2019,процент,наличие теплых и надворных туалетов,,Актюбинская,39.71291866028708
2019,процент,наличие теплых и надворных туалетов,,Алматинская,37.67383059418458
2019,процент,наличие теплых и надворных туалетов,,Атырауская,46.859903381642525
2019,процент,наличие теплых и надворных туалетов,,Западно-Казахстанская,30.76923076923077
2019,процент,наличие теплых и надворных туалетов,,Жамбылская,28.416485900216923
2019,процент,наличие теплых и надворных туалетов,,Карагандинская,19.36685288640596
2019,процент,наличие теплых и надворных туалетов,,Костанайская,66.08527131782945
2019,процент,наличие теплых и надворных туалетов,,Кызылординская,44.90445859872612
2019,процент,наличие теплых и надворных туалетов,,Мангистауская,28.387096774193548
2019,процент,наличие теплых и надворных туалетов,,Павлодарская,72.01086956521739
2019,процент,наличие теплых и надворных туалетов,,Северо-Казахстанская,62.96296296296296
2019,процент,наличие теплых и надворных туалетов,,Туркестанская,34.89130434782609
2019,процент,наличие теплых и надворных туалетов,,Восточно-Казахстанская,32.40058910162003
2019,процент,наличие теплых и надворных туалетов,,г.Нур-Султан,0.8474576271186439
2019,процент,наличие теплых и надворных туалетов,,г.Алматы,3.103448275862069
2019,процент,наличие теплых и надворных туалетов,,г.Шымкент,46.24277456647399
2019,процент,наличие только надворных туалетов,,,31.34630981346309
2019,процент,наличие только надворных туалетов,,Акмолинская,0.0
2019,процент,наличие только надворных туалетов,,Актюбинская,33.01435406698565
2019,процент,наличие только надворных туалетов,,Алматинская,52.59165613147914
2019,процент,наличие только надворных туалетов,,Атырауская,18.357487922705317
2019,процент,наличие только надворных туалетов,,Западно-Казахстанская,51.02564102564102
2019,процент,наличие только надворных туалетов,,Жамбылская,58.134490238611704
2019,процент,наличие только надворных туалетов,,Карагандинская,22.90502793296089
2019,процент,наличие только надворных туалетов,,Костанайская,9.30232558139535
2019,процент,наличие только надворных туалетов,,Кызылординская,40.764331210191095
2019,процент,наличие только надворных туалетов,,Мангистауская,25.161290322580644
2019,процент,наличие только надворных туалетов,,Павлодарская,0.5434782608695652
2019,процент,наличие только надворных туалетов,,Северо-Казахстанская,13.580246913580249
2019,процент,наличие только надворных туалетов,,Туркестанская,59.1304347826087
2019,процент,наличие только надворных туалетов,,Восточно-Казахстанская,40.500736377025035
2019,процент,наличие только надворных туалетов,,г.Нур-Султан,0.0
2019,процент,наличие только надворных туалетов,,г.Алматы,1.0344827586206895
2019,процент,наличие только надворных туалетов,,г.Шымкент,18.497109826589593
2019,процент,наличие только теплых туалетов,,,27.074885104082185
2019,процент,наличие только теплых туалетов,,Акмолинская,24.869565217391305
2019,процент,наличие только теплых туалетов,,Актюбинская,27.27272727272727
2019,процент,наличие только теплых туалетов,,Алматинская,9.734513274336283
2019,процент,наличие только теплых туалетов,,Атырауская,34.78260869565217
2019,процент,наличие только теплых туалетов,,Западно-Казахстанская,18.2051282051282
2019,процент,наличие только теплых туалетов,,Жамбылская,13.449023861171364
2019,процент,наличие только теплых туалетов,,Карагандинская,57.72811918063314
2019,процент,наличие только теплых туалетов,,Костанайская,24.612403100775193
2019,процент,наличие только теплых туалетов,,Кызылординская,14.331210191082802
2019,процент,наличие только теплых туалетов,,Мангистауская,46.451612903225815
2019,процент,наличие только теплых туалетов,,Павлодарская,27.445652173913047
2019,процент,наличие только теплых туалетов,,Северо-Казахстанская,23.456790123456788
2019,процент,наличие только теплых туалетов,,Туркестанская,5.978260869565218
2019,процент,наличие только теплых туалетов,,Восточно-Казахстанская,27.098674521354926
2019,процент,наличие только теплых туалетов,,г.Нур-Султан,99.15254237288136
2019,процент,наличие только теплых туалетов,,г.Алматы,95.86206896551724
2019,процент,наличие только теплых туалетов,,г.Шымкент,35.260115606936424
