Year,UNIT_MEASURE,Регионы,Value
2010,процент,,66.4
2010,процент,Акмолинская,76.95108475303883
2010,процент,Актюбинская,89.41342768991
2010,процент,Алматинская,41.46364244140317
2010,процент,Атырауская,1.5400674207293077
2010,процент,Западно-Казахстанская,98.97709645040605
2010,процент,Жымбылская,7.560847687346486
2010,процент,Карагандинская,63.54376738474111
2010,процент,Костанайская,56.46831112711559
2010,процент,Кызылординская,67.11240970118486
2010,процент,Мангистауская,66.2699396059162
2010,процент,Павлодарская,75.68281466586552
2010,процент,Северо-Казахстанская,0.6445886438647743
2010,процент,Восточно-Казахстанская,29.002830503033728
2010,процент,г.Нур-Султан,100.0
2010,процент,г.Алматы,95.16589260941579
2011,процент,,67.5
2011,процент,Акмолинская,74.46683212047279
2011,процент,Актюбинская,89.77519415050641
2011,процент,Алматинская,41.00810878483792
2011,процент,Атырауская,1.5724882402605234
2011,процент,Западно-Казахстанская,98.58574763147055
2011,процент,Жымбылская,6.4051762562266426
2011,процент,Карагандинская,64.50944892326962
2011,процент,Костанайская,54.20190074499831
2011,процент,Кызылординская,77.29702166235434
2011,процент,Мангистауская,66.82012518384239
2011,процент,Павлодарская,75.97444471874977
2011,процент,Северо-Казахстанская,7.670794019264786
2011,процент,Восточно-Казахстанская,31.779422237359505
2011,процент,г.Нур-Султан,100.0
2011,процент,г.Алматы,96.89183459881585
2012,процент,,67.0
2012,процент,Акмолинская,71.34448497044396
2012,процент,Актюбинская,84.49811556969784
2012,процент,Алматинская,38.932873045082566
2012,процент,Атырауская,1.470216820627425
2012,процент,Западно-Казахстанская,98.77667976929577
2012,процент,Жымбылская,7.382582628821088
2012,процент,Карагандинская,62.50858579045865
2012,процент,Костанайская,48.853450072962275
2012,процент,Кызылординская,77.43779358222189
2012,процент,Мангистауская,60.29733631962125
2012,процент,Павлодарская,74.75342337565114
2012,процент,Северо-Казахстанская,0.5669366977867168
2012,процент,Восточно-Казахстанская,34.5649697060045
2012,процент,г.Нур-Султан,100.0
2012,процент,г.Алматы,97.62581176483009
2013,процент,,69.6
2013,процент,Акмолинская,72.45238215530743
2013,процент,Актюбинская,87.17119276448533
2013,процент,Алматинская,33.461769845589714
2013,процент,Атырауская,1.7428058130955055
2013,процент,Западно-Казахстанская,98.714244157859
2013,процент,Жымбылская,15.600400744239302
2013,процент,Карагандинская,67.3651489182809
2013,процент,Костанайская,51.224091676030206
2013,процент,Кызылординская,87.38772235376999
2013,процент,Мангистауская,74.7425908591977
2013,процент,Павлодарская,81.39470477456518
2013,процент,Северо-Казахстанская,0.5322399587384006
2013,процент,Восточно-Казахстанская,34.61550479235722
2013,процент,г.Нур-Султан,100.0
2013,процент,г.Алматы,97.4161555526556
2014,процент,,69.8
2014,процент,Акмолинская,77.13508054162315
2014,процент,Актюбинская,87.78474667164076
2014,процент,Алматинская,30.006819731757215
2014,процент,Атырауская,1.9253680027505256
2014,процент,Западно-Казахстанская,90.1278323034048
2014,процент,Жымбылская,17.76162834679026
2014,процент,Карагандинская,68.5565740050066
2014,процент,Костанайская,51.247972507573
2014,процент,Кызылординская,88.73776422187545
2014,процент,Мангистауская,73.46604199849386
2014,процент,Павлодарская,86.88080166062798
2014,процент,Северо-Казахстанская,0.41985465882342426
2014,процент,Восточно-Казахстанская,32.70887378933523
2014,процент,г.Нур-Султан,100.0
2014,процент,г.Алматы,96.61882912162916
2015,процент,,72.6
2015,процент,Акмолинская,79.22275065201417
2015,процент,Актюбинская,87.50524504372835
2015,процент,Алматинская,84.68837209302325
2015,процент,Атырауская,1.7986590068969932
2015,процент,Западно-Казахстанская,90.17996985726528
2015,процент,Жымбылская,16.6
2015,процент,Карагандинская,67.51933056575739
2015,процент,Костанайская,51.6
2015,процент,Кызылординская,95.71916563703758
2015,процент,Мангистауская,74.28293307375355
2015,процент,Павлодарская,87.77437991205231
2015,процент,Северо-Казахстанская,0.07494984301663977
2015,процент,Восточно-Казахстанская,32.112814378628485
2015,процент,г.Нур-Султан,100.0
2015,процент,г.Алматы,98.17861139893128
2016,процент,,74.1
2016,процент,Акмолинская,79.09847190508886
2016,процент,Актюбинская,87.25420461033066
2016,процент,Алматинская,83.18447628931824
2016,процент,Атырауская,35.40407379423247
2016,процент,Западно-Казахстанская,90.83566293929712
2016,процент,Жымбылская,17.74166178571624
2016,процент,Карагандинская,69.50807742942466
2016,процент,Костанайская,50.54785709664284
2016,процент,Кызылординская,95.50799222930372
2016,процент,Мангистауская,73.26116020478038
2016,процент,Павлодарская,88.37466930166254
2016,процент,Северо-Казахстанская,0.11960289381659182
2016,процент,Восточно-Казахстанская,32.8168512424312
2016,процент,г.Нур-Султан,100.0
2016,процент,г.Алматы,97.29871609850872
2017,процент,,72.6
2017,процент,Акмолинская,79.53768097256877
2017,процент,Актюбинская,87.58302690767084
2017,процент,Алматинская,80.71514624355764
2017,процент,Атырауская,32.279031977250305
2017,процент,Западно-Казахстанская,91.14525275044831
2017,процент,Жымбылская,18.836949757505
2017,процент,Карагандинская,59.51712897804353
2017,процент,Костанайская,54.48756505609681
2017,процент,Кызылординская,95.88130261032222
2017,процент,Мангистауская,72.41647648132042
2017,процент,Павлодарская,88.05454092644861
2017,процент,Северо-Казахстанская,0.3828046982738124
2017,процент,Восточно-Казахстанская,34.640379256127055
2017,процент,г.Нур-Султан,100.0
2017,процент,г.Алматы,97.88913794963844
2018,процент,,71.5
2018,процент,Акмолинская,77.00848063600925
2018,процент,Актюбинская,90.89754971971676
2018,процент,Алматинская,62.5
2018,процент,Атырауская,42.54737179668563
2018,процент,Западно-Казахстанская,91.4
2018,процент,Жымбылская,18.31369434494384
2018,процент,Карагандинская,58.4
2018,процент,Костанайская,39.078593326128676
2018,процент,Кызылординская,95.43091273105394
2018,процент,Мангистауская,75.65925994242386
2018,процент,Павлодарская,88.88195554862223
2018,процент,Северо-Казахстанская,0.34746156118558946
2018,процент,Туркестанская,55.434224293731575
2018,процент,Восточно-Казахстанская,34.9545329079355
2018,процент,г.Нур-Султан,100.0
2018,процент,г.Алматы,98.1
2019,процент,,85.5
2019,процент,Акмолинская,93.2
2019,процент,Актюбинская,98.8
2019,процент,Алматинская,63.8
2019,процент,Атырауская,100.0
2019,процент,Западно-Казахстанская,99.9
2019,процент,Жымбылская,13.9
2019,процент,Карагандинская,58.3
2019,процент,Костанайская,72.6
2019,процент,Кызылординская,94.6
2019,процент,Мангистауская,95.6
2019,процент,Павлодарская,97.0
2019,процент,Северо-Казахстанская,99.7
2019,процент,Туркестанская,92.4
2019,процент,Восточно-Казахстанская,97.5
2019,процент,г.Нур-Султан,100.0
2019,процент,г.Алматы,99.6
2019,процент,г.Шымкент,89.6
