Year,Units,Вид собственности,Регионы,GeoCode,Value
2010,тыс_тенге,по государственным предприятиям и организациям,,,1036774219.0
2011,тыс_тенге,по государственным предприятиям и организациям,,,1068226069.0
2012,тыс_тенге,по государственным предприятиям и организациям,,,1178397242.0
2013,тыс_тенге,по государственным предприятиям и организациям,,,1079560956.0
2014,тыс_тенге,по государственным предприятиям и организациям,,,1266723255.0
2015,тыс_тенге,по государственным предприятиям и организациям,,,1062565765.0
2016,тыс_тенге,по государственным предприятиям и организациям,,,1098257401.0
2017,тыс_тенге,по государственным предприятиям и организациям,,,1319919996.0
2018,тыс_тенге,по государственным предприятиям и организациям,,,1345936512.0
2010,тыс_тенге,по государственным предприятиям и организациям,Акмолинская,,47296971.0
2011,тыс_тенге,по государственным предприятиям и организациям,Акмолинская,,57739832.0
2012,тыс_тенге,по государственным предприятиям и организациям,Акмолинская,,59799493.0
2013,тыс_тенге,по государственным предприятиям и организациям,Акмолинская,,47226460.0
2014,тыс_тенге,по государственным предприятиям и организациям,Акмолинская,,42151668.0
2015,тыс_тенге,по государственным предприятиям и организациям,Акмолинская,,36150293.0
2016,тыс_тенге,по государственным предприятиям и организациям,Акмолинская,,32312951.0
2017,тыс_тенге,по государственным предприятиям и организациям,Акмолинская,,66853652.0
2018,тыс_тенге,по государственным предприятиям и организациям,Акмолинская,,46583558.0
2010,тыс_тенге,по государственным предприятиям и организациям,Актюбинская,,59033367.0
2011,тыс_тенге,по государственным предприятиям и организациям,Актюбинская,,62509079.0
2012,тыс_тенге,по государственным предприятиям и организациям,Актюбинская,,68020720.0
2013,тыс_тенге,по государственным предприятиям и организациям,Актюбинская,,39996559.0
2014,тыс_тенге,по государственным предприятиям и организациям,Актюбинская,,75205032.0
2015,тыс_тенге,по государственным предприятиям и организациям,Актюбинская,,32144233.0
2016,тыс_тенге,по государственным предприятиям и организациям,Актюбинская,,37371230.0
2017,тыс_тенге,по государственным предприятиям и организациям,Актюбинская,,79182241.0
2018,тыс_тенге,по государственным предприятиям и организациям,Актюбинская,,84296038.0
2010,тыс_тенге,по государственным предприятиям и организациям,Алматинская,,89980220.0
2011,тыс_тенге,по государственным предприятиям и организациям,Алматинская,,59069553.0
2012,тыс_тенге,по государственным предприятиям и организациям,Алматинская,,91783204.0
2013,тыс_тенге,по государственным предприятиям и организациям,Алматинская,,97770402.0
2014,тыс_тенге,по государственным предприятиям и организациям,Алматинская,,127617723.0
2015,тыс_тенге,по государственным предприятиям и организациям,Алматинская,,119605523.0
2016,тыс_тенге,по государственным предприятиям и организациям,Алматинская,,163436880.0
2017,тыс_тенге,по государственным предприятиям и организациям,Алматинская,,135083761.0
2018,тыс_тенге,по государственным предприятиям и организациям,Алматинская,,134164120.0
2010,тыс_тенге,по государственным предприятиям и организациям,Атырауская,,68303177.0
2011,тыс_тенге,по государственным предприятиям и организациям,Атырауская,,50539151.0
2012,тыс_тенге,по государственным предприятиям и организациям,Атырауская,,49197890.0
2013,тыс_тенге,по государственным предприятиям и организациям,Атырауская,,36658573.0
2014,тыс_тенге,по государственным предприятиям и организациям,Атырауская,,44405799.0
2015,тыс_тенге,по государственным предприятиям и организациям,Атырауская,,26749620.0
2016,тыс_тенге,по государственным предприятиям и организациям,Атырауская,,37945235.0
2017,тыс_тенге,по государственным предприятиям и организациям,Атырауская,,56224173.0
2018,тыс_тенге,по государственным предприятиям и организациям,Атырауская,,49981683.0
2010,тыс_тенге,по государственным предприятиям и организациям,Западно-Казахстанская,,28465470.0
2011,тыс_тенге,по государственным предприятиям и организациям,Западно-Казахстанская,,35705246.0
2012,тыс_тенге,по государственным предприятиям и организациям,Западно-Казахстанская,,22875006.0
2013,тыс_тенге,по государственным предприятиям и организациям,Западно-Казахстанская,,23878221.0
2014,тыс_тенге,по государственным предприятиям и организациям,Западно-Казахстанская,,41625941.0
2015,тыс_тенге,по государственным предприятиям и организациям,Западно-Казахстанская,,29307583.0
2016,тыс_тенге,по государственным предприятиям и организациям,Западно-Казахстанская,,21236444.0
2017,тыс_тенге,по государственным предприятиям и организациям,Западно-Казахстанская,,44564693.0
2018,тыс_тенге,по государственным предприятиям и организациям,Западно-Казахстанская,,46208144.0
2010,тыс_тенге,по государственным предприятиям и организациям,Жамбылская,,43667962.0
2011,тыс_тенге,по государственным предприятиям и организациям,Жамбылская,,57005525.0
2012,тыс_тенге,по государственным предприятиям и организациям,Жамбылская,,95464710.0
2013,тыс_тенге,по государственным предприятиям и организациям,Жамбылская,,78401842.0
2014,тыс_тенге,по государственным предприятиям и организациям,Жамбылская,,60182873.0
2015,тыс_тенге,по государственным предприятиям и организациям,Жамбылская,,44412511.0
2016,тыс_тенге,по государственным предприятиям и организациям,Жамбылская,,38833944.0
2017,тыс_тенге,по государственным предприятиям и организациям,Жамбылская,,55898656.0
2018,тыс_тенге,по государственным предприятиям и организациям,Жамбылская,,53386348.0
2010,тыс_тенге,по государственным предприятиям и организациям,Карагандинская,,31935235.0
2011,тыс_тенге,по государственным предприятиям и организациям,Карагандинская,,40235371.0
2012,тыс_тенге,по государственным предприятиям и организациям,Карагандинская,,43689805.0
2013,тыс_тенге,по государственным предприятиям и организациям,Карагандинская,,37544047.0
2014,тыс_тенге,по государственным предприятиям и организациям,Карагандинская,,43097480.0
2015,тыс_тенге,по государственным предприятиям и организациям,Карагандинская,,27945946.0
2016,тыс_тенге,по государственным предприятиям и организациям,Карагандинская,,29440970.0
2017,тыс_тенге,по государственным предприятиям и организациям,Карагандинская,,60137730.0
2018,тыс_тенге,по государственным предприятиям и организациям,Карагандинская,,55182051.0
2010,тыс_тенге,по государственным предприятиям и организациям,Костанайская,,27434840.0
2011,тыс_тенге,по государственным предприятиям и организациям,Костанайская,,31028357.0
2012,тыс_тенге,по государственным предприятиям и организациям,Костанайская,,31892577.0
2013,тыс_тенге,по государственным предприятиям и организациям,Костанайская,,26932561.0
2014,тыс_тенге,по государственным предприятиям и организациям,Костанайская,,42374195.0
2015,тыс_тенге,по государственным предприятиям и организациям,Костанайская,,21356643.0
2016,тыс_тенге,по государственным предприятиям и организациям,Костанайская,,26585820.0
2017,тыс_тенге,по государственным предприятиям и организациям,Костанайская,,43954677.0
2018,тыс_тенге,по государственным предприятиям и организациям,Костанайская,,60336066.0
2010,тыс_тенге,по государственным предприятиям и организациям,Кызылординская,,75611438.0
2011,тыс_тенге,по государственным предприятиям и организациям,Кызылординская,,82569194.0
2012,тыс_тенге,по государственным предприятиям и организациям,Кызылординская,,69467737.0
2013,тыс_тенге,по государственным предприятиям и организациям,Кызылординская,,90719888.0
2014,тыс_тенге,по государственным предприятиям и организациям,Кызылординская,,75732198.0
2015,тыс_тенге,по государственным предприятиям и организациям,Кызылординская,,54808099.0
2016,тыс_тенге,по государственным предприятиям и организациям,Кызылординская,,67675868.0
2017,тыс_тенге,по государственным предприятиям и организациям,Кызылординская,,51305208.0
2018,тыс_тенге,по государственным предприятиям и организациям,Кызылординская,,61633742.0
2010,тыс_тенге,по государственным предприятиям и организациям,Мангистауская,,48847386.0
2011,тыс_тенге,по государственным предприятиям и организациям,Мангистауская,,51987752.0
2012,тыс_тенге,по государственным предприятиям и организациям,Мангистауская,,40640607.0
2013,тыс_тенге,по государственным предприятиям и организациям,Мангистауская,,38402558.0
2014,тыс_тенге,по государственным предприятиям и организациям,Мангистауская,,55844915.0
2015,тыс_тенге,по государственным предприятиям и организациям,Мангистауская,,41359678.0
2016,тыс_тенге,по государственным предприятиям и организациям,Мангистауская,,54275915.0
2017,тыс_тенге,по государственным предприятиям и организациям,Мангистауская,,41437482.0
2018,тыс_тенге,по государственным предприятиям и организациям,Мангистауская,,42134139.0
2010,тыс_тенге,по государственным предприятиям и организациям,Южно-Казахстанская,,92816216.0
2011,тыс_тенге,по государственным предприятиям и организациям,Южно-Казахстанская,,109495938.0
2012,тыс_тенге,по государственным предприятиям и организациям,Южно-Казахстанская,,148881823.0
2013,тыс_тенге,по государственным предприятиям и организациям,Южно-Казахстанская,,134510633.0
2014,тыс_тенге,по государственным предприятиям и организациям,Южно-Казахстанская,,162519894.0
2015,тыс_тенге,по государственным предприятиям и организациям,Южно-Казахстанская,,129976342.0
2016,тыс_тенге,по государственным предприятиям и организациям,Южно-Казахстанская,,159055103.0
2017,тыс_тенге,по государственным предприятиям и организациям,Южно-Казахстанская,,157618965.0
2010,тыс_тенге,по государственным предприятиям и организациям,Павлодарская,,25621279.0
2011,тыс_тенге,по государственным предприятиям и организациям,Павлодарская,,22731933.0
2012,тыс_тенге,по государственным предприятиям и организациям,Павлодарская,,30319036.0
2013,тыс_тенге,по государственным предприятиям и организациям,Павлодарская,,27121531.0
2014,тыс_тенге,по государственным предприятиям и организациям,Павлодарская,,32302416.0
2015,тыс_тенге,по государственным предприятиям и организациям,Павлодарская,,24815611.0
2016,тыс_тенге,по государственным предприятиям и организациям,Павлодарская,,21074158.0
2017,тыс_тенге,по государственным предприятиям и организациям,Павлодарская,,51585022.0
2018,тыс_тенге,по государственным предприятиям и организациям,Павлодарская,,74806910.0
2010,тыс_тенге,по государственным предприятиям и организациям,Северо-Казахстанская,,17462545.0
2011,тыс_тенге,по государственным предприятиям и организациям,Северо-Казахстанская,,18788111.0
2012,тыс_тенге,по государственным предприятиям и организациям,Северо-Казахстанская,,28019290.0
2013,тыс_тенге,по государственным предприятиям и организациям,Северо-Казахстанская,,22593248.0
2014,тыс_тенге,по государственным предприятиям и организациям,Северо-Казахстанская,,20881816.0
2015,тыс_тенге,по государственным предприятиям и организациям,Северо-Казахстанская,,27155173.0
2016,тыс_тенге,по государственным предприятиям и организациям,Северо-Казахстанская,,27478383.0
2017,тыс_тенге,по государственным предприятиям и организациям,Северо-Казахстанская,,34299716.0
2018,тыс_тенге,по государственным предприятиям и организациям,Северо-Казахстанская,,47506208.0
2018,тыс_тенге,по государственным предприятиям и организациям,Туркестанская,,104060972.0
2010,тыс_тенге,по государственным предприятиям и организациям,Восточно-Казахстанская,,40946358.0
2011,тыс_тенге,по государственным предприятиям и организациям,Восточно-Казахстанская,,69019293.0
2012,тыс_тенге,по государственным предприятиям и организациям,Восточно-Казахстанская,,76237365.0
2013,тыс_тенге,по государственным предприятиям и организациям,Восточно-Казахстанская,,65491567.0
2014,тыс_тенге,по государственным предприятиям и организациям,Восточно-Казахстанская,,53073232.0
2015,тыс_тенге,по государственным предприятиям и организациям,Восточно-Казахстанская,,41241417.0
2016,тыс_тенге,по государственным предприятиям и организациям,Восточно-Казахстанская,,52059145.0
2017,тыс_тенге,по государственным предприятиям и организациям,Восточно-Казахстанская,,88904888.0
2018,тыс_тенге,по государственным предприятиям и организациям,Восточно-Казахстанская,,93736234.0
2010,тыс_тенге,по государственным предприятиям и организациям,г_Нур-Султан,,205944085.0
2011,тыс_тенге,по государственным предприятиям и организациям,г_Нур-Султан,,192182529.0
2012,тыс_тенге,по государственным предприятиям и организациям,г_Нур-Султан,,193395093.0
2013,тыс_тенге,по государственным предприятиям и организациям,г_Нур-Султан,,212481905.0
2014,тыс_тенге,по государственным предприятиям и организациям,г_Нур-Султан,,236923971.0
2015,тыс_тенге,по государственным предприятиям и организациям,г_Нур-Султан,,219770225.0
2016,тыс_тенге,по государственным предприятиям и организациям,г_Нур-Султан,,198683876.0
2017,тыс_тенге,по государственным предприятиям и организациям,г_Нур-Султан,,220265254.0
2018,тыс_тенге,по государственным предприятиям и организациям,г_Нур-Султан,,196351896.0
2010,тыс_тенге,по государственным предприятиям и организациям,г_Алматы,,133407670.0
2011,тыс_тенге,по государственным предприятиям и организациям,г_Алматы,,127619205.0
2012,тыс_тенге,по государственным предприятиям и организациям,г_Алматы,,128712886.0
2013,тыс_тенге,по государственным предприятиям и организациям,г_Алматы,,99830961.0
2014,тыс_тенге,по государственным предприятиям и организациям,г_Алматы,,152784102.0
2015,тыс_тенге,по государственным предприятиям и организациям,г_Алматы,,185766868.0
2016,тыс_тенге,по государственным предприятиям и организациям,г_Алматы,,130791479.0
2017,тыс_тенге,по государственным предприятиям и организациям,г_Алматы,,132603878.0
2018,тыс_тенге,по государственным предприятиям и организациям,г_Алматы,,148406671.0
2018,тыс_тенге,по государственным предприятиям и организациям,г_Шымкент,,47161732.0
2010,тыс_тенге,по предприятиям и организациям частной собственности,,,2239305596.0
2011,тыс_тенге,по предприятиям и организациям частной собственности,,,2640408294.0
2012,тыс_тенге,по предприятиям и организациям частной собственности,,,3162532809.0
2013,тыс_тенге,по предприятиям и организациям частной собственности,,,3957235239.0
2014,тыс_тенге,по предприятиям и организациям частной собственности,,,4202318716.0
2015,тыс_тенге,по предприятиям и организациям частной собственности,,,4542902222.0
2016,тыс_тенге,по предприятиям и организациям частной собственности,,,5022388674.0
2017,тыс_тенге,по предприятиям и организациям частной собственности,,,6212525241.0
2018,тыс_тенге,по предприятиям и организациям частной собственности,,,8270308594.0
2010,тыс_тенге,по предприятиям и организациям частной собственности,Акмолинская,,53701346.0
2011,тыс_тенге,по предприятиям и организациям частной собственности,Акмолинская,,57521256.0
2012,тыс_тенге,по предприятиям и организациям частной собственности,Акмолинская,,76923896.0
2013,тыс_тенге,по предприятиям и организациям частной собственности,Акмолинская,,89235091.0
2014,тыс_тенге,по предприятиям и организациям частной собственности,Акмолинская,,133929294.0
2015,тыс_тенге,по предприятиям и организациям частной собственности,Акмолинская,,154754041.0
2016,тыс_тенге,по предприятиям и организациям частной собственности,Акмолинская,,179188618.0
2017,тыс_тенге,по предприятиям и организациям частной собственности,Акмолинская,,171193713.0
2018,тыс_тенге,по предприятиям и организациям частной собственности,Акмолинская,,206553712.0
2010,тыс_тенге,по предприятиям и организациям частной собственности,Актюбинская,,248742874.0
2011,тыс_тенге,по предприятиям и организациям частной собственности,Актюбинская,,254536558.0
2012,тыс_тенге,по предприятиям и организациям частной собственности,Актюбинская,,292704669.0
2013,тыс_тенге,по предприятиям и организациям частной собственности,Актюбинская,,426694718.0
2014,тыс_тенге,по предприятиям и организациям частной собственности,Актюбинская,,407375114.0
2015,тыс_тенге,по предприятиям и организациям частной собственности,Актюбинская,,275098829.0
2016,тыс_тенге,по предприятиям и организациям частной собственности,Актюбинская,,313672630.0
2017,тыс_тенге,по предприятиям и организациям частной собственности,Актюбинская,,337384643.0
2018,тыс_тенге,по предприятиям и организациям частной собственности,Актюбинская,,389155733.0
2010,тыс_тенге,по предприятиям и организациям частной собственности,Алматинская,,202961052.0
2011,тыс_тенге,по предприятиям и организациям частной собственности,Алматинская,,306036230.0
2012,тыс_тенге,по предприятиям и организациям частной собственности,Алматинская,,278548419.0
2013,тыс_тенге,по предприятиям и организациям частной собственности,Алматинская,,319843453.0
2014,тыс_тенге,по предприятиям и организациям частной собственности,Алматинская,,309317088.0
2015,тыс_тенге,по предприятиям и организациям частной собственности,Алматинская,,358513610.0
2016,тыс_тенге,по предприятиям и организациям частной собственности,Алматинская,,340194879.0
2017,тыс_тенге,по предприятиям и организациям частной собственности,Алматинская,,340412056.0
2018,тыс_тенге,по предприятиям и организациям частной собственности,Алматинская,,381146508.0
2010,тыс_тенге,по предприятиям и организациям частной собственности,Атырауская,,200774488.0
2011,тыс_тенге,по предприятиям и организациям частной собственности,Атырауская,,253501423.0
2012,тыс_тенге,по предприятиям и организациям частной собственности,Атырауская,,476676778.0
2013,тыс_тенге,по предприятиям и организациям частной собственности,Атырауская,,601055653.0
2014,тыс_тенге,по предприятиям и организациям частной собственности,Атырауская,,833570163.0
2015,тыс_тенге,по предприятиям и организациям частной собственности,Атырауская,,1028509285.0
2016,тыс_тенге,по предприятиям и организациям частной собственности,Атырауская,,1452732822.0
2017,тыс_тенге,по предприятиям и организациям частной собственности,Атырауская,,2276455829.0
2018,тыс_тенге,по предприятиям и организациям частной собственности,Атырауская,,3417445712.0
2010,тыс_тенге,по предприятиям и организациям частной собственности,Западно-Казахстанская,,62521146.0
2011,тыс_тенге,по предприятиям и организациям частной собственности,Западно-Казахстанская,,51552814.0
2012,тыс_тенге,по предприятиям и организациям частной собственности,Западно-Казахстанская,,73187501.0
2013,тыс_тенге,по предприятиям и организациям частной собственности,Западно-Казахстанская,,79942349.0
2014,тыс_тенге,по предприятиям и организациям частной собственности,Западно-Казахстанская,,97520629.0
2015,тыс_тенге,по предприятиям и организациям частной собственности,Западно-Казахстанская,,155057641.0
2016,тыс_тенге,по предприятиям и организациям частной собственности,Западно-Казахстанская,,79802640.0
2017,тыс_тенге,по предприятиям и организациям частной собственности,Западно-Казахстанская,,79412664.0
2018,тыс_тенге,по предприятиям и организациям частной собственности,Западно-Казахстанская,,117096705.0
2010,тыс_тенге,по предприятиям и организациям частной собственности,Жамбылская,,101455224.0
2011,тыс_тенге,по предприятиям и организациям частной собственности,Жамбылская,,46563964.0
2012,тыс_тенге,по предприятиям и организациям частной собственности,Жамбылская,,43299347.0
2013,тыс_тенге,по предприятиям и организациям частной собственности,Жамбылская,,161051801.0
2014,тыс_тенге,по предприятиям и организациям частной собственности,Жамбылская,,132040337.0
2015,тыс_тенге,по предприятиям и организациям частной собственности,Жамбылская,,134758577.0
2016,тыс_тенге,по предприятиям и организациям частной собственности,Жамбылская,,140214230.0
2017,тыс_тенге,по предприятиям и организациям частной собственности,Жамбылская,,151302800.0
2018,тыс_тенге,по предприятиям и организациям частной собственности,Жамбылская,,184089384.0
2010,тыс_тенге,по предприятиям и организациям частной собственности,Карагандинская,,113466553.0
2011,тыс_тенге,по предприятиям и организациям частной собственности,Карагандинская,,123923223.0
2012,тыс_тенге,по предприятиям и организациям частной собственности,Карагандинская,,172792742.0
2013,тыс_тенге,по предприятиям и организациям частной собственности,Карагандинская,,264522600.0
2014,тыс_тенге,по предприятиям и организациям частной собственности,Карагандинская,,256500473.0
2015,тыс_тенге,по предприятиям и организациям частной собственности,Карагандинская,,221288181.0
2016,тыс_тенге,по предприятиям и организациям частной собственности,Карагандинская,,193907053.0
2017,тыс_тенге,по предприятиям и организациям частной собственности,Карагандинская,,213412694.0
2018,тыс_тенге,по предприятиям и организациям частной собственности,Карагандинская,,265120468.0
2010,тыс_тенге,по предприятиям и организациям частной собственности,Костанайская,,89361565.0
2011,тыс_тенге,по предприятиям и организациям частной собственности,Костанайская,,114601877.0
2012,тыс_тенге,по предприятиям и организациям частной собственности,Костанайская,,126652516.0
2013,тыс_тенге,по предприятиям и организациям частной собственности,Костанайская,,135058484.0
2014,тыс_тенге,по предприятиям и организациям частной собственности,Костанайская,,141177782.0
2015,тыс_тенге,по предприятиям и организациям частной собственности,Костанайская,,133747224.0
2016,тыс_тенге,по предприятиям и организациям частной собственности,Костанайская,,143230986.0
2017,тыс_тенге,по предприятиям и организациям частной собственности,Костанайская,,147902322.0
2018,тыс_тенге,по предприятиям и организациям частной собственности,Костанайская,,175883031.0
2010,тыс_тенге,по предприятиям и организациям частной собственности,Кызылординская,,130762672.0
2011,тыс_тенге,по предприятиям и организациям частной собственности,Кызылординская,,93716685.0
2012,тыс_тенге,по предприятиям и организациям частной собственности,Кызылординская,,143023117.0
2013,тыс_тенге,по предприятиям и организациям частной собственности,Кызылординская,,234719456.0
2014,тыс_тенге,по предприятиям и организациям частной собственности,Кызылординская,,129940156.0
2015,тыс_тенге,по предприятиям и организациям частной собственности,Кызылординская,,158414104.0
2016,тыс_тенге,по предприятиям и организациям частной собственности,Кызылординская,,121290310.0
2017,тыс_тенге,по предприятиям и организациям частной собственности,Кызылординская,,160405376.0
2018,тыс_тенге,по предприятиям и организациям частной собственности,Кызылординская,,207592214.0
2010,тыс_тенге,по предприятиям и организациям частной собственности,Мангистауская,,213959933.0
2011,тыс_тенге,по предприятиям и организациям частной собственности,Мангистауская,,231233479.0
2012,тыс_тенге,по предприятиям и организациям частной собственности,Мангистауская,,247607366.0
2013,тыс_тенге,по предприятиям и организациям частной собственности,Мангистауская,,277293045.0
2014,тыс_тенге,по предприятиям и организациям частной собственности,Мангистауская,,327228907.0
2015,тыс_тенге,по предприятиям и организациям частной собственности,Мангистауская,,298572009.0
2016,тыс_тенге,по предприятиям и организациям частной собственности,Мангистауская,,293445593.0
2017,тыс_тенге,по предприятиям и организациям частной собственности,Мангистауская,,338783270.0
2018,тыс_тенге,по предприятиям и организациям частной собственности,Мангистауская,,415888024.0
2010,тыс_тенге,по предприятиям и организациям частной собственности,Южно-Казахстанская,,157757047.0
2011,тыс_тенге,по предприятиям и организациям частной собственности,Южно-Казахстанская,,158968661.0
2012,тыс_тенге,по предприятиям и организациям частной собственности,Южно-Казахстанская,,163946146.0
2013,тыс_тенге,по предприятиям и организациям частной собственности,Южно-Казахстанская,,278992468.0
2014,тыс_тенге,по предприятиям и организациям частной собственности,Южно-Казахстанская,,280635168.0
2015,тыс_тенге,по предприятиям и организациям частной собственности,Южно-Казахстанская,,281788151.0
2016,тыс_тенге,по предприятиям и организациям частной собственности,Южно-Казахстанская,,203715656.0
2017,тыс_тенге,по предприятиям и организациям частной собственности,Южно-Казахстанская,,277749978.0
2010,тыс_тенге,по предприятиям и организациям частной собственности,Павлодарская,,138498740.0
2011,тыс_тенге,по предприятиям и организациям частной собственности,Павлодарская,,144249501.0
2012,тыс_тенге,по предприятиям и организациям частной собственности,Павлодарская,,167224275.0
2013,тыс_тенге,по предприятиям и организациям частной собственности,Павлодарская,,173458876.0
2014,тыс_тенге,по предприятиям и организациям частной собственности,Павлодарская,,221224498.0
2015,тыс_тенге,по предприятиям и организациям частной собственности,Павлодарская,,243058911.0
2016,тыс_тенге,по предприятиям и организациям частной собственности,Павлодарская,,256076420.0
2017,тыс_тенге,по предприятиям и организациям частной собственности,Павлодарская,,355596349.0
2018,тыс_тенге,по предприятиям и организациям частной собственности,Павлодарская,,294764641.0
2010,тыс_тенге,по предприятиям и организациям частной собственности,Северо-Казахстанская,,33326255.0
2011,тыс_тенге,по предприятиям и организациям частной собственности,Северо-Казахстанская,,48817284.0
2012,тыс_тенге,по предприятиям и организациям частной собственности,Северо-Казахстанская,,68713195.0
2013,тыс_тенге,по предприятиям и организациям частной собственности,Северо-Казахстанская,,77874967.0
2014,тыс_тенге,по предприятиям и организациям частной собственности,Северо-Казахстанская,,93300654.0
2015,тыс_тенге,по предприятиям и организациям частной собственности,Северо-Казахстанская,,122028401.0
2016,тыс_тенге,по предприятиям и организациям частной собственности,Северо-Казахстанская,,135740603.0
2017,тыс_тенге,по предприятиям и организациям частной собственности,Северо-Казахстанская,,151055887.0
2018,тыс_тенге,по предприятиям и организациям частной собственности,Северо-Казахстанская,,155900300.0
2018,тыс_тенге,по предприятиям и организациям частной собственности,Туркестанская,,166364874.0
2010,тыс_тенге,по предприятиям и организациям частной собственности,Восточно-Казахстанская,,91483979.0
2011,тыс_тенге,по предприятиям и организациям частной собственности,Восточно-Казахстанская,,148927182.0
2012,тыс_тенге,по предприятиям и организациям частной собственности,Восточно-Казахстанская,,165104319.0
2013,тыс_тенге,по предприятиям и организациям частной собственности,Восточно-Казахстанская,,201222900.0
2014,тыс_тенге,по предприятиям и организациям частной собственности,Восточно-Казахстанская,,190765886.0
2015,тыс_тенге,по предприятиям и организациям частной собственности,Восточно-Казахстанская,,172029711.0
2016,тыс_тенге,по предприятиям и организациям частной собственности,Восточно-Казахстанская,,155341765.0
2017,тыс_тенге,по предприятиям и организациям частной собственности,Восточно-Казахстанская,,221341728.0
2018,тыс_тенге,по предприятиям и организациям частной собственности,Восточно-Казахстанская,,242988628.0
2010,тыс_тенге,по предприятиям и организациям частной собственности,г_Нур-Султан,,179046694.0
2011,тыс_тенге,по предприятиям и организациям частной собственности,г_Нур-Султан,,362927597.0
2012,тыс_тенге,по предприятиям и организациям частной собственности,г_Нур-Султан,,401638616.0
2013,тыс_тенге,по предприятиям и организациям частной собственности,г_Нур-Султан,,315620454.0
2014,тыс_тенге,по предприятиям и организациям частной собственности,г_Нур-Султан,,347511021.0
2015,тыс_тенге,по предприятиям и организациям частной собственности,г_Нур-Султан,,513581780.0
2016,тыс_тенге,по предприятиям и организациям частной собственности,г_Нур-Султан,,623145859.0
2017,тыс_тенге,по предприятиям и организациям частной собственности,г_Нур-Султан,,545796587.0
2018,тыс_тенге,по предприятиям и организациям частной собственности,г_Нур-Султан,,620253444.0
2010,тыс_тенге,по предприятиям и организациям частной собственности,г_Алматы,,221486028.0
2011,тыс_тенге,по предприятиям и организациям частной собственности,г_Алматы,,243330560.0
2012,тыс_тенге,по предприятиям и организациям частной собственности,г_Алматы,,264489907.0
2013,тыс_тенге,по предприятиям и организациям частной собственности,г_Алматы,,320648924.0
2014,тыс_тенге,по предприятиям и организациям частной собственности,г_Алматы,,300281546.0
2015,тыс_тенге,по предприятиям и организациям частной собственности,г_Алматы,,291701767.0
2016,тыс_тенге,по предприятиям и организациям частной собственности,г_Алматы,,390688610.0
2017,тыс_тенге,по предприятиям и организациям частной собственности,г_Алматы,,444319345.0
2018,тыс_тенге,по предприятиям и организациям частной собственности,г_Алматы,,495140973.0
2018,тыс_тенге,по предприятиям и организациям частной собственности,г_Шымкент,,534924243.0
2010,тыс_тенге,по предприятиям и организациям  иностранной собственности,,,1377448179.0
2011,тыс_тенге,по предприятиям и организациям  иностранной собственности,,,1301596792.0
2012,тыс_тенге,по предприятиям и организациям  иностранной собственности,,,1132230712.0
2013,тыс_тенге,по предприятиям и организациям  иностранной собственности,,,1035890541.0
2014,тыс_тенге,по предприятиям и организациям  иностранной собственности,,,1122439988.0
2015,тыс_тенге,по предприятиям и организациям  иностранной собственности,,,1419240796.0
2016,тыс_тенге,по предприятиям и организациям  иностранной собственности,,,1641656897.0
2017,тыс_тенге,по предприятиям и организациям  иностранной собственности,,,1238127054.0
2018,тыс_тенге,по предприятиям и организациям  иностранной собственности,,,1562790936.0
2010,тыс_тенге,по предприятиям и организациям  иностранной собственности,Акмолинская,,5865857.0
2011,тыс_тенге,по предприятиям и организациям  иностранной собственности,Акмолинская,,7532384.0
2012,тыс_тенге,по предприятиям и организациям  иностранной собственности,Акмолинская,,7058813.0
2013,тыс_тенге,по предприятиям и организациям  иностранной собственности,Акмолинская,,5254504.0
2014,тыс_тенге,по предприятиям и организациям  иностранной собственности,Акмолинская,,5247022.0
2015,тыс_тенге,по предприятиям и организациям  иностранной собственности,Акмолинская,,8116247.0
2016,тыс_тенге,по предприятиям и организациям  иностранной собственности,Акмолинская,,11543868.0
2017,тыс_тенге,по предприятиям и организациям  иностранной собственности,Акмолинская,,26844506.0
2018,тыс_тенге,по предприятиям и организациям  иностранной собственности,Акмолинская,,25039849.0
2010,тыс_тенге,по предприятиям и организациям  иностранной собственности,Актюбинская,,56720027.0
2011,тыс_тенге,по предприятиям и организациям  иностранной собственности,Актюбинская,,69078802.0
2012,тыс_тенге,по предприятиям и организациям  иностранной собственности,Актюбинская,,72262286.0
2013,тыс_тенге,по предприятиям и организациям  иностранной собственности,Актюбинская,,29557065.0
2014,тыс_тенге,по предприятиям и организациям  иностранной собственности,Актюбинская,,43668468.0
2015,тыс_тенге,по предприятиям и организациям  иностранной собственности,Актюбинская,,42668988.0
2016,тыс_тенге,по предприятиям и организациям  иностранной собственности,Актюбинская,,22975818.0
2017,тыс_тенге,по предприятиям и организациям  иностранной собственности,Актюбинская,,21481935.0
2018,тыс_тенге,по предприятиям и организациям  иностранной собственности,Актюбинская,,43441612.0
2010,тыс_тенге,по предприятиям и организациям  иностранной собственности,Алматинская,,13663644.0
2011,тыс_тенге,по предприятиям и организациям  иностранной собственности,Алматинская,,7836056.0
2012,тыс_тенге,по предприятиям и организациям  иностранной собственности,Алматинская,,13454282.0
2013,тыс_тенге,по предприятиям и организациям  иностранной собственности,Алматинская,,13749695.0
2014,тыс_тенге,по предприятиям и организациям  иностранной собственности,Алматинская,,16274363.0
2015,тыс_тенге,по предприятиям и организациям  иностранной собственности,Алматинская,,12499725.0
2016,тыс_тенге,по предприятиям и организациям  иностранной собственности,Алматинская,,25251112.0
2017,тыс_тенге,по предприятиям и организациям  иностранной собственности,Алматинская,,48721092.0
2018,тыс_тенге,по предприятиям и организациям  иностранной собственности,Алматинская,,63409022.0
2010,тыс_тенге,по предприятиям и организациям  иностранной собственности,Атырауская,,836323392.0
2011,тыс_тенге,по предприятиям и организациям  иностранной собственности,Атырауская,,772892424.0
2012,тыс_тенге,по предприятиям и организациям  иностранной собственности,Атырауская,,508085982.0
2013,тыс_тенге,по предприятиям и организациям  иностранной собственности,Атырауская,,400723906.0
2014,тыс_тенге,по предприятиям и организациям  иностранной собственности,Атырауская,,251650840.0
2015,тыс_тенге,по предприятиям и организациям  иностранной собственности,Атырауская,,415003074.0
2016,тыс_тенге,по предприятиям и организациям  иностранной собственности,Атырауская,,546174230.0
2017,тыс_тенге,по предприятиям и организациям  иностранной собственности,Атырауская,,135890390.0
2018,тыс_тенге,по предприятиям и организациям  иностранной собственности,Атырауская,,223973796.0
2010,тыс_тенге,по предприятиям и организациям  иностранной собственности,Западно-Казахстанская,,142611910.0
2011,тыс_тенге,по предприятиям и организациям  иностранной собственности,Западно-Казахстанская,,83180609.0
2012,тыс_тенге,по предприятиям и организациям  иностранной собственности,Западно-Казахстанская,,68589643.0
2013,тыс_тенге,по предприятиям и организациям  иностранной собственности,Западно-Казахстанская,,90047981.0
2014,тыс_тенге,по предприятиям и организациям  иностранной собственности,Западно-Казахстанская,,130945794.0
2015,тыс_тенге,по предприятиям и организациям  иностранной собственности,Западно-Казахстанская,,181597518.0
2016,тыс_тенге,по предприятиям и организациям  иностранной собственности,Западно-Казахстанская,,300607048.0
2017,тыс_тенге,по предприятиям и организациям  иностранной собственности,Западно-Казахстанская,,283611660.0
2018,тыс_тенге,по предприятиям и организациям  иностранной собственности,Западно-Казахстанская,,287077343.0
2010,тыс_тенге,по предприятиям и организациям  иностранной собственности,Жамбылская,,1673955.0
2011,тыс_тенге,по предприятиям и организациям  иностранной собственности,Жамбылская,,3036140.0
2012,тыс_тенге,по предприятиям и организациям  иностранной собственности,Жамбылская,,13673348.0
2013,тыс_тенге,по предприятиям и организациям  иностранной собственности,Жамбылская,,9388787.0
2014,тыс_тенге,по предприятиям и организациям  иностранной собственности,Жамбылская,,16331263.0
2015,тыс_тенге,по предприятиям и организациям  иностранной собственности,Жамбылская,,15150278.0
2016,тыс_тенге,по предприятиям и организациям  иностранной собственности,Жамбылская,,36857899.0
2017,тыс_тенге,по предприятиям и организациям  иностранной собственности,Жамбылская,,18661508.0
2018,тыс_тенге,по предприятиям и организациям  иностранной собственности,Жамбылская,,27044501.0
2010,тыс_тенге,по предприятиям и организациям  иностранной собственности,Карагандинская,,65683196.0
2011,тыс_тенге,по предприятиям и организациям  иностранной собственности,Карагандинская,,88889603.0
2012,тыс_тенге,по предприятиям и организациям  иностранной собственности,Карагандинская,,107333700.0
2013,тыс_тенге,по предприятиям и организациям  иностранной собственности,Карагандинская,,102948485.0
2014,тыс_тенге,по предприятиям и организациям  иностранной собственности,Карагандинская,,112254039.0
2015,тыс_тенге,по предприятиям и организациям  иностранной собственности,Карагандинская,,94116976.0
2016,тыс_тенге,по предприятиям и организациям  иностранной собственности,Карагандинская,,94223145.0
2017,тыс_тенге,по предприятиям и организациям  иностранной собственности,Карагандинская,,89716426.0
2018,тыс_тенге,по предприятиям и организациям  иностранной собственности,Карагандинская,,168727302.0
2010,тыс_тенге,по предприятиям и организациям  иностранной собственности,Костанайская,,4053809.0
2011,тыс_тенге,по предприятиям и организациям  иностранной собственности,Костанайская,,5100211.0
2012,тыс_тенге,по предприятиям и организациям  иностранной собственности,Костанайская,,5208528.0
2013,тыс_тенге,по предприятиям и организациям  иностранной собственности,Костанайская,,18428042.0
2014,тыс_тенге,по предприятиям и организациям  иностранной собственности,Костанайская,,8582291.0
2015,тыс_тенге,по предприятиям и организациям  иностранной собственности,Костанайская,,7872163.0
2016,тыс_тенге,по предприятиям и организациям  иностранной собственности,Костанайская,,8634858.0
2017,тыс_тенге,по предприятиям и организациям  иностранной собственности,Костанайская,,10431932.0
2018,тыс_тенге,по предприятиям и организациям  иностранной собственности,Костанайская,,13120408.0
2010,тыс_тенге,по предприятиям и организациям  иностранной собственности,Кызылординская,,40492915.0
2011,тыс_тенге,по предприятиям и организациям  иностранной собственности,Кызылординская,,45718319.0
2012,тыс_тенге,по предприятиям и организациям  иностранной собственности,Кызылординская,,43488197.0
2013,тыс_тенге,по предприятиям и организациям  иностранной собственности,Кызылординская,,46495295.0
2014,тыс_тенге,по предприятиям и организациям  иностранной собственности,Кызылординская,,56910841.0
2015,тыс_тенге,по предприятиям и организациям  иностранной собственности,Кызылординская,,23773069.0
2016,тыс_тенге,по предприятиям и организациям  иностранной собственности,Кызылординская,,26953514.0
2017,тыс_тенге,по предприятиям и организациям  иностранной собственности,Кызылординская,,31389882.0
2018,тыс_тенге,по предприятиям и организациям  иностранной собственности,Кызылординская,,63429493.0
2010,тыс_тенге,по предприятиям и организациям  иностранной собственности,Мангистауская,,109231618.0
2011,тыс_тенге,по предприятиям и организациям  иностранной собственности,Мангистауская,,86377206.0
2012,тыс_тенге,по предприятиям и организациям  иностранной собственности,Мангистауская,,108137178.0
2013,тыс_тенге,по предприятиям и организациям  иностранной собственности,Мангистауская,,124329409.0
2014,тыс_тенге,по предприятиям и организациям  иностранной собственности,Мангистауская,,149165343.0
2015,тыс_тенге,по предприятиям и организациям  иностранной собственности,Мангистауская,,119024069.0
2016,тыс_тенге,по предприятиям и организациям  иностранной собственности,Мангистауская,,57882196.0
2017,тыс_тенге,по предприятиям и организациям  иностранной собственности,Мангистауская,,54224968.0
2018,тыс_тенге,по предприятиям и организациям  иностранной собственности,Мангистауская,,46626948.0
2010,тыс_тенге,по предприятиям и организациям  иностранной собственности,Южно-Казахстанская,,12021536.0
2011,тыс_тенге,по предприятиям и организациям  иностранной собственности,Южно-Казахстанская,,4629180.0
2012,тыс_тенге,по предприятиям и организациям  иностранной собственности,Южно-Казахстанская,,5340470.0
2013,тыс_тенге,по предприятиям и организациям  иностранной собственности,Южно-Казахстанская,,1773496.0
2014,тыс_тенге,по предприятиям и организациям  иностранной собственности,Южно-Казахстанская,,6229791.0
2015,тыс_тенге,по предприятиям и организациям  иностранной собственности,Южно-Казахстанская,,5797925.0
2016,тыс_тенге,по предприятиям и организациям  иностранной собственности,Южно-Казахстанская,,17799637.0
2017,тыс_тенге,по предприятиям и организациям  иностранной собственности,Южно-Казахстанская,,50033044.0
2010,тыс_тенге,по предприятиям и организациям  иностранной собственности,Павлодарская,,21371887.0
2011,тыс_тенге,по предприятиям и организациям  иностранной собственности,Павлодарская,,40734333.0
2012,тыс_тенге,по предприятиям и организациям  иностранной собственности,Павлодарская,,65970089.0
2013,тыс_тенге,по предприятиям и организациям  иностранной собственности,Павлодарская,,75665545.0
2014,тыс_тенге,по предприятиям и организациям  иностранной собственности,Павлодарская,,99584772.0
2015,тыс_тенге,по предприятиям и организациям  иностранной собственности,Павлодарская,,183839746.0
2016,тыс_тенге,по предприятиям и организациям  иностранной собственности,Павлодарская,,162612969.0
2017,тыс_тенге,по предприятиям и организациям  иностранной собственности,Павлодарская,,76613231.0
2018,тыс_тенге,по предприятиям и организациям  иностранной собственности,Павлодарская,,42386912.0
2010,тыс_тенге,по предприятиям и организациям  иностранной собственности,Северо-Казахстанская,,414285.0
2011,тыс_тенге,по предприятиям и организациям  иностранной собственности,Северо-Казахстанская,,1385020.0
2012,тыс_тенге,по предприятиям и организациям  иностранной собственности,Северо-Казахстанская,,1266360.0
2013,тыс_тенге,по предприятиям и организациям  иностранной собственности,Северо-Казахстанская,,1290288.0
2014,тыс_тенге,по предприятиям и организациям  иностранной собственности,Северо-Казахстанская,,2760531.0
2015,тыс_тенге,по предприятиям и организациям  иностранной собственности,Северо-Казахстанская,,6247395.0
2016,тыс_тенге,по предприятиям и организациям  иностранной собственности,Северо-Казахстанская,,3847215.0
2017,тыс_тенге,по предприятиям и организациям  иностранной собственности,Северо-Казахстанская,,6333874.0
2018,тыс_тенге,по предприятиям и организациям  иностранной собственности,Северо-Казахстанская,,10774671.0
2018,тыс_тенге,по предприятиям и организациям  иностранной собственности,Туркестанская,,43687892.0
2010,тыс_тенге,по предприятиям и организациям  иностранной собственности,Восточно-Казахстанская,,12239421.0
2011,тыс_тенге,по предприятиям и организациям  иностранной собственности,Восточно-Казахстанская,,23683454.0
2012,тыс_тенге,по предприятиям и организациям  иностранной собственности,Восточно-Казахстанская,,24852722.0
2013,тыс_тенге,по предприятиям и организациям  иностранной собственности,Восточно-Казахстанская,,34453680.0
2014,тыс_тенге,по предприятиям и организациям  иностранной собственности,Восточно-Казахстанская,,102103490.0
2015,тыс_тенге,по предприятиям и организациям  иностранной собственности,Восточно-Казахстанская,,198658594.0
2016,тыс_тенге,по предприятиям и организациям  иностранной собственности,Восточно-Казахстанская,,229350167.0
2017,тыс_тенге,по предприятиям и организациям  иностранной собственности,Восточно-Казахстанская,,125860404.0
2018,тыс_тенге,по предприятиям и организациям  иностранной собственности,Восточно-Казахстанская,,157871694.0
2010,тыс_тенге,по предприятиям и организациям  иностранной собственности,г_Нур-Султан,,11565928.0
2011,тыс_тенге,по предприятиям и организациям  иностранной собственности,г_Нур-Султан,,17053791.0
2012,тыс_тенге,по предприятиям и организациям  иностранной собственности,г_Нур-Султан,,22436093.0
2013,тыс_тенге,по предприятиям и организациям  иностранной собственности,г_Нур-Султан,,19387468.0
2014,тыс_тенге,по предприятиям и организациям  иностранной собственности,г_Нур-Султан,,62198964.0
2015,тыс_тенге,по предприятиям и организациям  иностранной собственности,г_Нур-Султан,,48974117.0
2016,тыс_тенге,по предприятиям и организациям  иностранной собственности,г_Нур-Султан,,36849564.0
2017,тыс_тенге,по предприятиям и организациям  иностранной собственности,г_Нур-Султан,,190828960.0
2018,тыс_тенге,по предприятиям и организациям  иностранной собственности,г_Нур-Султан,,250849621.0
2010,тыс_тенге,по предприятиям и организациям  иностранной собственности,г_Алматы,,43514799.0
2011,тыс_тенге,по предприятиям и организациям  иностранной собственности,г_Алматы,,44469260.0
2012,тыс_тенге,по предприятиям и организациям  иностранной собственности,г_Алматы,,65073021.0
2013,тыс_тенге,по предприятиям и организациям  иностранной собственности,г_Алматы,,62396895.0
2014,тыс_тенге,по предприятиям и организациям  иностранной собственности,г_Алматы,,58532176.0
2015,тыс_тенге,по предприятиям и организациям  иностранной собственности,г_Алматы,,55900912.0
2016,тыс_тенге,по предприятиям и организациям  иностранной собственности,г_Алматы,,60093657.0
2017,тыс_тенге,по предприятиям и организациям  иностранной собственности,г_Алматы,,67483242.0
2018,тыс_тенге,по предприятиям и организациям  иностранной собственности,г_Алматы,,89381873.0
2018,тыс_тенге,по предприятиям и организациям  иностранной собственности,г_Шымкент,,5947999.0
