Year,Units,Регионы,Местность,Пол,Value
2010,процент,,,,5.7
2010,процент,Акмолинская,,,6.2
2010,процент,Актюбинская,,,1.4
2010,процент,Алматинская,,,6.4
2010,процент,Атырауская,,,3.5
2010,процент,Западно-Казахстанская,,,8.3
2010,процент,Жамбылская,,,8.1
2010,процент,Карагандинская,,,6.9
2010,процент,Костанайская,,,4.2
2010,процент,Кызылординская,,,7.6
2010,процент,Мангистауская,,,8.3
2010,процент,Южно-Казахстанская,,,4.1
2010,процент,Павлодарская,,,3.3
2010,процент,Северо-Казахстанская,,,4.6
2010,процент,Восточно-Казахстанская,,,8.9
2010,процент,г.Нур-Султан,,,7.8
2010,процент,г.Алматы,,,3.8
2010,процент,,,мужчины,4.4
2010,процент,Акмолинская,,мужчины,6.5
2010,процент,Актюбинская,,мужчины,1.7
2010,процент,Алматинская,,мужчины,4.9
2010,процент,Атырауская,,мужчины,2.3
2010,процент,Западно-Казахстанская,,мужчины,7.9
2010,процент,Жамбылская,,мужчины,5.1
2010,процент,Карагандинская,,мужчины,3.8
2010,процент,Костанайская,,мужчины,3.8
2010,процент,Кызылординская,,мужчины,7.0
2010,процент,Мангистауская,,мужчины,6.9
2010,процент,Южно-Казахстанская,,мужчины,1.9
2010,процент,Павлодарская,,мужчины,2.7
2010,процент,Северо-Казахстанская,,мужчины,4.9
2010,процент,Восточно-Казахстанская,,мужчины,8.1
2010,процент,г.Нур-Султан,,мужчины,3.2
2010,процент,г.Алматы,,мужчины,3.0
2010,процент,,,женщины,7.1
2010,процент,Акмолинская,,женщины,6.0
2010,процент,Актюбинская,,женщины,1.1
2010,процент,Алматинская,,женщины,7.8
2010,процент,Атырауская,,женщины,4.8
2010,процент,Западно-Казахстанская,,женщины,8.6
2010,процент,Жамбылская,,женщины,11.4
2010,процент,Карагандинская,,женщины,10.1
2010,процент,Костанайская,,женщины,4.6
2010,процент,Кызылординская,,женщины,8.2
2010,процент,Мангистауская,,женщины,9.7
2010,процент,Южно-Казахстанская,,женщины,6.3
2010,процент,Павлодарская,,женщины,4.0
2010,процент,Северо-Казахстанская,,женщины,4.3
2010,процент,Восточно-Казахстанская,,женщины,9.7
2010,процент,г.Нур-Султан,,женщины,11.9
2010,процент,г.Алматы,,женщины,4.5
2010,процент,,Город,,5.7
2010,процент,Акмолинская,Город,,5.6
2010,процент,Актюбинская,Город,,2.3
2010,процент,Алматинская,Город,,5.8
2010,процент,Атырауская,Город,,3.4
2010,процент,Западно-Казахстанская,Город,,10.7
2010,процент,Жамбылская,Город,,8.2
2010,процент,Карагандинская,Город,,7.4
2010,процент,Костанайская,Город,,3.8
2010,процент,Кызылординская,Город,,9.1
2010,процент,Мангистауская,Город,,8.3
2010,процент,Южно-Казахстанская,Город,,4.9
2010,процент,Павлодарская,Город,,4.1
2010,процент,Северо-Казахстанская,Город,,3.7
2010,процент,Восточно-Казахстанская,Город,,6.3
2010,процент,г.Нур-Султан,Город,,7.8
2010,процент,г.Алматы,Город,,3.8
2010,процент,,село,,3.0
2010,процент,Акмолинская,село,,3.7
2010,процент,Актюбинская,село,,0.3
2010,процент,Алматинская,село,,3.2
2010,процент,Атырауская,село,,1.9
2010,процент,Западно-Казахстанская,село,,3.7
2010,процент,Жамбылская,село,,4.8
2010,процент,Карагандинская,село,,2.8
2010,процент,Костанайская,село,,2.6
2010,процент,Кызылординская,село,,3.2
2010,процент,Мангистауская,село,,3.9
2010,процент,Южно-Казахстанская,село,,1.9
2010,процент,Павлодарская,село,,1.1
2010,процент,Северо-Казахстанская,село,,2.7
2010,процент,Туркестанская,село,,6.8
2011,процент,,,,5.1
2011,процент,Акмолинская,,,5.2
2011,процент,Актюбинская,,,1.2
2011,процент,Алматинская,,,6.0
2011,процент,Атырауская,,,2.3
2011,процент,Западно-Казахстанская,,,5.6
2011,процент,Жамбылская,,,7.3
2011,процент,Карагандинская,,,6.2
2011,процент,Костанайская,,,4.3
2011,процент,Кызылординская,,,6.6
2011,процент,Мангистауская,,,7.7
2011,процент,Южно-Казахстанская,,,3.8
2011,процент,Павлодарская,,,3.6
2011,процент,Северо-Казахстанская,,,5.4
2011,процент,Восточно-Казахстанская,,,8.5
2011,процент,г.Нур-Султан,,,6.6
2011,процент,г.Алматы,,,2.8
2011,процент,,,мужчины,5.4
2011,процент,Акмолинская,,мужчины,4.3
2011,процент,Актюбинская,,мужчины,3.5
2011,процент,Алматинская,,мужчины,6.5
2011,процент,Атырауская,,мужчины,1.9
2011,процент,Западно-Казахстанская,,мужчины,3.4
2011,процент,Жамбылская,,мужчины,6.5
2011,процент,Карагандинская,,мужчины,5.6
2011,процент,Костанайская,,мужчины,4.5
2011,процент,Кызылординская,,мужчины,9.8
2011,процент,Мангистауская,,мужчины,14.1
2011,процент,Южно-Казахстанская,,мужчины,5.5
2011,процент,Павлодарская,,мужчины,3.1
2011,процент,Северо-Казахстанская,,мужчины,4.7
2011,процент,Восточно-Казахстанская,,мужчины,5.6
2011,процент,г.Нур-Султан,,мужчины,5.2
2011,процент,г.Алматы,,мужчины,2.9
2011,процент,,,женщины,9.4
2011,процент,Акмолинская,,женщины,6.1
2011,процент,Актюбинская,,женщины,9.0
2011,процент,Алматинская,,женщины,11.7
2011,процент,Атырауская,,женщины,6.3
2011,процент,Западно-Казахстанская,,женщины,4.3
2011,процент,Жамбылская,,женщины,12.7
2011,процент,Карагандинская,,женщины,14.7
2011,процент,Костанайская,,женщины,5.3
2011,процент,Кызылординская,,женщины,15.6
2011,процент,Мангистауская,,женщины,13.4
2011,процент,Южно-Казахстанская,,женщины,8.3
2011,процент,Павлодарская,,женщины,5.8
2011,процент,Северо-Казахстанская,,женщины,8.8
2011,процент,Восточно-Казахстанская,,женщины,10.4
2011,процент,г.Нур-Султан,,женщины,7.8
2011,процент,г.Алматы,,женщины,6.7
2011,процент,,Город,,6.8
2011,процент,Акмолинская,Город,,5.0
2011,процент,Актюбинская,Город,,7.4
2011,процент,Алматинская,Город,,10.7
2011,процент,Атырауская,Город,,3.8
2011,процент,Западно-Казахстанская,Город,,2.2
2011,процент,Жамбылская,Город,,7.1
2011,процент,Карагандинская,Город,,10.2
2011,процент,Костанайская,Город,,5.3
2011,процент,Кызылординская,Город,,13.6
2011,процент,Мангистауская,Город,,10.0
2011,процент,Южно-Казахстанская,Город,,5.6
2011,процент,Павлодарская,Город,,5.2
2011,процент,Северо-Казахстанская,Город,,7.8
2011,процент,Восточно-Казахстанская,Город,,7.4
2011,процент,г.Нур-Султан,Город,,6.6
2011,процент,г.Алматы,Город,,4.9
2011,процент,,село,,8.1
2011,процент,Акмолинская,село,,5.1
2011,процент,Актюбинская,село,,4.9
2011,процент,Алматинская,село,,8.6
2011,процент,Атырауская,село,,4.3
2011,процент,Западно-Казахстанская,село,,5.3
2011,процент,Жамбылская,село,,10.6
2011,процент,Карагандинская,село,,10.3
2011,процент,Костанайская,село,,4.7
2011,процент,Кызылординская,село,,12.0
2011,процент,Мангистауская,село,,16.9
2011,процент,Южно-Казахстанская,село,,8.0
2011,процент,Павлодарская,село,,2.6
2011,процент,Северо-Казахстанская,село,,6.1
2011,процент,Туркестанская,село,,8.6
2012,процент,,,,5.9
2012,процент,Акмолинская,,,5.4
2012,процент,Актюбинская,,,1.2
2012,процент,Алматинская,,,9.0
2012,процент,Атырауская,,,4.0
2012,процент,Западно-Казахстанская,,,3.9
2012,процент,Жамбылская,,,7.4
2012,процент,Карагандинская,,,8.0
2012,процент,Костанайская,,,4.5
2012,процент,Кызылординская,,,10.1
2012,процент,Мангистауская,,,9.8
2012,процент,Южно-Казахстанская,,,3.8
2012,процент,Павлодарская,,,2.8
2012,процент,Северо-Казахстанская,,,6.4
2012,процент,Восточно-Казахстанская,,,5.1
2012,процент,г.Нур-Султан,,,13.5
2012,процент,г.Алматы,,,3.3
2012,процент,,,мужчины,4.9
2012,процент,Акмолинская,,мужчины,5.4
2012,процент,Актюбинская,,мужчины,0.4
2012,процент,Алматинская,,мужчины,6.8
2012,процент,Атырауская,,мужчины,2.0
2012,процент,Западно-Казахстанская,,мужчины,3.5
2012,процент,Жамбылская,,мужчины,6.3
2012,процент,Карагандинская,,мужчины,5.7
2012,процент,Костанайская,,мужчины,3.3
2012,процент,Кызылординская,,мужчины,9.9
2012,процент,Мангистауская,,мужчины,12.3
2012,процент,Южно-Казахстанская,,мужчины,2.3
2012,процент,Павлодарская,,мужчины,2.0
2012,процент,Северо-Казахстанская,,мужчины,5.0
2012,процент,Восточно-Казахстанская,,мужчины,4.3
2012,процент,г.Нур-Султан,,мужчины,12.7
2012,процент,г.Алматы,,мужчины,3.8
2012,процент,,,женщины,6.9
2012,процент,Акмолинская,,женщины,5.4
2012,процент,Актюбинская,,женщины,2.0
2012,процент,Алматинская,,женщины,11.1
2012,процент,Атырауская,,женщины,5.9
2012,процент,Западно-Казахстанская,,женщины,4.4
2012,процент,Жамбылская,,женщины,8.5
2012,процент,Карагандинская,,женщины,10.4
2012,процент,Костанайская,,женщины,5.8
2012,процент,Кызылординская,,женщины,10.3
2012,процент,Мангистауская,,женщины,6.7
2012,процент,Южно-Казахстанская,,женщины,5.3
2012,процент,Павлодарская,,женщины,3.6
2012,процент,Северо-Казахстанская,,женщины,8.0
2012,процент,Восточно-Казахстанская,,женщины,6.1
2012,процент,г.Нур-Султан,,женщины,14.3
2012,процент,г.Алматы,,женщины,3.0
2012,процент,,Город,,5.9
2012,процент,Акмолинская,Город,,6.7
2012,процент,Актюбинская,Город,,2.0
2012,процент,Алматинская,Город,,10.0
2012,процент,Атырауская,Город,,3.8
2012,процент,Западно-Казахстанская,Город,,3.0
2012,процент,Жамбылская,Город,,9.4
2012,процент,Карагандинская,Город,,7.6
2012,процент,Костанайская,Город,,4.9
2012,процент,Кызылординская,Город,,10.9
2012,процент,Мангистауская,Город,,3.6
2012,процент,Южно-Казахстанская,Город,,5.1
2012,процент,Павлодарская,Город,,3.1
2012,процент,Северо-Казахстанская,Город,,7.6
2012,процент,Восточно-Казахстанская,Город,,3.2
2012,процент,г.Нур-Султан,Город,,13.5
2012,процент,г.Алматы,Город,,3.3
2012,процент,,село,,5.9
2012,процент,Акмолинская,село,,4.2
2012,процент,Актюбинская,село,,0.2
2012,процент,Алматинская,село,,8.7
2012,процент,Атырауская,село,,4.1
2012,процент,Западно-Казахстанская,село,,4.7
2012,процент,Жамбылская,село,,6.1
2012,процент,Карагандинская,село,,9.3
2012,процент,Костанайская,село,,4.2
2012,процент,Кызылординская,село,,9.6
2012,процент,Мангистауская,село,,18.5
2012,процент,Южно-Казахстанская,село,,3.0
2012,процент,Павлодарская,село,,2.2
2012,процент,Северо-Казахстанская,село,,5.6
2012,процент,Туркестанская,село,,8.2
2013,процент,,,,5.8
2013,процент,Акмолинская,,,5.1
2013,процент,Актюбинская,,,1.9
2013,процент,Алматинская,,,7.9
2013,процент,Атырауская,,,4.3
2013,процент,Западно-Казахстанская,,,3.2
2013,процент,Жамбылская,,,4.8
2013,процент,Карагандинская,,,5.3
2013,процент,Костанайская,,,5.2
2013,процент,Кызылординская,,,9.88
2013,процент,Мангистауская,,,8.4
2013,процент,Южно-Казахстанская,,,3.3
2013,процент,Павлодарская,,,1.8
2013,процент,Северо-Казахстанская,,,6.3
2013,процент,Восточно-Казахстанская,,,7.3
2013,процент,г.Нур-Султан,,,19.3
2013,процент,г.Алматы,,,3.2
2013,процент,,,мужчины,5.0
2013,процент,Акмолинская,,мужчины,4.5
2013,процент,Актюбинская,,мужчины,1.4
2013,процент,Алматинская,,мужчины,5.7
2013,процент,Атырауская,,мужчины,3.8
2013,процент,Западно-Казахстанская,,мужчины,3.1
2013,процент,Жамбылская,,мужчины,4.3
2013,процент,Карагандинская,,мужчины,4.8
2013,процент,Костанайская,,мужчины,5.2
2013,процент,Кызылординская,,мужчины,9.8
2013,процент,Мангистауская,,мужчины,7.6
2013,процент,Южно-Казахстанская,,мужчины,1.6
2013,процент,Павлодарская,,мужчины,1.1
2013,процент,Северо-Казахстанская,,мужчины,6.4
2013,процент,Восточно-Казахстанская,,мужчины,6.5
2013,процент,г.Нур-Султан,,мужчины,17.8
2013,процент,г.Алматы,,мужчины,3.4
2013,процент,,,женщины,6.5
2013,процент,Акмолинская,,женщины,5.7
2013,процент,Актюбинская,,женщины,2.4
2013,процент,Алматинская,,женщины,10.0
2013,процент,Атырауская,,женщины,4.8
2013,процент,Западно-Казахстанская,,женщины,3.2
2013,процент,Жамбылская,,женщины,5.4
2013,процент,Карагандинская,,женщины,5.9
2013,процент,Костанайская,,женщины,5.1
2013,процент,Кызылординская,,женщины,9.8
2013,процент,Мангистауская,,женщины,9.3
2013,процент,Южно-Казахстанская,,женщины,5.1
2013,процент,Павлодарская,,женщины,2.5
2013,процент,Северо-Казахстанская,,женщины,6.3
2013,процент,Восточно-Казахстанская,,женщины,8.1
2013,процент,г.Нур-Султан,,женщины,21.1
2013,процент,г.Алматы,,женщины,3.0
2013,процент,,Город,,5.8
2013,процент,Акмолинская,Город,,5.0
2013,процент,Актюбинская,Город,,1.7
2013,процент,Алматинская,Город,,5.8
2013,процент,Атырауская,Город,,5.6
2013,процент,Западно-Казахстанская,Город,,2.6
2013,процент,Жамбылская,Город,,4.3
2013,процент,Карагандинская,Город,,5.5
2013,процент,Костанайская,Город,,6.6
2013,процент,Кызылординская,Город,,9.5
2013,процент,Мангистауская,Город,,7.2
2013,процент,Южно-Казахстанская,Город,,5.6
2013,процент,Павлодарская,Город,,1.6
2013,процент,Северо-Казахстанская,Город,,4.5
2013,процент,Восточно-Казахстанская,Город,,4.3
2013,процент,г.Нур-Султан,Город,,19.3
2013,процент,г.Алматы,Город,,3.2
2013,процент,,село,,5.7
2013,процент,Акмолинская,село,,5.1
2013,процент,Актюбинская,село,,2.3
2013,процент,Алматинская,село,,8.5
2013,процент,Атырауская,село,,3.2
2013,процент,Западно-Казахстанская,село,,3.7
2013,процент,Жамбылская,село,,5.2
2013,процент,Карагандинская,село,,4.8
2013,процент,Костанайская,село,,3.8
2013,процент,Кызылординская,село,,10.1
2013,процент,Мангистауская,село,,9.5
2013,процент,Южно-Казахстанская,село,,1.9
2013,процент,Павлодарская,село,,2.1
2013,процент,Северо-Казахстанская,село,,7.6
2013,процент,Туркестанская,село,,11.5
2014,процент,,,,7.0
2014,процент,Акмолинская,,,4.5
2014,процент,Актюбинская,,,6.8
2014,процент,Алматинская,,,7.6
2014,процент,Атырауская,,,4.7
2014,процент,Западно-Казахстанская,,,3.1
2014,процент,Жамбылская,,,9.6
2014,процент,Карагандинская,,,10.5
2014,процент,Костанайская,,,4.5
2014,процент,Кызылординская,,,12.4
2014,процент,Мангистауская,,,14.5
2014,процент,Южно-Казахстанская,,,6.8
2014,процент,Павлодарская,,,3.4
2014,процент,Северо-Казахстанская,,,6.6
2014,процент,Восточно-Казахстанская,,,5.7
2014,процент,г.Нур-Султан,,,6.5
2014,процент,г.Алматы,,,4.8
2014,процент,,,мужчины,5.0
2014,процент,Акмолинская,,мужчины,3.3
2014,процент,Актюбинская,,мужчины,3.7
2014,процент,Алматинская,,мужчины,5.4
2014,процент,Атырауская,,мужчины,2.2
2014,процент,Западно-Казахстанская,,мужчины,2.8
2014,процент,Жамбылская,,мужчины,5.4
2014,процент,Карагандинская,,мужчины,5.3
2014,процент,Костанайская,,мужчины,4.6
2014,процент,Кызылординская,,мужчины,9.1
2014,процент,Мангистауская,,мужчины,13.8
2014,процент,Южно-Казахстанская,,мужчины,5.3
2014,процент,Павлодарская,,мужчины,2.2
2014,процент,Северо-Казахстанская,,мужчины,4.6
2014,процент,Восточно-Казахстанская,,мужчины,3.4
2014,процент,г.Нур-Султан,,мужчины,4.7
2014,процент,г.Алматы,,мужчины,3.9
2014,процент,,,женщины,9.0
2014,процент,Акмолинская,,женщины,5.8
2014,процент,Актюбинская,,женщины,9.8
2014,процент,Алматинская,,женщины,9.9
2014,процент,Атырауская,,женщины,7.3
2014,процент,Западно-Казахстанская,,женщины,3.4
2014,процент,Жамбылская,,женщины,14.0
2014,процент,Карагандинская,,женщины,15.9
2014,процент,Костанайская,,женщины,4.4
2014,процент,Кызылординская,,женщины,16.0
2014,процент,Мангистауская,,женщины,15.1
2014,процент,Южно-Казахстанская,,женщины,8.4
2014,процент,Павлодарская,,женщины,4.6
2014,процент,Северо-Казахстанская,,женщины,8.8
2014,процент,Восточно-Казахстанская,,женщины,8.1
2014,процент,г.Нур-Султан,,женщины,8.1
2014,процент,г.Алматы,,женщины,5.6
2014,процент,,Город,,6.3
2014,процент,Акмолинская,Город,,4.0
2014,процент,Актюбинская,Город,,8.0
2014,процент,Алматинская,Город,,7.6
2014,процент,Атырауская,Город,,4.3
2014,процент,Западно-Казахстанская,Город,,2.2
2014,процент,Жамбылская,Город,,6.9
2014,процент,Карагандинская,Город,,10.5
2014,процент,Костанайская,Город,,4.6
2014,процент,Кызылординская,Город,,14.4
2014,процент,Мангистауская,Город,,9.9
2014,процент,Южно-Казахстанская,Город,,5.3
2014,процент,Павлодарская,Город,,4.1
2014,процент,Северо-Казахстанская,Город,,7.3
2014,процент,Восточно-Казахстанская,Город,,4.8
2014,процент,г.Нур-Султан,Город,,6.5
2014,процент,г.Алматы,Город,,4.8
2014,процент,,село,,7.8
2014,процент,Акмолинская,село,,4.9
2014,процент,Актюбинская,село,,4.7
2014,процент,Алматинская,село,,7.6
2014,процент,Атырауская,село,,4.9
2014,процент,Западно-Казахстанская,село,,4.2
2014,процент,Жамбылская,село,,11.2
2014,процент,Карагандинская,село,,10.7
2014,процент,Костанайская,село,,4.4
2014,процент,Кызылординская,село,,11.4
2014,процент,Мангистауская,село,,18.6
2014,процент,Южно-Казахстанская,село,,7.8
2014,процент,Павлодарская,село,,2.0
2014,процент,Северо-Казахстанская,село,,6.1
2014,процент,Туркестанская,село,,7.0
2015,процент,,,,7.9
2015,процент,Акмолинская,,,7.7
2015,процент,Актюбинская,,,8.0
2015,процент,Алматинская,,,8.2
2015,процент,Атырауская,,,7.0
2015,процент,Западно-Казахстанская,,,3.9
2015,процент,Жамбылская,,,12.9
2015,процент,Карагандинская,,,12.5
2015,процент,Костанайская,,,6.5
2015,процент,Кызылординская,,,7.6
2015,процент,Мангистауская,,,9.9
2015,процент,Южно-Казахстанская,,,8.3
2015,процент,Павлодарская,,,5.6
2015,процент,Северо-Казахстанская,,,7.2
2015,процент,Восточно-Казахстанская,,,7.6
2015,процент,г.Нур-Султан,,,5.2
2015,процент,г.Алматы,,,5.9
2015,процент,,,мужчины,6.0
2015,процент,Акмолинская,,мужчины,5.8
2015,процент,Актюбинская,,мужчины,5.4
2015,процент,Алматинская,,мужчины,6.1
2015,процент,Атырауская,,мужчины,4.3
2015,процент,Западно-Казахстанская,,мужчины,3.5
2015,процент,Жамбылская,,мужчины,8.1
2015,процент,Карагандинская,,мужчины,7.2
2015,процент,Костанайская,,мужчины,6.0
2015,процент,Кызылординская,,мужчины,6.6
2015,процент,Мангистауская,,мужчины,6.8
2015,процент,Южно-Казахстанская,,мужчины,7.4
2015,процент,Павлодарская,,мужчины,5.0
2015,процент,Северо-Казахстанская,,мужчины,5.1
2015,процент,Восточно-Казахстанская,,мужчины,4.9
2015,процент,г.Нур-Султан,,мужчины,4.4
2015,процент,г.Алматы,,мужчины,5.2
2015,процент,,,женщины,9.7
2015,процент,Акмолинская,,женщины,9.7
2015,процент,Актюбинская,,женщины,10.0
2015,процент,Алматинская,,женщины,10.5
2015,процент,Атырауская,,женщины,10.4
2015,процент,Западно-Казахстанская,,женщины,4.4
2015,процент,Жамбылская,,женщины,17.9
2015,процент,Карагандинская,,женщины,17.6
2015,процент,Костанайская,,женщины,7.1
2015,процент,Кызылординская,,женщины,8.8
2015,процент,Мангистауская,,женщины,13.5
2015,процент,Южно-Казахстанская,,женщины,9.2
2015,процент,Павлодарская,,женщины,6.2
2015,процент,Северо-Казахстанская,,женщины,9.7
2015,процент,Восточно-Казахстанская,,женщины,10.5
2015,процент,г.Нур-Султан,,женщины,5.8
2015,процент,г.Алматы,,женщины,6.4
2015,процент,,Город,,6.6
2015,процент,Акмолинская,Город,,6.6
2015,процент,Актюбинская,Город,,6.3
2015,процент,Алматинская,Город,,7.7
2015,процент,Атырауская,Город,,7.4
2015,процент,Западно-Казахстанская,Город,,1.7
2015,процент,Жамбылская,Город,,14.9
2015,процент,Карагандинская,Город,,12.0
2015,процент,Костанайская,Город,,5.5
2015,процент,Кызылординская,Город,,7.2
2015,процент,Мангистауская,Город,,6.3
2015,процент,Южно-Казахстанская,Город,,4.6
2015,процент,Павлодарская,Город,,2.5
2015,процент,Северо-Казахстанская,Город,,9.2
2015,процент,Восточно-Казахстанская,Город,,6.3
2015,процент,г.Нур-Султан,Город,,5.2
2015,процент,г.Алматы,Город,,5.9
2015,процент,,село,,9.6
2015,процент,Акмолинская,село,,8.6
2015,процент,Актюбинская,село,,11.0
2015,процент,Алматинская,село,,8.3
2015,процент,Атырауская,село,,6.8
2015,процент,Западно-Казахстанская,село,,6.2
2015,процент,Жамбылская,село,,11.6
2015,процент,Карагандинская,село,,14.3
2015,процент,Костанайская,село,,7.6
2015,процент,Кызылординская,село,,7.9
2015,процент,Мангистауская,село,,13.3
2015,процент,Южно-Казахстанская,село,,11.5
2015,процент,Павлодарская,село,,12.7
2015,процент,Северо-Казахстанская,село,,5.8
2015,процент,Туркестанская,село,,9.7
2016,процент,,,,7.2
2016,процент,Акмолинская,,,5.8
2016,процент,Актюбинская,,,5.1
2016,процент,Алматинская,,,7.6
2016,процент,Атырауская,,,7.1
2016,процент,Западно-Казахстанская,,,2.3
2016,процент,Жамбылская,,,11.7
2016,процент,Карагандинская,,,9.5
2016,процент,Костанайская,,,3.3
2016,процент,Кызылординская,,,10.1
2016,процент,Мангистауская,,,14.2
2016,процент,Южно-Казахстанская,,,7.9
2016,процент,Павлодарская,,,7.5
2016,процент,Северо-Казахстанская,,,8.6
2016,процент,Восточно-Казахстанская,,,4.6
2016,процент,г.Нур-Султан,,,6.4
2016,процент,г.Алматы,,,5.2
2016,процент,,,мужчины,5.3
2016,процент,Акмолинская,,мужчины,4.5
2016,процент,Актюбинская,,мужчины,2.3
2016,процент,Алматинская,,мужчины,5.2
2016,процент,Атырауская,,мужчины,5.7
2016,процент,Западно-Казахстанская,,мужчины,2.2
2016,процент,Жамбылская,,мужчины,7.8
2016,процент,Карагандинская,,мужчины,5.9
2016,процент,Костанайская,,мужчины,2.9
2016,процент,Кызылординская,,мужчины,8.4
2016,процент,Мангистауская,,мужчины,6.2
2016,процент,Южно-Казахстанская,,мужчины,6.5
2016,процент,Павлодарская,,мужчины,7.1
2016,процент,Северо-Казахстанская,,мужчины,4.6
2016,процент,Восточно-Казахстанская,,мужчины,3.4
2016,процент,г.Нур-Султан,,мужчины,4.9
2016,процент,г.Алматы,,мужчины,4.7
2016,процент,,,женщины,9.1
2016,процент,Акмолинская,,женщины,7.2
2016,процент,Актюбинская,,женщины,7.9
2016,процент,Алматинская,,женщины,10.3
2016,процент,Атырауская,,женщины,8.5
2016,процент,Западно-Казахстанская,,женщины,2.4
2016,процент,Жамбылская,,женщины,16.0
2016,процент,Карагандинская,,женщины,13.2
2016,процент,Костанайская,,женщины,3.7
2016,процент,Кызылординская,,женщины,12.0
2016,процент,Мангистауская,,женщины,22.4
2016,процент,Южно-Казахстанская,,женщины,9.2
2016,процент,Павлодарская,,женщины,7.9
2016,процент,Северо-Казахстанская,,женщины,12.5
2016,процент,Восточно-Казахстанская,,женщины,6.1
2016,процент,г.Нур-Султан,,женщины,7.6
2016,процент,г.Алматы,,женщины,5.6
2016,процент,,Город,,5.8
2016,процент,Акмолинская,Город,,4.0
2016,процент,Актюбинская,Город,,3.8
2016,процент,Алматинская,Город,,8.5
2016,процент,Атырауская,Город,,8.1
2016,процент,Западно-Казахстанская,Город,,1.4
2016,процент,Жамбылская,Город,,12.0
2016,процент,Карагандинская,Город,,8.2
2016,процент,Костанайская,Город,,3.1
2016,процент,Кызылординская,Город,,10.8
2016,процент,Мангистауская,Город,,14.8
2016,процент,Южно-Казахстанская,Город,,3.1
2016,процент,Павлодарская,Город,,5.1
2016,процент,Северо-Казахстанская,Город,,9.6
2016,процент,Восточно-Казахстанская,Город,,2.4
2016,процент,г.Нур-Султан,Город,,6.4
2016,процент,г.Алматы,Город,,5.2
2016,процент,,село,,9.2
2016,процент,Акмолинская,село,,7.3
2016,процент,Актюбинская,село,,7.4
2016,процент,Алматинская,село,,7.3
2016,процент,Атырауская,село,,6.4
2016,процент,Западно-Казахстанская,село,,3.4
2016,процент,Жамбылская,село,,11.5
2016,процент,Карагандинская,село,,14.8
2016,процент,Костанайская,село,,3.6
2016,процент,Кызылординская,село,,9.7
2016,процент,Мангистауская,село,,13.8
2016,процент,Южно-Казахстанская,село,,12.3
2016,процент,Павлодарская,село,,13.4
2016,процент,Северо-Казахстанская,село,,7.8
2016,процент,Туркестанская,село,,8.3
2017,процент,,,,6.4
2017,процент,Акмолинская,,,6.1
2017,процент,Актюбинская,,,4.8
2017,процент,Алматинская,,,6.7
2017,процент,Атырауская,,,7.2
2017,процент,Западно-Казахстанская,,,2.2
2017,процент,Жамбылская,,,9.3
2017,процент,Карагандинская,,,8.7
2017,процент,Костанайская,,,4.1
2017,процент,Кызылординская,,,6.4
2017,процент,Мангистауская,,,6.6
2017,процент,Южно-Казахстанская,,,9.0
2017,процент,Павлодарская,,,4.5
2017,процент,Северо-Казахстанская,,,6.6
2017,процент,Восточно-Казахстанская,,,5.9
2017,процент,г.Нур-Султан,,,4.1
2017,процент,г.Алматы,,,4.0
2017,процент,,,мужчины,5.1
2017,процент,Акмолинская,,мужчины,4.6
2017,процент,Актюбинская,,мужчины,2.1
2017,процент,Алматинская,,мужчины,6.5
2017,процент,Атырауская,,мужчины,5.0
2017,процент,Западно-Казахстанская,,мужчины,1.9
2017,процент,Жамбылская,,мужчины,5.9
2017,процент,Карагандинская,,мужчины,6.4
2017,процент,Костанайская,,мужчины,3.5
2017,процент,Кызылординская,,мужчины,5.5
2017,процент,Мангистауская,,мужчины,3.6
2017,процент,Южно-Казахстанская,,мужчины,8.2
2017,процент,Павлодарская,,мужчины,4.8
2017,процент,Северо-Казахстанская,,мужчины,3.3
2017,процент,Восточно-Казахстанская,,мужчины,3.5
2017,процент,г.Нур-Султан,,мужчины,3.8
2017,процент,г.Алматы,,мужчины,3.3
2017,процент,,,женщины,7.6
2017,процент,Акмолинская,,женщины,7.8
2017,процент,Актюбинская,,женщины,7.6
2017,процент,Алматинская,,женщины,6.9
2017,процент,Атырауская,,женщины,10.0
2017,процент,Западно-Казахстанская,,женщины,2.4
2017,процент,Жамбылская,,женщины,13.0
2017,процент,Карагандинская,,женщины,11.0
2017,процент,Костанайская,,женщины,4.6
2017,процент,Кызылординская,,женщины,7.3
2017,процент,Мангистауская,,женщины,9.7
2017,процент,Южно-Казахстанская,,женщины,9.8
2017,процент,Павлодарская,,женщины,4.2
2017,процент,Северо-Казахстанская,,женщины,10.3
2017,процент,Восточно-Казахстанская,,женщины,8.5
2017,процент,г.Нур-Султан,,женщины,4.3
2017,процент,г.Алматы,,женщины,4.6
2017,процент,,Город,,4.9
2017,процент,Акмолинская,Город,,4.7
2017,процент,Актюбинская,Город,,4.2
2017,процент,Алматинская,Город,,6.0
2017,процент,Атырауская,Город,,8.3
2017,процент,Западно-Казахстанская,Город,,1.2
2017,процент,Жамбылская,Город,,8.2
2017,процент,Карагандинская,Город,,8.5
2017,процент,Костанайская,Город,,4.4
2017,процент,Кызылординская,Город,,5.5
2017,процент,Мангистауская,Город,,6.0
2017,процент,Южно-Казахстанская,Город,,4.1
2017,процент,Павлодарская,Город,,2.0
2017,процент,Северо-Казахстанская,Город,,8.1
2017,процент,Восточно-Казахстанская,Город,,4.6
2017,процент,г.Нур-Султан,Город,,4.1
2017,процент,г.Алматы,Город,,4.0
2017,процент,,село,,8.4
2017,процент,Акмолинская,село,,7.5
2017,процент,Актюбинская,село,,6.2
2017,процент,Алматинская,село,,6.9
2017,процент,Атырауская,село,,6.3
2017,процент,Западно-Казахстанская,село,,3.1
2017,процент,Жамбылская,село,,10.0
2017,процент,Карагандинская,село,,9.8
2017,процент,Костанайская,село,,3.7
2017,процент,Кызылординская,село,,6.9
2017,процент,Мангистауская,село,,7.1
2017,процент,Южно-Казахстанская,село,,13.2
2017,процент,Павлодарская,село,,11.3
2017,процент,Северо-Казахстанская,село,,5.3
2017,процент,Туркестанская,село,,8.4
2018,процент,,,,6.0
2018,процент,Акмолинская,,,4.4
2018,процент,Актюбинская,,,6.5
2018,процент,Алматинская,,,6.1
2018,процент,Атырауская,,,5.7
2018,процент,Западно-Казахстанская,,,2.1
2018,процент,Жамбылская,,,5.9
2018,процент,Карагандинская,,,9.7
2018,процент,Костанайская,,,4.1
2018,процент,Кызылординская,,,4.0
2018,процент,Мангистауская,,,5.4
2018,процент,Павлодарская,,,4.2
2018,процент,Северо-Казахстанская,,,8.1
2018,процент,Туркестанская,,,11.4
2018,процент,Восточно-Казахстанская,,,4.1
2018,процент,г.Нур-Султан,,,4.1
2018,процент,г.Алматы,,,3.4
2018,процент,г.Шымкент,,,9.5
2018,процент,,,мужчины,5.2
2018,процент,Акмолинская,,мужчины,3.5
2018,процент,Актюбинская,,мужчины,4.2
2018,процент,Алматинская,,мужчины,3.7
2018,процент,Атырауская,,мужчины,2.1
2018,процент,Западно-Казахстанская,,мужчины,1.6
2018,процент,Жамбылская,,мужчины,5.8
2018,процент,Карагандинская,,мужчины,7.0
2018,процент,Костанайская,,мужчины,3.5
2018,процент,Кызылординская,,мужчины,3.4
2018,процент,Мангистауская,,мужчины,4.0
2018,процент,Павлодарская,,мужчины,5.0
2018,процент,Северо-Казахстанская,,мужчины,4.3
2018,процент,Туркестанская,,мужчины,12.0
2018,процент,Восточно-Казахстанская,,мужчины,3.1
2018,процент,г.Нур-Султан,,мужчины,4.1
2018,процент,г.Алматы,,мужчины,2.7
2018,процент,г.Шымкент,,мужчины,10.9
2018,процент,,,женщины,6.8
2018,процент,Акмолинская,,женщины,5.5
2018,процент,Актюбинская,,женщины,8.9
2018,процент,Алматинская,,женщины,8.6
2018,процент,Атырауская,,женщины,9.9
2018,процент,Западно-Казахстанская,,женщины,2.7
2018,процент,Жамбылская,,женщины,5.9
2018,процент,Карагандинская,,женщины,12.5
2018,процент,Костанайская,,женщины,4.8
2018,процент,Кызылординская,,женщины,4.8
2018,процент,Мангистауская,,женщины,7.1
2018,процент,Павлодарская,,женщины,3.4
2018,процент,Северо-Казахстанская,,женщины,12.1
2018,процент,Туркестанская,,женщины,10.8
2018,процент,Восточно-Казахстанская,,женщины,5.2
2018,процент,г.Нур-Султан,,женщины,4.1
2018,процент,г.Алматы,,женщины,4.0
2018,процент,г.Шымкент,,женщины,8.3
2018,процент,,Город,,5.4
2018,процент,Акмолинская,Город,,2.9
2018,процент,Актюбинская,Город,,7.3
2018,процент,Алматинская,Город,,5.5
2018,процент,Атырауская,Город,,7.0
2018,процент,Западно-Казахстанская,Город,,1.4
2018,процент,Жамбылская,Город,,5.8
2018,процент,Карагандинская,Город,,9.9
2018,процент,Костанайская,Город,,4.2
2018,процент,Кызылординская,Город,,3.5
2018,процент,Мангистауская,Город,,3.4
2018,процент,Павлодарская,Город,,2.3
2018,процент,Северо-Казахстанская,Город,,9.7
2018,процент,Туркестанская,Город,,12.8
2018,процент,Восточно-Казахстанская,Город,,3.0
2018,процент,г.Нур-Султан,Город,,4.1
2018,процент,г.Алматы,Город,,3.4
2018,процент,г.Шымкент,Город,,9.5
2018,процент,,село,,6.9
2018,процент,Акмолинская,село,,5.8
2018,процент,Актюбинская,село,,5.3
2018,процент,Алматинская,село,,6.2
2018,процент,Атырауская,село,,4.8
2018,процент,Западно-Казахстанская,село,,3.0
2018,процент,Жамбылская,село,,5.9
2018,процент,Карагандинская,село,,9.1
2018,процент,Костанайская,село,,4.0
2018,процент,Кызылординская,село,,4.3
2018,процент,Мангистауская,село,,6.6
2018,процент,Павлодарская,село,,10.0
2018,процент,Северо-Казахстанская,село,,6.5
2018,процент,Восточно-Казахстанская,село,,11.2
2018,процент,Туркестанская,село,,6.0
2019,процент,,,,5.2
2019,процент,Акмолинская,,,4.9
2019,процент,Актюбинская,,,6.4
2019,процент,Алматинская,,,4.5
2019,процент,Атырауская,,,5.2
2019,процент,Западно-Казахстанская,,,2.1
2019,процент,Жамбылская,,,4.5
2019,процент,Карагандинская,,,8.5
2019,процент,Костанайская,,,3.5
2019,процент,Кызылординская,,,5.6
2019,процент,Мангистауская,,,5.7
2019,процент,Павлодарская,,,3.6
2019,процент,Северо-Казахстанская,,,6.9
2019,процент,Туркестанская,,,9.7
2019,процент,Восточно-Казахстанская,,,4.8
2019,процент,г.Нур-Султан,,,2.0
2019,процент,г.Алматы,,,3.4
2019,процент,г.Шымкент,,,5.1
2019,процент,,,мужчины,3.6
2019,процент,Акмолинская,,мужчины,2.9
2019,процент,Актюбинская,,мужчины,5.2
2019,процент,Алматинская,,мужчины,3.2
2019,процент,Атырауская,,мужчины,5.5
2019,процент,Западно-Казахстанская,,мужчины,1.8
2019,процент,Жамбылская,,мужчины,4.0
2019,процент,Карагандинская,,мужчины,5.8
2019,процент,Костанайская,,мужчины,3.1
2019,процент,Кызылординская,,мужчины,5.1
2019,процент,Мангистауская,,мужчины,3.5
2019,процент,Павлодарская,,мужчины,3.4
2019,процент,Северо-Казахстанская,,мужчины,4.0
2019,процент,Туркестанская,,мужчины,3.8
2019,процент,Восточно-Казахстанская,,мужчины,2.7
2019,процент,г.Нур-Султан,,мужчины,1.9
2019,процент,г.Алматы,,мужчины,1.9
2019,процент,г.Шымкент,,мужчины,6.3
2019,процент,,,женщины,6.7
2019,процент,Акмолинская,,женщины,7.0
2019,процент,Актюбинская,,женщины,7.6
2019,процент,Алматинская,,женщины,6.0
2019,процент,Атырауская,,женщины,4.8
2019,процент,Западно-Казахстанская,,женщины,2.3
2019,процент,Жамбылская,,женщины,5.0
2019,процент,Карагандинская,,женщины,11.5
2019,процент,Костанайская,,женщины,3.8
2019,процент,Кызылординская,,женщины,6.2
2019,процент,Мангистауская,,женщины,8.2
2019,процент,Павлодарская,,женщины,3.9
2019,процент,Северо-Казахстанская,,женщины,10.3
2019,процент,Туркестанская,,женщины,15.5
2019,процент,Восточно-Казахстанская,,женщины,6.9
2019,процент,г.Нур-Султан,,женщины,2.1
2019,процент,г.Алматы,,женщины,4.5
2019,процент,г.Шымкент,,женщины,4.0
2019,процент,,Город,,4.6
2019,процент,Акмолинская,Город,,4.4
2019,процент,Актюбинская,Город,,6.3
2019,процент,Алматинская,Город,,5.8
2019,процент,Атырауская,Город,,6.1
2019,процент,Западно-Казахстанская,Город,,1.4
2019,процент,Жамбылская,Город,,5.3
2019,процент,Карагандинская,Город,,8.3
2019,процент,Костанайская,Город,,2.8
2019,процент,Кызылординская,Город,,5.4
2019,процент,Мангистауская,Город,,2.8
2019,процент,Павлодарская,Город,,2.2
2019,процент,Северо-Казахстанская,Город,,7.1
2019,процент,Туркестанская,Город,,11.2
2019,процент,Восточно-Казахстанская,Город,,4.4
2019,процент,г.Нур-Султан,Город,,2.0
2019,процент,г.Алматы,Город,,3.4
2019,процент,г.Шымкент,Город,,5.1
2019,процент,,село,,6.0
2019,процент,Акмолинская,село,,5.3
2019,процент,Актюбинская,село,,6.7
2019,процент,Алматинская,село,,4.2
2019,процент,Атырауская,село,,4.3
2019,процент,Западно-Казахстанская,село,,2.8
2019,процент,Жамбылская,село,,4.0
2019,процент,Карагандинская,село,,9.2
2019,процент,Костанайская,село,,4.2
2019,процент,Кызылординская,село,,5.8
2019,процент,Мангистауская,село,,7.3
2019,процент,Павлодарская,село,,7.8
2019,процент,Северо-Казахстанская,село,,6.6
2019,процент,Восточно-Казахстанская,село,,9.5
2019,процент,Туркестанская,село,,5.7
