Year,Units,Вид транспорта,Регионы,GeoCode,Value
2010,млн_тонн,Перевезено грузов всеми видами транспорта,,,2439.4
2011,млн_тонн,Перевезено грузов всеми видами транспорта,,,2974.9
2012,млн_тонн,Перевезено грузов всеми видами транспорта,,,3231.8
2013,млн_тонн,Перевезено грузов всеми видами транспорта,,,3508.0
2014,млн_тонн,Перевезено грузов всеми видами транспорта,,,3749.8
2015,млн_тонн,Перевезено грузов всеми видами транспорта,,,3733.8
2016,млн_тонн,Перевезено грузов всеми видами транспорта,,,3729.2
2017,млн_тонн,Перевезено грузов всеми видами транспорта,,,3946.1
2018,млн_тонн,Перевезено грузов всеми видами транспорта,,,4103.8
2010,млн_тонн,Трубопроводный,,,194.0
2011,млн_тонн,Трубопроводный,,,214.1
2012,млн_тонн,Трубопроводный,,,213.2
2013,млн_тонн,Трубопроводный,,,225.9
2014,млн_тонн,Трубопроводный,,,225.0
2015,млн_тонн,Трубопроводный,,,214.6
2016,млн_тонн,Трубопроводный,,,205.8
2017,млн_тонн,Трубопроводный,,,232.8
2018,млн_тонн,Трубопроводный,,,281.4
2010,млн_тонн,Железнодорожный,,,267.9
2011,млн_тонн,Железнодорожный,,,279.7
2012,млн_тонн,Железнодорожный,,,294.8
2013,млн_тонн,Железнодорожный,,,293.7
2014,млн_тонн,Железнодорожный,,,390.7
2015,млн_тонн,Железнодорожный,,,341.4
2016,млн_тонн,Железнодорожный,,,338.9
2017,млн_тонн,Железнодорожный,,,387.2
2018,млн_тонн,Железнодорожный,,,397.9
2010,млн_тонн,Автомобильный,,,1971.8
2011,млн_тонн,Автомобильный,,,2475.5
2012,млн_тонн,Автомобильный,,,2718.4
2013,млн_тонн,Автомобильный,,,2983.4
2014,млн_тонн,Автомобильный,,,3129.1
2015,млн_тонн,Автомобильный,,,3174.0
2016,млн_тонн,Автомобильный,,,3180.7
2017,млн_тонн,Автомобильный,,,3322.3
2018,млн_тонн,Автомобильный,,,3421.4
2010,млн_тонн,Воздушный,,,0.29
2011,млн_тонн,Воздушный,,,0.32
2012,млн_тонн,Воздушный,,,0.22
2013,млн_тонн,Воздушный,,,0.24
2014,млн_тонн,Воздушный,,,0.19
2015,млн_тонн,Воздушный,,,0.17
2016,млн_тонн,Воздушный,,,0.18
2017,млн_тонн,Воздушный,,,0.23
2018,млн_тонн,Воздушный,,,0.04
2010,млн_тонн,Водный,,,5.8
2011,млн_тонн,Водный,,,5.7
2012,млн_тонн,Водный,,,5.3
2013,млн_тонн,Водный,,,5.1
2014,млн_тонн,Водный,,,5.0
2015,млн_тонн,Водный,,,3.7
2016,млн_тонн,Водный,,,3.0
2017,млн_тонн,Водный,,,3.8
2018,млн_тонн,Водный,,,3.0
2010,млн_тонн,Перевезено грузов всеми видами транспорта,Акмолинская,,95.8
2011,млн_тонн,Перевезено грузов всеми видами транспорта,Акмолинская,,112.4
2012,млн_тонн,Перевезено грузов всеми видами транспорта,Акмолинская,,112.6
2013,млн_тонн,Перевезено грузов всеми видами транспорта,Акмолинская,,121.5
2014,млн_тонн,Перевезено грузов всеми видами транспорта,Акмолинская,,121.3
2015,млн_тонн,Перевезено грузов всеми видами транспорта,Акмолинская,,120.3
2016,млн_тонн,Перевезено грузов всеми видами транспорта,Акмолинская,,113.1
2017,млн_тонн,Перевезено грузов всеми видами транспорта,Акмолинская,,116.1
2018,млн_тонн,Перевезено грузов всеми видами транспорта,Акмолинская,,126.5
2010,млн_тонн,Перевезено грузов всеми видами транспорта,Актюбинская,,41.0
2011,млн_тонн,Перевезено грузов всеми видами транспорта,Актюбинская,,54.5
2012,млн_тонн,Перевезено грузов всеми видами транспорта,Актюбинская,,58.1
2013,млн_тонн,Перевезено грузов всеми видами транспорта,Актюбинская,,62.2
2014,млн_тонн,Перевезено грузов всеми видами транспорта,Актюбинская,,63.6
2015,млн_тонн,Перевезено грузов всеми видами транспорта,Актюбинская,,70.1
2016,млн_тонн,Перевезено грузов всеми видами транспорта,Актюбинская,,76.3
2017,млн_тонн,Перевезено грузов всеми видами транспорта,Актюбинская,,76.8
2018,млн_тонн,Перевезено грузов всеми видами транспорта,Актюбинская,,79.1
2010,млн_тонн,Перевезено грузов всеми видами транспорта,Алматинская,,116.6
2011,млн_тонн,Перевезено грузов всеми видами транспорта,Алматинская,,142.7
2012,млн_тонн,Перевезено грузов всеми видами транспорта,Алматинская,,158.1
2013,млн_тонн,Перевезено грузов всеми видами транспорта,Алматинская,,159.0
2014,млн_тонн,Перевезено грузов всеми видами транспорта,Алматинская,,159.9
2015,млн_тонн,Перевезено грузов всеми видами транспорта,Алматинская,,167.2
2016,млн_тонн,Перевезено грузов всеми видами транспорта,Алматинская,,179.0
2017,млн_тонн,Перевезено грузов всеми видами транспорта,Алматинская,,181.1
2018,млн_тонн,Перевезено грузов всеми видами транспорта,Алматинская,,184.6
2010,млн_тонн,Перевезено грузов всеми видами транспорта,Атырауская,,118.5
2011,млн_тонн,Перевезено грузов всеми видами транспорта,Атырауская,,139.6
2012,млн_тонн,Перевезено грузов всеми видами транспорта,Атырауская,,140.6
2013,млн_тонн,Перевезено грузов всеми видами транспорта,Атырауская,,151.3
2014,млн_тонн,Перевезено грузов всеми видами транспорта,Атырауская,,151.2
2015,млн_тонн,Перевезено грузов всеми видами транспорта,Атырауская,,144.4
2016,млн_тонн,Перевезено грузов всеми видами транспорта,Атырауская,,145.1
2017,млн_тонн,Перевезено грузов всеми видами транспорта,Атырауская,,154.2
2018,млн_тонн,Перевезено грузов всеми видами транспорта,Атырауская,,174.3
2010,млн_тонн,Перевезено грузов всеми видами транспорта,Западно-Казахстанская,,30.3
2011,млн_тонн,Перевезено грузов всеми видами транспорта,Западно-Казахстанская,,34.0
2012,млн_тонн,Перевезено грузов всеми видами транспорта,Западно-Казахстанская,,35.8
2013,млн_тонн,Перевезено грузов всеми видами транспорта,Западно-Казахстанская,,38.9
2014,млн_тонн,Перевезено грузов всеми видами транспорта,Западно-Казахстанская,,40.0
2015,млн_тонн,Перевезено грузов всеми видами транспорта,Западно-Казахстанская,,39.5
2016,млн_тонн,Перевезено грузов всеми видами транспорта,Западно-Казахстанская,,39.4
2017,млн_тонн,Перевезено грузов всеми видами транспорта,Западно-Казахстанская,,39.3
2010,млн_тонн,Перевезено грузов всеми видами транспорта,Жамбылская,,56.0
2011,млн_тонн,Перевезено грузов всеми видами транспорта,Жамбылская,,70.5
2012,млн_тонн,Перевезено грузов всеми видами транспорта,Жамбылская,,80.4
2013,млн_тонн,Перевезено грузов всеми видами транспорта,Жамбылская,,88.4
2014,млн_тонн,Перевезено грузов всеми видами транспорта,Жамбылская,,88.9
2015,млн_тонн,Перевезено грузов всеми видами транспорта,Жамбылская,,91.3
2016,млн_тонн,Перевезено грузов всеми видами транспорта,Жамбылская,,91.3
2017,млн_тонн,Перевезено грузов всеми видами транспорта,Жамбылская,,100.1
2018,млн_тонн,Перевезено грузов всеми видами транспорта,Жамбылская,,103.9
2010,млн_тонн,Перевезено грузов всеми видами транспорта,Карагандинская,,444.0
2011,млн_тонн,Перевезено грузов всеми видами транспорта,Карагандинская,,551.1
2012,млн_тонн,Перевезено грузов всеми видами транспорта,Карагандинская,,619.7
2013,млн_тонн,Перевезено грузов всеми видами транспорта,Карагандинская,,676.7
2014,млн_тонн,Перевезено грузов всеми видами транспорта,Карагандинская,,719.2
2015,млн_тонн,Перевезено грузов всеми видами транспорта,Карагандинская,,709.9
2016,млн_тонн,Перевезено грузов всеми видами транспорта,Карагандинская,,727.5
2017,млн_тонн,Перевезено грузов всеми видами транспорта,Карагандинская,,795.5
2018,млн_тонн,Перевезено грузов всеми видами транспорта,Карагандинская,,821.2
2010,млн_тонн,Перевезено грузов всеми видами транспорта,Костанайская,,221.5
2011,млн_тонн,Перевезено грузов всеми видами транспорта,Костанайская,,268.0
2012,млн_тонн,Перевезено грузов всеми видами транспорта,Костанайская,,275.6
2013,млн_тонн,Перевезено грузов всеми видами транспорта,Костанайская,,299.7
2014,млн_тонн,Перевезено грузов всеми видами транспорта,Костанайская,,297.3
2015,млн_тонн,Перевезено грузов всеми видами транспорта,Костанайская,,294.9
2016,млн_тонн,Перевезено грузов всеми видами транспорта,Костанайская,,277.3
2017,млн_тонн,Перевезено грузов всеми видами транспорта,Костанайская,,291.5
2018,млн_тонн,Перевезено грузов всеми видами транспорта,Костанайская,,297.1
2010,млн_тонн,Перевезено грузов всеми видами транспорта,Кызылординская,,66.3
2011,млн_тонн,Перевезено грузов всеми видами транспорта,Кызылординская,,95.5
2012,млн_тонн,Перевезено грузов всеми видами транспорта,Кызылординская,,98.4
2013,млн_тонн,Перевезено грузов всеми видами транспорта,Кызылординская,,106.1
2014,млн_тонн,Перевезено грузов всеми видами транспорта,Кызылординская,,107.2
2015,млн_тонн,Перевезено грузов всеми видами транспорта,Кызылординская,,108.7
2016,млн_тонн,Перевезено грузов всеми видами транспорта,Кызылординская,,104.3
2017,млн_тонн,Перевезено грузов всеми видами транспорта,Кызылординская,,104.6
2018,млн_тонн,Перевезено грузов всеми видами транспорта,Кызылординская,,104.7
2010,млн_тонн,Перевезено грузов всеми видами транспорта,Мангистауская,,141.5
2011,млн_тонн,Перевезено грузов всеми видами транспорта,Мангистауская,,186.6
2012,млн_тонн,Перевезено грузов всеми видами транспорта,Мангистауская,,207.7
2013,млн_тонн,Перевезено грузов всеми видами транспорта,Мангистауская,,215.1
2014,млн_тонн,Перевезено грузов всеми видами транспорта,Мангистауская,,217.6
2015,млн_тонн,Перевезено грузов всеми видами транспорта,Мангистауская,,227.8
2016,млн_тонн,Перевезено грузов всеми видами транспорта,Мангистауская,,218.9
2017,млн_тонн,Перевезено грузов всеми видами транспорта,Мангистауская,,238.6
2018,млн_тонн,Перевезено грузов всеми видами транспорта,Мангистауская,,238.5
2010,млн_тонн,Перевезено грузов всеми видами транспорта,Южно-Казахстанская,,77.5
2011,млн_тонн,Перевезено грузов всеми видами транспорта,Южно-Казахстанская,,106.5
2012,млн_тонн,Перевезено грузов всеми видами транспорта,Южно-Казахстанская,,123.8
2013,млн_тонн,Перевезено грузов всеми видами транспорта,Южно-Казахстанская,,133.0
2014,млн_тонн,Перевезено грузов всеми видами транспорта,Южно-Казахстанская,,145.4
2015,млн_тонн,Перевезено грузов всеми видами транспорта,Южно-Казахстанская,,155.0
2016,млн_тонн,Перевезено грузов всеми видами транспорта,Южно-Казахстанская,,158.7
2010,млн_тонн,Перевезено грузов всеми видами транспорта,Павлодарская,,78.5
2011,млн_тонн,Перевезено грузов всеми видами транспорта,Павлодарская,,97.0
2012,млн_тонн,Перевезено грузов всеми видами транспорта,Павлодарская,,103.0
2013,млн_тонн,Перевезено грузов всеми видами транспорта,Павлодарская,,116.5
2014,млн_тонн,Перевезено грузов всеми видами транспорта,Павлодарская,,128.1
2015,млн_тонн,Перевезено грузов всеми видами транспорта,Павлодарская,,127.9
2016,млн_тонн,Перевезено грузов всеми видами транспорта,Павлодарская,,131.5
2017,млн_тонн,Перевезено грузов всеми видами транспорта,Павлодарская,,133.1
2018,млн_тонн,Перевезено грузов всеми видами транспорта,Павлодарская,,142.2
2010,млн_тонн,Перевезено грузов всеми видами транспорта,Северо-Казахстанская,,40.1
2011,млн_тонн,Перевезено грузов всеми видами транспорта,Северо-Казахстанская,,46.1
2012,млн_тонн,Перевезено грузов всеми видами транспорта,Северо-Казахстанская,,46.2
2013,млн_тонн,Перевезено грузов всеми видами транспорта,Северо-Казахстанская,,49.3
2014,млн_тонн,Перевезено грузов всеми видами транспорта,Северо-Казахстанская,,49.9
2015,млн_тонн,Перевезено грузов всеми видами транспорта,Северо-Казахстанская,,49.7
2016,млн_тонн,Перевезено грузов всеми видами транспорта,Северо-Казахстанская,,48.2
2017,млн_тонн,Перевезено грузов всеми видами транспорта,Северо-Казахстанская,,51.4
2018,млн_тонн,Перевезено грузов всеми видами транспорта,Северо-Казахстанская,,51.5
2018,млн_тонн,Перевезено грузов всеми видами транспорта,Туркестанская,,71.0
2010,млн_тонн,Перевезено грузов всеми видами транспорта,Восточно-Казахстанская,,327.3
2011,млн_тонн,Перевезено грузов всеми видами транспорта,Восточно-Казахстанская,,418.2
2012,млн_тонн,Перевезено грузов всеми видами транспорта,Восточно-Казахстанская,,476.9
2013,млн_тонн,Перевезено грузов всеми видами транспорта,Восточно-Казахстанская,,553.7
2014,млн_тонн,Перевезено грузов всеми видами транспорта,Восточно-Казахстанская,,595.5
2015,млн_тонн,Перевезено грузов всеми видами транспорта,Восточно-Казахстанская,,598.8
2016,млн_тонн,Перевезено грузов всеми видами транспорта,Восточно-Казахстанская,,582.4
2017,млн_тонн,Перевезено грузов всеми видами транспорта,Восточно-Казахстанская,,600.8
2018,млн_тонн,Перевезено грузов всеми видами транспорта,Восточно-Казахстанская,,631.5
2010,млн_тонн,Перевезено грузов всеми видами транспорта,г_Нур-Султан,,66.7
2011,млн_тонн,Перевезено грузов всеми видами транспорта,г_Нур-Султан,,97.2
2012,млн_тонн,Перевезено грузов всеми видами транспорта,г_Нур-Султан,,112.6
2013,млн_тонн,Перевезено грузов всеми видами транспорта,г_Нур-Султан,,124.1
2014,млн_тонн,Перевезено грузов всеми видами транспорта,г_Нур-Султан,,136.7
2015,млн_тонн,Перевезено грузов всеми видами транспорта,г_Нур-Султан,,142.5
2016,млн_тонн,Перевезено грузов всеми видами транспорта,г_Нур-Султан,,142.6
2018,млн_тонн,Перевезено грузов всеми видами транспорта,г_Нур-Султан,,154.2
2010,млн_тонн,Перевезено грузов всеми видами транспорта,г_Алматы,,142.4
2011,млн_тонн,Перевезено грузов всеми видами транспорта,г_Алматы,,155.6
2012,млн_тонн,Перевезено грузов всеми видами транспорта,г_Алматы,,168.3
2013,млн_тонн,Перевезено грузов всеми видами транспорта,г_Алматы,,194.4
2014,млн_тонн,Перевезено грузов всеми видами транспорта,г_Алматы,,216.8
2015,млн_тонн,Перевезено грузов всеми видами транспорта,г_Алматы,,232.1
2016,млн_тонн,Перевезено грузов всеми видами транспорта,г_Алматы,,252.3
2017,млн_тонн,Перевезено грузов всеми видами транспорта,г_Алматы,,256.0
2018,млн_тонн,Перевезено грузов всеми видами транспорта,г_Алматы,,247.0
2010,млн_тонн,Перевезено грузов всеми видами транспорта,"Объем, не распределенный по областям",,375.3
2011,млн_тонн,Перевезено грузов всеми видами транспорта,"Объем, не распределенный по областям",,399.4
2012,млн_тонн,Перевезено грузов всеми видами транспорта,"Объем, не распределенный по областям",,414.1
2013,млн_тонн,Перевезено грузов всеми видами транспорта,"Объем, не распределенный по областям",,418.3
2014,млн_тонн,Перевезено грузов всеми видами транспорта,"Объем, не распределенный по областям",,511.3
2015,млн_тонн,Перевезено грузов всеми видами транспорта,"Объем, не распределенный по областям",,453.8
2016,млн_тонн,Перевезено грузов всеми видами транспорта,"Объем, не распределенный по областям",,441.4
2017,млн_тонн,Перевезено грузов всеми видами транспорта,"Объем, не распределенный по областям",,496.8
2018,млн_тонн,Перевезено грузов всеми видами транспорта,"Объем, не распределенный по областям",,520.9
2010,млн.человек,Перевезено пассажиров всеми видами транспорта,,,13186.5
2011,млн.человек,Перевезено пассажиров всеми видами транспорта,,,16647.2
2012,млн.человек,Перевезено пассажиров всеми видами транспорта,,,18484.6
2013,млн.человек,Перевезено пассажиров всеми видами транспорта,,,20004.3
2014,млн.человек,Перевезено пассажиров всеми видами транспорта,,,21281.2
2015,млн.человек,Перевезено пассажиров всеми видами транспорта,,,21839.1
2016,млн.человек,Перевезено пассажиров всеми видами транспорта,,,22332.8
2017,млн.человек,Перевезено пассажиров всеми видами транспорта,,,22744.7
2018,млн.человек,Перевезено пассажиров всеми видами транспорта,,,23021.6
2010,млн.человек,Железнодорожным транспортом,,,19.6
2011,млн.человек,Железнодорожным транспортом,,,20.5
2012,млн.человек,Железнодорожным транспортом,,,24.4
2013,млн.человек,Железнодорожным транспортом,,,28.6
2014,млн.человек,Железнодорожным транспортом,,,23.2
2015,млн.человек,Железнодорожным транспортом,,,22.5
2016,млн.человек,Железнодорожным транспортом,,,23.1
2017,млн.человек,Железнодорожным транспортом,,,22.9
2018,млн.человек,Железнодорожным транспортом,,,23.1
2010,млн.человек,Автомобильный,,,13083.9
2011,млн.человек,Автомобильный,,,16544.7
2012,млн.человек,Автомобильный,,,18380.2
2013,млн.человек,Автомобильный,,,19905.3
2014,млн.человек,Автомобильный,,,21189.9
2015,млн.человек,Автомобильный,,,21744.7
2016,млн.человек,Автомобильный,,,22239.4
2017,млн.человек,Автомобильный,,,22643.6
2018,млн.человек,Автомобильный,,,22911.5
2010,млн.человек,Внутренним водным,,,0.1
2011,млн.человек,Внутренним водным,,,0.1
2012,млн.человек,Внутренним водным,,,0.1
2013,млн.человек,Внутренним водным,,,0.09
2014,млн.человек,Внутренним водным,,,0.0672
2015,млн.человек,Внутренним водным,,,0.04
2016,млн.человек,Внутренним водным,,,0.0904
2017,млн.человек,Внутренним водным,,,0.0587
2018,млн.человек,Внутренним водным,,,0.0814
2018,млн.человек,Морским,,,0.05752
2010,млн.человек,Воздушным,,,3.4
2011,млн.человек,Воздушным,,,4.1
2012,млн.человек,Воздушным,,,4.5
2013,млн.человек,Воздушным,,,5.0
2014,млн.человек,Воздушным,,,5.4
2015,млн.человек,Воздушным,,,5.9
2016,млн.человек,Воздушным,,,6.0
2017,млн.человек,Воздушным,,,7.4
2018,млн.человек,Воздушным,,,7.6
2010,млн.человек,Городской электрический,,,79.5
2011,млн.человек,Городской электрический,,,77.0
2012,млн.человек,Городской электрический,,,69.6
2013,млн.человек,Городской электрический,,,58.7
2014,млн.человек,Городской электрический,,,55.6
2015,млн.человек,Городской электрический,,,55.9
2016,млн.человек,Городской электрический,,,51.5
2017,млн.человек,Городской электрический,,,56.8
2018,млн.человек,Городской электрический,,,54.9
2010,млн.человек,Перевезено пассажиров всеми видами транспорта,Акмолинская,,1057.9
2011,млн.человек,Перевезено пассажиров всеми видами транспорта,Акмолинская,,1385.8
2012,млн.человек,Перевезено пассажиров всеми видами транспорта,Акмолинская,,1482.1
2013,млн.человек,Перевезено пассажиров всеми видами транспорта,Акмолинская,,1604.5
2014,млн.человек,Перевезено пассажиров всеми видами транспорта,Акмолинская,,1723.9
2015,млн.человек,Перевезено пассажиров всеми видами транспорта,Акмолинская,,1729.5
2016,млн.человек,Перевезено пассажиров всеми видами транспорта,Акмолинская,,1700.1
2017,млн.человек,Перевезено пассажиров всеми видами транспорта,Акмолинская,,1643.9
2018,млн.человек,Перевезено пассажиров всеми видами транспорта,Акмолинская,,1652.2
2010,млн.человек,Перевезено пассажиров всеми видами транспорта,Актюбинская,,163.5
2011,млн.человек,Перевезено пассажиров всеми видами транспорта,Актюбинская,,199.3
2012,млн.человек,Перевезено пассажиров всеми видами транспорта,Актюбинская,,220.1
2013,млн.человек,Перевезено пассажиров всеми видами транспорта,Актюбинская,,238.4
2014,млн.человек,Перевезено пассажиров всеми видами транспорта,Актюбинская,,251.0
2015,млн.человек,Перевезено пассажиров всеми видами транспорта,Актюбинская,,264.7
2016,млн.человек,Перевезено пассажиров всеми видами транспорта,Актюбинская,,278.4
2017,млн.человек,Перевезено пассажиров всеми видами транспорта,Актюбинская,,294.7
2018,млн.человек,Перевезено пассажиров всеми видами транспорта,Актюбинская,,304.3
2010,млн.человек,Перевезено пассажиров всеми видами транспорта,Алматинская,,436.6
2011,млн.человек,Перевезено пассажиров всеми видами транспорта,Алматинская,,550.9
2012,млн.человек,Перевезено пассажиров всеми видами транспорта,Алматинская,,597.2
2013,млн.человек,Перевезено пассажиров всеми видами транспорта,Алматинская,,629.0
2014,млн.человек,Перевезено пассажиров всеми видами транспорта,Алматинская,,654.3
2015,млн.человек,Перевезено пассажиров всеми видами транспорта,Алматинская,,706.7
2016,млн.человек,Перевезено пассажиров всеми видами транспорта,Алматинская,,808.3
2017,млн.человек,Перевезено пассажиров всеми видами транспорта,Алматинская,,873.0
2018,млн.человек,Перевезено пассажиров всеми видами транспорта,Алматинская,,882.3
2010,млн.человек,Перевезено пассажиров всеми видами транспорта,Атырауская,,95.4
2011,млн.человек,Перевезено пассажиров всеми видами транспорта,Атырауская,,126.9
2012,млн.человек,Перевезено пассажиров всеми видами транспорта,Атырауская,,155.4
2013,млн.человек,Перевезено пассажиров всеми видами транспорта,Атырауская,,167.9
2014,млн.человек,Перевезено пассажиров всеми видами транспорта,Атырауская,,172.1
2015,млн.человек,Перевезено пассажиров всеми видами транспорта,Атырауская,,172.0
2016,млн.человек,Перевезено пассажиров всеми видами транспорта,Атырауская,,181.0
2018,млн.человек,Перевезено пассажиров всеми видами транспорта,Атырауская,,181.6
2010,млн.человек,Перевезено пассажиров всеми видами транспорта,Западно-Казахстанская,,270.4
2011,млн.человек,Перевезено пассажиров всеми видами транспорта,Западно-Казахстанская,,364.8
2012,млн.человек,Перевезено пассажиров всеми видами транспорта,Западно-Казахстанская,,402.3
2013,млн.человек,Перевезено пассажиров всеми видами транспорта,Западно-Казахстанская,,425.8
2014,млн.человек,Перевезено пассажиров всеми видами транспорта,Западно-Казахстанская,,428.3
2015,млн.человек,Перевезено пассажиров всеми видами транспорта,Западно-Казахстанская,,436.3
2016,млн.человек,Перевезено пассажиров всеми видами транспорта,Западно-Казахстанская,,434.3
2017,млн.человек,Перевезено пассажиров всеми видами транспорта,Западно-Казахстанская,,451.5
2018,млн.человек,Перевезено пассажиров всеми видами транспорта,Западно-Казахстанская,,424.6
2010,млн.человек,Перевезено пассажиров всеми видами транспорта,Жамбылская,,570.6
2011,млн.человек,Перевезено пассажиров всеми видами транспорта,Жамбылская,,745.8
2012,млн.человек,Перевезено пассажиров всеми видами транспорта,Жамбылская,,802.8
2013,млн.человек,Перевезено пассажиров всеми видами транспорта,Жамбылская,,864.6
2014,млн.человек,Перевезено пассажиров всеми видами транспорта,Жамбылская,,882.5
2015,млн.человек,Перевезено пассажиров всеми видами транспорта,Жамбылская,,929.5
2016,млн.человек,Перевезено пассажиров всеми видами транспорта,Жамбылская,,957.3
2017,млн.человек,Перевезено пассажиров всеми видами транспорта,Жамбылская,,957.3
2018,млн.человек,Перевезено пассажиров всеми видами транспорта,Жамбылская,,987.4
2010,млн.человек,Перевезено пассажиров всеми видами транспорта,Карагандинская,,1440.7
2011,млн.человек,Перевезено пассажиров всеми видами транспорта,Карагандинская,,1993.3
2012,млн.человек,Перевезено пассажиров всеми видами транспорта,Карагандинская,,2111.4
2013,млн.человек,Перевезено пассажиров всеми видами транспорта,Карагандинская,,2299.9
2014,млн.человек,Перевезено пассажиров всеми видами транспорта,Карагандинская,,2428.7
2015,млн.человек,Перевезено пассажиров всеми видами транспорта,Карагандинская,,2421.2
2016,млн.человек,Перевезено пассажиров всеми видами транспорта,Карагандинская,,2418.1
2018,млн.человек,Перевезено пассажиров всеми видами транспорта,Карагандинская,,2428.1
2010,млн.человек,Перевезено пассажиров всеми видами транспорта,Костанайская,,1153.4
2011,млн.человек,Перевезено пассажиров всеми видами транспорта,Костанайская,,1436.5
2012,млн.человек,Перевезено пассажиров всеми видами транспорта,Костанайская,,1575.5
2013,млн.человек,Перевезено пассажиров всеми видами транспорта,Костанайская,,1657.4
2014,млн.человек,Перевезено пассажиров всеми видами транспорта,Костанайская,,1752.0
2015,млн.человек,Перевезено пассажиров всеми видами транспорта,Костанайская,,1745.2
2016,млн.человек,Перевезено пассажиров всеми видами транспорта,Костанайская,,1751.7
2017,млн.человек,Перевезено пассажиров всеми видами транспорта,Костанайская,,1796.6
2018,млн.человек,Перевезено пассажиров всеми видами транспорта,Костанайская,,1805.5
2010,млн.человек,Перевезено пассажиров всеми видами транспорта,Кызылординская,,139.7
2011,млн.человек,Перевезено пассажиров всеми видами транспорта,Кызылординская,,193.2
2012,млн.человек,Перевезено пассажиров всеми видами транспорта,Кызылординская,,232.4
2013,млн.человек,Перевезено пассажиров всеми видами транспорта,Кызылординская,,251.3
2014,млн.человек,Перевезено пассажиров всеми видами транспорта,Кызылординская,,282.1
2015,млн.человек,Перевезено пассажиров всеми видами транспорта,Кызылординская,,298.1
2016,млн.человек,Перевезено пассажиров всеми видами транспорта,Кызылординская,,335.5
2017,млн.человек,Перевезено пассажиров всеми видами транспорта,Кызылординская,,367.5
2018,млн.человек,Перевезено пассажиров всеми видами транспорта,Кызылординская,,397.4
2010,млн.человек,Перевезено пассажиров всеми видами транспорта,Мангистауская,,60.2
2011,млн.человек,Перевезено пассажиров всеми видами транспорта,Мангистауская,,73.8
2012,млн.человек,Перевезено пассажиров всеми видами транспорта,Мангистауская,,81.5
2013,млн.человек,Перевезено пассажиров всеми видами транспорта,Мангистауская,,85.5
2014,млн.человек,Перевезено пассажиров всеми видами транспорта,Мангистауская,,85.5
2015,млн.человек,Перевезено пассажиров всеми видами транспорта,Мангистауская,,85.3
2016,млн.человек,Перевезено пассажиров всеми видами транспорта,Мангистауская,,84.8
2017,млн.человек,Перевезено пассажиров всеми видами транспорта,Мангистауская,,88.8
2018,млн.человек,Перевезено пассажиров всеми видами транспорта,Мангистауская,,89.3
2010,млн.человек,Перевезено пассажиров всеми видами транспорта,Южно-Казахстанская,,1337.6
2011,млн.человек,Перевезено пассажиров всеми видами транспорта,Южно-Казахстанская,,1800.5
2012,млн.человек,Перевезено пассажиров всеми видами транспорта,Южно-Казахстанская,,2149.9
2013,млн.человек,Перевезено пассажиров всеми видами транспорта,Южно-Казахстанская,,2257.6
2014,млн.человек,Перевезено пассажиров всеми видами транспорта,Южно-Казахстанская,,2262.5
2015,млн.человек,Перевезено пассажиров всеми видами транспорта,Южно-Казахстанская,,2347.4
2016,млн.человек,Перевезено пассажиров всеми видами транспорта,Южно-Казахстанская,,2478.5
2017,млн.человек,Перевезено пассажиров всеми видами транспорта,Южно-Казахстанская,,2607.6
2010,млн.человек,Перевезено пассажиров всеми видами транспорта,Павлодарская,,798.3
2011,млн.человек,Перевезено пассажиров всеми видами транспорта,Павлодарская,,1044.1
2012,млн.человек,Перевезено пассажиров всеми видами транспорта,Павлодарская,,1166.3
2013,млн.человек,Перевезено пассажиров всеми видами транспорта,Павлодарская,,1194.6
2014,млн.человек,Перевезено пассажиров всеми видами транспорта,Павлодарская,,1195.6
2015,млн.человек,Перевезено пассажиров всеми видами транспорта,Павлодарская,,1240.8
2016,млн.человек,Перевезено пассажиров всеми видами транспорта,Павлодарская,,1244.5
2017,млн.человек,Перевезено пассажиров всеми видами транспорта,Павлодарская,,1225.0
2018,млн.человек,Перевезено пассажиров всеми видами транспорта,Павлодарская,,1234.0
2010,млн.человек,Перевезено пассажиров всеми видами транспорта,Северо-Казахстанская,,365.5
2011,млн.человек,Перевезено пассажиров всеми видами транспорта,Северо-Казахстанская,,453.9
2012,млн.человек,Перевезено пассажиров всеми видами транспорта,Северо-Казахстанская,,470.7
2013,млн.человек,Перевезено пассажиров всеми видами транспорта,Северо-Казахстанская,,492.8
2014,млн.человек,Перевезено пассажиров всеми видами транспорта,Северо-Казахстанская,,496.1
2015,млн.человек,Перевезено пассажиров всеми видами транспорта,Северо-Казахстанская,,495.2
2016,млн.человек,Перевезено пассажиров всеми видами транспорта,Северо-Казахстанская,,506.8
2017,млн.человек,Перевезено пассажиров всеми видами транспорта,Северо-Казахстанская,,501.6
2018,млн.человек,Перевезено пассажиров всеми видами транспорта,Северо-Казахстанская,,507.4
2018,млн.человек,Перевезено пассажиров всеми видами транспорта,Туркестанская,,820.6
2010,млн.человек,Перевезено пассажиров всеми видами транспорта,Восточно-Казахстанская,,1272.7
2011,млн.человек,Перевезено пассажиров всеми видами транспорта,Восточно-Казахстанская,,1419.3
2012,млн.человек,Перевезено пассажиров всеми видами транспорта,Восточно-Казахстанская,,1459.9
2013,млн.человек,Перевезено пассажиров всеми видами транспорта,Восточно-Казахстанская,,1606.7
2014,млн.человек,Перевезено пассажиров всеми видами транспорта,Восточно-Казахстанская,,1654.2
2015,млн.человек,Перевезено пассажиров всеми видами транспорта,Восточно-Казахстанская,,1681.0
2016,млн.человек,Перевезено пассажиров всеми видами транспорта,Восточно-Казахстанская,,1705.2
2017,млн.человек,Перевезено пассажиров всеми видами транспорта,Восточно-Казахстанская,,1709.2
2018,млн.человек,Перевезено пассажиров всеми видами транспорта,Восточно-Казахстанская,,1714.9
2010,млн.человек,Перевезено пассажиров всеми видами транспорта,г_Нур-Султан,,1408.9
2011,млн.человек,Перевезено пассажиров всеми видами транспорта,г_Нур-Султан,,1647.9
2012,млн.человек,Перевезено пассажиров всеми видами транспорта,г_Нур-Султан,,1750.1
2013,млн.человек,Перевезено пассажиров всеми видами транспорта,г_Нур-Султан,,1961.0
2014,млн.человек,Перевезено пассажиров всеми видами транспорта,г_Нур-Султан,,2180.3
2015,млн.человек,Перевезено пассажиров всеми видами транспорта,г_Нур-Султан,,2279.0
2016,млн.человек,Перевезено пассажиров всеми видами транспорта,г_Нур-Султан,,2441.1
2018,млн.человек,Перевезено пассажиров всеми видами транспорта,г_Нур-Султан,,2558.0
2010,млн.человек,Перевезено пассажиров всеми видами транспорта,г_Алматы,,2595.5
2011,млн.человек,Перевезено пассажиров всеми видами транспорта,г_Алматы,,3190.6
2012,млн.человек,Перевезено пассажиров всеми видами транспорта,г_Алматы,,3802.8
2013,млн.человек,Перевезено пассажиров всеми видами транспорта,г_Алматы,,4238.8
2014,млн.человек,Перевезено пассажиров всеми видами транспорта,г_Алматы,,4808.6
2015,млн.человек,Перевезено пассажиров всеми видами транспорта,г_Алматы,,4984.8
2016,млн.человек,Перевезено пассажиров всеми видами транспорта,г_Алматы,,4984.2
2017,млн.человек,Перевезено пассажиров всеми видами транспорта,г_Алматы,,5097.2
2018,млн.человек,Перевезено пассажиров всеми видами транспорта,г_Алматы,,5202.4
2018,млн.человек,Перевезено пассажиров всеми видами транспорта,г_Шымкент,,1808.6
2010,млн.человек,Перевезено пассажиров всеми видами транспорта,"Объем, не распределенный по областям",,19.6
2011,млн.человек,Перевезено пассажиров всеми видами транспорта,"Объем, не распределенный по областям",,20.5
2012,млн.человек,Перевезено пассажиров всеми видами транспорта,"Объем, не распределенный по областям",,24.4
2013,млн.человек,Перевезено пассажиров всеми видами транспорта,"Объем, не распределенный по областям",,28.6
2014,млн.человек,Перевезено пассажиров всеми видами транспорта,"Объем, не распределенный по областям",,23.2
2015,млн.человек,Перевезено пассажиров всеми видами транспорта,"Объем, не распределенный по областям",,22.5
2016,млн.человек,Перевезено пассажиров всеми видами транспорта,"Объем, не распределенный по областям",,23.1
2017,млн.человек,Перевезено пассажиров всеми видами транспорта,"Объем, не распределенный по областям",,22.9
2018,млн.человек,Перевезено пассажиров всеми видами транспорта,"Объем, не распределенный по областям",,22.8
2010,млн_тонн,перевезено грузов автомобильным  и городским  электрическим транспортом,,,1971.8
2011,млн_тонн,перевезено грузов автомобильным  и городским  электрическим транспортом,,,2475.5
2012,млн_тонн,перевезено грузов автомобильным  и городским  электрическим транспортом,,,2718.4
2013,млн_тонн,перевезено грузов автомобильным  и городским  электрическим транспортом,,,2983.4
2014,млн_тонн,перевезено грузов автомобильным  и городским  электрическим транспортом,,,3129.1
2015,млн_тонн,перевезено грузов автомобильным  и городским  электрическим транспортом,,,3174.0
2016,млн_тонн,перевезено грузов автомобильным  и городским  электрическим транспортом,,,3180.7
2017,млн_тонн,перевезено грузов автомобильным  и городским  электрическим транспортом,,,3322.3
2018,млн_тонн,перевезено грузов автомобильным  и городским  электрическим транспортом,,,3422.3
2010,млн_тонн,перевезено грузов автомобильным  и городским  электрическим транспортом,Акмолинская,,95.8
2011,млн_тонн,перевезено грузов автомобильным  и городским  электрическим транспортом,Акмолинская,,112.4
2012,млн_тонн,перевезено грузов автомобильным  и городским  электрическим транспортом,Акмолинская,,112.6
2013,млн_тонн,перевезено грузов автомобильным  и городским  электрическим транспортом,Акмолинская,,121.5
2014,млн_тонн,перевезено грузов автомобильным  и городским  электрическим транспортом,Акмолинская,,121.3
2015,млн_тонн,перевезено грузов автомобильным  и городским  электрическим транспортом,Акмолинская,,120.3
2016,млн_тонн,перевезено грузов автомобильным  и городским  электрическим транспортом,Акмолинская,,113.1
2017,млн_тонн,перевезено грузов автомобильным  и городским  электрическим транспортом,Акмолинская,,116.1
2018,млн_тонн,перевезено грузов автомобильным  и городским  электрическим транспортом,Акмолинская,,126.5
2010,млн_тонн,перевезено грузов автомобильным  и городским  электрическим транспортом,Актюбинская,,41.0
2011,млн_тонн,перевезено грузов автомобильным  и городским  электрическим транспортом,Актюбинская,,54.5
2012,млн_тонн,перевезено грузов автомобильным  и городским  электрическим транспортом,Актюбинская,,58.1
2013,млн_тонн,перевезено грузов автомобильным  и городским  электрическим транспортом,Актюбинская,,62.2
2014,млн_тонн,перевезено грузов автомобильным  и городским  электрическим транспортом,Актюбинская,,63.6
2015,млн_тонн,перевезено грузов автомобильным  и городским  электрическим транспортом,Актюбинская,,70.1
2016,млн_тонн,перевезено грузов автомобильным  и городским  электрическим транспортом,Актюбинская,,76.3
2017,млн_тонн,перевезено грузов автомобильным  и городским  электрическим транспортом,Актюбинская,,76.8
2018,млн_тонн,перевезено грузов автомобильным  и городским  электрическим транспортом,Актюбинская,,79.1
2010,млн_тонн,перевезено грузов автомобильным  и городским  электрическим транспортом,Алматинская,,116.6
2011,млн_тонн,перевезено грузов автомобильным  и городским  электрическим транспортом,Алматинская,,142.7
2012,млн_тонн,перевезено грузов автомобильным  и городским  электрическим транспортом,Алматинская,,158.1
2013,млн_тонн,перевезено грузов автомобильным  и городским  электрическим транспортом,Алматинская,,159.0
2014,млн_тонн,перевезено грузов автомобильным  и городским  электрическим транспортом,Алматинская,,159.9
2015,млн_тонн,перевезено грузов автомобильным  и городским  электрическим транспортом,Алматинская,,167.2
2016,млн_тонн,перевезено грузов автомобильным  и городским  электрическим транспортом,Алматинская,,179.0
2017,млн_тонн,перевезено грузов автомобильным  и городским  электрическим транспортом,Алматинская,,181.1
2018,млн_тонн,перевезено грузов автомобильным  и городским  электрическим транспортом,Алматинская,,184.5
2010,млн_тонн,перевезено грузов автомобильным  и городским  электрическим транспортом,Атырауская,,52.1
2011,млн_тонн,перевезено грузов автомобильным  и городским  электрическим транспортом,Атырауская,,71.5
2012,млн_тонн,перевезено грузов автомобильным  и городским  электрическим транспортом,Атырауская,,72.4
2013,млн_тонн,перевезено грузов автомобильным  и городским  электрическим транспортом,Атырауская,,82.6
2014,млн_тонн,перевезено грузов автомобильным  и городским  электрическим транспортом,Атырауская,,82.1
2015,млн_тонн,перевезено грузов автомобильным  и городским  электрическим транспортом,Атырауская,,75.7
2016,млн_тонн,перевезено грузов автомобильным  и городским  электрическим транспортом,Атырауская,,75.0
2017,млн_тонн,перевезено грузов автомобильным  и городским  электрическим транспортом,Атырауская,,75.9
2018,млн_тонн,перевезено грузов автомобильным  и городским  электрическим транспортом,Атырауская,,59.9
2010,млн_тонн,перевезено грузов автомобильным  и городским  электрическим транспортом,Западно-Казахстанская,,30.0
2011,млн_тонн,перевезено грузов автомобильным  и городским  электрическим транспортом,Западно-Казахстанская,,33.8
2012,млн_тонн,перевезено грузов автомобильным  и городским  электрическим транспортом,Западно-Казахстанская,,35.7
2013,млн_тонн,перевезено грузов автомобильным  и городским  электрическим транспортом,Западно-Казахстанская,,38.8
2014,млн_тонн,перевезено грузов автомобильным  и городским  электрическим транспортом,Западно-Казахстанская,,39.9
2015,млн_тонн,перевезено грузов автомобильным  и городским  электрическим транспортом,Западно-Казахстанская,,39.5
2016,млн_тонн,перевезено грузов автомобильным  и городским  электрическим транспортом,Западно-Казахстанская,,39.4
2017,млн_тонн,перевезено грузов автомобильным  и городским  электрическим транспортом,Западно-Казахстанская,,39.3
2018,млн_тонн,перевезено грузов автомобильным  и городским  электрическим транспортом,Западно-Казахстанская,,39.5
2010,млн_тонн,перевезено грузов автомобильным  и городским  электрическим транспортом,Жамбылская,,56.0
2011,млн_тонн,перевезено грузов автомобильным  и городским  электрическим транспортом,Жамбылская,,70.5
2012,млн_тонн,перевезено грузов автомобильным  и городским  электрическим транспортом,Жамбылская,,80.4
2013,млн_тонн,перевезено грузов автомобильным  и городским  электрическим транспортом,Жамбылская,,88.4
2014,млн_тонн,перевезено грузов автомобильным  и городским  электрическим транспортом,Жамбылская,,88.9
2015,млн_тонн,перевезено грузов автомобильным  и городским  электрическим транспортом,Жамбылская,,91.3
2016,млн_тонн,перевезено грузов автомобильным  и городским  электрическим транспортом,Жамбылская,,91.3
2017,млн_тонн,перевезено грузов автомобильным  и городским  электрическим транспортом,Жамбылская,,100.1
2018,млн_тонн,перевезено грузов автомобильным  и городским  электрическим транспортом,Жамбылская,,103.5
2010,млн_тонн,перевезено грузов автомобильным  и городским  электрическим транспортом,Карагандинская,,444.0
2011,млн_тонн,перевезено грузов автомобильным  и городским  электрическим транспортом,Карагандинская,,551.1
2012,млн_тонн,перевезено грузов автомобильным  и городским  электрическим транспортом,Карагандинская,,619.7
2013,млн_тонн,перевезено грузов автомобильным  и городским  электрическим транспортом,Карагандинская,,676.7
2014,млн_тонн,перевезено грузов автомобильным  и городским  электрическим транспортом,Карагандинская,,719.2
2015,млн_тонн,перевезено грузов автомобильным  и городским  электрическим транспортом,Карагандинская,,709.9
2016,млн_тонн,перевезено грузов автомобильным  и городским  электрическим транспортом,Карагандинская,,727.5
2017,млн_тонн,перевезено грузов автомобильным  и городским  электрическим транспортом,Карагандинская,,795.5
2018,млн_тонн,перевезено грузов автомобильным  и городским  электрическим транспортом,Карагандинская,,825.6
2010,млн_тонн,перевезено грузов автомобильным  и городским  электрическим транспортом,Костанайская,,221.5
2011,млн_тонн,перевезено грузов автомобильным  и городским  электрическим транспортом,Костанайская,,268.0
2012,млн_тонн,перевезено грузов автомобильным  и городским  электрическим транспортом,Костанайская,,275.6
2013,млн_тонн,перевезено грузов автомобильным  и городским  электрическим транспортом,Костанайская,,299.7
2014,млн_тонн,перевезено грузов автомобильным  и городским  электрическим транспортом,Костанайская,,297.3
2015,млн_тонн,перевезено грузов автомобильным  и городским  электрическим транспортом,Костанайская,,294.9
2016,млн_тонн,перевезено грузов автомобильным  и городским  электрическим транспортом,Костанайская,,277.3
2017,млн_тонн,перевезено грузов автомобильным  и городским  электрическим транспортом,Костанайская,,291.5
2018,млн_тонн,перевезено грузов автомобильным  и городским  электрическим транспортом,Костанайская,,297.1
2010,млн_тонн,перевезено грузов автомобильным  и городским  электрическим транспортом,Кызылординская,,66.3
2011,млн_тонн,перевезено грузов автомобильным  и городским  электрическим транспортом,Кызылординская,,95.5
2012,млн_тонн,перевезено грузов автомобильным  и городским  электрическим транспортом,Кызылординская,,98.4
2013,млн_тонн,перевезено грузов автомобильным  и городским  электрическим транспортом,Кызылординская,,106.1
2014,млн_тонн,перевезено грузов автомобильным  и городским  электрическим транспортом,Кызылординская,,107.2
2015,млн_тонн,перевезено грузов автомобильным  и городским  электрическим транспортом,Кызылординская,,108.7
2016,млн_тонн,перевезено грузов автомобильным  и городским  электрическим транспортом,Кызылординская,,104.3
2017,млн_тонн,перевезено грузов автомобильным  и городским  электрическим транспортом,Кызылординская,,104.6
2018,млн_тонн,перевезено грузов автомобильным  и городским  электрическим транспортом,Кызылординская,,104.5
2010,млн_тонн,перевезено грузов автомобильным  и городским  электрическим транспортом,Мангистауская,,136.9
2011,млн_тонн,перевезено грузов автомобильным  и городским  электрическим транспортом,Мангистауская,,182.0
2012,млн_тонн,перевезено грузов автомобильным  и городским  электрическим транспортом,Мангистауская,,203.7
2013,млн_тонн,перевезено грузов автомобильным  и городским  электрическим транспортом,Мангистауская,,211.1
2014,млн_тонн,перевезено грузов автомобильным  и городским  электрическим транспортом,Мангистауская,,214.0
2015,млн_тонн,перевезено грузов автомобильным  и городским  электрическим транспортом,Мангистауская,,225.3
2016,млн_тонн,перевезено грузов автомобильным  и городским  электрическим транспортом,Мангистауская,,216.4
2017,млн_тонн,перевезено грузов автомобильным  и городским  электрическим транспортом,Мангистауская,,236.5
2018,млн_тонн,перевезено грузов автомобильным  и городским  электрическим транспортом,Мангистауская,,236.1
2010,млн_тонн,перевезено грузов автомобильным  и городским  электрическим транспортом,Южно-Казахстанская,,77.5
2011,млн_тонн,перевезено грузов автомобильным  и городским  электрическим транспортом,Южно-Казахстанская,,106.5
2012,млн_тонн,перевезено грузов автомобильным  и городским  электрическим транспортом,Южно-Казахстанская,,123.8
2013,млн_тонн,перевезено грузов автомобильным  и городским  электрическим транспортом,Южно-Казахстанская,,133.0
2014,млн_тонн,перевезено грузов автомобильным  и городским  электрическим транспортом,Южно-Казахстанская,,145.4
2015,млн_тонн,перевезено грузов автомобильным  и городским  электрическим транспортом,Южно-Казахстанская,,155.0
2016,млн_тонн,перевезено грузов автомобильным  и городским  электрическим транспортом,Южно-Казахстанская,,158.7
2010,млн_тонн,перевезено грузов автомобильным  и городским  электрическим транспортом,Павлодарская,,57.8
2011,млн_тонн,перевезено грузов автомобильным  и городским  электрическим транспортом,Павлодарская,,70.2
2012,млн_тонн,перевезено грузов автомобильным  и городским  электрическим транспортом,Павлодарская,,76.6
2013,млн_тонн,перевезено грузов автомобильным  и городским  электрическим транспортом,Павлодарская,,83.3
2014,млн_тонн,перевезено грузов автомобильным  и городским  электрическим транспортом,Павлодарская,,91.8
2015,млн_тонн,перевезено грузов автомобильным  и городским  электрическим транспортом,Павлодарская,,93.6
2016,млн_тонн,перевезено грузов автомобильным  и городским  электрическим транспортом,Павлодарская,,97.7
2017,млн_тонн,перевезено грузов автомобильным  и городским  электрическим транспортом,Павлодарская,,88.6
2018,млн_тонн,перевезено грузов автомобильным  и городским  электрическим транспортом,Павлодарская,,90.4
2010,млн_тонн,перевезено грузов автомобильным  и городским  электрическим транспортом,Северо-Казахстанская,,40.0
2011,млн_тонн,перевезено грузов автомобильным  и городским  электрическим транспортом,Северо-Казахстанская,,46.0
2012,млн_тонн,перевезено грузов автомобильным  и городским  электрическим транспортом,Северо-Казахстанская,,46.1
2013,млн_тонн,перевезено грузов автомобильным  и городским  электрическим транспортом,Северо-Казахстанская,,49.3
2014,млн_тонн,перевезено грузов автомобильным  и городским  электрическим транспортом,Северо-Казахстанская,,49.9
2015,млн_тонн,перевезено грузов автомобильным  и городским  электрическим транспортом,Северо-Казахстанская,,49.7
2016,млн_тонн,перевезено грузов автомобильным  и городским  электрическим транспортом,Северо-Казахстанская,,48.2
2017,млн_тонн,перевезено грузов автомобильным  и городским  электрическим транспортом,Северо-Казахстанская,,51.4
2018,млн_тонн,перевезено грузов автомобильным  и городским  электрическим транспортом,Северо-Казахстанская,,51.5
2018,млн_тонн,перевезено грузов автомобильным  и городским  электрическим транспортом,Туркестанская,,71.0
2010,млн_тонн,перевезено грузов автомобильным  и городским  электрическим транспортом,Восточно-Казахстанская,,327.1
2011,млн_тонн,перевезено грузов автомобильным  и городским  электрическим транспортом,Восточно-Казахстанская,,417.9
2012,млн_тонн,перевезено грузов автомобильным  и городским  электрическим транспортом,Восточно-Казахстанская,,476.6
2013,млн_тонн,перевезено грузов автомобильным  и городским  электрическим транспортом,Восточно-Казахстанская,,553.3
2014,млн_тонн,перевезено грузов автомобильным  и городским  электрическим транспортом,Восточно-Казахстанская,,595.1
2015,млн_тонн,перевезено грузов автомобильным  и городским  электрическим транспортом,Восточно-Казахстанская,,598.3
2016,млн_тонн,перевезено грузов автомобильным  и городским  электрическим транспортом,Восточно-Казахстанская,,581.9
2017,млн_тонн,перевезено грузов автомобильным  и городским  электрическим транспортом,Восточно-Казахстанская,,600.2
2018,млн_тонн,перевезено грузов автомобильным  и городским  электрическим транспортом,Восточно-Казахстанская,,627.9
2010,млн_тонн,перевезено грузов автомобильным  и городским  электрическим транспортом,г_Нур-Султан,,66.7
2011,млн_тонн,перевезено грузов автомобильным  и городским  электрическим транспортом,г_Нур-Султан,,97.2
2012,млн_тонн,перевезено грузов автомобильным  и городским  электрическим транспортом,г_Нур-Султан,,112.6
2013,млн_тонн,перевезено грузов автомобильным  и городским  электрическим транспортом,г_Нур-Султан,,124.1
2014,млн_тонн,перевезено грузов автомобильным  и городским  электрическим транспортом,г_Нур-Султан,,136.7
2015,млн_тонн,перевезено грузов автомобильным  и городским  электрическим транспортом,г_Нур-Султан,,142.5
2016,млн_тонн,перевезено грузов автомобильным  и городским  электрическим транспортом,г_Нур-Султан,,142.6
2018,млн_тонн,перевезено грузов автомобильным  и городским  электрическим транспортом,г_Нур-Султан,,153.1
2010,млн_тонн,перевезено грузов автомобильным  и городским  электрическим транспортом,г_Алматы,,142.4
2011,млн_тонн,перевезено грузов автомобильным  и городским  электрическим транспортом,г_Алматы,,155.6
2012,млн_тонн,перевезено грузов автомобильным  и городским  электрическим транспортом,г_Алматы,,168.3
2013,млн_тонн,перевезено грузов автомобильным  и городским  электрическим транспортом,г_Алматы,,194.4
2014,млн_тонн,перевезено грузов автомобильным  и городским  электрическим транспортом,г_Алматы,,216.8
2015,млн_тонн,перевезено грузов автомобильным  и городским  электрическим транспортом,г_Алматы,,232.1
2016,млн_тонн,перевезено грузов автомобильным  и городским  электрическим транспортом,г_Алматы,,252.2
2017,млн_тонн,перевезено грузов автомобильным  и городским  электрическим транспортом,г_Алматы,,254.5
2018,млн_тонн,перевезено грузов автомобильным  и городским  электрическим транспортом,г_Алматы,,255.7
2018,млн_тонн,перевезено грузов автомобильным  и городским  электрическим транспортом,г_Шымкент,,116.3
2010,тонн,перевезено грузов воздушным транспортом,,,28869.7
2011,тонн,перевезено грузов воздушным транспортом,,,31554.9
2012,тонн,перевезено грузов воздушным транспортом,,,21954.2
2013,тонн,перевезено грузов воздушным транспортом,,,23873.5
2014,тонн,перевезено грузов воздушным транспортом,,,19082.4
2015,тонн,перевезено грузов воздушным транспортом,,,17178.2
2016,тонн,перевезено грузов воздушным транспортом,,,18015.9
2017,тонн,перевезено грузов воздушным транспортом,,,22449.9
2018,тонн,перевезено грузов воздушным транспортом,,,29135.5
2012,тонн,,Западно-Казахстанская,KZ07,183.0
2013,тонн,,Западно-Казахстанская,KZ07,227.2
2014,тонн,,Западно-Казахстанская,KZ07,239.4
2015,тонн,,Западно-Казахстанская,KZ07,131.0
2018,тонн,,Западно-Казахстанская,KZ07,793.0
2010,тонн,,Карагандинская,KZ12,9.2
2011,тонн,,Карагандинская,KZ12,6.6
2010,тонн,,Южно-Казахстанская,KZ10,737.0
2011,тонн,,Южно-Казахстанская,KZ10,583.0
2012,тонн,,Южно-Казахстанская,KZ10,768.0
2010,тонн,,Восточно-Казахстанская,KZ15,32.5
2011,тонн,,Восточно-Казахстанская,KZ15,44.0
2012,тонн,,Восточно-Казахстанская,KZ15,5.8
2013,тонн,,Восточно-Казахстанская,KZ15,1062.0
2014,тонн,,Восточно-Казахстанская,KZ15,978.0
2010,тонн,,г_Алматы,KZ02,28091.0
2011,тонн,,г_Алматы,KZ02,30921.3
2012,тонн,,г_Алматы,KZ02,20997.4
2013,тонн,,г_Алматы,KZ02,22584.3
2014,тонн,,г_Алматы,KZ02,17865.0
2015,тонн,,г_Алматы,KZ02,15956.2
2016,тонн,,г_Алматы,KZ02,16810.9
2017,тонн,,г_Алматы,KZ02,20345.2
2018,тонн,,г_Алматы,KZ02,25651.2
2018,тонн,,г_Шымкент,KZ18,2691.3
2010,млн.человек,перевезено пассажиров воздушным транспортом,,,3379.2
2011,млн.человек,перевезено пассажиров воздушным транспортом,,,4131.3
2012,млн.человек,перевезено пассажиров воздушным транспортом,,,4512.0
2013,млн.человек,перевезено пассажиров воздушным транспортом,,,4985.6
2014,млн.человек,перевезено пассажиров воздушным транспортом,,,5434.6
2015,млн.человек,перевезено пассажиров воздушным транспортом,,,5922.8
2016,млн.человек,перевезено пассажиров воздушным транспортом,,,6021.7
2017,млн.человек,перевезено пассажиров воздушным транспортом,,,7363.7
2018,млн.человек,перевезено пассажиров воздушным транспортом,,,7858.5
2010,млн.человек,перевезено пассажиров воздушным транспортом,Алматинская,,29.3
2011,млн.человек,перевезено пассажиров воздушным транспортом,Алматинская,,27.8
2012,млн.человек,перевезено пассажиров воздушным транспортом,Алматинская,,30.0
2013,млн.человек,перевезено пассажиров воздушным транспортом,Алматинская,,25.5
2014,млн.человек,перевезено пассажиров воздушным транспортом,Алматинская,,28.5
2015,млн.человек,перевезено пассажиров воздушным транспортом,Алматинская,,25.2
2016,млн.человек,перевезено пассажиров воздушным транспортом,Алматинская,,16.2
2017,млн.человек,перевезено пассажиров воздушным транспортом,Алматинская,,10.6
2018,млн.человек,перевезено пассажиров воздушным транспортом,Алматинская,,7.6
2010,млн.человек,перевезено пассажиров воздушным транспортом,Атырауская,,4.7
2011,млн.человек,перевезено пассажиров воздушным транспортом,Атырауская,,0.8
2012,млн.человек,перевезено пассажиров воздушным транспортом,Атырауская,,0.4
2015,млн.человек,перевезено пассажиров воздушным транспортом,Атырауская,,4.3
2016,млн.человек,перевезено пассажиров воздушным транспортом,Атырауская,,0.1
2017,млн.человек,перевезено пассажиров воздушным транспортом,Атырауская,,0.16
2018,млн.человек,перевезено пассажиров воздушным транспортом,Атырауская,,0.01
2010,млн.человек,перевезено пассажиров воздушным транспортом,Карагандинская,,18.8
2011,млн.человек,перевезено пассажиров воздушным транспортом,Карагандинская,,12.2
2012,млн.человек,перевезено пассажиров воздушным транспортом,Карагандинская,,59.7
2013,млн.человек,перевезено пассажиров воздушным транспортом,Карагандинская,,10.0
2014,млн.человек,перевезено пассажиров воздушным транспортом,Карагандинская,,8.5
2018,млн.человек,перевезено пассажиров воздушным транспортом,Карагандинская,,8.0
2012,млн.человек,перевезено пассажиров воздушным транспортом,Западно-Казахстанская,,7.2
2013,млн.человек,перевезено пассажиров воздушным транспортом,Западно-Казахстанская,,140.1
2014,млн.человек,перевезено пассажиров воздушным транспортом,Западно-Казахстанская,,354.7
2015,млн.человек,перевезено пассажиров воздушным транспортом,Западно-Казахстанская,,332.4
2018,млн.человек,перевезено пассажиров воздушным транспортом,Западно-Казахстанская,,910.1
2011,млн.человек,перевезено пассажиров воздушным транспортом,Мангистауская,,23.8
2010,млн.человек,перевезено пассажиров воздушным транспортом,Южно-Казахстанская,,668.5
2011,млн.человек,перевезено пассажиров воздушным транспортом,Южно-Казахстанская,,900.2
2012,млн.человек,перевезено пассажиров воздушным транспортом,Южно-Казахстанская,,1095.8
2013,млн.человек,перевезено пассажиров воздушным транспортом,Южно-Казахстанская,,1109.6
2014,млн.человек,перевезено пассажиров воздушным транспортом,Южно-Казахстанская,,1254.7
2015,млн.человек,перевезено пассажиров воздушным транспортом,Южно-Казахстанская,,1224.7
2016,млн.человек,перевезено пассажиров воздушным транспортом,Южно-Казахстанская,,1288.9
2017,млн.человек,перевезено пассажиров воздушным транспортом,Южно-Казахстанская,,1931.8
2010,млн.человек,перевезено пассажиров воздушным транспортом,Павлодарская,,4.0
2011,млн.человек,перевезено пассажиров воздушным транспортом,Павлодарская,,0.8
2010,млн.человек,перевезено пассажиров воздушным транспортом,Восточно-Казахстанская,,16.1
2011,млн.человек,перевезено пассажиров воздушным транспортом,Восточно-Казахстанская,,17.2
2012,млн.человек,перевезено пассажиров воздушным транспортом,Восточно-Казахстанская,,5.1
2010,млн.человек,перевезено пассажиров воздушным транспортом,г_Нур-Султан,,14.8
2011,млн.человек,перевезено пассажиров воздушным транспортом,г_Нур-Султан,,24.2
2012,млн.человек,перевезено пассажиров воздушным транспортом,г_Нур-Султан,,5.5
2013,млн.человек,перевезено пассажиров воздушным транспортом,г_Нур-Султан,,1.3
2014,млн.человек,перевезено пассажиров воздушным транспортом,г_Нур-Султан,,1.4
2015,млн.человек,перевезено пассажиров воздушным транспортом,г_Нур-Султан,,5.2
2016,млн.человек,перевезено пассажиров воздушным транспортом,г_Нур-Султан,,34.6
2017,млн.человек,перевезено пассажиров воздушным транспортом,г_Нур-Султан,,33.2
2018,млн.человек,перевезено пассажиров воздушным транспортом,г_Нур-Султан,,31.08
2010,млн.человек,перевезено пассажиров воздушным транспортом,г_Алматы,,2623.1
2011,млн.человек,перевезено пассажиров воздушным транспортом,г_Алматы,,3124.3
2012,млн.человек,перевезено пассажиров воздушным транспортом,г_Алматы,,3308.3
2013,млн.человек,перевезено пассажиров воздушным транспортом,г_Алматы,,3699.1
2014,млн.человек,перевезено пассажиров воздушным транспортом,г_Алматы,,3786.8
2015,млн.человек,перевезено пассажиров воздушным транспортом,г_Алматы,,4324.4
2016,млн.человек,перевезено пассажиров воздушным транспортом,г_Алматы,,3945.5
2017,млн.человек,перевезено пассажиров воздушным транспортом,г_Алматы,,4467.0
2018,млн.человек,перевезено пассажиров воздушным транспортом,г_Алматы,,4694.4
2018,млн.человек,перевезено пассажиров воздушным транспортом,г_Шымкент,,2207.4
2010,млн_тонн,показатели работы трубопроводного транспорта,,,194.0
2011,млн_тонн,показатели работы трубопроводного транспорта,,,214.1
2012,млн_тонн,показатели работы трубопроводного транспорта,,,213.2
2013,млн_тонн,показатели работы трубопроводного транспорта,,,225.9
2014,млн_тонн,показатели работы трубопроводного транспорта,,,225.0
2015,млн_тонн,показатели работы трубопроводного транспорта,,,214.6
2016,млн_тонн,показатели работы трубопроводного транспорта,,,205.8
2017,млн_тонн,показатели работы трубопроводного транспорта,,,232.8
2018,млн_тонн,показатели работы трубопроводного транспорта,,,280.8
2010,млн_тонн,показатели работы трубопроводного транспорта,Атырауская,,66.3
2011,млн_тонн,показатели работы трубопроводного транспорта,Атырауская,,68.1
2012,млн_тонн,показатели работы трубопроводного транспорта,Атырауская,,68.2
2013,млн_тонн,показатели работы трубопроводного транспорта,Атырауская,,68.7
2014,млн_тонн,показатели работы трубопроводного транспорта,Атырауская,,69.0
2015,млн_тонн,показатели работы трубопроводного транспорта,Атырауская,,68.6
2016,млн_тонн,показатели работы трубопроводного транспорта,Атырауская,,70.1
2017,млн_тонн,показатели работы трубопроводного транспорта,Атырауская,,78.3
2018,млн_тонн,показатели работы трубопроводного транспорта,Атырауская,,113.9
2010,млн_тонн,показатели работы трубопроводного транспорта,Павлодарская,,20.2
2011,млн_тонн,показатели работы трубопроводного транспорта,Павлодарская,,26.3
2012,млн_тонн,показатели работы трубопроводного транспорта,Павлодарская,,25.7
2013,млн_тонн,показатели работы трубопроводного транспорта,Павлодарская,,32.5
2014,млн_тонн,показатели работы трубопроводного транспорта,Павлодарская,,35.4
2017,млн_тонн,показатели работы трубопроводного транспорта,Павлодарская,,43.5
2018,млн_тонн,показатели работы трубопроводного транспорта,Павлодарская,,43.6
2010,млн_тонн,показатели работы трубопроводного транспорта,"Объем, не распределенный по областям",,107.5
2011,млн_тонн,показатели работы трубопроводного транспорта,"Объем, не распределенный по областям",,119.7
2012,млн_тонн,показатели работы трубопроводного транспорта,"Объем, не распределенный по областям",,119.3
2013,млн_тонн,показатели работы трубопроводного транспорта,"Объем, не распределенный по областям",,124.6
2014,млн_тонн,показатели работы трубопроводного транспорта,"Объем, не распределенный по областям",,120.6
2015,млн_тонн,показатели работы трубопроводного транспорта,"Объем, не распределенный по областям",,112.4
2016,млн_тонн,показатели работы трубопроводного транспорта,"Объем, не распределенный по областям",,102.5
2018,млн_тонн,показатели работы трубопроводного транспорта,"Объем, не распределенный по областям",,123.2
2010,млн_тонн,показатели работы морского и прибрежного транспорта,,,4.7
2011,млн_тонн,показатели работы морского и прибрежного транспорта,,,4.6
2012,млн_тонн,показатели работы морского и прибрежного транспорта,,,4.0
2013,млн_тонн,показатели работы морского и прибрежного транспорта,,,4.0
2014,млн_тонн,показатели работы морского и прибрежного транспорта,,,3.6
2015,млн_тонн,показатели работы морского и прибрежного транспорта,,,2.5
2016,млн_тонн,показатели работы морского и прибрежного транспорта,,,2.6
2017,млн_тонн,показатели работы морского и прибрежного транспорта,,,2.1
2018,млн_тонн,показатели работы морского и прибрежного транспорта,,,1.8
2010,млн_тонн,показатели работы морского и прибрежного транспорта,Мангистауская,,4.7
2011,млн_тонн,показатели работы морского и прибрежного транспорта,Мангистауская,,4.6
2012,млн_тонн,показатели работы морского и прибрежного транспорта,Мангистауская,,4.0
2013,млн_тонн,показатели работы морского и прибрежного транспорта,Мангистауская,,4.0
2014,млн_тонн,показатели работы морского и прибрежного транспорта,Мангистауская,,3.6
2015,млн_тонн,показатели работы морского и прибрежного транспорта,Мангистауская,,2.5
2016,млн_тонн,показатели работы морского и прибрежного транспорта,Мангистауская,,2.6
2017,млн_тонн,показатели работы морского и прибрежного транспорта,Мангистауская,,2.1
2018,млн_тонн,показатели работы морского и прибрежного транспорта,Мангистауская,,1.8
